tournament_sheet,match_id,match_title,team_top,team_bottom,hero_name,usage_count
EMEA - Stage 1,EMEA - Stage 1__match_0005,Round Robin [Bo5],Al Qadsiah,Team Peps,Vendetta,12
Non-Partner Team Index,Non-Partner Team Index__match_0004,,99DIVINE,99DIVINE,Tracer,12
Non-Partner Team Index,Non-Partner Team Index__match_0004,,99DIVINE,99DIVINE,Genji,12
Non-Partner Team Index,Non-Partner Team Index__match_0004,,99DIVINE,99DIVINE,Winston,12
Non-Partner Team Index,Non-Partner Team Index__match_0004,,99DIVINE,99DIVINE,Lúcio,12
Non-Partner Team Index,Non-Partner Team Index__match_0004,,99DIVINE,99DIVINE,Ana,12
Non-Partner Team Index,Non-Partner Team Index__match_0005,,FURY,FURY,Tracer,12
Non-Partner Team Index,Non-Partner Team Index__match_0005,,FURY,FURY,Genji,12
Non-Partner Team Index,Non-Partner Team Index__match_0005,,FURY,FURY,Winston,12
Non-Partner Team Index,Non-Partner Team Index__match_0005,,FURY,FURY,Lúcio,12
Non-Partner Team Index,Non-Partner Team Index__match_0005,,FURY,FURY,Ana,12
Japan - Stage 1,Japan - Stage 1__match_0011,Round Robin [Bo5],TOKYO TAIYOs,Please Not Hero Ban,Kiriko,11
EMEA - Stage 1,EMEA - Stage 1__match_0012,Round Robin [Bo5],Anyone's Legend,Team Peps,Tracer,11
Pacific - Stage 1,Pacific - Stage 1__match_0006,Round Robin [Bo5],Quasar Esports,Rankers,Cassidy,11
Pre-Season Bootcamp,Pre-Season Bootcamp__match_0006,Quarterfinals [Bo5],Weibo Gaming,Team Falcons,Kiriko,10
Korea - Stage 1,Korea - Stage 1__match_0002,Round Robin [Bo5],Crazy Raccoon,ZETA DIVISION,Symmetra,10
Korea - Stage 1,Korea - Stage 1__match_0003,Round Robin [Bo5],ZAN Esports,RØDE ONSIDE GAMING,Sojourn,10
Korea - Stage 1,Korea - Stage 1__match_0003,Round Robin [Bo5],ZAN Esports,RØDE ONSIDE GAMING,Lúcio,10
Korea - Stage 1,Korea - Stage 1__match_0003,Round Robin [Bo5],ZAN Esports,RØDE ONSIDE GAMING,Kiriko,10
Korea - Stage 1,Korea - Stage 1__match_0008,Round Robin [Bo5],RØDE ONSIDE GAMING,T1,Kiriko,10
Korea - Stage 1,Korea - Stage 1__match_0012,Round Robin [Bo5],Crazy Raccoon,RØDE ONSIDE GAMING,Tracer,10
Korea - Stage 1,Korea - Stage 1__match_0021,Round Robin [Bo5],T1,Crazy Raccoon,Emre,10
Korea - Stage 1,Korea - Stage 1__match_0023,Round Robin [Bo5],ZETA DIVISION,RØDE ONSIDE GAMING,Tracer,10
China - Stage 1,China - Stage 1__match_0001,Swiss Stage (Round 1) [Bo5],Milk Tea,Homie E,Kiriko,10
China - Stage 1,China - Stage 1__match_0019,Round Robin [Bo5],All Gamers,Milk Tea,Symmetra,10
China - Stage 1,China - Stage 1__match_0022,Round Robin [Bo5],Weibo Gaming,All Gamers,Juno,10
China - Stage 1,China - Stage 1__match_0030,Round Robin [Bo5],Weibo Gaming,JD Gaming,Lúcio,10
EMEA - Stage 1,EMEA - Stage 1__match_0006,Round Robin [Bo5],Al Qadsiah,Geekay Esports,Zarya,10
EMEA - Stage 1,EMEA - Stage 1__match_0006,Round Robin [Bo5],Al Qadsiah,Geekay Esports,Kiriko,10
EMEA - Stage 1,EMEA - Stage 1__match_0015,Round Robin [Bo5],Anyone's Legend,Geekay Esports,Emre,10
EMEA - Stage 1,EMEA - Stage 1__match_0017,Upper Semifinals [Bo5],Virtus.pro,Geekay Esports,Tracer,10
EMEA - Stage 1,EMEA - Stage 1__match_0017,Upper Semifinals [Bo5],Virtus.pro,Geekay Esports,Emre,10
EMEA - Stage 1,EMEA - Stage 1__match_0021,Grand Finals [Bo7],Twisted Minds,Virtus.pro,Lúcio,10
EMEA - Stage 1,EMEA - Stage 1__match_0021,Grand Finals [Bo7],Twisted Minds,Virtus.pro,Kiriko,10
North America - Stage 1,North America - Stage 1__match_0003,Round Robin [Bo5],Team Liquid,Extinction,Kiriko,10
North America - Stage 1,North America - Stage 1__match_0004,Round Robin [Bo5],Spacestation Gaming,Disguised,Emre,10
North America - Stage 1,North America - Stage 1__match_0019,Upper Finals [Bo5],Dallas Fuel,Spacestation Gaming,Tracer,10
Pacific - Stage 1,Pacific - Stage 1__match_0012,Round Robin [Bo5],MieMieYang,Rankers,Illari,10
Non-Partner Team Index,Non-Partner Team Index__match_0003,,Cheeseburger,Cheeseburger,Tracer,10
Non-Partner Team Index,Non-Partner Team Index__match_0003,,Cheeseburger,Cheeseburger,Genji,10
Non-Partner Team Index,Non-Partner Team Index__match_0003,,Cheeseburger,Cheeseburger,Winston,10
Non-Partner Team Index,Non-Partner Team Index__match_0003,,Cheeseburger,Cheeseburger,Lúcio,10
Non-Partner Team Index,Non-Partner Team Index__match_0003,,Cheeseburger,Cheeseburger,Ana,10
Non-Partner Team Index,Non-Partner Team Index__match_0006,,DEG,DEG,Tracer,10
Non-Partner Team Index,Non-Partner Team Index__match_0006,,DEG,DEG,Genji,10
Non-Partner Team Index,Non-Partner Team Index__match_0006,,DEG,DEG,Winston,10
Non-Partner Team Index,Non-Partner Team Index__match_0006,,DEG,DEG,Lúcio,10
Non-Partner Team Index,Non-Partner Team Index__match_0006,,DEG,DEG,Ana,10
Pre-Season Bootcamp,Pre-Season Bootcamp__match_0001,Round 1 [Bo5],Disguised,Team Peps,Sojourn,9
Pre-Season Bootcamp,Pre-Season Bootcamp__match_0009,Semifinals [Bo5],Crazy Raccoon,Team Falcons,Kiriko,9
Pre-Season Bootcamp,Pre-Season Bootcamp__match_0010,Semifinals [Bo5],Twisted Minds,Team Liquid,Kiriko,9
Japan - Stage 1,Japan - Stage 1__match_0008,Round Robin [Bo5],TOKYO TAIYOs,99DIVINE,Kiriko,9
Japan - Stage 1,Japan - Stage 1__match_0011,Round Robin [Bo5],TOKYO TAIYOs,Please Not Hero Ban,Lúcio,9
Korea - Stage 1,Korea - Stage 1__match_0008,Round Robin [Bo5],RØDE ONSIDE GAMING,T1,D.Va,9
Korea - Stage 1,Korea - Stage 1__match_0009,Round Robin [Bo5],ZETA DIVISION,Team Falcons,Symmetra,9
Korea - Stage 1,Korea - Stage 1__match_0012,Round Robin [Bo5],Crazy Raccoon,RØDE ONSIDE GAMING,Kiriko,9
Korea - Stage 1,Korea - Stage 1__match_0023,Round Robin [Bo5],ZETA DIVISION,RØDE ONSIDE GAMING,Kiriko,9
China - Stage 1,China - Stage 1__match_0016,Round Robin [Bo5],Naive Piggy,Milk Tea,Kiriko,9
China - Stage 1,China - Stage 1__match_0017,Round Robin [Bo5],JD Gaming,All Gamers,Lúcio,9
China - Stage 1,China - Stage 1__match_0035,Lower Finals [Bo5],All Gamers,JD Gaming,Kiriko,9
China - Stage 1,China - Stage 1__match_0036,Grand Finals [Bo5],Weibo Gaming,All Gamers,Jetpack Cat,9
EMEA - Stage 1,EMEA - Stage 1__match_0006,Round Robin [Bo5],Al Qadsiah,Geekay Esports,Juno,9
EMEA - Stage 1,EMEA - Stage 1__match_0012,Round Robin [Bo5],Anyone's Legend,Team Peps,Mauga,9
EMEA - Stage 1,EMEA - Stage 1__match_0015,Round Robin [Bo5],Anyone's Legend,Geekay Esports,Kiriko,9
EMEA - Stage 1,EMEA - Stage 1__match_0017,Upper Semifinals [Bo5],Virtus.pro,Geekay Esports,Zarya,9
North America - Stage 1,North America - Stage 1__match_0004,Round Robin [Bo5],Spacestation Gaming,Disguised,Symmetra,9
North America - Stage 1,North America - Stage 1__match_0019,Upper Finals [Bo5],Dallas Fuel,Spacestation Gaming,Kiriko,9
Pacific - Stage 1,Pacific - Stage 1__match_0003,Round Robin [Bo5],FURY,Quasar Esports,Kiriko,9
Pacific - Stage 1,Pacific - Stage 1__match_0006,Round Robin [Bo5],Quasar Esports,Rankers,Kiriko,9
Pre-Season Bootcamp,Pre-Season Bootcamp__match_0001,Round 1 [Bo5],Disguised,Team Peps,Tracer,8
Pre-Season Bootcamp,Pre-Season Bootcamp__match_0001,Round 1 [Bo5],Disguised,Team Peps,Domina,8
Pre-Season Bootcamp,Pre-Season Bootcamp__match_0001,Round 1 [Bo5],Disguised,Team Peps,Kiriko,8
Pre-Season Bootcamp,Pre-Season Bootcamp__match_0001,Round 1 [Bo5],Disguised,Team Peps,Lúcio,8
Pre-Season Bootcamp,Pre-Season Bootcamp__match_0010,Semifinals [Bo5],Twisted Minds,Team Liquid,Sojourn,8
Japan - Stage 1,Japan - Stage 1__match_0001,Round Robin [Bo5],Please Not Hero Ban,Telomere,Kiriko,8
Japan - Stage 1,Japan - Stage 1__match_0006,Round Robin [Bo5],TOKYO TAIYOs,Nyam Gaming,Kiriko,8
Japan - Stage 1,Japan - Stage 1__match_0011,Round Robin [Bo5],TOKYO TAIYOs,Please Not Hero Ban,Symmetra,8
Japan - Stage 1,Japan - Stage 1__match_0019,Round Robin [Bo5],99DIVINE,Nyam Gaming,Emre,8
Japan - Stage 1,Japan - Stage 1__match_0019,Round Robin [Bo5],99DIVINE,Nyam Gaming,Tracer,8
Japan - Stage 1,Japan - Stage 1__match_0024,Round Robin [Bo5],99DIVINE,Telomere,Emre,8
Japan - Stage 1,Japan - Stage 1__match_0029,Semifinals [Bo7],ENTER FORCE.36,Please Not Hero Ban,Juno,8
Japan - Stage 1,Japan - Stage 1__match_0030,Semifinals [Bo7],VARREL,99DIVINE,Emre,8
Japan - Stage 1,Japan - Stage 1__match_0031,Third Place Match [Bo7],Please Not Hero Ban,99DIVINE,Kiriko,8
Japan - Stage 1,Japan - Stage 1__match_0032,Grand Finals [Bo7],VARREL,ENTER FORCE.36,Emre,8
Japan - Stage 1,Japan - Stage 1__match_0032,Grand Finals [Bo7],VARREL,ENTER FORCE.36,Tracer,8
Korea - Stage 1,Korea - Stage 1__match_0003,Round Robin [Bo5],ZAN Esports,RØDE ONSIDE GAMING,Vendetta,8
Korea - Stage 1,Korea - Stage 1__match_0003,Round Robin [Bo5],ZAN Esports,RØDE ONSIDE GAMING,D.Va,8
Korea - Stage 1,Korea - Stage 1__match_0006,Round Robin [Bo5],ZAN Esports,Crazy Raccoon,Lúcio,8
Korea - Stage 1,Korea - Stage 1__match_0006,Round Robin [Bo5],ZAN Esports,Crazy Raccoon,Kiriko,8
Korea - Stage 1,Korea - Stage 1__match_0008,Round Robin [Bo5],RØDE ONSIDE GAMING,T1,Vendetta,8
Korea - Stage 1,Korea - Stage 1__match_0008,Round Robin [Bo5],RØDE ONSIDE GAMING,T1,Lúcio,8
Korea - Stage 1,Korea - Stage 1__match_0009,Round Robin [Bo5],ZETA DIVISION,Team Falcons,D.Va,8
Korea - Stage 1,Korea - Stage 1__match_0009,Round Robin [Bo5],ZETA DIVISION,Team Falcons,Kiriko,8
Korea - Stage 1,Korea - Stage 1__match_0012,Round Robin [Bo5],Crazy Raccoon,RØDE ONSIDE GAMING,Vendetta,8
Korea - Stage 1,Korea - Stage 1__match_0012,Round Robin [Bo5],Crazy Raccoon,RØDE ONSIDE GAMING,Lúcio,8
Korea - Stage 1,Korea - Stage 1__match_0018,Round Robin [Bo5],Team Falcons,T1,Kiriko,8
Korea - Stage 1,Korea - Stage 1__match_0018,Round Robin [Bo5],Team Falcons,T1,Lúcio,8
Korea - Stage 1,Korea - Stage 1__match_0021,Round Robin [Bo5],T1,Crazy Raccoon,Vendetta,8
Korea - Stage 1,Korea - Stage 1__match_0029,Round Robin [Bo5],T1,ZETA DIVISION,Tracer,8
Korea - Stage 1,Korea - Stage 1__match_0035,Round Robin [Bo5],RØDE ONSIDE GAMING,Team Falcons,Emre,8
Korea - Stage 1,Korea - Stage 1__match_0040,Last Chance Qualifier [Bo5],Poker Face,Cheeseburger,Bastion,8
Korea - Stage 1,Korea - Stage 1__match_0040,Last Chance Qualifier [Bo5],Poker Face,Cheeseburger,Jetpack Cat,8
China - Stage 1,China - Stage 1__match_0004,Swiss Stage (Round 1) [Bo5],JD Gaming,SV,Vendetta,8
China - Stage 1,China - Stage 1__match_0004,Swiss Stage (Round 1) [Bo5],JD Gaming,SV,D.Va,8
China - Stage 1,China - Stage 1__match_0013,Swiss Stage (Round 4) [Bo5],Naive Piggy,DEG,Tracer,8
China - Stage 1,China - Stage 1__match_0016,Round Robin [Bo5],Naive Piggy,Milk Tea,Tracer,8
China - Stage 1,China - Stage 1__match_0017,Round Robin [Bo5],JD Gaming,All Gamers,Emre,8
China - Stage 1,China - Stage 1__match_0017,Round Robin [Bo5],JD Gaming,All Gamers,Kiriko,8
China - Stage 1,China - Stage 1__match_0019,Round Robin [Bo5],All Gamers,Milk Tea,Lúcio,8
China - Stage 1,China - Stage 1__match_0022,Round Robin [Bo5],Weibo Gaming,All Gamers,Brigitte,8
China - Stage 1,China - Stage 1__match_0026,Round Robin [Bo5],All Gamers,Naive Piggy,Emre,8
China - Stage 1,China - Stage 1__match_0026,Round Robin [Bo5],All Gamers,Naive Piggy,Kiriko,8
China - Stage 1,China - Stage 1__match_0033,Upper Finals [Bo5],Weibo Gaming,All Gamers,Kiriko,8
China - Stage 1,China - Stage 1__match_0035,Lower Finals [Bo5],All Gamers,JD Gaming,Tracer,8
China - Stage 1,China - Stage 1__match_0036,Grand Finals [Bo5],Weibo Gaming,All Gamers,Bastion,8
China - Stage 1,China - Stage 1__match_0036,Grand Finals [Bo5],Weibo Gaming,All Gamers,Kiriko,8
EMEA - Stage 1,EMEA - Stage 1__match_0001,Round Robin [Bo5],Virtus.pro,Al Qadsiah,Emre,8
EMEA - Stage 1,EMEA - Stage 1__match_0005,Round Robin [Bo5],Al Qadsiah,Team Peps,Emre,8
EMEA - Stage 1,EMEA - Stage 1__match_0005,Round Robin [Bo5],Al Qadsiah,Team Peps,D.Va,8
EMEA - Stage 1,EMEA - Stage 1__match_0005,Round Robin [Bo5],Al Qadsiah,Team Peps,Kiriko,8
EMEA - Stage 1,EMEA - Stage 1__match_0006,Round Robin [Bo5],Al Qadsiah,Geekay Esports,Emre,8
EMEA - Stage 1,EMEA - Stage 1__match_0006,Round Robin [Bo5],Al Qadsiah,Geekay Esports,Vendetta,8
EMEA - Stage 1,EMEA - Stage 1__match_0006,Round Robin [Bo5],Al Qadsiah,Geekay Esports,Lúcio,8
EMEA - Stage 1,EMEA - Stage 1__match_0020,Lower Finals [Bo5],Geekay Esports,Virtus.pro,Emre,8
EMEA - Stage 1,EMEA - Stage 1__match_0020,Lower Finals [Bo5],Geekay Esports,Virtus.pro,Zarya,8
EMEA - Stage 1,EMEA - Stage 1__match_0020,Lower Finals [Bo5],Geekay Esports,Virtus.pro,Kiriko,8
EMEA - Stage 1,EMEA - Stage 1__match_0020,Lower Finals [Bo5],Geekay Esports,Virtus.pro,Lúcio,8
EMEA - Stage 1,EMEA - Stage 1__match_0021,Grand Finals [Bo7],Twisted Minds,Virtus.pro,Emre,8
EMEA - Stage 1,EMEA - Stage 1__match_0021,Grand Finals [Bo7],Twisted Minds,Virtus.pro,Vendetta,8
EMEA - Stage 1,EMEA - Stage 1__match_0021,Grand Finals [Bo7],Twisted Minds,Virtus.pro,Zarya,8
North America - Stage 1,North America - Stage 1__match_0004,Round Robin [Bo5],Spacestation Gaming,Disguised,Lúcio,8
North America - Stage 1,North America - Stage 1__match_0004,Round Robin [Bo5],Spacestation Gaming,Disguised,Kiriko,8
North America - Stage 1,North America - Stage 1__match_0010,Round Robin [Bo5],Disguised,Team Liquid,Emre,8
North America - Stage 1,North America - Stage 1__match_0012,Round Robin [Bo5],Team Liquid,LuneX Gaming,Tracer,8
North America - Stage 1,North America - Stage 1__match_0017,Upper Semifinals [Bo5],Spacestation Gaming,Team Liquid,Tracer,8
North America - Stage 1,North America - Stage 1__match_0019,Upper Finals [Bo5],Dallas Fuel,Spacestation Gaming,Juno,8
North America - Stage 1,North America - Stage 1__match_0021,Grand Finals [Bo7],Dallas Fuel,Spacestation Gaming,Kiriko,8
Pacific - Stage 1,Pacific - Stage 1__match_0009,Round Robin [Bo5],MieMieYang,Quasar Esports,Tracer,8
Pacific - Stage 1,Pacific - Stage 1__match_0012,Round Robin [Bo5],MieMieYang,Rankers,Kiriko,8
Partner Team Index,Partner Team Index__match_0001,,Dallas Fuel,Dallas Fuel,Tracer,8
Partner Team Index,Partner Team Index__match_0001,,Dallas Fuel,Dallas Fuel,Genji,8
Partner Team Index,Partner Team Index__match_0001,,Dallas Fuel,Dallas Fuel,Winston,8
Partner Team Index,Partner Team Index__match_0001,,Dallas Fuel,Dallas Fuel,Lúcio,8
Partner Team Index,Partner Team Index__match_0001,,Dallas Fuel,Dallas Fuel,Ana,8
Partner Team Index,Partner Team Index__match_0003,,Crazy Raccoon,Crazy Raccoon,Tracer,8
Partner Team Index,Partner Team Index__match_0003,,Crazy Raccoon,Crazy Raccoon,Genji,8
Partner Team Index,Partner Team Index__match_0003,,Crazy Raccoon,Crazy Raccoon,Winston,8
Partner Team Index,Partner Team Index__match_0003,,Crazy Raccoon,Crazy Raccoon,Lúcio,8
Partner Team Index,Partner Team Index__match_0003,,Crazy Raccoon,Crazy Raccoon,Ana,8
Pre-Season Bootcamp,Pre-Season Bootcamp__match_0003,Round 1 [Bo5],Dallas Fuel,T1,Domina,7
Pre-Season Bootcamp,Pre-Season Bootcamp__match_0006,Quarterfinals [Bo5],Weibo Gaming,Team Falcons,Sojourn,7
Pre-Season Bootcamp,Pre-Season Bootcamp__match_0006,Quarterfinals [Bo5],Weibo Gaming,Team Falcons,Lúcio,7
Pre-Season Bootcamp,Pre-Season Bootcamp__match_0008,Quarterfinals [Bo5],Team Liquid,Virtus.pro,Domina,7
Pre-Season Bootcamp,Pre-Season Bootcamp__match_0009,Semifinals [Bo5],Crazy Raccoon,Team Falcons,Sojourn,7
Pre-Season Bootcamp,Pre-Season Bootcamp__match_0011,Grand Finals [Bo7],Crazy Raccoon,Twisted Minds,Tracer,7
Japan - Stage 1,Japan - Stage 1__match_0008,Round Robin [Bo5],TOKYO TAIYOs,99DIVINE,Tracer,7
Japan - Stage 1,Japan - Stage 1__match_0009,Round Robin [Bo5],VARREL,ENTER FORCE.36,Emre,7
Japan - Stage 1,Japan - Stage 1__match_0009,Round Robin [Bo5],VARREL,ENTER FORCE.36,Kiriko,7
Japan - Stage 1,Japan - Stage 1__match_0012,Round Robin [Bo5],99DIVINE,ENTER FORCE.36,Tracer,7
Japan - Stage 1,Japan - Stage 1__match_0018,Round Robin [Bo5],ENTER FORCE.36,TOKYO TAIYOs,Symmetra,7
Japan - Stage 1,Japan - Stage 1__match_0018,Round Robin [Bo5],ENTER FORCE.36,TOKYO TAIYOs,Lúcio,7
Japan - Stage 1,Japan - Stage 1__match_0018,Round Robin [Bo5],ENTER FORCE.36,TOKYO TAIYOs,Kiriko,7
Japan - Stage 1,Japan - Stage 1__match_0023,Round Robin [Bo5],Lazuli,TOKYO TAIYOs,Symmetra,7
Japan - Stage 1,Japan - Stage 1__match_0026,Round Robin [Bo5],Lazuli,Nyam Gaming,Vendetta,7
Japan - Stage 1,Japan - Stage 1__match_0026,Round Robin [Bo5],Lazuli,Nyam Gaming,Tracer,7
Japan - Stage 1,Japan - Stage 1__match_0030,Semifinals [Bo7],VARREL,99DIVINE,Ana,7
Japan - Stage 1,Japan - Stage 1__match_0032,Grand Finals [Bo7],VARREL,ENTER FORCE.36,D.Va,7
Japan - Stage 1,Japan - Stage 1__match_0032,Grand Finals [Bo7],VARREL,ENTER FORCE.36,Ana,7
Korea - Stage 1,Korea - Stage 1__match_0001,Round Robin [Bo5],Cheeseburger,Poker Face,Vendetta,7
Korea - Stage 1,Korea - Stage 1__match_0002,Round Robin [Bo5],Crazy Raccoon,ZETA DIVISION,Sojourn,7
Korea - Stage 1,Korea - Stage 1__match_0002,Round Robin [Bo5],Crazy Raccoon,ZETA DIVISION,Lúcio,7
Korea - Stage 1,Korea - Stage 1__match_0009,Round Robin [Bo5],ZETA DIVISION,Team Falcons,Vendetta,7
Korea - Stage 1,Korea - Stage 1__match_0009,Round Robin [Bo5],ZETA DIVISION,Team Falcons,Lúcio,7
Korea - Stage 1,Korea - Stage 1__match_0018,Round Robin [Bo5],Team Falcons,T1,Zarya,7
Korea - Stage 1,Korea - Stage 1__match_0020,Round Robin [Bo5],Team Falcons,Poker Face,Lúcio,7
Korea - Stage 1,Korea - Stage 1__match_0021,Round Robin [Bo5],T1,Crazy Raccoon,Symmetra,7
Korea - Stage 1,Korea - Stage 1__match_0021,Round Robin [Bo5],T1,Crazy Raccoon,Lúcio,7
Korea - Stage 1,Korea - Stage 1__match_0021,Round Robin [Bo5],T1,Crazy Raccoon,Jetpack Cat,7
Korea - Stage 1,Korea - Stage 1__match_0023,Round Robin [Bo5],ZETA DIVISION,RØDE ONSIDE GAMING,Emre,7
Korea - Stage 1,Korea - Stage 1__match_0023,Round Robin [Bo5],ZETA DIVISION,RØDE ONSIDE GAMING,Lúcio,7
Korea - Stage 1,Korea - Stage 1__match_0029,Round Robin [Bo5],T1,ZETA DIVISION,Symmetra,7
Korea - Stage 1,Korea - Stage 1__match_0035,Round Robin [Bo5],RØDE ONSIDE GAMING,Team Falcons,Lúcio,7
Korea - Stage 1,Korea - Stage 1__match_0035,Round Robin [Bo5],RØDE ONSIDE GAMING,Team Falcons,Kiriko,7
Korea - Stage 1,Korea - Stage 1__match_0040,Last Chance Qualifier [Bo5],Poker Face,Cheeseburger,Ana,7
China - Stage 1,China - Stage 1__match_0001,Swiss Stage (Round 1) [Bo5],Milk Tea,Homie E,Vendetta,7
China - Stage 1,China - Stage 1__match_0001,Swiss Stage (Round 1) [Bo5],Milk Tea,Homie E,Sojourn,7
China - Stage 1,China - Stage 1__match_0001,Swiss Stage (Round 1) [Bo5],Milk Tea,Homie E,Zarya,7
China - Stage 1,China - Stage 1__match_0013,Swiss Stage (Round 4) [Bo5],Naive Piggy,DEG,Brigitte,7
China - Stage 1,China - Stage 1__match_0015,Seeding Decider [Bo5],Milk Tea,Naive Piggy,Juno,7
China - Stage 1,China - Stage 1__match_0017,Round Robin [Bo5],JD Gaming,All Gamers,Vendetta,7
China - Stage 1,China - Stage 1__match_0017,Round Robin [Bo5],JD Gaming,All Gamers,Tracer,7
China - Stage 1,China - Stage 1__match_0019,Round Robin [Bo5],All Gamers,Milk Tea,Kiriko,7
China - Stage 1,China - Stage 1__match_0022,Round Robin [Bo5],Weibo Gaming,All Gamers,Tracer,7
China - Stage 1,China - Stage 1__match_0022,Round Robin [Bo5],Weibo Gaming,All Gamers,Emre,7
China - Stage 1,China - Stage 1__match_0022,Round Robin [Bo5],Weibo Gaming,All Gamers,Mauga,7
China - Stage 1,China - Stage 1__match_0023,Round Robin [Bo5],JD Gaming,Milk Tea,Kiriko,7
China - Stage 1,China - Stage 1__match_0024,Round Robin [Bo5],SV,Milk Tea,Lúcio,7
China - Stage 1,China - Stage 1__match_0026,Round Robin [Bo5],All Gamers,Naive Piggy,Tracer,7
China - Stage 1,China - Stage 1__match_0030,Round Robin [Bo5],Weibo Gaming,JD Gaming,Emre,7
China - Stage 1,China - Stage 1__match_0032,Upper Semifinals [Bo5],All Gamers,JD Gaming,Tracer,7
China - Stage 1,China - Stage 1__match_0033,Upper Finals [Bo5],Weibo Gaming,All Gamers,Bastion,7
EMEA - Stage 1,EMEA - Stage 1__match_0001,Round Robin [Bo5],Virtus.pro,Al Qadsiah,Tracer,7
EMEA - Stage 1,EMEA - Stage 1__match_0001,Round Robin [Bo5],Virtus.pro,Al Qadsiah,Kiriko,7
EMEA - Stage 1,EMEA - Stage 1__match_0005,Round Robin [Bo5],Al Qadsiah,Team Peps,Lúcio,7
EMEA - Stage 1,EMEA - Stage 1__match_0005,Round Robin [Bo5],Al Qadsiah,Team Peps,Juno,7
EMEA - Stage 1,EMEA - Stage 1__match_0012,Round Robin [Bo5],Anyone's Legend,Team Peps,Sojourn,7
EMEA - Stage 1,EMEA - Stage 1__match_0013,Round Robin [Bo5],Virtus.pro,Geekay Esports,Vendetta,7
EMEA - Stage 1,EMEA - Stage 1__match_0013,Round Robin [Bo5],Virtus.pro,Geekay Esports,Zarya,7
EMEA - Stage 1,EMEA - Stage 1__match_0014,Round Robin [Bo5],Virtus.pro,Twisted Minds,Juno,7
EMEA - Stage 1,EMEA - Stage 1__match_0015,Round Robin [Bo5],Anyone's Legend,Geekay Esports,Lúcio,7
EMEA - Stage 1,EMEA - Stage 1__match_0017,Upper Semifinals [Bo5],Virtus.pro,Geekay Esports,Kiriko,7
EMEA - Stage 1,EMEA - Stage 1__match_0017,Upper Semifinals [Bo5],Virtus.pro,Geekay Esports,Lúcio,7
North America - Stage 1,North America - Stage 1__match_0001,Round Robin [Bo5],Dallas Fuel,Disguised,Symmetra,7
North America - Stage 1,North America - Stage 1__match_0002,Round Robin [Bo5],Spacestation Gaming,LuneX Gaming,Kiriko,7
North America - Stage 1,North America - Stage 1__match_0003,Round Robin [Bo5],Team Liquid,Extinction,Sojourn,7
North America - Stage 1,North America - Stage 1__match_0003,Round Robin [Bo5],Team Liquid,Extinction,Tracer,7
North America - Stage 1,North America - Stage 1__match_0003,Round Robin [Bo5],Team Liquid,Extinction,Lúcio,7
North America - Stage 1,North America - Stage 1__match_0004,Round Robin [Bo5],Spacestation Gaming,Disguised,D.Va,7
North America - Stage 1,North America - Stage 1__match_0007,Round Robin [Bo5],Disguised,Extinction,Tracer,7
North America - Stage 1,North America - Stage 1__match_0007,Round Robin [Bo5],Disguised,Extinction,Juno,7
North America - Stage 1,North America - Stage 1__match_0008,Round Robin [Bo5],Dallas Fuel,LuneX Gaming,Sojourn,7
North America - Stage 1,North America - Stage 1__match_0008,Round Robin [Bo5],Dallas Fuel,LuneX Gaming,Tracer,7
North America - Stage 1,North America - Stage 1__match_0008,Round Robin [Bo5],Dallas Fuel,LuneX Gaming,Kiriko,7
North America - Stage 1,North America - Stage 1__match_0010,Round Robin [Bo5],Disguised,Team Liquid,Vendetta,7
North America - Stage 1,North America - Stage 1__match_0010,Round Robin [Bo5],Disguised,Team Liquid,Kiriko,7
North America - Stage 1,North America - Stage 1__match_0011,Round Robin [Bo5],Spacestation Gaming,Dallas Fuel,Tracer,7
North America - Stage 1,North America - Stage 1__match_0012,Round Robin [Bo5],Team Liquid,LuneX Gaming,Kiriko,7
North America - Stage 1,North America - Stage 1__match_0015,Round Robin [Bo5],Spacestation Gaming,Team Liquid,Emre,7
North America - Stage 1,North America - Stage 1__match_0016,Upper Semifinals [Bo5],Dallas Fuel,LuneX Gaming,Kiriko,7
North America - Stage 1,North America - Stage 1__match_0017,Upper Semifinals [Bo5],Spacestation Gaming,Team Liquid,Emre,7
North America - Stage 1,North America - Stage 1__match_0017,Upper Semifinals [Bo5],Spacestation Gaming,Team Liquid,Orisa,7
North America - Stage 1,North America - Stage 1__match_0017,Upper Semifinals [Bo5],Spacestation Gaming,Team Liquid,Kiriko,7
North America - Stage 1,North America - Stage 1__match_0021,Grand Finals [Bo7],Dallas Fuel,Spacestation Gaming,Emre,7
North America - Stage 1,North America - Stage 1__match_0021,Grand Finals [Bo7],Dallas Fuel,Spacestation Gaming,Lúcio,7
Pacific - Stage 1,Pacific - Stage 1__match_0003,Round Robin [Bo5],FURY,Quasar Esports,Tracer,7
Pacific - Stage 1,Pacific - Stage 1__match_0003,Round Robin [Bo5],FURY,Quasar Esports,Sojourn,7
Pacific - Stage 1,Pacific - Stage 1__match_0003,Round Robin [Bo5],FURY,Quasar Esports,D.Va,7
Pacific - Stage 1,Pacific - Stage 1__match_0003,Round Robin [Bo5],FURY,Quasar Esports,Lúcio,7
Pacific - Stage 1,Pacific - Stage 1__match_0006,Round Robin [Bo5],Quasar Esports,Rankers,D.Va,7
Pacific - Stage 1,Pacific - Stage 1__match_0009,Round Robin [Bo5],MieMieYang,Quasar Esports,Ana,7
Pacific - Stage 1,Pacific - Stage 1__match_0012,Round Robin [Bo5],MieMieYang,Rankers,Tracer,7
Pre-Season Bootcamp,Pre-Season Bootcamp__match_0001,Round 1 [Bo5],Disguised,Team Peps,Jetpack Cat,6
Pre-Season Bootcamp,Pre-Season Bootcamp__match_0003,Round 1 [Bo5],Dallas Fuel,T1,Sojourn,6
Pre-Season Bootcamp,Pre-Season Bootcamp__match_0004,Round 1 [Bo5],Virtus.pro,All Gamers,Domina,6
Pre-Season Bootcamp,Pre-Season Bootcamp__match_0004,Round 1 [Bo5],Virtus.pro,All Gamers,Jetpack Cat,6
Pre-Season Bootcamp,Pre-Season Bootcamp__match_0005,Quarterfinals [Bo5],Crazy Raccoon,Team Peps,Sojourn,6
Pre-Season Bootcamp,Pre-Season Bootcamp__match_0008,Quarterfinals [Bo5],Team Liquid,Virtus.pro,Sojourn,6
Pre-Season Bootcamp,Pre-Season Bootcamp__match_0008,Quarterfinals [Bo5],Team Liquid,Virtus.pro,Kiriko,6
Pre-Season Bootcamp,Pre-Season Bootcamp__match_0009,Semifinals [Bo5],Crazy Raccoon,Team Falcons,Tracer,6
Pre-Season Bootcamp,Pre-Season Bootcamp__match_0009,Semifinals [Bo5],Crazy Raccoon,Team Falcons,Domina,6
Pre-Season Bootcamp,Pre-Season Bootcamp__match_0009,Semifinals [Bo5],Crazy Raccoon,Team Falcons,Jetpack Cat,6
Pre-Season Bootcamp,Pre-Season Bootcamp__match_0009,Semifinals [Bo5],Crazy Raccoon,Team Falcons,Lúcio,6
Pre-Season Bootcamp,Pre-Season Bootcamp__match_0010,Semifinals [Bo5],Twisted Minds,Team Liquid,Tracer,6
Pre-Season Bootcamp,Pre-Season Bootcamp__match_0010,Semifinals [Bo5],Twisted Minds,Team Liquid,Lúcio,6
Pre-Season Bootcamp,Pre-Season Bootcamp__match_0011,Grand Finals [Bo7],Crazy Raccoon,Twisted Minds,Sojourn,6
Pre-Season Bootcamp,Pre-Season Bootcamp__match_0011,Grand Finals [Bo7],Crazy Raccoon,Twisted Minds,D.Va,6
Pre-Season Bootcamp,Pre-Season Bootcamp__match_0011,Grand Finals [Bo7],Crazy Raccoon,Twisted Minds,Lúcio,6
Pre-Season Bootcamp,Pre-Season Bootcamp__match_0011,Grand Finals [Bo7],Crazy Raccoon,Twisted Minds,Kiriko,6
Japan - Stage 1,Japan - Stage 1__match_0001,Round Robin [Bo5],Please Not Hero Ban,Telomere,Cassidy,6
Japan - Stage 1,Japan - Stage 1__match_0001,Round Robin [Bo5],Please Not Hero Ban,Telomere,Symmetra,6
Japan - Stage 1,Japan - Stage 1__match_0001,Round Robin [Bo5],Please Not Hero Ban,Telomere,Lúcio,6
Japan - Stage 1,Japan - Stage 1__match_0002,Round Robin [Bo5],ENTER FORCE.36,Nyam Gaming,Symmetra,6
Japan - Stage 1,Japan - Stage 1__match_0002,Round Robin [Bo5],ENTER FORCE.36,Nyam Gaming,Kiriko,6
Japan - Stage 1,Japan - Stage 1__match_0003,Round Robin [Bo5],TOKYO TAIYOs,VARREL,D.Va,6
Japan - Stage 1,Japan - Stage 1__match_0003,Round Robin [Bo5],TOKYO TAIYOs,VARREL,Kiriko,6
Japan - Stage 1,Japan - Stage 1__match_0004,Round Robin [Bo5],Lazuli,99DIVINE,Kiriko,6
Japan - Stage 1,Japan - Stage 1__match_0005,Round Robin [Bo5],Please Not Hero Ban,VARREL,Symmetra,6
Japan - Stage 1,Japan - Stage 1__match_0005,Round Robin [Bo5],Please Not Hero Ban,VARREL,D.Va,6
Japan - Stage 1,Japan - Stage 1__match_0006,Round Robin [Bo5],TOKYO TAIYOs,Nyam Gaming,Vendetta,6
Japan - Stage 1,Japan - Stage 1__match_0006,Round Robin [Bo5],TOKYO TAIYOs,Nyam Gaming,Lúcio,6
Japan - Stage 1,Japan - Stage 1__match_0008,Round Robin [Bo5],TOKYO TAIYOs,99DIVINE,D.Va,6
Japan - Stage 1,Japan - Stage 1__match_0011,Round Robin [Bo5],TOKYO TAIYOs,Please Not Hero Ban,Cassidy,6
Japan - Stage 1,Japan - Stage 1__match_0011,Round Robin [Bo5],TOKYO TAIYOs,Please Not Hero Ban,Emre,6
Japan - Stage 1,Japan - Stage 1__match_0011,Round Robin [Bo5],TOKYO TAIYOs,Please Not Hero Ban,D.Va,6
Japan - Stage 1,Japan - Stage 1__match_0011,Round Robin [Bo5],TOKYO TAIYOs,Please Not Hero Ban,Ramattra,6
Japan - Stage 1,Japan - Stage 1__match_0012,Round Robin [Bo5],99DIVINE,ENTER FORCE.36,D.Va,6
Japan - Stage 1,Japan - Stage 1__match_0013,Round Robin [Bo5],99DIVINE,Please Not Hero Ban,Kiriko,6
Japan - Stage 1,Japan - Stage 1__match_0014,Round Robin [Bo5],Telomere,ENTER FORCE.36,Kiriko,6
Japan - Stage 1,Japan - Stage 1__match_0015,Round Robin [Bo5],VARREL,Nyam Gaming,Symmetra,6
Japan - Stage 1,Japan - Stage 1__match_0016,Round Robin [Bo5],VARREL,Lazuli,Orisa,6
Japan - Stage 1,Japan - Stage 1__match_0017,Round Robin [Bo5],Telomere,Nyam Gaming,Tracer,6
Japan - Stage 1,Japan - Stage 1__match_0017,Round Robin [Bo5],Telomere,Nyam Gaming,Emre,6
Japan - Stage 1,Japan - Stage 1__match_0018,Round Robin [Bo5],ENTER FORCE.36,TOKYO TAIYOs,Sigma,6
Japan - Stage 1,Japan - Stage 1__match_0019,Round Robin [Bo5],99DIVINE,Nyam Gaming,Symmetra,6
Japan - Stage 1,Japan - Stage 1__match_0019,Round Robin [Bo5],99DIVINE,Nyam Gaming,Kiriko,6
Japan - Stage 1,Japan - Stage 1__match_0020,Round Robin [Bo5],VARREL,Telomere,Tracer,6
Japan - Stage 1,Japan - Stage 1__match_0022,Round Robin [Bo5],Please Not Hero Ban,Nyam Gaming,Kiriko,6
Japan - Stage 1,Japan - Stage 1__match_0024,Round Robin [Bo5],99DIVINE,Telomere,Tracer,6
Japan - Stage 1,Japan - Stage 1__match_0025,Round Robin [Bo5],Please Not Hero Ban,ENTER FORCE.36,Emre,6
Japan - Stage 1,Japan - Stage 1__match_0025,Round Robin [Bo5],Please Not Hero Ban,ENTER FORCE.36,Kiriko,6
Japan - Stage 1,Japan - Stage 1__match_0026,Round Robin [Bo5],Lazuli,Nyam Gaming,Sojourn,6
Japan - Stage 1,Japan - Stage 1__match_0026,Round Robin [Bo5],Lazuli,Nyam Gaming,Emre,6
Japan - Stage 1,Japan - Stage 1__match_0026,Round Robin [Bo5],Lazuli,Nyam Gaming,Juno,6
Japan - Stage 1,Japan - Stage 1__match_0027,Round Robin [Bo5],VARREL,99DIVINE,Emre,6
Japan - Stage 1,Japan - Stage 1__match_0027,Round Robin [Bo5],VARREL,99DIVINE,Kiriko,6
Japan - Stage 1,Japan - Stage 1__match_0028,Round Robin [Bo5],TOKYO TAIYOs,Telomere,Kiriko,6
Japan - Stage 1,Japan - Stage 1__match_0029,Semifinals [Bo7],ENTER FORCE.36,Please Not Hero Ban,Emre,6
Japan - Stage 1,Japan - Stage 1__match_0029,Semifinals [Bo7],ENTER FORCE.36,Please Not Hero Ban,Mauga,6
Japan - Stage 1,Japan - Stage 1__match_0029,Semifinals [Bo7],ENTER FORCE.36,Please Not Hero Ban,Brigitte,6
Japan - Stage 1,Japan - Stage 1__match_0030,Semifinals [Bo7],VARREL,99DIVINE,Tracer,6
Japan - Stage 1,Japan - Stage 1__match_0030,Semifinals [Bo7],VARREL,99DIVINE,Hazard,6
Japan - Stage 1,Japan - Stage 1__match_0031,Third Place Match [Bo7],Please Not Hero Ban,99DIVINE,Lúcio,6
Japan - Stage 1,Japan - Stage 1__match_0032,Grand Finals [Bo7],VARREL,ENTER FORCE.36,Hazard,6
Korea - Stage 1,Korea - Stage 1__match_0001,Round Robin [Bo5],Cheeseburger,Poker Face,Kiriko,6
Korea - Stage 1,Korea - Stage 1__match_0001,Round Robin [Bo5],Cheeseburger,Poker Face,Lúcio,6
Korea - Stage 1,Korea - Stage 1__match_0002,Round Robin [Bo5],Crazy Raccoon,ZETA DIVISION,Kiriko,6
Korea - Stage 1,Korea - Stage 1__match_0003,Round Robin [Bo5],ZAN Esports,RØDE ONSIDE GAMING,Zarya,6
Korea - Stage 1,Korea - Stage 1__match_0005,Round Robin [Bo5],Cheeseburger,Team Falcons,Vendetta,6
Korea - Stage 1,Korea - Stage 1__match_0005,Round Robin [Bo5],Cheeseburger,Team Falcons,Kiriko,6
Korea - Stage 1,Korea - Stage 1__match_0008,Round Robin [Bo5],RØDE ONSIDE GAMING,T1,Symmetra,6
Korea - Stage 1,Korea - Stage 1__match_0008,Round Robin [Bo5],RØDE ONSIDE GAMING,T1,Sojourn,6
Korea - Stage 1,Korea - Stage 1__match_0009,Round Robin [Bo5],ZETA DIVISION,Team Falcons,Sojourn,6
Korea - Stage 1,Korea - Stage 1__match_0010,Round Robin [Bo5],Cheeseburger,ZAN Esports,Kiriko,6
Korea - Stage 1,Korea - Stage 1__match_0012,Round Robin [Bo5],Crazy Raccoon,RØDE ONSIDE GAMING,Emre,6
Korea - Stage 1,Korea - Stage 1__match_0013,Round Robin [Bo5],New Era,Team Falcons,Emre,6
Korea - Stage 1,Korea - Stage 1__match_0014,Round Robin [Bo5],T1,Poker Face,Lúcio,6
Korea - Stage 1,Korea - Stage 1__match_0014,Round Robin [Bo5],T1,Poker Face,Kiriko,6
Korea - Stage 1,Korea - Stage 1__match_0016,Round Robin [Bo5],RØDE ONSIDE GAMING,New Era,Emre,6
Korea - Stage 1,Korea - Stage 1__match_0017,Round Robin [Bo5],ZAN Esports,ZETA DIVISION,Emre,6
Korea - Stage 1,Korea - Stage 1__match_0018,Round Robin [Bo5],Team Falcons,T1,Vendetta,6
Korea - Stage 1,Korea - Stage 1__match_0020,Round Robin [Bo5],Team Falcons,Poker Face,Kiriko,6
Korea - Stage 1,Korea - Stage 1__match_0021,Round Robin [Bo5],T1,Crazy Raccoon,Juno,6
Korea - Stage 1,Korea - Stage 1__match_0021,Round Robin [Bo5],T1,Crazy Raccoon,Kiriko,6
Korea - Stage 1,Korea - Stage 1__match_0023,Round Robin [Bo5],ZETA DIVISION,RØDE ONSIDE GAMING,Symmetra,6
Korea - Stage 1,Korea - Stage 1__match_0023,Round Robin [Bo5],ZETA DIVISION,RØDE ONSIDE GAMING,Zarya,6
Korea - Stage 1,Korea - Stage 1__match_0024,Round Robin [Bo5],Cheeseburger,T1,Emre,6
Korea - Stage 1,Korea - Stage 1__match_0025,Round Robin [Bo5],Team Falcons,ZAN Esports,Emre,6
Korea - Stage 1,Korea - Stage 1__match_0025,Round Robin [Bo5],Team Falcons,ZAN Esports,Kiriko,6
Korea - Stage 1,Korea - Stage 1__match_0029,Round Robin [Bo5],T1,ZETA DIVISION,Emre,6
Korea - Stage 1,Korea - Stage 1__match_0031,Round Robin [Bo5],T1,ZAN Esports,Tracer,6
Korea - Stage 1,Korea - Stage 1__match_0031,Round Robin [Bo5],T1,ZAN Esports,Hazard,6
Korea - Stage 1,Korea - Stage 1__match_0031,Round Robin [Bo5],T1,ZAN Esports,Lúcio,6
Korea - Stage 1,Korea - Stage 1__match_0031,Round Robin [Bo5],T1,ZAN Esports,Kiriko,6
Korea - Stage 1,Korea - Stage 1__match_0032,Round Robin [Bo5],ZETA DIVISION,Cheeseburger,Cassidy,6
Korea - Stage 1,Korea - Stage 1__match_0032,Round Robin [Bo5],ZETA DIVISION,Cheeseburger,Ana,6
Korea - Stage 1,Korea - Stage 1__match_0035,Round Robin [Bo5],RØDE ONSIDE GAMING,Team Falcons,Symmetra,6
Korea - Stage 1,Korea - Stage 1__match_0036,Round Robin [Bo5],New Era,Cheeseburger,Tracer,6
Korea - Stage 1,Korea - Stage 1__match_0037,Last Chance Qualifier [Bo5],T1,ZAN Esports,Tracer,6
Korea - Stage 1,Korea - Stage 1__match_0038,Seeding Decider [Bo5],ZETA DIVISION,RØDE ONSIDE GAMING,Tracer,6
Korea - Stage 1,Korea - Stage 1__match_0039,Seeding Decider [Bo5],Crazy Raccoon,Team Falcons,Kiriko,6
Korea - Stage 1,Korea - Stage 1__match_0040,Last Chance Qualifier [Bo5],Poker Face,Cheeseburger,Tracer,6
Korea - Stage 1,Korea - Stage 1__match_0042,Seeding Decider [Bo5],Crazy Raccoon,RØDE ONSIDE GAMING,Kiriko,6
Korea - Stage 1,Korea - Stage 1__match_0043,Last Chance Qualifier [Bo5],ZAN Esports,Cheeseburger,Tracer,6
Korea - Stage 1,Korea - Stage 1__match_0044,Seeding Decider [Bo5],ZETA DIVISION,Crazy Raccoon,Tracer,6
Korea - Stage 1,Korea - Stage 1__match_0045,Seeding Decider [Bo5],Team Falcons,RØDE ONSIDE GAMING,Kiriko,6
China - Stage 1,China - Stage 1__match_0001,Swiss Stage (Round 1) [Bo5],Milk Tea,Homie E,Juno,6
China - Stage 1,China - Stage 1__match_0003,Swiss Stage (Round 1) [Bo5],Weibo Gaming,Naive Piggy,Vendetta,6
China - Stage 1,China - Stage 1__match_0003,Swiss Stage (Round 1) [Bo5],Weibo Gaming,Naive Piggy,Lúcio,6
China - Stage 1,China - Stage 1__match_0003,Swiss Stage (Round 1) [Bo5],Weibo Gaming,Naive Piggy,Kiriko,6
China - Stage 1,China - Stage 1__match_0004,Swiss Stage (Round 1) [Bo5],JD Gaming,SV,Sojourn,6
China - Stage 1,China - Stage 1__match_0004,Swiss Stage (Round 1) [Bo5],JD Gaming,SV,Kiriko,6
China - Stage 1,China - Stage 1__match_0004,Swiss Stage (Round 1) [Bo5],JD Gaming,SV,Lúcio,6
China - Stage 1,China - Stage 1__match_0005,Swiss Stage (Round 2) [Bo5],Milk Tea,Naive Piggy,Vendetta,6
China - Stage 1,China - Stage 1__match_0005,Swiss Stage (Round 2) [Bo5],Milk Tea,Naive Piggy,Lúcio,6
China - Stage 1,China - Stage 1__match_0005,Swiss Stage (Round 2) [Bo5],Milk Tea,Naive Piggy,Kiriko,6
China - Stage 1,China - Stage 1__match_0005,Swiss Stage (Round 2) [Bo5],Milk Tea,Naive Piggy,Juno,6
China - Stage 1,China - Stage 1__match_0007,Swiss Stage (Round 2) [Bo5],JD Gaming,All Gamers,Lúcio,6
China - Stage 1,China - Stage 1__match_0007,Swiss Stage (Round 2) [Bo5],JD Gaming,All Gamers,Kiriko,6
China - Stage 1,China - Stage 1__match_0008,Swiss Stage (Round 2) [Bo5],Weibo Gaming,Homie E,Sojourn,6
China - Stage 1,China - Stage 1__match_0008,Swiss Stage (Round 2) [Bo5],Weibo Gaming,Homie E,Vendetta,6
China - Stage 1,China - Stage 1__match_0008,Swiss Stage (Round 2) [Bo5],Weibo Gaming,Homie E,Kiriko,6
China - Stage 1,China - Stage 1__match_0008,Swiss Stage (Round 2) [Bo5],Weibo Gaming,Homie E,Lúcio,6
China - Stage 1,China - Stage 1__match_0009,Swiss Stage (Round 3) [Bo5],All Gamers,Naive Piggy,Vendetta,6
China - Stage 1,China - Stage 1__match_0009,Swiss Stage (Round 3) [Bo5],All Gamers,Naive Piggy,Juno,6
China - Stage 1,China - Stage 1__match_0011,Seeding Decider [Bo5],Weibo Gaming,JD Gaming,Kiriko,6
China - Stage 1,China - Stage 1__match_0012,Swiss Stage (Round 4) [Bo5],Homie E,Milk Tea,Kiriko,6
China - Stage 1,China - Stage 1__match_0012,Swiss Stage (Round 4) [Bo5],Homie E,Milk Tea,Juno,6
China - Stage 1,China - Stage 1__match_0013,Swiss Stage (Round 4) [Bo5],Naive Piggy,DEG,Sojourn,6
China - Stage 1,China - Stage 1__match_0013,Swiss Stage (Round 4) [Bo5],Naive Piggy,DEG,Vendetta,6
China - Stage 1,China - Stage 1__match_0014,Seeding Decider [Bo5],All Gamers,SV,Kiriko,6
China - Stage 1,China - Stage 1__match_0014,Seeding Decider [Bo5],All Gamers,SV,Lúcio,6
China - Stage 1,China - Stage 1__match_0015,Seeding Decider [Bo5],Milk Tea,Naive Piggy,Vendetta,6
China - Stage 1,China - Stage 1__match_0015,Seeding Decider [Bo5],Milk Tea,Naive Piggy,Kiriko,6
China - Stage 1,China - Stage 1__match_0016,Round Robin [Bo5],Naive Piggy,Milk Tea,Symmetra,6
China - Stage 1,China - Stage 1__match_0016,Round Robin [Bo5],Naive Piggy,Milk Tea,Sojourn,6
China - Stage 1,China - Stage 1__match_0016,Round Robin [Bo5],Naive Piggy,Milk Tea,Lúcio,6
China - Stage 1,China - Stage 1__match_0016,Round Robin [Bo5],Naive Piggy,Milk Tea,Juno,6
China - Stage 1,China - Stage 1__match_0017,Round Robin [Bo5],JD Gaming,All Gamers,D.Va,6
China - Stage 1,China - Stage 1__match_0018,Round Robin [Bo5],Weibo Gaming,SV,Emre,6
China - Stage 1,China - Stage 1__match_0018,Round Robin [Bo5],Weibo Gaming,SV,Kiriko,6
China - Stage 1,China - Stage 1__match_0024,Round Robin [Bo5],SV,Milk Tea,Emre,6
China - Stage 1,China - Stage 1__match_0024,Round Robin [Bo5],SV,Milk Tea,Kiriko,6
China - Stage 1,China - Stage 1__match_0025,Round Robin [Bo5],JD Gaming,Naive Piggy,Emre,6
China - Stage 1,China - Stage 1__match_0025,Round Robin [Bo5],JD Gaming,Naive Piggy,Tracer,6
China - Stage 1,China - Stage 1__match_0027,Round Robin [Bo5],JD Gaming,SV,Kiriko,6
China - Stage 1,China - Stage 1__match_0029,Round Robin [Bo5],All Gamers,SV,Emre,6
China - Stage 1,China - Stage 1__match_0030,Round Robin [Bo5],Weibo Gaming,JD Gaming,Symmetra,6
China - Stage 1,China - Stage 1__match_0030,Round Robin [Bo5],Weibo Gaming,JD Gaming,Tracer,6
China - Stage 1,China - Stage 1__match_0030,Round Robin [Bo5],Weibo Gaming,JD Gaming,Kiriko,6
China - Stage 1,China - Stage 1__match_0033,Upper Finals [Bo5],Weibo Gaming,All Gamers,Ana,6
China - Stage 1,China - Stage 1__match_0033,Upper Finals [Bo5],Weibo Gaming,All Gamers,Jetpack Cat,6
China - Stage 1,China - Stage 1__match_0034,Lower Semifinals [Bo5],JD Gaming,SV,Tracer,6
China - Stage 1,China - Stage 1__match_0035,Lower Finals [Bo5],All Gamers,JD Gaming,Bastion,6
China - Stage 1,China - Stage 1__match_0035,Lower Finals [Bo5],All Gamers,JD Gaming,Reaper,6
China - Stage 1,China - Stage 1__match_0035,Lower Finals [Bo5],All Gamers,JD Gaming,Jetpack Cat,6
China - Stage 1,China - Stage 1__match_0035,Lower Finals [Bo5],All Gamers,JD Gaming,Lúcio,6
China - Stage 1,China - Stage 1__match_0036,Grand Finals [Bo5],Weibo Gaming,All Gamers,Tracer,6
China - Stage 1,China - Stage 1__match_0036,Grand Finals [Bo5],Weibo Gaming,All Gamers,Symmetra,6
EMEA - Stage 1,EMEA - Stage 1__match_0001,Round Robin [Bo5],Virtus.pro,Al Qadsiah,Lúcio,6
EMEA - Stage 1,EMEA - Stage 1__match_0002,Round Robin [Bo5],Twisted Minds,Team Peps,Emre,6
EMEA - Stage 1,EMEA - Stage 1__match_0002,Round Robin [Bo5],Twisted Minds,Team Peps,Vendetta,6
EMEA - Stage 1,EMEA - Stage 1__match_0002,Round Robin [Bo5],Twisted Minds,Team Peps,Lúcio,6
EMEA - Stage 1,EMEA - Stage 1__match_0002,Round Robin [Bo5],Twisted Minds,Team Peps,Kiriko,6
EMEA - Stage 1,EMEA - Stage 1__match_0004,Round Robin [Bo5],Virtus.pro,Anyone's Legend,Vendetta,6
EMEA - Stage 1,EMEA - Stage 1__match_0004,Round Robin [Bo5],Virtus.pro,Anyone's Legend,Emre,6
EMEA - Stage 1,EMEA - Stage 1__match_0004,Round Robin [Bo5],Virtus.pro,Anyone's Legend,Zarya,6
EMEA - Stage 1,EMEA - Stage 1__match_0004,Round Robin [Bo5],Virtus.pro,Anyone's Legend,Kiriko,6
EMEA - Stage 1,EMEA - Stage 1__match_0004,Round Robin [Bo5],Virtus.pro,Anyone's Legend,Lúcio,6
EMEA - Stage 1,EMEA - Stage 1__match_0007,Round Robin [Bo5],Twisted Minds,Anyone's Legend,Kiriko,6
EMEA - Stage 1,EMEA - Stage 1__match_0007,Round Robin [Bo5],Twisted Minds,Anyone's Legend,Lúcio,6
EMEA - Stage 1,EMEA - Stage 1__match_0008,Round Robin [Bo5],Virtus.pro,Team Peps,Emre,6
EMEA - Stage 1,EMEA - Stage 1__match_0008,Round Robin [Bo5],Virtus.pro,Team Peps,Juno,6
EMEA - Stage 1,EMEA - Stage 1__match_0009,Round Robin [Bo5],Team Peps,Geekay Esports,Vendetta,6
EMEA - Stage 1,EMEA - Stage 1__match_0009,Round Robin [Bo5],Team Peps,Geekay Esports,Zarya,6
EMEA - Stage 1,EMEA - Stage 1__match_0009,Round Robin [Bo5],Team Peps,Geekay Esports,Juno,6
EMEA - Stage 1,EMEA - Stage 1__match_0010,Round Robin [Bo5],Al Qadsiah,Anyone's Legend,Emre,6
EMEA - Stage 1,EMEA - Stage 1__match_0010,Round Robin [Bo5],Al Qadsiah,Anyone's Legend,Lúcio,6
EMEA - Stage 1,EMEA - Stage 1__match_0010,Round Robin [Bo5],Al Qadsiah,Anyone's Legend,Kiriko,6
EMEA - Stage 1,EMEA - Stage 1__match_0011,Round Robin [Bo5],Al Qadsiah,Twisted Minds,Emre,6
EMEA - Stage 1,EMEA - Stage 1__match_0011,Round Robin [Bo5],Al Qadsiah,Twisted Minds,Juno,6
EMEA - Stage 1,EMEA - Stage 1__match_0012,Round Robin [Bo5],Anyone's Legend,Team Peps,Kiriko,6
EMEA - Stage 1,EMEA - Stage 1__match_0012,Round Robin [Bo5],Anyone's Legend,Team Peps,Lúcio,6
EMEA - Stage 1,EMEA - Stage 1__match_0013,Round Robin [Bo5],Virtus.pro,Geekay Esports,Emre,6
EMEA - Stage 1,EMEA - Stage 1__match_0014,Round Robin [Bo5],Virtus.pro,Twisted Minds,Tracer,6
EMEA - Stage 1,EMEA - Stage 1__match_0014,Round Robin [Bo5],Virtus.pro,Twisted Minds,Emre,6
EMEA - Stage 1,EMEA - Stage 1__match_0015,Round Robin [Bo5],Anyone's Legend,Geekay Esports,Pharah,6
EMEA - Stage 1,EMEA - Stage 1__match_0015,Round Robin [Bo5],Anyone's Legend,Geekay Esports,Tracer,6
EMEA - Stage 1,EMEA - Stage 1__match_0015,Round Robin [Bo5],Anyone's Legend,Geekay Esports,D.Va,6
EMEA - Stage 1,EMEA - Stage 1__match_0015,Round Robin [Bo5],Anyone's Legend,Geekay Esports,Juno,6
EMEA - Stage 1,EMEA - Stage 1__match_0016,Upper Semifinals [Bo5],Twisted Minds,Al Qadsiah,Emre,6
EMEA - Stage 1,EMEA - Stage 1__match_0016,Upper Semifinals [Bo5],Twisted Minds,Al Qadsiah,Tracer,6
EMEA - Stage 1,EMEA - Stage 1__match_0018,Lower Semifinals [Bo5],Al Qadsiah,Virtus.pro,Emre,6
EMEA - Stage 1,EMEA - Stage 1__match_0019,Upper Finals [Bo5],Twisted Minds,Geekay Esports,Emre,6
EMEA - Stage 1,EMEA - Stage 1__match_0019,Upper Finals [Bo5],Twisted Minds,Geekay Esports,Zarya,6
EMEA - Stage 1,EMEA - Stage 1__match_0019,Upper Finals [Bo5],Twisted Minds,Geekay Esports,Lúcio,6
EMEA - Stage 1,EMEA - Stage 1__match_0020,Lower Finals [Bo5],Geekay Esports,Virtus.pro,Tracer,6
EMEA - Stage 1,EMEA - Stage 1__match_0021,Grand Finals [Bo7],Twisted Minds,Virtus.pro,Tracer,6
North America - Stage 1,North America - Stage 1__match_0001,Round Robin [Bo5],Dallas Fuel,Disguised,Emre,6
North America - Stage 1,North America - Stage 1__match_0001,Round Robin [Bo5],Dallas Fuel,Disguised,Tracer,6
North America - Stage 1,North America - Stage 1__match_0001,Round Robin [Bo5],Dallas Fuel,Disguised,Kiriko,6
North America - Stage 1,North America - Stage 1__match_0001,Round Robin [Bo5],Dallas Fuel,Disguised,Lúcio,6
North America - Stage 1,North America - Stage 1__match_0004,Round Robin [Bo5],Spacestation Gaming,Disguised,Tracer,6
North America - Stage 1,North America - Stage 1__match_0004,Round Robin [Bo5],Spacestation Gaming,Disguised,Ramattra,6
North America - Stage 1,North America - Stage 1__match_0005,Round Robin [Bo5],LuneX Gaming,Extinction,Emre,6
North America - Stage 1,North America - Stage 1__match_0005,Round Robin [Bo5],LuneX Gaming,Extinction,Kiriko,6
North America - Stage 1,North America - Stage 1__match_0005,Round Robin [Bo5],LuneX Gaming,Extinction,Lúcio,6
North America - Stage 1,North America - Stage 1__match_0007,Round Robin [Bo5],Disguised,Extinction,D.Va,6
North America - Stage 1,North America - Stage 1__match_0010,Round Robin [Bo5],Disguised,Team Liquid,Zarya,6
North America - Stage 1,North America - Stage 1__match_0010,Round Robin [Bo5],Disguised,Team Liquid,Lúcio,6
North America - Stage 1,North America - Stage 1__match_0011,Round Robin [Bo5],Spacestation Gaming,Dallas Fuel,Ana,6
North America - Stage 1,North America - Stage 1__match_0011,Round Robin [Bo5],Spacestation Gaming,Dallas Fuel,Kiriko,6
North America - Stage 1,North America - Stage 1__match_0011,Round Robin [Bo5],Spacestation Gaming,Dallas Fuel,Brigitte,6
North America - Stage 1,North America - Stage 1__match_0012,Round Robin [Bo5],Team Liquid,LuneX Gaming,Lúcio,6
North America - Stage 1,North America - Stage 1__match_0015,Round Robin [Bo5],Spacestation Gaming,Team Liquid,Tracer,6
North America - Stage 1,North America - Stage 1__match_0017,Upper Semifinals [Bo5],Spacestation Gaming,Team Liquid,Symmetra,6
North America - Stage 1,North America - Stage 1__match_0017,Upper Semifinals [Bo5],Spacestation Gaming,Team Liquid,Juno,6
North America - Stage 1,North America - Stage 1__match_0018,Lower Semifinals [Bo5],LuneX Gaming,Team Liquid,Orisa,6
North America - Stage 1,North America - Stage 1__match_0018,Lower Semifinals [Bo5],LuneX Gaming,Team Liquid,Juno,6
North America - Stage 1,North America - Stage 1__match_0019,Upper Finals [Bo5],Dallas Fuel,Spacestation Gaming,Sojourn,6
North America - Stage 1,North America - Stage 1__match_0019,Upper Finals [Bo5],Dallas Fuel,Spacestation Gaming,D.Va,6
North America - Stage 1,North America - Stage 1__match_0019,Upper Finals [Bo5],Dallas Fuel,Spacestation Gaming,Lúcio,6
North America - Stage 1,North America - Stage 1__match_0020,Lower Finals [Bo5],Spacestation Gaming,Team Liquid,Emre,6
North America - Stage 1,North America - Stage 1__match_0020,Lower Finals [Bo5],Spacestation Gaming,Team Liquid,Tracer,6
North America - Stage 1,North America - Stage 1__match_0020,Lower Finals [Bo5],Spacestation Gaming,Team Liquid,Kiriko,6
North America - Stage 1,North America - Stage 1__match_0021,Grand Finals [Bo7],Dallas Fuel,Spacestation Gaming,Tracer,6
Pacific - Stage 1,Pacific - Stage 1__match_0001,Round Robin [Bo5],Team Secret,Rankers,Kiriko,6
Pacific - Stage 1,Pacific - Stage 1__match_0002,Round Robin [Bo5],MieMieYang,The Gatos Guapos,D.Va,6
Pacific - Stage 1,Pacific - Stage 1__match_0005,Round Robin [Bo5],Team Secret,MieMieYang,Emre,6
Pacific - Stage 1,Pacific - Stage 1__match_0005,Round Robin [Bo5],Team Secret,MieMieYang,Lúcio,6
Pacific - Stage 1,Pacific - Stage 1__match_0008,Round Robin [Bo5],The Gatos Guapos,Team Secret,Tracer,6
Pacific - Stage 1,Pacific - Stage 1__match_0009,Round Robin [Bo5],MieMieYang,Quasar Esports,Sojourn,6
Pacific - Stage 1,Pacific - Stage 1__match_0010,Round Robin [Bo5],Team Secret,FURY,Emre,6
Pacific - Stage 1,Pacific - Stage 1__match_0010,Round Robin [Bo5],Team Secret,FURY,Tracer,6
Pacific - Stage 1,Pacific - Stage 1__match_0011,Round Robin [Bo5],Quasar Esports,The Gatos Guapos,Kiriko,6
Pacific - Stage 1,Pacific - Stage 1__match_0012,Round Robin [Bo5],MieMieYang,Rankers,Symmetra,6
Pacific - Stage 1,Pacific - Stage 1__match_0013,Round Robin [Bo5],Team Secret,Quasar Esports,Tracer,6
Pacific - Stage 1,Pacific - Stage 1__match_0014,Round Robin [Bo5],FURY,MieMieYang,Tracer,6
Pacific - Stage 1,Pacific - Stage 1__match_0014,Round Robin [Bo5],FURY,MieMieYang,Kiriko,6
Pacific - Stage 1,Pacific - Stage 1__match_0015,Round Robin [Bo5],The Gatos Guapos,Rankers,Sojourn,6
Pacific - Stage 1,Pacific - Stage 1__match_0015,Round Robin [Bo5],The Gatos Guapos,Rankers,Kiriko,6
Partner Team Index,Partner Team Index__match_0002,,Team Peps,Team Peps,Tracer,6
Partner Team Index,Partner Team Index__match_0002,,Team Peps,Team Peps,Genji,6
Partner Team Index,Partner Team Index__match_0002,,Team Peps,Team Peps,Winston,6
Partner Team Index,Partner Team Index__match_0002,,Team Peps,Team Peps,Lúcio,6
Partner Team Index,Partner Team Index__match_0002,,Team Peps,Team Peps,Ana,6
Partner Team Index,Partner Team Index__match_0004,,All Gamers,All Gamers,Tracer,6
Partner Team Index,Partner Team Index__match_0004,,All Gamers,All Gamers,Genji,6
Partner Team Index,Partner Team Index__match_0004,,All Gamers,All Gamers,Winston,6
Partner Team Index,Partner Team Index__match_0004,,All Gamers,All Gamers,Lúcio,6
Partner Team Index,Partner Team Index__match_0004,,All Gamers,All Gamers,Ana,6
Non-Partner Team Index,Non-Partner Team Index__match_0002,,Al Qadsiah,Al Qadsiah,Tracer,6
Non-Partner Team Index,Non-Partner Team Index__match_0002,,Al Qadsiah,Al Qadsiah,Genji,6
Non-Partner Team Index,Non-Partner Team Index__match_0002,,Al Qadsiah,Al Qadsiah,Winston,6
Non-Partner Team Index,Non-Partner Team Index__match_0002,,Al Qadsiah,Al Qadsiah,Lúcio,6
Non-Partner Team Index,Non-Partner Team Index__match_0002,,Al Qadsiah,Al Qadsiah,Ana,6
Pre-Season Bootcamp,Pre-Season Bootcamp__match_0001,Round 1 [Bo5],Disguised,Team Peps,Vendetta,5
Pre-Season Bootcamp,Pre-Season Bootcamp__match_0001,Round 1 [Bo5],Disguised,Team Peps,Zarya,5
Pre-Season Bootcamp,Pre-Season Bootcamp__match_0003,Round 1 [Bo5],Dallas Fuel,T1,Kiriko,5
Pre-Season Bootcamp,Pre-Season Bootcamp__match_0005,Quarterfinals [Bo5],Crazy Raccoon,Team Peps,Tracer,5
Pre-Season Bootcamp,Pre-Season Bootcamp__match_0005,Quarterfinals [Bo5],Crazy Raccoon,Team Peps,Jetpack Cat,5
Pre-Season Bootcamp,Pre-Season Bootcamp__match_0005,Quarterfinals [Bo5],Crazy Raccoon,Team Peps,Lúcio,5
Pre-Season Bootcamp,Pre-Season Bootcamp__match_0005,Quarterfinals [Bo5],Crazy Raccoon,Team Peps,Kiriko,5
Pre-Season Bootcamp,Pre-Season Bootcamp__match_0006,Quarterfinals [Bo5],Weibo Gaming,Team Falcons,Vendetta,5
Pre-Season Bootcamp,Pre-Season Bootcamp__match_0006,Quarterfinals [Bo5],Weibo Gaming,Team Falcons,Domina,5
Pre-Season Bootcamp,Pre-Season Bootcamp__match_0007,Quarterfinals [Bo5],Twisted Minds,T1,Tracer,5
Pre-Season Bootcamp,Pre-Season Bootcamp__match_0008,Quarterfinals [Bo5],Team Liquid,Virtus.pro,Vendetta,5
Pre-Season Bootcamp,Pre-Season Bootcamp__match_0008,Quarterfinals [Bo5],Team Liquid,Virtus.pro,Jetpack Cat,5
Pre-Season Bootcamp,Pre-Season Bootcamp__match_0009,Semifinals [Bo5],Crazy Raccoon,Team Falcons,Symmetra,5
Pre-Season Bootcamp,Pre-Season Bootcamp__match_0010,Semifinals [Bo5],Twisted Minds,Team Liquid,Domina,5
Pre-Season Bootcamp,Pre-Season Bootcamp__match_0011,Grand Finals [Bo7],Crazy Raccoon,Twisted Minds,Juno,5
Japan - Stage 1,Japan - Stage 1__match_0002,Round Robin [Bo5],ENTER FORCE.36,Nyam Gaming,Tracer,5
Japan - Stage 1,Japan - Stage 1__match_0002,Round Robin [Bo5],ENTER FORCE.36,Nyam Gaming,Vendetta,5
Japan - Stage 1,Japan - Stage 1__match_0003,Round Robin [Bo5],TOKYO TAIYOs,VARREL,Tracer,5
Japan - Stage 1,Japan - Stage 1__match_0004,Round Robin [Bo5],Lazuli,99DIVINE,Tracer,5
Japan - Stage 1,Japan - Stage 1__match_0008,Round Robin [Bo5],TOKYO TAIYOs,99DIVINE,Cassidy,5
Japan - Stage 1,Japan - Stage 1__match_0009,Round Robin [Bo5],VARREL,ENTER FORCE.36,Vendetta,5
Japan - Stage 1,Japan - Stage 1__match_0009,Round Robin [Bo5],VARREL,ENTER FORCE.36,Tracer,5
Japan - Stage 1,Japan - Stage 1__match_0009,Round Robin [Bo5],VARREL,ENTER FORCE.36,Zarya,5
Japan - Stage 1,Japan - Stage 1__match_0009,Round Robin [Bo5],VARREL,ENTER FORCE.36,D.Va,5
Japan - Stage 1,Japan - Stage 1__match_0010,Round Robin [Bo5],Telomere,Lazuli,Vendetta,5
Japan - Stage 1,Japan - Stage 1__match_0010,Round Robin [Bo5],Telomere,Lazuli,Symmetra,5
Japan - Stage 1,Japan - Stage 1__match_0010,Round Robin [Bo5],Telomere,Lazuli,Ramattra,5
Japan - Stage 1,Japan - Stage 1__match_0012,Round Robin [Bo5],99DIVINE,ENTER FORCE.36,Emre,5
Japan - Stage 1,Japan - Stage 1__match_0012,Round Robin [Bo5],99DIVINE,ENTER FORCE.36,Vendetta,5
Japan - Stage 1,Japan - Stage 1__match_0012,Round Robin [Bo5],99DIVINE,ENTER FORCE.36,Juno,5
Japan - Stage 1,Japan - Stage 1__match_0014,Round Robin [Bo5],Telomere,ENTER FORCE.36,Lúcio,5
Japan - Stage 1,Japan - Stage 1__match_0015,Round Robin [Bo5],VARREL,Nyam Gaming,Emre,5
Japan - Stage 1,Japan - Stage 1__match_0015,Round Robin [Bo5],VARREL,Nyam Gaming,Zarya,5
Japan - Stage 1,Japan - Stage 1__match_0015,Round Robin [Bo5],VARREL,Nyam Gaming,Kiriko,5
Japan - Stage 1,Japan - Stage 1__match_0016,Round Robin [Bo5],VARREL,Lazuli,Symmetra,5
Japan - Stage 1,Japan - Stage 1__match_0017,Round Robin [Bo5],Telomere,Nyam Gaming,Vendetta,5
Japan - Stage 1,Japan - Stage 1__match_0017,Round Robin [Bo5],Telomere,Nyam Gaming,Lúcio,5
Japan - Stage 1,Japan - Stage 1__match_0017,Round Robin [Bo5],Telomere,Nyam Gaming,Brigitte,5
Japan - Stage 1,Japan - Stage 1__match_0017,Round Robin [Bo5],Telomere,Nyam Gaming,Kiriko,5
Japan - Stage 1,Japan - Stage 1__match_0018,Round Robin [Bo5],ENTER FORCE.36,TOKYO TAIYOs,Tracer,5
Japan - Stage 1,Japan - Stage 1__match_0018,Round Robin [Bo5],ENTER FORCE.36,TOKYO TAIYOs,D.Va,5
Japan - Stage 1,Japan - Stage 1__match_0018,Round Robin [Bo5],ENTER FORCE.36,TOKYO TAIYOs,Wuyang,5
Japan - Stage 1,Japan - Stage 1__match_0018,Round Robin [Bo5],ENTER FORCE.36,TOKYO TAIYOs,Baptiste,5
Japan - Stage 1,Japan - Stage 1__match_0019,Round Robin [Bo5],99DIVINE,Nyam Gaming,Lúcio,5
Japan - Stage 1,Japan - Stage 1__match_0020,Round Robin [Bo5],VARREL,Telomere,Emre,5
Japan - Stage 1,Japan - Stage 1__match_0021,Round Robin [Bo5],Lazuli,ENTER FORCE.36,Emre,5
Japan - Stage 1,Japan - Stage 1__match_0021,Round Robin [Bo5],Lazuli,ENTER FORCE.36,Orisa,5
Japan - Stage 1,Japan - Stage 1__match_0022,Round Robin [Bo5],Please Not Hero Ban,Nyam Gaming,Symmetra,5
Japan - Stage 1,Japan - Stage 1__match_0023,Round Robin [Bo5],Lazuli,TOKYO TAIYOs,Cassidy,5
Japan - Stage 1,Japan - Stage 1__match_0024,Round Robin [Bo5],99DIVINE,Telomere,Brigitte,5
Japan - Stage 1,Japan - Stage 1__match_0024,Round Robin [Bo5],99DIVINE,Telomere,Juno,5
Japan - Stage 1,Japan - Stage 1__match_0025,Round Robin [Bo5],Please Not Hero Ban,ENTER FORCE.36,Tracer,5
Japan - Stage 1,Japan - Stage 1__match_0025,Round Robin [Bo5],Please Not Hero Ban,ENTER FORCE.36,Lúcio,5
Japan - Stage 1,Japan - Stage 1__match_0026,Round Robin [Bo5],Lazuli,Nyam Gaming,Symmetra,5
Japan - Stage 1,Japan - Stage 1__match_0026,Round Robin [Bo5],Lazuli,Nyam Gaming,Brigitte,5
Japan - Stage 1,Japan - Stage 1__match_0026,Round Robin [Bo5],Lazuli,Nyam Gaming,Kiriko,5
Japan - Stage 1,Japan - Stage 1__match_0026,Round Robin [Bo5],Lazuli,Nyam Gaming,Ana,5
Japan - Stage 1,Japan - Stage 1__match_0028,Round Robin [Bo5],TOKYO TAIYOs,Telomere,Lúcio,5
Japan - Stage 1,Japan - Stage 1__match_0029,Semifinals [Bo7],ENTER FORCE.36,Please Not Hero Ban,Tracer,5
Japan - Stage 1,Japan - Stage 1__match_0030,Semifinals [Bo7],VARREL,99DIVINE,Kiriko,5
Japan - Stage 1,Japan - Stage 1__match_0031,Third Place Match [Bo7],Please Not Hero Ban,99DIVINE,Symmetra,5
Japan - Stage 1,Japan - Stage 1__match_0032,Grand Finals [Bo7],VARREL,ENTER FORCE.36,Symmetra,5
Japan - Stage 1,Japan - Stage 1__match_0032,Grand Finals [Bo7],VARREL,ENTER FORCE.36,Illari,5
Korea - Stage 1,Korea - Stage 1__match_0002,Round Robin [Bo5],Crazy Raccoon,ZETA DIVISION,Tracer,5
Korea - Stage 1,Korea - Stage 1__match_0002,Round Robin [Bo5],Crazy Raccoon,ZETA DIVISION,D.Va,5
Korea - Stage 1,Korea - Stage 1__match_0004,Round Robin [Bo5],New Era,T1,Sojourn,5
Korea - Stage 1,Korea - Stage 1__match_0005,Round Robin [Bo5],Cheeseburger,Team Falcons,Lúcio,5
Korea - Stage 1,Korea - Stage 1__match_0006,Round Robin [Bo5],ZAN Esports,Crazy Raccoon,Sojourn,5
Korea - Stage 1,Korea - Stage 1__match_0006,Round Robin [Bo5],ZAN Esports,Crazy Raccoon,Vendetta,5
Korea - Stage 1,Korea - Stage 1__match_0007,Round Robin [Bo5],Poker Face,New Era,D.Va,5
Korea - Stage 1,Korea - Stage 1__match_0010,Round Robin [Bo5],Cheeseburger,ZAN Esports,Tracer,5
Korea - Stage 1,Korea - Stage 1__match_0010,Round Robin [Bo5],Cheeseburger,ZAN Esports,Lúcio,5
Korea - Stage 1,Korea - Stage 1__match_0011,Round Robin [Bo5],Poker Face,ZETA DIVISION,Tracer,5
Korea - Stage 1,Korea - Stage 1__match_0012,Round Robin [Bo5],Crazy Raccoon,RØDE ONSIDE GAMING,D.Va,5
Korea - Stage 1,Korea - Stage 1__match_0013,Round Robin [Bo5],New Era,Team Falcons,Juno,5
Korea - Stage 1,Korea - Stage 1__match_0014,Round Robin [Bo5],T1,Poker Face,Symmetra,5
Korea - Stage 1,Korea - Stage 1__match_0015,Round Robin [Bo5],Crazy Raccoon,Cheeseburger,Tracer,5
Korea - Stage 1,Korea - Stage 1__match_0015,Round Robin [Bo5],Crazy Raccoon,Cheeseburger,Symmetra,5
Korea - Stage 1,Korea - Stage 1__match_0016,Round Robin [Bo5],RØDE ONSIDE GAMING,New Era,Symmetra,5
Korea - Stage 1,Korea - Stage 1__match_0018,Round Robin [Bo5],Team Falcons,T1,Sojourn,5
Korea - Stage 1,Korea - Stage 1__match_0018,Round Robin [Bo5],Team Falcons,T1,Juno,5
Korea - Stage 1,Korea - Stage 1__match_0019,Round Robin [Bo5],RØDE ONSIDE GAMING,Cheeseburger,Symmetra,5
Korea - Stage 1,Korea - Stage 1__match_0020,Round Robin [Bo5],Team Falcons,Poker Face,Symmetra,5
Korea - Stage 1,Korea - Stage 1__match_0021,Round Robin [Bo5],T1,Crazy Raccoon,Tracer,5
Korea - Stage 1,Korea - Stage 1__match_0021,Round Robin [Bo5],T1,Crazy Raccoon,Zarya,5
Korea - Stage 1,Korea - Stage 1__match_0022,Round Robin [Bo5],New Era,ZAN Esports,Sojourn,5
Korea - Stage 1,Korea - Stage 1__match_0022,Round Robin [Bo5],New Era,ZAN Esports,Lúcio,5
Korea - Stage 1,Korea - Stage 1__match_0028,Round Robin [Bo5],Poker Face,RØDE ONSIDE GAMING,Emre,5
Korea - Stage 1,Korea - Stage 1__match_0028,Round Robin [Bo5],Poker Face,RØDE ONSIDE GAMING,Tracer,5
Korea - Stage 1,Korea - Stage 1__match_0029,Round Robin [Bo5],T1,ZETA DIVISION,Wrecking Ball,5
Korea - Stage 1,Korea - Stage 1__match_0029,Round Robin [Bo5],T1,ZETA DIVISION,Lúcio,5
Korea - Stage 1,Korea - Stage 1__match_0029,Round Robin [Bo5],T1,ZETA DIVISION,Ana,5
Korea - Stage 1,Korea - Stage 1__match_0030,Round Robin [Bo5],Crazy Raccoon,New Era,Tracer,5
Korea - Stage 1,Korea - Stage 1__match_0030,Round Robin [Bo5],Crazy Raccoon,New Era,Symmetra,5
Korea - Stage 1,Korea - Stage 1__match_0031,Round Robin [Bo5],T1,ZAN Esports,Emre,5
Korea - Stage 1,Korea - Stage 1__match_0032,Round Robin [Bo5],ZETA DIVISION,Cheeseburger,Tracer,5
Korea - Stage 1,Korea - Stage 1__match_0033,Round Robin [Bo5],Team Falcons,Crazy Raccoon,Tracer,5
Korea - Stage 1,Korea - Stage 1__match_0033,Round Robin [Bo5],Team Falcons,Crazy Raccoon,Brigitte,5
Korea - Stage 1,Korea - Stage 1__match_0034,Round Robin [Bo5],ZAN Esports,Poker Face,Emre,5
Korea - Stage 1,Korea - Stage 1__match_0034,Round Robin [Bo5],ZAN Esports,Poker Face,Hazard,5
Korea - Stage 1,Korea - Stage 1__match_0034,Round Robin [Bo5],ZAN Esports,Poker Face,Lúcio,5
Korea - Stage 1,Korea - Stage 1__match_0035,Round Robin [Bo5],RØDE ONSIDE GAMING,Team Falcons,Sojourn,5
Korea - Stage 1,Korea - Stage 1__match_0035,Round Robin [Bo5],RØDE ONSIDE GAMING,Team Falcons,Ramattra,5
Korea - Stage 1,Korea - Stage 1__match_0035,Round Robin [Bo5],RØDE ONSIDE GAMING,Team Falcons,D.Va,5
Korea - Stage 1,Korea - Stage 1__match_0036,Round Robin [Bo5],New Era,Cheeseburger,Brigitte,5
Korea - Stage 1,Korea - Stage 1__match_0038,Seeding Decider [Bo5],ZETA DIVISION,RØDE ONSIDE GAMING,Bastion,5
Korea - Stage 1,Korea - Stage 1__match_0038,Seeding Decider [Bo5],ZETA DIVISION,RØDE ONSIDE GAMING,Symmetra,5
Korea - Stage 1,Korea - Stage 1__match_0038,Seeding Decider [Bo5],ZETA DIVISION,RØDE ONSIDE GAMING,Kiriko,5
Korea - Stage 1,Korea - Stage 1__match_0040,Last Chance Qualifier [Bo5],Poker Face,Cheeseburger,D.Va,5
Korea - Stage 1,Korea - Stage 1__match_0041,Seeding Decider [Bo5],ZETA DIVISION,Team Falcons,Juno,5
Korea - Stage 1,Korea - Stage 1__match_0041,Seeding Decider [Bo5],ZETA DIVISION,Team Falcons,Jetpack Cat,5
Korea - Stage 1,Korea - Stage 1__match_0042,Seeding Decider [Bo5],Crazy Raccoon,RØDE ONSIDE GAMING,Tracer,5
Korea - Stage 1,Korea - Stage 1__match_0043,Last Chance Qualifier [Bo5],ZAN Esports,Cheeseburger,Jetpack Cat,5
Korea - Stage 1,Korea - Stage 1__match_0043,Last Chance Qualifier [Bo5],ZAN Esports,Cheeseburger,Ana,5
Korea - Stage 1,Korea - Stage 1__match_0044,Seeding Decider [Bo5],ZETA DIVISION,Crazy Raccoon,Jetpack Cat,5
China - Stage 1,China - Stage 1__match_0001,Swiss Stage (Round 1) [Bo5],Milk Tea,Homie E,Tracer,5
China - Stage 1,China - Stage 1__match_0001,Swiss Stage (Round 1) [Bo5],Milk Tea,Homie E,Lúcio,5
China - Stage 1,China - Stage 1__match_0002,Swiss Stage (Round 1) [Bo5],All Gamers,DEG,Symmetra,5
China - Stage 1,China - Stage 1__match_0002,Swiss Stage (Round 1) [Bo5],All Gamers,DEG,Vendetta,5
China - Stage 1,China - Stage 1__match_0002,Swiss Stage (Round 1) [Bo5],All Gamers,DEG,Kiriko,5
China - Stage 1,China - Stage 1__match_0003,Swiss Stage (Round 1) [Bo5],Weibo Gaming,Naive Piggy,Sojourn,5
China - Stage 1,China - Stage 1__match_0004,Swiss Stage (Round 1) [Bo5],JD Gaming,SV,Tracer,5
China - Stage 1,China - Stage 1__match_0006,Swiss Stage (Round 2) [Bo5],DEG,SV,Symmetra,5
China - Stage 1,China - Stage 1__match_0006,Swiss Stage (Round 2) [Bo5],DEG,SV,Kiriko,5
China - Stage 1,China - Stage 1__match_0007,Swiss Stage (Round 2) [Bo5],JD Gaming,All Gamers,Sojourn,5
China - Stage 1,China - Stage 1__match_0008,Swiss Stage (Round 2) [Bo5],Weibo Gaming,Homie E,Juno,5
China - Stage 1,China - Stage 1__match_0009,Swiss Stage (Round 3) [Bo5],All Gamers,Naive Piggy,Emre,5
China - Stage 1,China - Stage 1__match_0009,Swiss Stage (Round 3) [Bo5],All Gamers,Naive Piggy,Lúcio,5
China - Stage 1,China - Stage 1__match_0010,Swiss Stage (Round 3) [Bo5],Homie E,SV,Vendetta,5
China - Stage 1,China - Stage 1__match_0010,Swiss Stage (Round 3) [Bo5],Homie E,SV,Lúcio,5
China - Stage 1,China - Stage 1__match_0011,Seeding Decider [Bo5],Weibo Gaming,JD Gaming,Emre,5
China - Stage 1,China - Stage 1__match_0011,Seeding Decider [Bo5],Weibo Gaming,JD Gaming,Tracer,5
China - Stage 1,China - Stage 1__match_0011,Seeding Decider [Bo5],Weibo Gaming,JD Gaming,Symmetra,5
China - Stage 1,China - Stage 1__match_0011,Seeding Decider [Bo5],Weibo Gaming,JD Gaming,Vendetta,5
China - Stage 1,China - Stage 1__match_0011,Seeding Decider [Bo5],Weibo Gaming,JD Gaming,Lúcio,5
China - Stage 1,China - Stage 1__match_0012,Swiss Stage (Round 4) [Bo5],Homie E,Milk Tea,Lúcio,5
China - Stage 1,China - Stage 1__match_0013,Swiss Stage (Round 4) [Bo5],Naive Piggy,DEG,Symmetra,5
China - Stage 1,China - Stage 1__match_0013,Swiss Stage (Round 4) [Bo5],Naive Piggy,DEG,Juno,5
China - Stage 1,China - Stage 1__match_0015,Seeding Decider [Bo5],Milk Tea,Naive Piggy,Sojourn,5
China - Stage 1,China - Stage 1__match_0015,Seeding Decider [Bo5],Milk Tea,Naive Piggy,Brigitte,5
China - Stage 1,China - Stage 1__match_0016,Round Robin [Bo5],Naive Piggy,Milk Tea,Vendetta,5
China - Stage 1,China - Stage 1__match_0016,Round Robin [Bo5],Naive Piggy,Milk Tea,Emre,5
China - Stage 1,China - Stage 1__match_0016,Round Robin [Bo5],Naive Piggy,Milk Tea,Cassidy,5
China - Stage 1,China - Stage 1__match_0016,Round Robin [Bo5],Naive Piggy,Milk Tea,Orisa,5
China - Stage 1,China - Stage 1__match_0017,Round Robin [Bo5],JD Gaming,All Gamers,Symmetra,5
China - Stage 1,China - Stage 1__match_0017,Round Robin [Bo5],JD Gaming,All Gamers,Hazard,5
China - Stage 1,China - Stage 1__match_0018,Round Robin [Bo5],Weibo Gaming,SV,Tracer,5
China - Stage 1,China - Stage 1__match_0019,Round Robin [Bo5],All Gamers,Milk Tea,Emre,5
China - Stage 1,China - Stage 1__match_0020,Round Robin [Bo5],Weibo Gaming,Naive Piggy,Emre,5
China - Stage 1,China - Stage 1__match_0020,Round Robin [Bo5],Weibo Gaming,Naive Piggy,Juno,5
China - Stage 1,China - Stage 1__match_0022,Round Robin [Bo5],Weibo Gaming,All Gamers,Sojourn,5
China - Stage 1,China - Stage 1__match_0023,Round Robin [Bo5],JD Gaming,Milk Tea,Emre,5
China - Stage 1,China - Stage 1__match_0024,Round Robin [Bo5],SV,Milk Tea,Mei,5
China - Stage 1,China - Stage 1__match_0024,Round Robin [Bo5],SV,Milk Tea,Zarya,5
China - Stage 1,China - Stage 1__match_0024,Round Robin [Bo5],SV,Milk Tea,Juno,5
China - Stage 1,China - Stage 1__match_0025,Round Robin [Bo5],JD Gaming,Naive Piggy,Symmetra,5
China - Stage 1,China - Stage 1__match_0026,Round Robin [Bo5],All Gamers,Naive Piggy,Illari,5
China - Stage 1,China - Stage 1__match_0028,Round Robin [Bo5],Weibo Gaming,Milk Tea,Jetpack Cat,5
China - Stage 1,China - Stage 1__match_0029,Round Robin [Bo5],All Gamers,SV,Tracer,5
China - Stage 1,China - Stage 1__match_0029,Round Robin [Bo5],All Gamers,SV,Juno,5
China - Stage 1,China - Stage 1__match_0030,Round Robin [Bo5],Weibo Gaming,JD Gaming,Sojourn,5
China - Stage 1,China - Stage 1__match_0030,Round Robin [Bo5],Weibo Gaming,JD Gaming,Pharah,5
China - Stage 1,China - Stage 1__match_0031,Upper Semifinals [Bo5],Weibo Gaming,SV,Symmetra,5
China - Stage 1,China - Stage 1__match_0035,Lower Finals [Bo5],All Gamers,JD Gaming,Mauga,5
China - Stage 1,China - Stage 1__match_0036,Grand Finals [Bo5],Weibo Gaming,All Gamers,Mauga,5
EMEA - Stage 1,EMEA - Stage 1__match_0001,Round Robin [Bo5],Virtus.pro,Al Qadsiah,Vendetta,5
EMEA - Stage 1,EMEA - Stage 1__match_0001,Round Robin [Bo5],Virtus.pro,Al Qadsiah,D.Va,5
EMEA - Stage 1,EMEA - Stage 1__match_0003,Round Robin [Bo5],Twisted Minds,Geekay Esports,Emre,5
EMEA - Stage 1,EMEA - Stage 1__match_0003,Round Robin [Bo5],Twisted Minds,Geekay Esports,Kiriko,5
EMEA - Stage 1,EMEA - Stage 1__match_0008,Round Robin [Bo5],Virtus.pro,Team Peps,Tracer,5
EMEA - Stage 1,EMEA - Stage 1__match_0008,Round Robin [Bo5],Virtus.pro,Team Peps,Vendetta,5
EMEA - Stage 1,EMEA - Stage 1__match_0011,Round Robin [Bo5],Al Qadsiah,Twisted Minds,Tracer,5
EMEA - Stage 1,EMEA - Stage 1__match_0012,Round Robin [Bo5],Anyone's Legend,Team Peps,Emre,5
EMEA - Stage 1,EMEA - Stage 1__match_0012,Round Robin [Bo5],Anyone's Legend,Team Peps,Brigitte,5
EMEA - Stage 1,EMEA - Stage 1__match_0012,Round Robin [Bo5],Anyone's Legend,Team Peps,Juno,5
EMEA - Stage 1,EMEA - Stage 1__match_0013,Round Robin [Bo5],Virtus.pro,Geekay Esports,Kiriko,5
EMEA - Stage 1,EMEA - Stage 1__match_0015,Round Robin [Bo5],Anyone's Legend,Geekay Esports,Vendetta,5
EMEA - Stage 1,EMEA - Stage 1__match_0015,Round Robin [Bo5],Anyone's Legend,Geekay Esports,Zarya,5
EMEA - Stage 1,EMEA - Stage 1__match_0016,Upper Semifinals [Bo5],Twisted Minds,Al Qadsiah,Zarya,5
EMEA - Stage 1,EMEA - Stage 1__match_0016,Upper Semifinals [Bo5],Twisted Minds,Al Qadsiah,Juno,5
EMEA - Stage 1,EMEA - Stage 1__match_0017,Upper Semifinals [Bo5],Virtus.pro,Geekay Esports,Symmetra,5
EMEA - Stage 1,EMEA - Stage 1__match_0019,Upper Finals [Bo5],Twisted Minds,Geekay Esports,Tracer,5
EMEA - Stage 1,EMEA - Stage 1__match_0019,Upper Finals [Bo5],Twisted Minds,Geekay Esports,Kiriko,5
North America - Stage 1,North America - Stage 1__match_0001,Round Robin [Bo5],Dallas Fuel,Disguised,D.Va,5
North America - Stage 1,North America - Stage 1__match_0002,Round Robin [Bo5],Spacestation Gaming,LuneX Gaming,Tracer,5
North America - Stage 1,North America - Stage 1__match_0002,Round Robin [Bo5],Spacestation Gaming,LuneX Gaming,Lúcio,5
North America - Stage 1,North America - Stage 1__match_0003,Round Robin [Bo5],Team Liquid,Extinction,Juno,5
North America - Stage 1,North America - Stage 1__match_0006,Round Robin [Bo5],Team Liquid,Dallas Fuel,Tracer,5
North America - Stage 1,North America - Stage 1__match_0006,Round Robin [Bo5],Team Liquid,Dallas Fuel,D.Va,5
North America - Stage 1,North America - Stage 1__match_0008,Round Robin [Bo5],Dallas Fuel,LuneX Gaming,Illari,5
North America - Stage 1,North America - Stage 1__match_0008,Round Robin [Bo5],Dallas Fuel,LuneX Gaming,Lúcio,5
North America - Stage 1,North America - Stage 1__match_0009,Round Robin [Bo5],Spacestation Gaming,Extinction,D.Va,5
North America - Stage 1,North America - Stage 1__match_0009,Round Robin [Bo5],Spacestation Gaming,Extinction,Kiriko,5
North America - Stage 1,North America - Stage 1__match_0010,Round Robin [Bo5],Disguised,Team Liquid,Juno,5
North America - Stage 1,North America - Stage 1__match_0011,Round Robin [Bo5],Spacestation Gaming,Dallas Fuel,Sojourn,5
North America - Stage 1,North America - Stage 1__match_0011,Round Robin [Bo5],Spacestation Gaming,Dallas Fuel,Juno,5
North America - Stage 1,North America - Stage 1__match_0012,Round Robin [Bo5],Team Liquid,LuneX Gaming,Symmetra,5
North America - Stage 1,North America - Stage 1__match_0012,Round Robin [Bo5],Team Liquid,LuneX Gaming,Emre,5
North America - Stage 1,North America - Stage 1__match_0013,Round Robin [Bo5],Disguised,LuneX Gaming,Lúcio,5
North America - Stage 1,North America - Stage 1__match_0013,Round Robin [Bo5],Disguised,LuneX Gaming,Kiriko,5
North America - Stage 1,North America - Stage 1__match_0014,Round Robin [Bo5],Dallas Fuel,Extinction,Jetpack Cat,5
North America - Stage 1,North America - Stage 1__match_0015,Round Robin [Bo5],Spacestation Gaming,Team Liquid,Vendetta,5
North America - Stage 1,North America - Stage 1__match_0015,Round Robin [Bo5],Spacestation Gaming,Team Liquid,Lúcio,5
North America - Stage 1,North America - Stage 1__match_0015,Round Robin [Bo5],Spacestation Gaming,Team Liquid,Juno,5
North America - Stage 1,North America - Stage 1__match_0015,Round Robin [Bo5],Spacestation Gaming,Team Liquid,Kiriko,5
North America - Stage 1,North America - Stage 1__match_0016,Upper Semifinals [Bo5],Dallas Fuel,LuneX Gaming,Sojourn,5
North America - Stage 1,North America - Stage 1__match_0017,Upper Semifinals [Bo5],Spacestation Gaming,Team Liquid,D.Va,5
North America - Stage 1,North America - Stage 1__match_0017,Upper Semifinals [Bo5],Spacestation Gaming,Team Liquid,Brigitte,5
North America - Stage 1,North America - Stage 1__match_0017,Upper Semifinals [Bo5],Spacestation Gaming,Team Liquid,Lúcio,5
North America - Stage 1,North America - Stage 1__match_0018,Lower Semifinals [Bo5],LuneX Gaming,Team Liquid,Brigitte,5
North America - Stage 1,North America - Stage 1__match_0020,Lower Finals [Bo5],Spacestation Gaming,Team Liquid,Lúcio,5
North America - Stage 1,North America - Stage 1__match_0021,Grand Finals [Bo7],Dallas Fuel,Spacestation Gaming,Symmetra,5
North America - Stage 1,North America - Stage 1__match_0021,Grand Finals [Bo7],Dallas Fuel,Spacestation Gaming,Widowmaker,5
North America - Stage 1,North America - Stage 1__match_0021,Grand Finals [Bo7],Dallas Fuel,Spacestation Gaming,Zarya,5
Pacific - Stage 1,Pacific - Stage 1__match_0002,Round Robin [Bo5],MieMieYang,The Gatos Guapos,Emre,5
Pacific - Stage 1,Pacific - Stage 1__match_0002,Round Robin [Bo5],MieMieYang,The Gatos Guapos,Kiriko,5
Pacific - Stage 1,Pacific - Stage 1__match_0004,Round Robin [Bo5],FURY,The Gatos Guapos,Lúcio,5
Pacific - Stage 1,Pacific - Stage 1__match_0006,Round Robin [Bo5],Quasar Esports,Rankers,Tracer,5
Pacific - Stage 1,Pacific - Stage 1__match_0006,Round Robin [Bo5],Quasar Esports,Rankers,Symmetra,5
Pacific - Stage 1,Pacific - Stage 1__match_0006,Round Robin [Bo5],Quasar Esports,Rankers,Mizuki,5
Pacific - Stage 1,Pacific - Stage 1__match_0007,Round Robin [Bo5],FURY,Rankers,Tracer,5
Pacific - Stage 1,Pacific - Stage 1__match_0009,Round Robin [Bo5],MieMieYang,Quasar Esports,Emre,5
Pacific - Stage 1,Pacific - Stage 1__match_0011,Round Robin [Bo5],Quasar Esports,The Gatos Guapos,Lúcio,5
Pacific - Stage 1,Pacific - Stage 1__match_0012,Round Robin [Bo5],MieMieYang,Rankers,Sojourn,5
Pacific - Stage 1,Pacific - Stage 1__match_0012,Round Robin [Bo5],MieMieYang,Rankers,D.Va,5
Pacific - Stage 1,Pacific - Stage 1__match_0012,Round Robin [Bo5],MieMieYang,Rankers,Zarya,5
Pacific - Stage 1,Pacific - Stage 1__match_0014,Round Robin [Bo5],FURY,MieMieYang,Sojourn,5
Pre-Season Bootcamp,Pre-Season Bootcamp__match_0001,Round 1 [Bo5],Disguised,Team Peps,Widowmaker,4
Pre-Season Bootcamp,Pre-Season Bootcamp__match_0002,Round 1 [Bo5],VARREL,Team Falcons,Domina,4
Pre-Season Bootcamp,Pre-Season Bootcamp__match_0002,Round 1 [Bo5],VARREL,Team Falcons,Jetpack Cat,4
Pre-Season Bootcamp,Pre-Season Bootcamp__match_0003,Round 1 [Bo5],Dallas Fuel,T1,Vendetta,4
Pre-Season Bootcamp,Pre-Season Bootcamp__match_0004,Round 1 [Bo5],Virtus.pro,All Gamers,Cassidy,4
Pre-Season Bootcamp,Pre-Season Bootcamp__match_0004,Round 1 [Bo5],Virtus.pro,All Gamers,Tracer,4
Pre-Season Bootcamp,Pre-Season Bootcamp__match_0006,Quarterfinals [Bo5],Weibo Gaming,Team Falcons,D.Va,4
Pre-Season Bootcamp,Pre-Season Bootcamp__match_0006,Quarterfinals [Bo5],Weibo Gaming,Team Falcons,Jetpack Cat,4
Pre-Season Bootcamp,Pre-Season Bootcamp__match_0007,Quarterfinals [Bo5],Twisted Minds,T1,Sojourn,4
Pre-Season Bootcamp,Pre-Season Bootcamp__match_0008,Quarterfinals [Bo5],Team Liquid,Virtus.pro,D.Va,4
Pre-Season Bootcamp,Pre-Season Bootcamp__match_0008,Quarterfinals [Bo5],Team Liquid,Virtus.pro,Lúcio,4
Pre-Season Bootcamp,Pre-Season Bootcamp__match_0009,Semifinals [Bo5],Crazy Raccoon,Team Falcons,Cassidy,4
Pre-Season Bootcamp,Pre-Season Bootcamp__match_0010,Semifinals [Bo5],Twisted Minds,Team Liquid,Jetpack Cat,4
Pre-Season Bootcamp,Pre-Season Bootcamp__match_0011,Grand Finals [Bo7],Crazy Raccoon,Twisted Minds,Domina,4
Japan - Stage 1,Japan - Stage 1__match_0002,Round Robin [Bo5],ENTER FORCE.36,Nyam Gaming,Lúcio,4
Japan - Stage 1,Japan - Stage 1__match_0003,Round Robin [Bo5],TOKYO TAIYOs,VARREL,Emre,4
Japan - Stage 1,Japan - Stage 1__match_0003,Round Robin [Bo5],TOKYO TAIYOs,VARREL,Symmetra,4
Japan - Stage 1,Japan - Stage 1__match_0003,Round Robin [Bo5],TOKYO TAIYOs,VARREL,Jetpack Cat,4
Japan - Stage 1,Japan - Stage 1__match_0004,Round Robin [Bo5],Lazuli,99DIVINE,Cassidy,4
Japan - Stage 1,Japan - Stage 1__match_0007,Round Robin [Bo5],Please Not Hero Ban,Lazuli,Cassidy,4
Japan - Stage 1,Japan - Stage 1__match_0007,Round Robin [Bo5],Please Not Hero Ban,Lazuli,Orisa,4
Japan - Stage 1,Japan - Stage 1__match_0007,Round Robin [Bo5],Please Not Hero Ban,Lazuli,Kiriko,4
Japan - Stage 1,Japan - Stage 1__match_0008,Round Robin [Bo5],TOKYO TAIYOs,99DIVINE,Emre,4
Japan - Stage 1,Japan - Stage 1__match_0008,Round Robin [Bo5],TOKYO TAIYOs,99DIVINE,Juno,4
Japan - Stage 1,Japan - Stage 1__match_0009,Round Robin [Bo5],VARREL,ENTER FORCE.36,Sojourn,4
Japan - Stage 1,Japan - Stage 1__match_0009,Round Robin [Bo5],VARREL,ENTER FORCE.36,Wuyang,4
Japan - Stage 1,Japan - Stage 1__match_0010,Round Robin [Bo5],Telomere,Lazuli,Sojourn,4
Japan - Stage 1,Japan - Stage 1__match_0010,Round Robin [Bo5],Telomere,Lazuli,Juno,4
Japan - Stage 1,Japan - Stage 1__match_0013,Round Robin [Bo5],99DIVINE,Please Not Hero Ban,Symmetra,4
Japan - Stage 1,Japan - Stage 1__match_0013,Round Robin [Bo5],99DIVINE,Please Not Hero Ban,Emre,4
Japan - Stage 1,Japan - Stage 1__match_0013,Round Robin [Bo5],99DIVINE,Please Not Hero Ban,Tracer,4
Japan - Stage 1,Japan - Stage 1__match_0013,Round Robin [Bo5],99DIVINE,Please Not Hero Ban,D.Va,4
Japan - Stage 1,Japan - Stage 1__match_0013,Round Robin [Bo5],99DIVINE,Please Not Hero Ban,Orisa,4
Japan - Stage 1,Japan - Stage 1__match_0013,Round Robin [Bo5],99DIVINE,Please Not Hero Ban,Cassidy,4
Japan - Stage 1,Japan - Stage 1__match_0014,Round Robin [Bo5],Telomere,ENTER FORCE.36,Vendetta,4
Japan - Stage 1,Japan - Stage 1__match_0014,Round Robin [Bo5],Telomere,ENTER FORCE.36,Symmetra,4
Japan - Stage 1,Japan - Stage 1__match_0014,Round Robin [Bo5],Telomere,ENTER FORCE.36,Sojourn,4
Japan - Stage 1,Japan - Stage 1__match_0015,Round Robin [Bo5],VARREL,Nyam Gaming,Vendetta,4
Japan - Stage 1,Japan - Stage 1__match_0015,Round Robin [Bo5],VARREL,Nyam Gaming,Wuyang,4
Japan - Stage 1,Japan - Stage 1__match_0015,Round Robin [Bo5],VARREL,Nyam Gaming,Lúcio,4
Japan - Stage 1,Japan - Stage 1__match_0016,Round Robin [Bo5],VARREL,Lazuli,Juno,4
Japan - Stage 1,Japan - Stage 1__match_0017,Round Robin [Bo5],Telomere,Nyam Gaming,Symmetra,4
Japan - Stage 1,Japan - Stage 1__match_0017,Round Robin [Bo5],Telomere,Nyam Gaming,Juno,4
Japan - Stage 1,Japan - Stage 1__match_0018,Round Robin [Bo5],ENTER FORCE.36,TOKYO TAIYOs,Vendetta,4
Japan - Stage 1,Japan - Stage 1__match_0018,Round Robin [Bo5],ENTER FORCE.36,TOKYO TAIYOs,Bastion,4
Japan - Stage 1,Japan - Stage 1__match_0018,Round Robin [Bo5],ENTER FORCE.36,TOKYO TAIYOs,Cassidy,4
Japan - Stage 1,Japan - Stage 1__match_0019,Round Robin [Bo5],99DIVINE,Nyam Gaming,Vendetta,4
Japan - Stage 1,Japan - Stage 1__match_0019,Round Robin [Bo5],99DIVINE,Nyam Gaming,Hazard,4
Japan - Stage 1,Japan - Stage 1__match_0019,Round Robin [Bo5],99DIVINE,Nyam Gaming,Brigitte,4
Japan - Stage 1,Japan - Stage 1__match_0019,Round Robin [Bo5],99DIVINE,Nyam Gaming,Ana,4
Japan - Stage 1,Japan - Stage 1__match_0020,Round Robin [Bo5],VARREL,Telomere,D.Va,4
Japan - Stage 1,Japan - Stage 1__match_0020,Round Robin [Bo5],VARREL,Telomere,Hazard,4
Japan - Stage 1,Japan - Stage 1__match_0021,Round Robin [Bo5],Lazuli,ENTER FORCE.36,Tracer,4
Japan - Stage 1,Japan - Stage 1__match_0021,Round Robin [Bo5],Lazuli,ENTER FORCE.36,Juno,4
Japan - Stage 1,Japan - Stage 1__match_0022,Round Robin [Bo5],Please Not Hero Ban,Nyam Gaming,Emre,4
Japan - Stage 1,Japan - Stage 1__match_0023,Round Robin [Bo5],Lazuli,TOKYO TAIYOs,Tracer,4
Japan - Stage 1,Japan - Stage 1__match_0023,Round Robin [Bo5],Lazuli,TOKYO TAIYOs,Ramattra,4
Japan - Stage 1,Japan - Stage 1__match_0023,Round Robin [Bo5],Lazuli,TOKYO TAIYOs,Kiriko,4
Japan - Stage 1,Japan - Stage 1__match_0023,Round Robin [Bo5],Lazuli,TOKYO TAIYOs,Juno,4
Japan - Stage 1,Japan - Stage 1__match_0024,Round Robin [Bo5],99DIVINE,Telomere,Ana,4
Japan - Stage 1,Japan - Stage 1__match_0024,Round Robin [Bo5],99DIVINE,Telomere,Kiriko,4
Japan - Stage 1,Japan - Stage 1__match_0026,Round Robin [Bo5],Lazuli,Nyam Gaming,Lúcio,4
Japan - Stage 1,Japan - Stage 1__match_0027,Round Robin [Bo5],VARREL,99DIVINE,Tracer,4
Japan - Stage 1,Japan - Stage 1__match_0028,Round Robin [Bo5],TOKYO TAIYOs,Telomere,Tracer,4
Japan - Stage 1,Japan - Stage 1__match_0029,Semifinals [Bo7],ENTER FORCE.36,Please Not Hero Ban,Vendetta,4
Japan - Stage 1,Japan - Stage 1__match_0030,Semifinals [Bo7],VARREL,99DIVINE,Symmetra,4
Japan - Stage 1,Japan - Stage 1__match_0030,Semifinals [Bo7],VARREL,99DIVINE,D.Va,4
Japan - Stage 1,Japan - Stage 1__match_0030,Semifinals [Bo7],VARREL,99DIVINE,Jetpack Cat,4
Japan - Stage 1,Japan - Stage 1__match_0031,Third Place Match [Bo7],Please Not Hero Ban,99DIVINE,Emre,4
Japan - Stage 1,Japan - Stage 1__match_0031,Third Place Match [Bo7],Please Not Hero Ban,99DIVINE,Tracer,4
Japan - Stage 1,Japan - Stage 1__match_0031,Third Place Match [Bo7],Please Not Hero Ban,99DIVINE,Hazard,4
Japan - Stage 1,Japan - Stage 1__match_0032,Grand Finals [Bo7],VARREL,ENTER FORCE.36,Vendetta,4
Japan - Stage 1,Japan - Stage 1__match_0032,Grand Finals [Bo7],VARREL,ENTER FORCE.36,Jetpack Cat,4
Japan - Stage 1,Japan - Stage 1__match_0032,Grand Finals [Bo7],VARREL,ENTER FORCE.36,Kiriko,4
Korea - Stage 1,Korea - Stage 1__match_0001,Round Robin [Bo5],Cheeseburger,Poker Face,Sojourn,4
Korea - Stage 1,Korea - Stage 1__match_0001,Round Robin [Bo5],Cheeseburger,Poker Face,D.Va,4
Korea - Stage 1,Korea - Stage 1__match_0002,Round Robin [Bo5],Crazy Raccoon,ZETA DIVISION,Vendetta,4
Korea - Stage 1,Korea - Stage 1__match_0002,Round Robin [Bo5],Crazy Raccoon,ZETA DIVISION,Cassidy,4
Korea - Stage 1,Korea - Stage 1__match_0004,Round Robin [Bo5],New Era,T1,Vendetta,4
Korea - Stage 1,Korea - Stage 1__match_0004,Round Robin [Bo5],New Era,T1,Tracer,4
Korea - Stage 1,Korea - Stage 1__match_0004,Round Robin [Bo5],New Era,T1,Lúcio,4
Korea - Stage 1,Korea - Stage 1__match_0004,Round Robin [Bo5],New Era,T1,Kiriko,4
Korea - Stage 1,Korea - Stage 1__match_0005,Round Robin [Bo5],Cheeseburger,Team Falcons,D.Va,4
Korea - Stage 1,Korea - Stage 1__match_0006,Round Robin [Bo5],ZAN Esports,Crazy Raccoon,Symmetra,4
Korea - Stage 1,Korea - Stage 1__match_0006,Round Robin [Bo5],ZAN Esports,Crazy Raccoon,D.Va,4
Korea - Stage 1,Korea - Stage 1__match_0007,Round Robin [Bo5],Poker Face,New Era,Emre,4
Korea - Stage 1,Korea - Stage 1__match_0007,Round Robin [Bo5],Poker Face,New Era,Symmetra,4
Korea - Stage 1,Korea - Stage 1__match_0007,Round Robin [Bo5],Poker Face,New Era,Vendetta,4
Korea - Stage 1,Korea - Stage 1__match_0007,Round Robin [Bo5],Poker Face,New Era,Kiriko,4
Korea - Stage 1,Korea - Stage 1__match_0007,Round Robin [Bo5],Poker Face,New Era,Ana,4
Korea - Stage 1,Korea - Stage 1__match_0007,Round Robin [Bo5],Poker Face,New Era,Wuyang,4
Korea - Stage 1,Korea - Stage 1__match_0009,Round Robin [Bo5],ZETA DIVISION,Team Falcons,Tracer,4
Korea - Stage 1,Korea - Stage 1__match_0009,Round Robin [Bo5],ZETA DIVISION,Team Falcons,Mei,4
Korea - Stage 1,Korea - Stage 1__match_0009,Round Robin [Bo5],ZETA DIVISION,Team Falcons,Juno,4
Korea - Stage 1,Korea - Stage 1__match_0009,Round Robin [Bo5],ZETA DIVISION,Team Falcons,Baptiste,4
Korea - Stage 1,Korea - Stage 1__match_0010,Round Robin [Bo5],Cheeseburger,ZAN Esports,Symmetra,4
Korea - Stage 1,Korea - Stage 1__match_0010,Round Robin [Bo5],Cheeseburger,ZAN Esports,Juno,4
Korea - Stage 1,Korea - Stage 1__match_0011,Round Robin [Bo5],Poker Face,ZETA DIVISION,Cassidy,4
Korea - Stage 1,Korea - Stage 1__match_0011,Round Robin [Bo5],Poker Face,ZETA DIVISION,Kiriko,4
Korea - Stage 1,Korea - Stage 1__match_0011,Round Robin [Bo5],Poker Face,ZETA DIVISION,Jetpack Cat,4
Korea - Stage 1,Korea - Stage 1__match_0012,Round Robin [Bo5],Crazy Raccoon,RØDE ONSIDE GAMING,Symmetra,4
Korea - Stage 1,Korea - Stage 1__match_0012,Round Robin [Bo5],Crazy Raccoon,RØDE ONSIDE GAMING,Sojourn,4
Korea - Stage 1,Korea - Stage 1__match_0012,Round Robin [Bo5],Crazy Raccoon,RØDE ONSIDE GAMING,Zarya,4
Korea - Stage 1,Korea - Stage 1__match_0013,Round Robin [Bo5],New Era,Team Falcons,D.Va,4
Korea - Stage 1,Korea - Stage 1__match_0013,Round Robin [Bo5],New Era,Team Falcons,Brigitte,4
Korea - Stage 1,Korea - Stage 1__match_0014,Round Robin [Bo5],T1,Poker Face,Vendetta,4
Korea - Stage 1,Korea - Stage 1__match_0014,Round Robin [Bo5],T1,Poker Face,Zarya,4
Korea - Stage 1,Korea - Stage 1__match_0015,Round Robin [Bo5],Crazy Raccoon,Cheeseburger,Zarya,4
Korea - Stage 1,Korea - Stage 1__match_0015,Round Robin [Bo5],Crazy Raccoon,Cheeseburger,Lúcio,4
Korea - Stage 1,Korea - Stage 1__match_0015,Round Robin [Bo5],Crazy Raccoon,Cheeseburger,Kiriko,4
Korea - Stage 1,Korea - Stage 1__match_0016,Round Robin [Bo5],RØDE ONSIDE GAMING,New Era,Genji,4
Korea - Stage 1,Korea - Stage 1__match_0016,Round Robin [Bo5],RØDE ONSIDE GAMING,New Era,D.Va,4
Korea - Stage 1,Korea - Stage 1__match_0016,Round Robin [Bo5],RØDE ONSIDE GAMING,New Era,Ana,4
Korea - Stage 1,Korea - Stage 1__match_0017,Round Robin [Bo5],ZAN Esports,ZETA DIVISION,Symmetra,4
Korea - Stage 1,Korea - Stage 1__match_0017,Round Robin [Bo5],ZAN Esports,ZETA DIVISION,Vendetta,4
Korea - Stage 1,Korea - Stage 1__match_0017,Round Robin [Bo5],ZAN Esports,ZETA DIVISION,Zarya,4
Korea - Stage 1,Korea - Stage 1__match_0017,Round Robin [Bo5],ZAN Esports,ZETA DIVISION,Lúcio,4
Korea - Stage 1,Korea - Stage 1__match_0019,Round Robin [Bo5],RØDE ONSIDE GAMING,Cheeseburger,Tracer,4
Korea - Stage 1,Korea - Stage 1__match_0019,Round Robin [Bo5],RØDE ONSIDE GAMING,Cheeseburger,Sojourn,4
Korea - Stage 1,Korea - Stage 1__match_0019,Round Robin [Bo5],RØDE ONSIDE GAMING,Cheeseburger,Emre,4
Korea - Stage 1,Korea - Stage 1__match_0019,Round Robin [Bo5],RØDE ONSIDE GAMING,Cheeseburger,Hazard,4
Korea - Stage 1,Korea - Stage 1__match_0019,Round Robin [Bo5],RØDE ONSIDE GAMING,Cheeseburger,Lúcio,4
Korea - Stage 1,Korea - Stage 1__match_0019,Round Robin [Bo5],RØDE ONSIDE GAMING,Cheeseburger,Kiriko,4
Korea - Stage 1,Korea - Stage 1__match_0020,Round Robin [Bo5],Team Falcons,Poker Face,Sojourn,4
Korea - Stage 1,Korea - Stage 1__match_0020,Round Robin [Bo5],Team Falcons,Poker Face,Emre,4
Korea - Stage 1,Korea - Stage 1__match_0020,Round Robin [Bo5],Team Falcons,Poker Face,Tracer,4
Korea - Stage 1,Korea - Stage 1__match_0020,Round Robin [Bo5],Team Falcons,Poker Face,Zarya,4
Korea - Stage 1,Korea - Stage 1__match_0021,Round Robin [Bo5],T1,Crazy Raccoon,D.Va,4
Korea - Stage 1,Korea - Stage 1__match_0021,Round Robin [Bo5],T1,Crazy Raccoon,Hazard,4
Korea - Stage 1,Korea - Stage 1__match_0021,Round Robin [Bo5],T1,Crazy Raccoon,Mauga,4
Korea - Stage 1,Korea - Stage 1__match_0022,Round Robin [Bo5],New Era,ZAN Esports,Kiriko,4
Korea - Stage 1,Korea - Stage 1__match_0023,Round Robin [Bo5],ZETA DIVISION,RØDE ONSIDE GAMING,D.Va,4
Korea - Stage 1,Korea - Stage 1__match_0024,Round Robin [Bo5],Cheeseburger,T1,Zarya,4
Korea - Stage 1,Korea - Stage 1__match_0024,Round Robin [Bo5],Cheeseburger,T1,Kiriko,4
Korea - Stage 1,Korea - Stage 1__match_0024,Round Robin [Bo5],Cheeseburger,T1,Lúcio,4
Korea - Stage 1,Korea - Stage 1__match_0025,Round Robin [Bo5],Team Falcons,ZAN Esports,Vendetta,4
Korea - Stage 1,Korea - Stage 1__match_0025,Round Robin [Bo5],Team Falcons,ZAN Esports,Zarya,4
Korea - Stage 1,Korea - Stage 1__match_0025,Round Robin [Bo5],Team Falcons,ZAN Esports,Lúcio,4
Korea - Stage 1,Korea - Stage 1__match_0026,Round Robin [Bo5],Poker Face,Crazy Raccoon,Emre,4
Korea - Stage 1,Korea - Stage 1__match_0026,Round Robin [Bo5],Poker Face,Crazy Raccoon,Symmetra,4
Korea - Stage 1,Korea - Stage 1__match_0026,Round Robin [Bo5],Poker Face,Crazy Raccoon,Vendetta,4
Korea - Stage 1,Korea - Stage 1__match_0027,Round Robin [Bo5],ZETA DIVISION,New Era,Genji,4
Korea - Stage 1,Korea - Stage 1__match_0027,Round Robin [Bo5],ZETA DIVISION,New Era,Zarya,4
Korea - Stage 1,Korea - Stage 1__match_0028,Round Robin [Bo5],Poker Face,RØDE ONSIDE GAMING,Symmetra,4
Korea - Stage 1,Korea - Stage 1__match_0028,Round Robin [Bo5],Poker Face,RØDE ONSIDE GAMING,Hazard,4
Korea - Stage 1,Korea - Stage 1__match_0028,Round Robin [Bo5],Poker Face,RØDE ONSIDE GAMING,Kiriko,4
Korea - Stage 1,Korea - Stage 1__match_0028,Round Robin [Bo5],Poker Face,RØDE ONSIDE GAMING,Lúcio,4
Korea - Stage 1,Korea - Stage 1__match_0029,Round Robin [Bo5],T1,ZETA DIVISION,Sombra,4
Korea - Stage 1,Korea - Stage 1__match_0029,Round Robin [Bo5],T1,ZETA DIVISION,Winston,4
Korea - Stage 1,Korea - Stage 1__match_0030,Round Robin [Bo5],Crazy Raccoon,New Era,Ana,4
Korea - Stage 1,Korea - Stage 1__match_0031,Round Robin [Bo5],T1,ZAN Esports,Symmetra,4
Korea - Stage 1,Korea - Stage 1__match_0032,Round Robin [Bo5],ZETA DIVISION,Cheeseburger,Symmetra,4
Korea - Stage 1,Korea - Stage 1__match_0033,Round Robin [Bo5],Team Falcons,Crazy Raccoon,Emre,4
Korea - Stage 1,Korea - Stage 1__match_0033,Round Robin [Bo5],Team Falcons,Crazy Raccoon,Symmetra,4
Korea - Stage 1,Korea - Stage 1__match_0033,Round Robin [Bo5],Team Falcons,Crazy Raccoon,Pharah,4
Korea - Stage 1,Korea - Stage 1__match_0033,Round Robin [Bo5],Team Falcons,Crazy Raccoon,Kiriko,4
Korea - Stage 1,Korea - Stage 1__match_0033,Round Robin [Bo5],Team Falcons,Crazy Raccoon,Juno,4
Korea - Stage 1,Korea - Stage 1__match_0033,Round Robin [Bo5],Team Falcons,Crazy Raccoon,Lúcio,4
Korea - Stage 1,Korea - Stage 1__match_0034,Round Robin [Bo5],ZAN Esports,Poker Face,Symmetra,4
Korea - Stage 1,Korea - Stage 1__match_0034,Round Robin [Bo5],ZAN Esports,Poker Face,Tracer,4
Korea - Stage 1,Korea - Stage 1__match_0034,Round Robin [Bo5],ZAN Esports,Poker Face,Kiriko,4
Korea - Stage 1,Korea - Stage 1__match_0035,Round Robin [Bo5],RØDE ONSIDE GAMING,Team Falcons,Tracer,4
Korea - Stage 1,Korea - Stage 1__match_0035,Round Robin [Bo5],RØDE ONSIDE GAMING,Team Falcons,Juno,4
Korea - Stage 1,Korea - Stage 1__match_0036,Round Robin [Bo5],New Era,Cheeseburger,Symmetra,4
Korea - Stage 1,Korea - Stage 1__match_0037,Last Chance Qualifier [Bo5],T1,ZAN Esports,Bastion,4
Korea - Stage 1,Korea - Stage 1__match_0037,Last Chance Qualifier [Bo5],T1,ZAN Esports,Wrecking Ball,4
Korea - Stage 1,Korea - Stage 1__match_0037,Last Chance Qualifier [Bo5],T1,ZAN Esports,Jetpack Cat,4
Korea - Stage 1,Korea - Stage 1__match_0037,Last Chance Qualifier [Bo5],T1,ZAN Esports,Ana,4
Korea - Stage 1,Korea - Stage 1__match_0038,Seeding Decider [Bo5],ZETA DIVISION,RØDE ONSIDE GAMING,Emre,4
Korea - Stage 1,Korea - Stage 1__match_0038,Seeding Decider [Bo5],ZETA DIVISION,RØDE ONSIDE GAMING,Jetpack Cat,4
Korea - Stage 1,Korea - Stage 1__match_0039,Seeding Decider [Bo5],Crazy Raccoon,Team Falcons,Tracer,4
Korea - Stage 1,Korea - Stage 1__match_0039,Seeding Decider [Bo5],Crazy Raccoon,Team Falcons,Symmetra,4
Korea - Stage 1,Korea - Stage 1__match_0039,Seeding Decider [Bo5],Crazy Raccoon,Team Falcons,Bastion,4
Korea - Stage 1,Korea - Stage 1__match_0039,Seeding Decider [Bo5],Crazy Raccoon,Team Falcons,Jetpack Cat,4
Korea - Stage 1,Korea - Stage 1__match_0040,Last Chance Qualifier [Bo5],Poker Face,Cheeseburger,Kiriko,4
Korea - Stage 1,Korea - Stage 1__match_0041,Seeding Decider [Bo5],ZETA DIVISION,Team Falcons,Bastion,4
Korea - Stage 1,Korea - Stage 1__match_0041,Seeding Decider [Bo5],ZETA DIVISION,Team Falcons,Pharah,4
Korea - Stage 1,Korea - Stage 1__match_0041,Seeding Decider [Bo5],ZETA DIVISION,Team Falcons,Tracer,4
Korea - Stage 1,Korea - Stage 1__match_0041,Seeding Decider [Bo5],ZETA DIVISION,Team Falcons,Ana,4
Korea - Stage 1,Korea - Stage 1__match_0041,Seeding Decider [Bo5],ZETA DIVISION,Team Falcons,Kiriko,4
Korea - Stage 1,Korea - Stage 1__match_0042,Seeding Decider [Bo5],Crazy Raccoon,RØDE ONSIDE GAMING,Symmetra,4
Korea - Stage 1,Korea - Stage 1__match_0042,Seeding Decider [Bo5],Crazy Raccoon,RØDE ONSIDE GAMING,Emre,4
Korea - Stage 1,Korea - Stage 1__match_0042,Seeding Decider [Bo5],Crazy Raccoon,RØDE ONSIDE GAMING,Zarya,4
Korea - Stage 1,Korea - Stage 1__match_0042,Seeding Decider [Bo5],Crazy Raccoon,RØDE ONSIDE GAMING,Lúcio,4
Korea - Stage 1,Korea - Stage 1__match_0043,Last Chance Qualifier [Bo5],ZAN Esports,Cheeseburger,Bastion,4
Korea - Stage 1,Korea - Stage 1__match_0043,Last Chance Qualifier [Bo5],ZAN Esports,Cheeseburger,D.Va,4
Korea - Stage 1,Korea - Stage 1__match_0044,Seeding Decider [Bo5],ZETA DIVISION,Crazy Raccoon,Bastion,4
Korea - Stage 1,Korea - Stage 1__match_0044,Seeding Decider [Bo5],ZETA DIVISION,Crazy Raccoon,Wrecking Ball,4
Korea - Stage 1,Korea - Stage 1__match_0044,Seeding Decider [Bo5],ZETA DIVISION,Crazy Raccoon,Ana,4
Korea - Stage 1,Korea - Stage 1__match_0045,Seeding Decider [Bo5],Team Falcons,RØDE ONSIDE GAMING,Symmetra,4
Korea - Stage 1,Korea - Stage 1__match_0045,Seeding Decider [Bo5],Team Falcons,RØDE ONSIDE GAMING,Tracer,4
Korea - Stage 1,Korea - Stage 1__match_0045,Seeding Decider [Bo5],Team Falcons,RØDE ONSIDE GAMING,Juno,4
Korea - Stage 1,Korea - Stage 1__match_0045,Seeding Decider [Bo5],Team Falcons,RØDE ONSIDE GAMING,Lúcio,4
China - Stage 1,China - Stage 1__match_0001,Swiss Stage (Round 1) [Bo5],Milk Tea,Homie E,Symmetra,4
China - Stage 1,China - Stage 1__match_0001,Swiss Stage (Round 1) [Bo5],Milk Tea,Homie E,Wuyang,4
China - Stage 1,China - Stage 1__match_0003,Swiss Stage (Round 1) [Bo5],Weibo Gaming,Naive Piggy,Symmetra,4
China - Stage 1,China - Stage 1__match_0004,Swiss Stage (Round 1) [Bo5],JD Gaming,SV,Widowmaker,4
China - Stage 1,China - Stage 1__match_0004,Swiss Stage (Round 1) [Bo5],JD Gaming,SV,Wuyang,4
China - Stage 1,China - Stage 1__match_0005,Swiss Stage (Round 2) [Bo5],Milk Tea,Naive Piggy,D.Va,4
China - Stage 1,China - Stage 1__match_0006,Swiss Stage (Round 2) [Bo5],DEG,SV,Vendetta,4
China - Stage 1,China - Stage 1__match_0006,Swiss Stage (Round 2) [Bo5],DEG,SV,Emre,4
China - Stage 1,China - Stage 1__match_0007,Swiss Stage (Round 2) [Bo5],JD Gaming,All Gamers,Tracer,4
China - Stage 1,China - Stage 1__match_0007,Swiss Stage (Round 2) [Bo5],JD Gaming,All Gamers,Symmetra,4
China - Stage 1,China - Stage 1__match_0007,Swiss Stage (Round 2) [Bo5],JD Gaming,All Gamers,D.Va,4
China - Stage 1,China - Stage 1__match_0008,Swiss Stage (Round 2) [Bo5],Weibo Gaming,Homie E,Zarya,4
China - Stage 1,China - Stage 1__match_0009,Swiss Stage (Round 3) [Bo5],All Gamers,Naive Piggy,D.Va,4
China - Stage 1,China - Stage 1__match_0009,Swiss Stage (Round 3) [Bo5],All Gamers,Naive Piggy,Kiriko,4
China - Stage 1,China - Stage 1__match_0010,Swiss Stage (Round 3) [Bo5],Homie E,SV,Sojourn,4
China - Stage 1,China - Stage 1__match_0010,Swiss Stage (Round 3) [Bo5],Homie E,SV,Kiriko,4
China - Stage 1,China - Stage 1__match_0011,Seeding Decider [Bo5],Weibo Gaming,JD Gaming,D.Va,4
China - Stage 1,China - Stage 1__match_0012,Swiss Stage (Round 4) [Bo5],Homie E,Milk Tea,Emre,4
China - Stage 1,China - Stage 1__match_0013,Swiss Stage (Round 4) [Bo5],Naive Piggy,DEG,Emre,4
China - Stage 1,China - Stage 1__match_0014,Seeding Decider [Bo5],All Gamers,SV,Emre,4
China - Stage 1,China - Stage 1__match_0014,Seeding Decider [Bo5],All Gamers,SV,Symmetra,4
China - Stage 1,China - Stage 1__match_0014,Seeding Decider [Bo5],All Gamers,SV,Vendetta,4
China - Stage 1,China - Stage 1__match_0014,Seeding Decider [Bo5],All Gamers,SV,D.Va,4
China - Stage 1,China - Stage 1__match_0015,Seeding Decider [Bo5],Milk Tea,Naive Piggy,Emre,4
China - Stage 1,China - Stage 1__match_0015,Seeding Decider [Bo5],Milk Tea,Naive Piggy,Zarya,4
China - Stage 1,China - Stage 1__match_0015,Seeding Decider [Bo5],Milk Tea,Naive Piggy,Orisa,4
China - Stage 1,China - Stage 1__match_0016,Round Robin [Bo5],Naive Piggy,Milk Tea,Baptiste,4
China - Stage 1,China - Stage 1__match_0016,Round Robin [Bo5],Naive Piggy,Milk Tea,Ana,4
China - Stage 1,China - Stage 1__match_0016,Round Robin [Bo5],Naive Piggy,Milk Tea,Ramattra,4
China - Stage 1,China - Stage 1__match_0016,Round Robin [Bo5],Naive Piggy,Milk Tea,Sigma,4
China - Stage 1,China - Stage 1__match_0017,Round Robin [Bo5],JD Gaming,All Gamers,Widowmaker,4
China - Stage 1,China - Stage 1__match_0017,Round Robin [Bo5],JD Gaming,All Gamers,Juno,4
China - Stage 1,China - Stage 1__match_0018,Round Robin [Bo5],Weibo Gaming,SV,Lúcio,4
China - Stage 1,China - Stage 1__match_0019,Round Robin [Bo5],All Gamers,Milk Tea,Cassidy,4
China - Stage 1,China - Stage 1__match_0020,Round Robin [Bo5],Weibo Gaming,Naive Piggy,Symmetra,4
China - Stage 1,China - Stage 1__match_0020,Round Robin [Bo5],Weibo Gaming,Naive Piggy,Zarya,4
China - Stage 1,China - Stage 1__match_0020,Round Robin [Bo5],Weibo Gaming,Naive Piggy,Brigitte,4
China - Stage 1,China - Stage 1__match_0020,Round Robin [Bo5],Weibo Gaming,Naive Piggy,Tracer,4
China - Stage 1,China - Stage 1__match_0021,Round Robin [Bo5],SV,Naive Piggy,Kiriko,4
China - Stage 1,China - Stage 1__match_0021,Round Robin [Bo5],SV,Naive Piggy,Lúcio,4
China - Stage 1,China - Stage 1__match_0022,Round Robin [Bo5],Weibo Gaming,All Gamers,Symmetra,4
China - Stage 1,China - Stage 1__match_0022,Round Robin [Bo5],Weibo Gaming,All Gamers,Zarya,4
China - Stage 1,China - Stage 1__match_0023,Round Robin [Bo5],JD Gaming,Milk Tea,Mei,4
China - Stage 1,China - Stage 1__match_0023,Round Robin [Bo5],JD Gaming,Milk Tea,Ana,4
China - Stage 1,China - Stage 1__match_0023,Round Robin [Bo5],JD Gaming,Milk Tea,Juno,4
China - Stage 1,China - Stage 1__match_0025,Round Robin [Bo5],JD Gaming,Naive Piggy,Hazard,4
China - Stage 1,China - Stage 1__match_0025,Round Robin [Bo5],JD Gaming,Naive Piggy,Brigitte,4
China - Stage 1,China - Stage 1__match_0026,Round Robin [Bo5],All Gamers,Naive Piggy,Pharah,4
China - Stage 1,China - Stage 1__match_0026,Round Robin [Bo5],All Gamers,Naive Piggy,Reaper,4
China - Stage 1,China - Stage 1__match_0026,Round Robin [Bo5],All Gamers,Naive Piggy,D.Va,4
China - Stage 1,China - Stage 1__match_0027,Round Robin [Bo5],JD Gaming,SV,Emre,4
China - Stage 1,China - Stage 1__match_0027,Round Robin [Bo5],JD Gaming,SV,Sojourn,4
China - Stage 1,China - Stage 1__match_0027,Round Robin [Bo5],JD Gaming,SV,Tracer,4
China - Stage 1,China - Stage 1__match_0027,Round Robin [Bo5],JD Gaming,SV,Symmetra,4
China - Stage 1,China - Stage 1__match_0027,Round Robin [Bo5],JD Gaming,SV,Orisa,4
China - Stage 1,China - Stage 1__match_0027,Round Robin [Bo5],JD Gaming,SV,Lúcio,4
China - Stage 1,China - Stage 1__match_0028,Round Robin [Bo5],Weibo Gaming,Milk Tea,Tracer,4
China - Stage 1,China - Stage 1__match_0028,Round Robin [Bo5],Weibo Gaming,Milk Tea,Sierra,4
China - Stage 1,China - Stage 1__match_0028,Round Robin [Bo5],Weibo Gaming,Milk Tea,Ana,4
China - Stage 1,China - Stage 1__match_0028,Round Robin [Bo5],Weibo Gaming,Milk Tea,Kiriko,4
China - Stage 1,China - Stage 1__match_0029,Round Robin [Bo5],All Gamers,SV,Lúcio,4
China - Stage 1,China - Stage 1__match_0029,Round Robin [Bo5],All Gamers,SV,Kiriko,4
China - Stage 1,China - Stage 1__match_0030,Round Robin [Bo5],Weibo Gaming,JD Gaming,Winston,4
China - Stage 1,China - Stage 1__match_0030,Round Robin [Bo5],Weibo Gaming,JD Gaming,Ana,4
China - Stage 1,China - Stage 1__match_0031,Upper Semifinals [Bo5],Weibo Gaming,SV,Emre,4
China - Stage 1,China - Stage 1__match_0031,Upper Semifinals [Bo5],Weibo Gaming,SV,Bastion,4
China - Stage 1,China - Stage 1__match_0031,Upper Semifinals [Bo5],Weibo Gaming,SV,Widowmaker,4
China - Stage 1,China - Stage 1__match_0031,Upper Semifinals [Bo5],Weibo Gaming,SV,Kiriko,4
China - Stage 1,China - Stage 1__match_0031,Upper Semifinals [Bo5],Weibo Gaming,SV,Jetpack Cat,4
China - Stage 1,China - Stage 1__match_0032,Upper Semifinals [Bo5],All Gamers,JD Gaming,Symmetra,4
China - Stage 1,China - Stage 1__match_0032,Upper Semifinals [Bo5],All Gamers,JD Gaming,Bastion,4
China - Stage 1,China - Stage 1__match_0032,Upper Semifinals [Bo5],All Gamers,JD Gaming,D.Va,4
China - Stage 1,China - Stage 1__match_0032,Upper Semifinals [Bo5],All Gamers,JD Gaming,Kiriko,4
China - Stage 1,China - Stage 1__match_0032,Upper Semifinals [Bo5],All Gamers,JD Gaming,Jetpack Cat,4
China - Stage 1,China - Stage 1__match_0033,Upper Finals [Bo5],Weibo Gaming,All Gamers,Tracer,4
China - Stage 1,China - Stage 1__match_0034,Lower Semifinals [Bo5],JD Gaming,SV,Kiriko,4
China - Stage 1,China - Stage 1__match_0035,Lower Finals [Bo5],All Gamers,JD Gaming,D.Va,4
China - Stage 1,China - Stage 1__match_0036,Grand Finals [Bo5],Weibo Gaming,All Gamers,Zarya,4
China - Stage 1,China - Stage 1__match_0036,Grand Finals [Bo5],Weibo Gaming,All Gamers,Ana,4
EMEA - Stage 1,EMEA - Stage 1__match_0001,Round Robin [Bo5],Virtus.pro,Al Qadsiah,Widowmaker,4
EMEA - Stage 1,EMEA - Stage 1__match_0001,Round Robin [Bo5],Virtus.pro,Al Qadsiah,Zarya,4
EMEA - Stage 1,EMEA - Stage 1__match_0001,Round Robin [Bo5],Virtus.pro,Al Qadsiah,Juno,4
EMEA - Stage 1,EMEA - Stage 1__match_0002,Round Robin [Bo5],Twisted Minds,Team Peps,D.Va,4
EMEA - Stage 1,EMEA - Stage 1__match_0003,Round Robin [Bo5],Twisted Minds,Geekay Esports,Tracer,4
EMEA - Stage 1,EMEA - Stage 1__match_0003,Round Robin [Bo5],Twisted Minds,Geekay Esports,Symmetra,4
EMEA - Stage 1,EMEA - Stage 1__match_0003,Round Robin [Bo5],Twisted Minds,Geekay Esports,Lúcio,4
EMEA - Stage 1,EMEA - Stage 1__match_0003,Round Robin [Bo5],Twisted Minds,Geekay Esports,Juno,4
EMEA - Stage 1,EMEA - Stage 1__match_0005,Round Robin [Bo5],Al Qadsiah,Team Peps,Sojourn,4
EMEA - Stage 1,EMEA - Stage 1__match_0005,Round Robin [Bo5],Al Qadsiah,Team Peps,Zarya,4
EMEA - Stage 1,EMEA - Stage 1__match_0005,Round Robin [Bo5],Al Qadsiah,Team Peps,Brigitte,4
EMEA - Stage 1,EMEA - Stage 1__match_0005,Round Robin [Bo5],Al Qadsiah,Team Peps,Hazard,4
EMEA - Stage 1,EMEA - Stage 1__match_0006,Round Robin [Bo5],Al Qadsiah,Geekay Esports,Symmetra,4
EMEA - Stage 1,EMEA - Stage 1__match_0006,Round Robin [Bo5],Al Qadsiah,Geekay Esports,Pharah,4
EMEA - Stage 1,EMEA - Stage 1__match_0007,Round Robin [Bo5],Twisted Minds,Anyone's Legend,Emre,4
EMEA - Stage 1,EMEA - Stage 1__match_0007,Round Robin [Bo5],Twisted Minds,Anyone's Legend,Vendetta,4
EMEA - Stage 1,EMEA - Stage 1__match_0007,Round Robin [Bo5],Twisted Minds,Anyone's Legend,Juno,4
EMEA - Stage 1,EMEA - Stage 1__match_0008,Round Robin [Bo5],Virtus.pro,Team Peps,Mauga,4
EMEA - Stage 1,EMEA - Stage 1__match_0008,Round Robin [Bo5],Virtus.pro,Team Peps,Zarya,4
EMEA - Stage 1,EMEA - Stage 1__match_0008,Round Robin [Bo5],Virtus.pro,Team Peps,Kiriko,4
EMEA - Stage 1,EMEA - Stage 1__match_0008,Round Robin [Bo5],Virtus.pro,Team Peps,Brigitte,4
EMEA - Stage 1,EMEA - Stage 1__match_0009,Round Robin [Bo5],Team Peps,Geekay Esports,Emre,4
EMEA - Stage 1,EMEA - Stage 1__match_0009,Round Robin [Bo5],Team Peps,Geekay Esports,Kiriko,4
EMEA - Stage 1,EMEA - Stage 1__match_0009,Round Robin [Bo5],Team Peps,Geekay Esports,Lúcio,4
EMEA - Stage 1,EMEA - Stage 1__match_0010,Round Robin [Bo5],Al Qadsiah,Anyone's Legend,Zarya,4
EMEA - Stage 1,EMEA - Stage 1__match_0011,Round Robin [Bo5],Al Qadsiah,Twisted Minds,D.Va,4
EMEA - Stage 1,EMEA - Stage 1__match_0011,Round Robin [Bo5],Al Qadsiah,Twisted Minds,Lúcio,4
EMEA - Stage 1,EMEA - Stage 1__match_0012,Round Robin [Bo5],Anyone's Legend,Team Peps,Pharah,4
EMEA - Stage 1,EMEA - Stage 1__match_0013,Round Robin [Bo5],Virtus.pro,Geekay Esports,Juno,4
EMEA - Stage 1,EMEA - Stage 1__match_0013,Round Robin [Bo5],Virtus.pro,Geekay Esports,Lúcio,4
EMEA - Stage 1,EMEA - Stage 1__match_0013,Round Robin [Bo5],Virtus.pro,Geekay Esports,Brigitte,4
EMEA - Stage 1,EMEA - Stage 1__match_0014,Round Robin [Bo5],Virtus.pro,Twisted Minds,Zarya,4
EMEA - Stage 1,EMEA - Stage 1__match_0015,Round Robin [Bo5],Anyone's Legend,Geekay Esports,Wrecking Ball,4
EMEA - Stage 1,EMEA - Stage 1__match_0016,Upper Semifinals [Bo5],Twisted Minds,Al Qadsiah,Kiriko,4
EMEA - Stage 1,EMEA - Stage 1__match_0017,Upper Semifinals [Bo5],Virtus.pro,Geekay Esports,D.Va,4
EMEA - Stage 1,EMEA - Stage 1__match_0018,Lower Semifinals [Bo5],Al Qadsiah,Virtus.pro,Vendetta,4
EMEA - Stage 1,EMEA - Stage 1__match_0018,Lower Semifinals [Bo5],Al Qadsiah,Virtus.pro,Zarya,4
EMEA - Stage 1,EMEA - Stage 1__match_0018,Lower Semifinals [Bo5],Al Qadsiah,Virtus.pro,Lúcio,4
EMEA - Stage 1,EMEA - Stage 1__match_0018,Lower Semifinals [Bo5],Al Qadsiah,Virtus.pro,Kiriko,4
EMEA - Stage 1,EMEA - Stage 1__match_0020,Lower Finals [Bo5],Geekay Esports,Virtus.pro,Symmetra,4
EMEA - Stage 1,EMEA - Stage 1__match_0021,Grand Finals [Bo7],Twisted Minds,Virtus.pro,Pharah,4
EMEA - Stage 1,EMEA - Stage 1__match_0021,Grand Finals [Bo7],Twisted Minds,Virtus.pro,Widowmaker,4
EMEA - Stage 1,EMEA - Stage 1__match_0021,Grand Finals [Bo7],Twisted Minds,Virtus.pro,D.Va,4
North America - Stage 1,North America - Stage 1__match_0001,Round Robin [Bo5],Dallas Fuel,Disguised,Sojourn,4
North America - Stage 1,North America - Stage 1__match_0001,Round Robin [Bo5],Dallas Fuel,Disguised,Vendetta,4
North America - Stage 1,North America - Stage 1__match_0001,Round Robin [Bo5],Dallas Fuel,Disguised,Ramattra,4
North America - Stage 1,North America - Stage 1__match_0001,Round Robin [Bo5],Dallas Fuel,Disguised,Jetpack Cat,4
North America - Stage 1,North America - Stage 1__match_0002,Round Robin [Bo5],Spacestation Gaming,LuneX Gaming,Emre,4
North America - Stage 1,North America - Stage 1__match_0003,Round Robin [Bo5],Team Liquid,Extinction,Emre,4
North America - Stage 1,North America - Stage 1__match_0003,Round Robin [Bo5],Team Liquid,Extinction,Symmetra,4
North America - Stage 1,North America - Stage 1__match_0003,Round Robin [Bo5],Team Liquid,Extinction,Wrecking Ball,4
North America - Stage 1,North America - Stage 1__match_0003,Round Robin [Bo5],Team Liquid,Extinction,Wuyang,4
North America - Stage 1,North America - Stage 1__match_0003,Round Robin [Bo5],Team Liquid,Extinction,D.Va,4
North America - Stage 1,North America - Stage 1__match_0004,Round Robin [Bo5],Spacestation Gaming,Disguised,Cassidy,4
North America - Stage 1,North America - Stage 1__match_0005,Round Robin [Bo5],LuneX Gaming,Extinction,Vendetta,4
North America - Stage 1,North America - Stage 1__match_0005,Round Robin [Bo5],LuneX Gaming,Extinction,Juno,4
North America - Stage 1,North America - Stage 1__match_0006,Round Robin [Bo5],Team Liquid,Dallas Fuel,Symmetra,4
North America - Stage 1,North America - Stage 1__match_0006,Round Robin [Bo5],Team Liquid,Dallas Fuel,Vendetta,4
North America - Stage 1,North America - Stage 1__match_0006,Round Robin [Bo5],Team Liquid,Dallas Fuel,Brigitte,4
North America - Stage 1,North America - Stage 1__match_0006,Round Robin [Bo5],Team Liquid,Dallas Fuel,Juno,4
North America - Stage 1,North America - Stage 1__match_0006,Round Robin [Bo5],Team Liquid,Dallas Fuel,Kiriko,4
North America - Stage 1,North America - Stage 1__match_0007,Round Robin [Bo5],Disguised,Extinction,Symmetra,4
North America - Stage 1,North America - Stage 1__match_0007,Round Robin [Bo5],Disguised,Extinction,Emre,4
North America - Stage 1,North America - Stage 1__match_0007,Round Robin [Bo5],Disguised,Extinction,Brigitte,4
North America - Stage 1,North America - Stage 1__match_0008,Round Robin [Bo5],Dallas Fuel,LuneX Gaming,Symmetra,4
North America - Stage 1,North America - Stage 1__match_0008,Round Robin [Bo5],Dallas Fuel,LuneX Gaming,Wrecking Ball,4
North America - Stage 1,North America - Stage 1__match_0009,Round Robin [Bo5],Spacestation Gaming,Extinction,Emre,4
North America - Stage 1,North America - Stage 1__match_0009,Round Robin [Bo5],Spacestation Gaming,Extinction,Juno,4
North America - Stage 1,North America - Stage 1__match_0009,Round Robin [Bo5],Spacestation Gaming,Extinction,Lúcio,4
North America - Stage 1,North America - Stage 1__match_0010,Round Robin [Bo5],Disguised,Team Liquid,D.Va,4
North America - Stage 1,North America - Stage 1__match_0011,Round Robin [Bo5],Spacestation Gaming,Dallas Fuel,Emre,4
North America - Stage 1,North America - Stage 1__match_0011,Round Robin [Bo5],Spacestation Gaming,Dallas Fuel,D.Va,4
North America - Stage 1,North America - Stage 1__match_0011,Round Robin [Bo5],Spacestation Gaming,Dallas Fuel,Lúcio,4
North America - Stage 1,North America - Stage 1__match_0013,Round Robin [Bo5],Disguised,LuneX Gaming,Emre,4
North America - Stage 1,North America - Stage 1__match_0013,Round Robin [Bo5],Disguised,LuneX Gaming,Tracer,4
North America - Stage 1,North America - Stage 1__match_0013,Round Robin [Bo5],Disguised,LuneX Gaming,Vendetta,4
North America - Stage 1,North America - Stage 1__match_0013,Round Robin [Bo5],Disguised,LuneX Gaming,Zarya,4
North America - Stage 1,North America - Stage 1__match_0013,Round Robin [Bo5],Disguised,LuneX Gaming,Brigitte,4
North America - Stage 1,North America - Stage 1__match_0013,Round Robin [Bo5],Disguised,LuneX Gaming,Juno,4
North America - Stage 1,North America - Stage 1__match_0014,Round Robin [Bo5],Dallas Fuel,Extinction,Tracer,4
North America - Stage 1,North America - Stage 1__match_0014,Round Robin [Bo5],Dallas Fuel,Extinction,Widowmaker,4
North America - Stage 1,North America - Stage 1__match_0014,Round Robin [Bo5],Dallas Fuel,Extinction,Cassidy,4
North America - Stage 1,North America - Stage 1__match_0015,Round Robin [Bo5],Spacestation Gaming,Team Liquid,Mauga,4
North America - Stage 1,North America - Stage 1__match_0015,Round Robin [Bo5],Spacestation Gaming,Team Liquid,D.Va,4
North America - Stage 1,North America - Stage 1__match_0016,Upper Semifinals [Bo5],Dallas Fuel,LuneX Gaming,Tracer,4
North America - Stage 1,North America - Stage 1__match_0016,Upper Semifinals [Bo5],Dallas Fuel,LuneX Gaming,Symmetra,4
North America - Stage 1,North America - Stage 1__match_0016,Upper Semifinals [Bo5],Dallas Fuel,LuneX Gaming,Lúcio,4
North America - Stage 1,North America - Stage 1__match_0017,Upper Semifinals [Bo5],Spacestation Gaming,Team Liquid,Sojourn,4
North America - Stage 1,North America - Stage 1__match_0018,Lower Semifinals [Bo5],LuneX Gaming,Team Liquid,Emre,4
North America - Stage 1,North America - Stage 1__match_0018,Lower Semifinals [Bo5],LuneX Gaming,Team Liquid,Symmetra,4
North America - Stage 1,North America - Stage 1__match_0018,Lower Semifinals [Bo5],LuneX Gaming,Team Liquid,Kiriko,4
North America - Stage 1,North America - Stage 1__match_0019,Upper Finals [Bo5],Dallas Fuel,Spacestation Gaming,Symmetra,4
North America - Stage 1,North America - Stage 1__match_0019,Upper Finals [Bo5],Dallas Fuel,Spacestation Gaming,Emre,4
North America - Stage 1,North America - Stage 1__match_0020,Lower Finals [Bo5],Spacestation Gaming,Team Liquid,Symmetra,4
North America - Stage 1,North America - Stage 1__match_0021,Grand Finals [Bo7],Dallas Fuel,Spacestation Gaming,Sojourn,4
North America - Stage 1,North America - Stage 1__match_0021,Grand Finals [Bo7],Dallas Fuel,Spacestation Gaming,Winston,4
North America - Stage 1,North America - Stage 1__match_0021,Grand Finals [Bo7],Dallas Fuel,Spacestation Gaming,Juno,4
North America - Stage 1,North America - Stage 1__match_0021,Grand Finals [Bo7],Dallas Fuel,Spacestation Gaming,Ana,4
North America - Stage 1,North America - Stage 1__match_0021,Grand Finals [Bo7],Dallas Fuel,Spacestation Gaming,Brigitte,4
North America - Stage 1,North America - Stage 1__match_0021,Grand Finals [Bo7],Dallas Fuel,Spacestation Gaming,D.Va,4
Pacific - Stage 1,Pacific - Stage 1__match_0001,Round Robin [Bo5],Team Secret,Rankers,Symmetra,4
Pacific - Stage 1,Pacific - Stage 1__match_0001,Round Robin [Bo5],Team Secret,Rankers,Reaper,4
Pacific - Stage 1,Pacific - Stage 1__match_0001,Round Robin [Bo5],Team Secret,Rankers,Brigitte,4
Pacific - Stage 1,Pacific - Stage 1__match_0002,Round Robin [Bo5],MieMieYang,The Gatos Guapos,Tracer,4
Pacific - Stage 1,Pacific - Stage 1__match_0002,Round Robin [Bo5],MieMieYang,The Gatos Guapos,Lúcio,4
Pacific - Stage 1,Pacific - Stage 1__match_0003,Round Robin [Bo5],FURY,Quasar Esports,Symmetra,4
Pacific - Stage 1,Pacific - Stage 1__match_0004,Round Robin [Bo5],FURY,The Gatos Guapos,Vendetta,4
Pacific - Stage 1,Pacific - Stage 1__match_0004,Round Robin [Bo5],FURY,The Gatos Guapos,Emre,4
Pacific - Stage 1,Pacific - Stage 1__match_0004,Round Robin [Bo5],FURY,The Gatos Guapos,D.Va,4
Pacific - Stage 1,Pacific - Stage 1__match_0004,Round Robin [Bo5],FURY,The Gatos Guapos,Kiriko,4
Pacific - Stage 1,Pacific - Stage 1__match_0005,Round Robin [Bo5],Team Secret,MieMieYang,Tracer,4
Pacific - Stage 1,Pacific - Stage 1__match_0005,Round Robin [Bo5],Team Secret,MieMieYang,Symmetra,4
Pacific - Stage 1,Pacific - Stage 1__match_0005,Round Robin [Bo5],Team Secret,MieMieYang,Kiriko,4
Pacific - Stage 1,Pacific - Stage 1__match_0006,Round Robin [Bo5],Quasar Esports,Rankers,Sojourn,4
Pacific - Stage 1,Pacific - Stage 1__match_0006,Round Robin [Bo5],Quasar Esports,Rankers,Zarya,4
Pacific - Stage 1,Pacific - Stage 1__match_0006,Round Robin [Bo5],Quasar Esports,Rankers,Ana,4
Pacific - Stage 1,Pacific - Stage 1__match_0006,Round Robin [Bo5],Quasar Esports,Rankers,Lúcio,4
Pacific - Stage 1,Pacific - Stage 1__match_0006,Round Robin [Bo5],Quasar Esports,Rankers,Reaper,4
Pacific - Stage 1,Pacific - Stage 1__match_0006,Round Robin [Bo5],Quasar Esports,Rankers,Baptiste,4
Pacific - Stage 1,Pacific - Stage 1__match_0007,Round Robin [Bo5],FURY,Rankers,D.Va,4
Pacific - Stage 1,Pacific - Stage 1__match_0007,Round Robin [Bo5],FURY,Rankers,Kiriko,4
Pacific - Stage 1,Pacific - Stage 1__match_0008,Round Robin [Bo5],The Gatos Guapos,Team Secret,Emre,4
Pacific - Stage 1,Pacific - Stage 1__match_0008,Round Robin [Bo5],The Gatos Guapos,Team Secret,Vendetta,4
Pacific - Stage 1,Pacific - Stage 1__match_0008,Round Robin [Bo5],The Gatos Guapos,Team Secret,Symmetra,4
Pacific - Stage 1,Pacific - Stage 1__match_0008,Round Robin [Bo5],The Gatos Guapos,Team Secret,D.Va,4
Pacific - Stage 1,Pacific - Stage 1__match_0008,Round Robin [Bo5],The Gatos Guapos,Team Secret,Kiriko,4
Pacific - Stage 1,Pacific - Stage 1__match_0008,Round Robin [Bo5],The Gatos Guapos,Team Secret,Lúcio,4
Pacific - Stage 1,Pacific - Stage 1__match_0009,Round Robin [Bo5],MieMieYang,Quasar Esports,Symmetra,4
Pacific - Stage 1,Pacific - Stage 1__match_0010,Round Robin [Bo5],Team Secret,FURY,Symmetra,4
Pacific - Stage 1,Pacific - Stage 1__match_0010,Round Robin [Bo5],Team Secret,FURY,Kiriko,4
Pacific - Stage 1,Pacific - Stage 1__match_0011,Round Robin [Bo5],Quasar Esports,The Gatos Guapos,Emre,4
Pacific - Stage 1,Pacific - Stage 1__match_0012,Round Robin [Bo5],MieMieYang,Rankers,Reaper,4
Pacific - Stage 1,Pacific - Stage 1__match_0013,Round Robin [Bo5],Team Secret,Quasar Esports,Emre,4
Pacific - Stage 1,Pacific - Stage 1__match_0013,Round Robin [Bo5],Team Secret,Quasar Esports,Symmetra,4
Pacific - Stage 1,Pacific - Stage 1__match_0013,Round Robin [Bo5],Team Secret,Quasar Esports,Kiriko,4
Pacific - Stage 1,Pacific - Stage 1__match_0014,Round Robin [Bo5],FURY,MieMieYang,Lúcio,4
Pacific - Stage 1,Pacific - Stage 1__match_0015,Round Robin [Bo5],The Gatos Guapos,Rankers,Symmetra,4
Pacific - Stage 1,Pacific - Stage 1__match_0015,Round Robin [Bo5],The Gatos Guapos,Rankers,Tracer,4
Pacific - Stage 1,Pacific - Stage 1__match_0015,Round Robin [Bo5],The Gatos Guapos,Rankers,D.Va,4
Pacific - Stage 1,Pacific - Stage 1__match_0015,Round Robin [Bo5],The Gatos Guapos,Rankers,Brigitte,4
Non-Partner Team Index,Non-Partner Team Index__match_0001,,Extinction,Extinction,Tracer,4
Non-Partner Team Index,Non-Partner Team Index__match_0001,,Extinction,Extinction,Genji,4
Non-Partner Team Index,Non-Partner Team Index__match_0001,,Extinction,Extinction,Winston,4
Non-Partner Team Index,Non-Partner Team Index__match_0001,,Extinction,Extinction,Lúcio,4
Non-Partner Team Index,Non-Partner Team Index__match_0001,,Extinction,Extinction,Ana,4
Pre-Season Bootcamp,Pre-Season Bootcamp__match_0001,Round 1 [Bo5],Disguised,Team Peps,Baptiste,3
Pre-Season Bootcamp,Pre-Season Bootcamp__match_0002,Round 1 [Bo5],VARREL,Team Falcons,Sojourn,3
Pre-Season Bootcamp,Pre-Season Bootcamp__match_0002,Round 1 [Bo5],VARREL,Team Falcons,Wuyang,3
Pre-Season Bootcamp,Pre-Season Bootcamp__match_0002,Round 1 [Bo5],VARREL,Team Falcons,Kiriko,3
Pre-Season Bootcamp,Pre-Season Bootcamp__match_0003,Round 1 [Bo5],Dallas Fuel,T1,Widowmaker,3
Pre-Season Bootcamp,Pre-Season Bootcamp__match_0003,Round 1 [Bo5],Dallas Fuel,T1,Mizuki,3
Pre-Season Bootcamp,Pre-Season Bootcamp__match_0003,Round 1 [Bo5],Dallas Fuel,T1,Wuyang,3
Pre-Season Bootcamp,Pre-Season Bootcamp__match_0003,Round 1 [Bo5],Dallas Fuel,T1,Lúcio,3
Pre-Season Bootcamp,Pre-Season Bootcamp__match_0003,Round 1 [Bo5],Dallas Fuel,T1,Jetpack Cat,3
Pre-Season Bootcamp,Pre-Season Bootcamp__match_0004,Round 1 [Bo5],Virtus.pro,All Gamers,Emre,3
Pre-Season Bootcamp,Pre-Season Bootcamp__match_0004,Round 1 [Bo5],Virtus.pro,All Gamers,Sojourn,3
Pre-Season Bootcamp,Pre-Season Bootcamp__match_0004,Round 1 [Bo5],Virtus.pro,All Gamers,Anran,3
Pre-Season Bootcamp,Pre-Season Bootcamp__match_0004,Round 1 [Bo5],Virtus.pro,All Gamers,Echo,3
Pre-Season Bootcamp,Pre-Season Bootcamp__match_0004,Round 1 [Bo5],Virtus.pro,All Gamers,Kiriko,3
Pre-Season Bootcamp,Pre-Season Bootcamp__match_0005,Quarterfinals [Bo5],Crazy Raccoon,Team Peps,Domina,3
Pre-Season Bootcamp,Pre-Season Bootcamp__match_0005,Quarterfinals [Bo5],Crazy Raccoon,Team Peps,Zarya,3
Pre-Season Bootcamp,Pre-Season Bootcamp__match_0005,Quarterfinals [Bo5],Crazy Raccoon,Team Peps,D.Va,3
Pre-Season Bootcamp,Pre-Season Bootcamp__match_0006,Quarterfinals [Bo5],Weibo Gaming,Team Falcons,Wuyang,3
Pre-Season Bootcamp,Pre-Season Bootcamp__match_0006,Quarterfinals [Bo5],Weibo Gaming,Team Falcons,Widowmaker,3
Pre-Season Bootcamp,Pre-Season Bootcamp__match_0007,Quarterfinals [Bo5],Twisted Minds,T1,Domina,3
Pre-Season Bootcamp,Pre-Season Bootcamp__match_0009,Semifinals [Bo5],Crazy Raccoon,Team Falcons,Vendetta,3
Pre-Season Bootcamp,Pre-Season Bootcamp__match_0009,Semifinals [Bo5],Crazy Raccoon,Team Falcons,D.Va,3
Pre-Season Bootcamp,Pre-Season Bootcamp__match_0009,Semifinals [Bo5],Crazy Raccoon,Team Falcons,Juno,3
Pre-Season Bootcamp,Pre-Season Bootcamp__match_0010,Semifinals [Bo5],Twisted Minds,Team Liquid,D.Va,3
Pre-Season Bootcamp,Pre-Season Bootcamp__match_0011,Grand Finals [Bo7],Crazy Raccoon,Twisted Minds,Symmetra,3
Pre-Season Bootcamp,Pre-Season Bootcamp__match_0011,Grand Finals [Bo7],Crazy Raccoon,Twisted Minds,Widowmaker,3
Pre-Season Bootcamp,Pre-Season Bootcamp__match_0011,Grand Finals [Bo7],Crazy Raccoon,Twisted Minds,Jetpack Cat,3
Japan - Stage 1,Japan - Stage 1__match_0001,Round Robin [Bo5],Please Not Hero Ban,Telomere,Sojourn,3
Japan - Stage 1,Japan - Stage 1__match_0001,Round Robin [Bo5],Please Not Hero Ban,Telomere,Tracer,3
Japan - Stage 1,Japan - Stage 1__match_0001,Round Robin [Bo5],Please Not Hero Ban,Telomere,Winston,3
Japan - Stage 1,Japan - Stage 1__match_0002,Round Robin [Bo5],ENTER FORCE.36,Nyam Gaming,Emre,3
Japan - Stage 1,Japan - Stage 1__match_0002,Round Robin [Bo5],ENTER FORCE.36,Nyam Gaming,Hazard,3
Japan - Stage 1,Japan - Stage 1__match_0002,Round Robin [Bo5],ENTER FORCE.36,Nyam Gaming,Zarya,3
Japan - Stage 1,Japan - Stage 1__match_0003,Round Robin [Bo5],TOKYO TAIYOs,VARREL,Ashe,3
Japan - Stage 1,Japan - Stage 1__match_0004,Round Robin [Bo5],Lazuli,99DIVINE,Symmetra,3
Japan - Stage 1,Japan - Stage 1__match_0004,Round Robin [Bo5],Lazuli,99DIVINE,Mizuki,3
Japan - Stage 1,Japan - Stage 1__match_0005,Round Robin [Bo5],Please Not Hero Ban,VARREL,Cassidy,3
Japan - Stage 1,Japan - Stage 1__match_0005,Round Robin [Bo5],Please Not Hero Ban,VARREL,Mizuki,3
Japan - Stage 1,Japan - Stage 1__match_0005,Round Robin [Bo5],Please Not Hero Ban,VARREL,Kiriko,3
Japan - Stage 1,Japan - Stage 1__match_0005,Round Robin [Bo5],Please Not Hero Ban,VARREL,Jetpack Cat,3
Japan - Stage 1,Japan - Stage 1__match_0006,Round Robin [Bo5],TOKYO TAIYOs,Nyam Gaming,Symmetra,3
Japan - Stage 1,Japan - Stage 1__match_0006,Round Robin [Bo5],TOKYO TAIYOs,Nyam Gaming,Ramattra,3
Japan - Stage 1,Japan - Stage 1__match_0006,Round Robin [Bo5],TOKYO TAIYOs,Nyam Gaming,Zarya,3
Japan - Stage 1,Japan - Stage 1__match_0006,Round Robin [Bo5],TOKYO TAIYOs,Nyam Gaming,Wuyang,3
Japan - Stage 1,Japan - Stage 1__match_0006,Round Robin [Bo5],TOKYO TAIYOs,Nyam Gaming,Baptiste,3
Japan - Stage 1,Japan - Stage 1__match_0007,Round Robin [Bo5],Please Not Hero Ban,Lazuli,Emre,3
Japan - Stage 1,Japan - Stage 1__match_0007,Round Robin [Bo5],Please Not Hero Ban,Lazuli,Symmetra,3
Japan - Stage 1,Japan - Stage 1__match_0007,Round Robin [Bo5],Please Not Hero Ban,Lazuli,Vendetta,3
Japan - Stage 1,Japan - Stage 1__match_0007,Round Robin [Bo5],Please Not Hero Ban,Lazuli,Ramattra,3
Japan - Stage 1,Japan - Stage 1__match_0008,Round Robin [Bo5],TOKYO TAIYOs,99DIVINE,Widowmaker,3
Japan - Stage 1,Japan - Stage 1__match_0008,Round Robin [Bo5],TOKYO TAIYOs,99DIVINE,Mei,3
Japan - Stage 1,Japan - Stage 1__match_0008,Round Robin [Bo5],TOKYO TAIYOs,99DIVINE,Wuyang,3
Japan - Stage 1,Japan - Stage 1__match_0008,Round Robin [Bo5],TOKYO TAIYOs,99DIVINE,Jetpack Cat,3
Japan - Stage 1,Japan - Stage 1__match_0008,Round Robin [Bo5],TOKYO TAIYOs,99DIVINE,Brigitte,3
Japan - Stage 1,Japan - Stage 1__match_0008,Round Robin [Bo5],TOKYO TAIYOs,99DIVINE,Ana,3
Japan - Stage 1,Japan - Stage 1__match_0008,Round Robin [Bo5],TOKYO TAIYOs,99DIVINE,Vendetta,3
Japan - Stage 1,Japan - Stage 1__match_0009,Round Robin [Bo5],VARREL,ENTER FORCE.36,Symmetra,3
Japan - Stage 1,Japan - Stage 1__match_0009,Round Robin [Bo5],VARREL,ENTER FORCE.36,Echo,3
Japan - Stage 1,Japan - Stage 1__match_0009,Round Robin [Bo5],VARREL,ENTER FORCE.36,Winston,3
Japan - Stage 1,Japan - Stage 1__match_0009,Round Robin [Bo5],VARREL,ENTER FORCE.36,Juno,3
Japan - Stage 1,Japan - Stage 1__match_0009,Round Robin [Bo5],VARREL,ENTER FORCE.36,Jetpack Cat,3
Japan - Stage 1,Japan - Stage 1__match_0010,Round Robin [Bo5],Telomere,Lazuli,Cassidy,3
Japan - Stage 1,Japan - Stage 1__match_0010,Round Robin [Bo5],Telomere,Lazuli,Kiriko,3
Japan - Stage 1,Japan - Stage 1__match_0010,Round Robin [Bo5],Telomere,Lazuli,Brigitte,3
Japan - Stage 1,Japan - Stage 1__match_0011,Round Robin [Bo5],TOKYO TAIYOs,Please Not Hero Ban,Sojourn,3
Japan - Stage 1,Japan - Stage 1__match_0011,Round Robin [Bo5],TOKYO TAIYOs,Please Not Hero Ban,Baptiste,3
Japan - Stage 1,Japan - Stage 1__match_0012,Round Robin [Bo5],99DIVINE,ENTER FORCE.36,Sojourn,3
Japan - Stage 1,Japan - Stage 1__match_0012,Round Robin [Bo5],99DIVINE,ENTER FORCE.36,Zarya,3
Japan - Stage 1,Japan - Stage 1__match_0012,Round Robin [Bo5],99DIVINE,ENTER FORCE.36,Wrecking Ball,3
Japan - Stage 1,Japan - Stage 1__match_0012,Round Robin [Bo5],99DIVINE,ENTER FORCE.36,Brigitte,3
Japan - Stage 1,Japan - Stage 1__match_0012,Round Robin [Bo5],99DIVINE,ENTER FORCE.36,Kiriko,3
Japan - Stage 1,Japan - Stage 1__match_0013,Round Robin [Bo5],99DIVINE,Please Not Hero Ban,Vendetta,3
Japan - Stage 1,Japan - Stage 1__match_0013,Round Robin [Bo5],99DIVINE,Please Not Hero Ban,Zarya,3
Japan - Stage 1,Japan - Stage 1__match_0013,Round Robin [Bo5],99DIVINE,Please Not Hero Ban,Lúcio,3
Japan - Stage 1,Japan - Stage 1__match_0013,Round Robin [Bo5],99DIVINE,Please Not Hero Ban,Juno,3
Japan - Stage 1,Japan - Stage 1__match_0013,Round Robin [Bo5],99DIVINE,Please Not Hero Ban,Illari,3
Japan - Stage 1,Japan - Stage 1__match_0013,Round Robin [Bo5],99DIVINE,Please Not Hero Ban,Baptiste,3
Japan - Stage 1,Japan - Stage 1__match_0014,Round Robin [Bo5],Telomere,ENTER FORCE.36,Juno,3
Japan - Stage 1,Japan - Stage 1__match_0015,Round Robin [Bo5],VARREL,Nyam Gaming,D.Va,3
Japan - Stage 1,Japan - Stage 1__match_0016,Round Robin [Bo5],VARREL,Lazuli,Emre,3
Japan - Stage 1,Japan - Stage 1__match_0016,Round Robin [Bo5],VARREL,Lazuli,Wuyang,3
Japan - Stage 1,Japan - Stage 1__match_0016,Round Robin [Bo5],VARREL,Lazuli,Baptiste,3
Japan - Stage 1,Japan - Stage 1__match_0016,Round Robin [Bo5],VARREL,Lazuli,Brigitte,3
Japan - Stage 1,Japan - Stage 1__match_0017,Round Robin [Bo5],Telomere,Nyam Gaming,D.Va,3
Japan - Stage 1,Japan - Stage 1__match_0017,Round Robin [Bo5],Telomere,Nyam Gaming,Zarya,3
Japan - Stage 1,Japan - Stage 1__match_0018,Round Robin [Bo5],ENTER FORCE.36,TOKYO TAIYOs,Emre,3
Japan - Stage 1,Japan - Stage 1__match_0018,Round Robin [Bo5],ENTER FORCE.36,TOKYO TAIYOs,Widowmaker,3
Japan - Stage 1,Japan - Stage 1__match_0018,Round Robin [Bo5],ENTER FORCE.36,TOKYO TAIYOs,Zarya,3
Japan - Stage 1,Japan - Stage 1__match_0018,Round Robin [Bo5],ENTER FORCE.36,TOKYO TAIYOs,Brigitte,3
Japan - Stage 1,Japan - Stage 1__match_0018,Round Robin [Bo5],ENTER FORCE.36,TOKYO TAIYOs,Juno,3
Japan - Stage 1,Japan - Stage 1__match_0019,Round Robin [Bo5],99DIVINE,Nyam Gaming,Zarya,3
Japan - Stage 1,Japan - Stage 1__match_0019,Round Robin [Bo5],99DIVINE,Nyam Gaming,D.Va,3
Japan - Stage 1,Japan - Stage 1__match_0020,Round Robin [Bo5],VARREL,Telomere,Kiriko,3
Japan - Stage 1,Japan - Stage 1__match_0020,Round Robin [Bo5],VARREL,Telomere,Ana,3
Japan - Stage 1,Japan - Stage 1__match_0020,Round Robin [Bo5],VARREL,Telomere,Juno,3
Japan - Stage 1,Japan - Stage 1__match_0020,Round Robin [Bo5],VARREL,Telomere,Brigitte,3
Japan - Stage 1,Japan - Stage 1__match_0021,Round Robin [Bo5],Lazuli,ENTER FORCE.36,Lúcio,3
Japan - Stage 1,Japan - Stage 1__match_0021,Round Robin [Bo5],Lazuli,ENTER FORCE.36,Brigitte,3
Japan - Stage 1,Japan - Stage 1__match_0021,Round Robin [Bo5],Lazuli,ENTER FORCE.36,Kiriko,3
Japan - Stage 1,Japan - Stage 1__match_0022,Round Robin [Bo5],Please Not Hero Ban,Nyam Gaming,Echo,3
Japan - Stage 1,Japan - Stage 1__match_0022,Round Robin [Bo5],Please Not Hero Ban,Nyam Gaming,Juno,3
Japan - Stage 1,Japan - Stage 1__match_0022,Round Robin [Bo5],Please Not Hero Ban,Nyam Gaming,Lúcio,3
Japan - Stage 1,Japan - Stage 1__match_0022,Round Robin [Bo5],Please Not Hero Ban,Nyam Gaming,Wuyang,3
Japan - Stage 1,Japan - Stage 1__match_0023,Round Robin [Bo5],Lazuli,TOKYO TAIYOs,Sojourn,3
Japan - Stage 1,Japan - Stage 1__match_0023,Round Robin [Bo5],Lazuli,TOKYO TAIYOs,Brigitte,3
Japan - Stage 1,Japan - Stage 1__match_0023,Round Robin [Bo5],Lazuli,TOKYO TAIYOs,Lúcio,3
Japan - Stage 1,Japan - Stage 1__match_0024,Round Robin [Bo5],99DIVINE,Telomere,Symmetra,3
Japan - Stage 1,Japan - Stage 1__match_0024,Round Robin [Bo5],99DIVINE,Telomere,Winston,3
Japan - Stage 1,Japan - Stage 1__match_0024,Round Robin [Bo5],99DIVINE,Telomere,Cassidy,3
Japan - Stage 1,Japan - Stage 1__match_0025,Round Robin [Bo5],Please Not Hero Ban,ENTER FORCE.36,Vendetta,3
Japan - Stage 1,Japan - Stage 1__match_0025,Round Robin [Bo5],Please Not Hero Ban,ENTER FORCE.36,Symmetra,3
Japan - Stage 1,Japan - Stage 1__match_0025,Round Robin [Bo5],Please Not Hero Ban,ENTER FORCE.36,Orisa,3
Japan - Stage 1,Japan - Stage 1__match_0025,Round Robin [Bo5],Please Not Hero Ban,ENTER FORCE.36,D.Va,3
Japan - Stage 1,Japan - Stage 1__match_0025,Round Robin [Bo5],Please Not Hero Ban,ENTER FORCE.36,Juno,3
Japan - Stage 1,Japan - Stage 1__match_0026,Round Robin [Bo5],Lazuli,Nyam Gaming,Cassidy,3
Japan - Stage 1,Japan - Stage 1__match_0026,Round Robin [Bo5],Lazuli,Nyam Gaming,Widowmaker,3
Japan - Stage 1,Japan - Stage 1__match_0026,Round Robin [Bo5],Lazuli,Nyam Gaming,Hazard,3
Japan - Stage 1,Japan - Stage 1__match_0026,Round Robin [Bo5],Lazuli,Nyam Gaming,Wuyang,3
Japan - Stage 1,Japan - Stage 1__match_0026,Round Robin [Bo5],Lazuli,Nyam Gaming,D.Va,3
Japan - Stage 1,Japan - Stage 1__match_0027,Round Robin [Bo5],VARREL,99DIVINE,Cassidy,3
Japan - Stage 1,Japan - Stage 1__match_0027,Round Robin [Bo5],VARREL,99DIVINE,Symmetra,3
Japan - Stage 1,Japan - Stage 1__match_0027,Round Robin [Bo5],VARREL,99DIVINE,D.Va,3
Japan - Stage 1,Japan - Stage 1__match_0027,Round Robin [Bo5],VARREL,99DIVINE,Hazard,3
Japan - Stage 1,Japan - Stage 1__match_0027,Round Robin [Bo5],VARREL,99DIVINE,Wuyang,3
Japan - Stage 1,Japan - Stage 1__match_0028,Round Robin [Bo5],TOKYO TAIYOs,Telomere,Genji,3
Japan - Stage 1,Japan - Stage 1__match_0028,Round Robin [Bo5],TOKYO TAIYOs,Telomere,Sigma,3
Japan - Stage 1,Japan - Stage 1__match_0028,Round Robin [Bo5],TOKYO TAIYOs,Telomere,Juno,3
Japan - Stage 1,Japan - Stage 1__match_0028,Round Robin [Bo5],TOKYO TAIYOs,Telomere,Baptiste,3
Japan - Stage 1,Japan - Stage 1__match_0029,Semifinals [Bo7],ENTER FORCE.36,Please Not Hero Ban,Sojourn,3
Japan - Stage 1,Japan - Stage 1__match_0029,Semifinals [Bo7],ENTER FORCE.36,Please Not Hero Ban,Widowmaker,3
Japan - Stage 1,Japan - Stage 1__match_0029,Semifinals [Bo7],ENTER FORCE.36,Please Not Hero Ban,Symmetra,3
Japan - Stage 1,Japan - Stage 1__match_0029,Semifinals [Bo7],ENTER FORCE.36,Please Not Hero Ban,D.Va,3
Japan - Stage 1,Japan - Stage 1__match_0029,Semifinals [Bo7],ENTER FORCE.36,Please Not Hero Ban,Cassidy,3
Japan - Stage 1,Japan - Stage 1__match_0030,Semifinals [Bo7],VARREL,99DIVINE,Lúcio,3
Japan - Stage 1,Japan - Stage 1__match_0031,Third Place Match [Bo7],Please Not Hero Ban,99DIVINE,Cassidy,3
Japan - Stage 1,Japan - Stage 1__match_0032,Grand Finals [Bo7],VARREL,ENTER FORCE.36,Sojourn,3
Japan - Stage 1,Japan - Stage 1__match_0032,Grand Finals [Bo7],VARREL,ENTER FORCE.36,Wuyang,3
Korea - Stage 1,Korea - Stage 1__match_0001,Round Robin [Bo5],Cheeseburger,Poker Face,Symmetra,3
Korea - Stage 1,Korea - Stage 1__match_0002,Round Robin [Bo5],Crazy Raccoon,ZETA DIVISION,Sigma,3
Korea - Stage 1,Korea - Stage 1__match_0002,Round Robin [Bo5],Crazy Raccoon,ZETA DIVISION,Orisa,3
Korea - Stage 1,Korea - Stage 1__match_0002,Round Robin [Bo5],Crazy Raccoon,ZETA DIVISION,Brigitte,3
Korea - Stage 1,Korea - Stage 1__match_0003,Round Robin [Bo5],ZAN Esports,RØDE ONSIDE GAMING,Juno,3
Korea - Stage 1,Korea - Stage 1__match_0004,Round Robin [Bo5],New Era,T1,Symmetra,3
Korea - Stage 1,Korea - Stage 1__match_0004,Round Robin [Bo5],New Era,T1,Wuyang,3
Korea - Stage 1,Korea - Stage 1__match_0004,Round Robin [Bo5],New Era,T1,Juno,3
Korea - Stage 1,Korea - Stage 1__match_0005,Round Robin [Bo5],Cheeseburger,Team Falcons,Sojourn,3
Korea - Stage 1,Korea - Stage 1__match_0005,Round Robin [Bo5],Cheeseburger,Team Falcons,Juno,3
Korea - Stage 1,Korea - Stage 1__match_0006,Round Robin [Bo5],ZAN Esports,Crazy Raccoon,Genji,3
Korea - Stage 1,Korea - Stage 1__match_0006,Round Robin [Bo5],ZAN Esports,Crazy Raccoon,Cassidy,3
Korea - Stage 1,Korea - Stage 1__match_0006,Round Robin [Bo5],ZAN Esports,Crazy Raccoon,Zarya,3
Korea - Stage 1,Korea - Stage 1__match_0006,Round Robin [Bo5],ZAN Esports,Crazy Raccoon,Doomfist,3
Korea - Stage 1,Korea - Stage 1__match_0006,Round Robin [Bo5],ZAN Esports,Crazy Raccoon,Juno,3
Korea - Stage 1,Korea - Stage 1__match_0007,Round Robin [Bo5],Poker Face,New Era,Widowmaker,3
Korea - Stage 1,Korea - Stage 1__match_0008,Round Robin [Bo5],RØDE ONSIDE GAMING,T1,Pharah,3
Korea - Stage 1,Korea - Stage 1__match_0008,Round Robin [Bo5],RØDE ONSIDE GAMING,T1,Emre,3
Korea - Stage 1,Korea - Stage 1__match_0008,Round Robin [Bo5],RØDE ONSIDE GAMING,T1,Brigitte,3
Korea - Stage 1,Korea - Stage 1__match_0008,Round Robin [Bo5],RØDE ONSIDE GAMING,T1,Juno,3
Korea - Stage 1,Korea - Stage 1__match_0009,Round Robin [Bo5],ZETA DIVISION,Team Falcons,Zarya,3
Korea - Stage 1,Korea - Stage 1__match_0009,Round Robin [Bo5],ZETA DIVISION,Team Falcons,Brigitte,3
Korea - Stage 1,Korea - Stage 1__match_0010,Round Robin [Bo5],Cheeseburger,ZAN Esports,Emre,3
Korea - Stage 1,Korea - Stage 1__match_0010,Round Robin [Bo5],Cheeseburger,ZAN Esports,Sojourn,3
Korea - Stage 1,Korea - Stage 1__match_0010,Round Robin [Bo5],Cheeseburger,ZAN Esports,Hazard,3
Korea - Stage 1,Korea - Stage 1__match_0011,Round Robin [Bo5],Poker Face,ZETA DIVISION,Widowmaker,3
Korea - Stage 1,Korea - Stage 1__match_0011,Round Robin [Bo5],Poker Face,ZETA DIVISION,Emre,3
Korea - Stage 1,Korea - Stage 1__match_0011,Round Robin [Bo5],Poker Face,ZETA DIVISION,Zarya,3
Korea - Stage 1,Korea - Stage 1__match_0011,Round Robin [Bo5],Poker Face,ZETA DIVISION,Juno,3
Korea - Stage 1,Korea - Stage 1__match_0011,Round Robin [Bo5],Poker Face,ZETA DIVISION,Lúcio,3
Korea - Stage 1,Korea - Stage 1__match_0012,Round Robin [Bo5],Crazy Raccoon,RØDE ONSIDE GAMING,Brigitte,3
Korea - Stage 1,Korea - Stage 1__match_0012,Round Robin [Bo5],Crazy Raccoon,RØDE ONSIDE GAMING,Ana,3
Korea - Stage 1,Korea - Stage 1__match_0012,Round Robin [Bo5],Crazy Raccoon,RØDE ONSIDE GAMING,Hazard,3
Korea - Stage 1,Korea - Stage 1__match_0013,Round Robin [Bo5],New Era,Team Falcons,Symmetra,3
Korea - Stage 1,Korea - Stage 1__match_0013,Round Robin [Bo5],New Era,Team Falcons,Ana,3
Korea - Stage 1,Korea - Stage 1__match_0013,Round Robin [Bo5],New Era,Team Falcons,Lúcio,3
Korea - Stage 1,Korea - Stage 1__match_0013,Round Robin [Bo5],New Era,Team Falcons,Kiriko,3
Korea - Stage 1,Korea - Stage 1__match_0014,Round Robin [Bo5],T1,Poker Face,Sojourn,3
Korea - Stage 1,Korea - Stage 1__match_0014,Round Robin [Bo5],T1,Poker Face,Widowmaker,3
Korea - Stage 1,Korea - Stage 1__match_0014,Round Robin [Bo5],T1,Poker Face,Tracer,3
Korea - Stage 1,Korea - Stage 1__match_0015,Round Robin [Bo5],Crazy Raccoon,Cheeseburger,Vendetta,3
Korea - Stage 1,Korea - Stage 1__match_0016,Round Robin [Bo5],RØDE ONSIDE GAMING,New Era,Tracer,3
Korea - Stage 1,Korea - Stage 1__match_0016,Round Robin [Bo5],RØDE ONSIDE GAMING,New Era,Lúcio,3
Korea - Stage 1,Korea - Stage 1__match_0016,Round Robin [Bo5],RØDE ONSIDE GAMING,New Era,Brigitte,3
Korea - Stage 1,Korea - Stage 1__match_0016,Round Robin [Bo5],RØDE ONSIDE GAMING,New Era,Kiriko,3
Korea - Stage 1,Korea - Stage 1__match_0017,Round Robin [Bo5],ZAN Esports,ZETA DIVISION,Doomfist,3
Korea - Stage 1,Korea - Stage 1__match_0017,Round Robin [Bo5],ZAN Esports,ZETA DIVISION,Juno,3
Korea - Stage 1,Korea - Stage 1__match_0017,Round Robin [Bo5],ZAN Esports,ZETA DIVISION,Kiriko,3
Korea - Stage 1,Korea - Stage 1__match_0018,Round Robin [Bo5],Team Falcons,T1,Emre,3
Korea - Stage 1,Korea - Stage 1__match_0018,Round Robin [Bo5],Team Falcons,T1,Symmetra,3
Korea - Stage 1,Korea - Stage 1__match_0019,Round Robin [Bo5],RØDE ONSIDE GAMING,Cheeseburger,Juno,3
Korea - Stage 1,Korea - Stage 1__match_0020,Round Robin [Bo5],Team Falcons,Poker Face,Juno,3
Korea - Stage 1,Korea - Stage 1__match_0020,Round Robin [Bo5],Team Falcons,Poker Face,Hazard,3
Korea - Stage 1,Korea - Stage 1__match_0021,Round Robin [Bo5],T1,Crazy Raccoon,Sojourn,3
Korea - Stage 1,Korea - Stage 1__match_0021,Round Robin [Bo5],T1,Crazy Raccoon,Brigitte,3
Korea - Stage 1,Korea - Stage 1__match_0021,Round Robin [Bo5],T1,Crazy Raccoon,Wuyang,3
Korea - Stage 1,Korea - Stage 1__match_0022,Round Robin [Bo5],New Era,ZAN Esports,Emre,3
Korea - Stage 1,Korea - Stage 1__match_0022,Round Robin [Bo5],New Era,ZAN Esports,Tracer,3
Korea - Stage 1,Korea - Stage 1__match_0022,Round Robin [Bo5],New Era,ZAN Esports,Vendetta,3
Korea - Stage 1,Korea - Stage 1__match_0022,Round Robin [Bo5],New Era,ZAN Esports,Zarya,3
Korea - Stage 1,Korea - Stage 1__match_0023,Round Robin [Bo5],ZETA DIVISION,RØDE ONSIDE GAMING,Sojourn,3
Korea - Stage 1,Korea - Stage 1__match_0023,Round Robin [Bo5],ZETA DIVISION,RØDE ONSIDE GAMING,Genji,3
Korea - Stage 1,Korea - Stage 1__match_0023,Round Robin [Bo5],ZETA DIVISION,RØDE ONSIDE GAMING,Winston,3
Korea - Stage 1,Korea - Stage 1__match_0023,Round Robin [Bo5],ZETA DIVISION,RØDE ONSIDE GAMING,Jetpack Cat,3
Korea - Stage 1,Korea - Stage 1__match_0023,Round Robin [Bo5],ZETA DIVISION,RØDE ONSIDE GAMING,Juno,3
Korea - Stage 1,Korea - Stage 1__match_0023,Round Robin [Bo5],ZETA DIVISION,RØDE ONSIDE GAMING,Ana,3
Korea - Stage 1,Korea - Stage 1__match_0024,Round Robin [Bo5],Cheeseburger,T1,Pharah,3
Korea - Stage 1,Korea - Stage 1__match_0024,Round Robin [Bo5],Cheeseburger,T1,Tracer,3
Korea - Stage 1,Korea - Stage 1__match_0024,Round Robin [Bo5],Cheeseburger,T1,Symmetra,3
Korea - Stage 1,Korea - Stage 1__match_0024,Round Robin [Bo5],Cheeseburger,T1,Wuyang,3
Korea - Stage 1,Korea - Stage 1__match_0025,Round Robin [Bo5],Team Falcons,ZAN Esports,Tracer,3
Korea - Stage 1,Korea - Stage 1__match_0025,Round Robin [Bo5],Team Falcons,ZAN Esports,Juno,3
Korea - Stage 1,Korea - Stage 1__match_0026,Round Robin [Bo5],Poker Face,Crazy Raccoon,Tracer,3
Korea - Stage 1,Korea - Stage 1__match_0026,Round Robin [Bo5],Poker Face,Crazy Raccoon,Zarya,3
Korea - Stage 1,Korea - Stage 1__match_0026,Round Robin [Bo5],Poker Face,Crazy Raccoon,Mauga,3
Korea - Stage 1,Korea - Stage 1__match_0026,Round Robin [Bo5],Poker Face,Crazy Raccoon,Kiriko,3
Korea - Stage 1,Korea - Stage 1__match_0026,Round Robin [Bo5],Poker Face,Crazy Raccoon,Lúcio,3
Korea - Stage 1,Korea - Stage 1__match_0027,Round Robin [Bo5],ZETA DIVISION,New Era,Emre,3
Korea - Stage 1,Korea - Stage 1__match_0027,Round Robin [Bo5],ZETA DIVISION,New Era,Widowmaker,3
Korea - Stage 1,Korea - Stage 1__match_0027,Round Robin [Bo5],ZETA DIVISION,New Era,Juno,3
Korea - Stage 1,Korea - Stage 1__match_0028,Round Robin [Bo5],Poker Face,RØDE ONSIDE GAMING,Juno,3
Korea - Stage 1,Korea - Stage 1__match_0029,Round Robin [Bo5],T1,ZETA DIVISION,Sojourn,3
Korea - Stage 1,Korea - Stage 1__match_0029,Round Robin [Bo5],T1,ZETA DIVISION,Venture,3
Korea - Stage 1,Korea - Stage 1__match_0029,Round Robin [Bo5],T1,ZETA DIVISION,D.Va,3
Korea - Stage 1,Korea - Stage 1__match_0029,Round Robin [Bo5],T1,ZETA DIVISION,Kiriko,3
Korea - Stage 1,Korea - Stage 1__match_0029,Round Robin [Bo5],T1,ZETA DIVISION,Illari,3
Korea - Stage 1,Korea - Stage 1__match_0030,Round Robin [Bo5],Crazy Raccoon,New Era,Cassidy,3
Korea - Stage 1,Korea - Stage 1__match_0030,Round Robin [Bo5],Crazy Raccoon,New Era,Lúcio,3
Korea - Stage 1,Korea - Stage 1__match_0030,Round Robin [Bo5],Crazy Raccoon,New Era,Kiriko,3
Korea - Stage 1,Korea - Stage 1__match_0030,Round Robin [Bo5],Crazy Raccoon,New Era,Hazard,3
Korea - Stage 1,Korea - Stage 1__match_0032,Round Robin [Bo5],ZETA DIVISION,Cheeseburger,Sojourn,3
Korea - Stage 1,Korea - Stage 1__match_0032,Round Robin [Bo5],ZETA DIVISION,Cheeseburger,Winston,3
Korea - Stage 1,Korea - Stage 1__match_0032,Round Robin [Bo5],ZETA DIVISION,Cheeseburger,Lúcio,3
Korea - Stage 1,Korea - Stage 1__match_0032,Round Robin [Bo5],ZETA DIVISION,Cheeseburger,Brigitte,3
Korea - Stage 1,Korea - Stage 1__match_0033,Round Robin [Bo5],Team Falcons,Crazy Raccoon,D.Va,3
Korea - Stage 1,Korea - Stage 1__match_0033,Round Robin [Bo5],Team Falcons,Crazy Raccoon,Ana,3
Korea - Stage 1,Korea - Stage 1__match_0034,Round Robin [Bo5],ZAN Esports,Poker Face,Pharah,3
Korea - Stage 1,Korea - Stage 1__match_0035,Round Robin [Bo5],RØDE ONSIDE GAMING,Team Falcons,Pharah,3
Korea - Stage 1,Korea - Stage 1__match_0035,Round Robin [Bo5],RØDE ONSIDE GAMING,Team Falcons,Zarya,3
Korea - Stage 1,Korea - Stage 1__match_0035,Round Robin [Bo5],RØDE ONSIDE GAMING,Team Falcons,Brigitte,3
Korea - Stage 1,Korea - Stage 1__match_0036,Round Robin [Bo5],New Era,Cheeseburger,Sojourn,3
Korea - Stage 1,Korea - Stage 1__match_0036,Round Robin [Bo5],New Era,Cheeseburger,Cassidy,3
Korea - Stage 1,Korea - Stage 1__match_0036,Round Robin [Bo5],New Era,Cheeseburger,Wrecking Ball,3
Korea - Stage 1,Korea - Stage 1__match_0036,Round Robin [Bo5],New Era,Cheeseburger,Winston,3
Korea - Stage 1,Korea - Stage 1__match_0036,Round Robin [Bo5],New Era,Cheeseburger,Zenyatta,3
Korea - Stage 1,Korea - Stage 1__match_0036,Round Robin [Bo5],New Era,Cheeseburger,Kiriko,3
Korea - Stage 1,Korea - Stage 1__match_0036,Round Robin [Bo5],New Era,Cheeseburger,Ana,3
Korea - Stage 1,Korea - Stage 1__match_0037,Last Chance Qualifier [Bo5],T1,ZAN Esports,Symmetra,3
Korea - Stage 1,Korea - Stage 1__match_0037,Last Chance Qualifier [Bo5],T1,ZAN Esports,Vendetta,3
Korea - Stage 1,Korea - Stage 1__match_0037,Last Chance Qualifier [Bo5],T1,ZAN Esports,Mauga,3
Korea - Stage 1,Korea - Stage 1__match_0037,Last Chance Qualifier [Bo5],T1,ZAN Esports,Lúcio,3
Korea - Stage 1,Korea - Stage 1__match_0037,Last Chance Qualifier [Bo5],T1,ZAN Esports,Kiriko,3
Korea - Stage 1,Korea - Stage 1__match_0038,Seeding Decider [Bo5],ZETA DIVISION,RØDE ONSIDE GAMING,Sojourn,3
Korea - Stage 1,Korea - Stage 1__match_0038,Seeding Decider [Bo5],ZETA DIVISION,RØDE ONSIDE GAMING,Genji,3
Korea - Stage 1,Korea - Stage 1__match_0038,Seeding Decider [Bo5],ZETA DIVISION,RØDE ONSIDE GAMING,D.Va,3
Korea - Stage 1,Korea - Stage 1__match_0038,Seeding Decider [Bo5],ZETA DIVISION,RØDE ONSIDE GAMING,Zarya,3
Korea - Stage 1,Korea - Stage 1__match_0038,Seeding Decider [Bo5],ZETA DIVISION,RØDE ONSIDE GAMING,Mauga,3
Korea - Stage 1,Korea - Stage 1__match_0038,Seeding Decider [Bo5],ZETA DIVISION,RØDE ONSIDE GAMING,Juno,3
Korea - Stage 1,Korea - Stage 1__match_0038,Seeding Decider [Bo5],ZETA DIVISION,RØDE ONSIDE GAMING,Ana,3
Korea - Stage 1,Korea - Stage 1__match_0038,Seeding Decider [Bo5],ZETA DIVISION,RØDE ONSIDE GAMING,Baptiste,3
Korea - Stage 1,Korea - Stage 1__match_0038,Seeding Decider [Bo5],ZETA DIVISION,RØDE ONSIDE GAMING,Lúcio,3
Korea - Stage 1,Korea - Stage 1__match_0040,Last Chance Qualifier [Bo5],Poker Face,Cheeseburger,Emre,3
Korea - Stage 1,Korea - Stage 1__match_0040,Last Chance Qualifier [Bo5],Poker Face,Cheeseburger,Zarya,3
Korea - Stage 1,Korea - Stage 1__match_0040,Last Chance Qualifier [Bo5],Poker Face,Cheeseburger,Mauga,3
Korea - Stage 1,Korea - Stage 1__match_0040,Last Chance Qualifier [Bo5],Poker Face,Cheeseburger,Lúcio,3
Korea - Stage 1,Korea - Stage 1__match_0041,Seeding Decider [Bo5],ZETA DIVISION,Team Falcons,Emre,3
Korea - Stage 1,Korea - Stage 1__match_0041,Seeding Decider [Bo5],ZETA DIVISION,Team Falcons,Ramattra,3
Korea - Stage 1,Korea - Stage 1__match_0041,Seeding Decider [Bo5],ZETA DIVISION,Team Falcons,D.Va,3
Korea - Stage 1,Korea - Stage 1__match_0041,Seeding Decider [Bo5],ZETA DIVISION,Team Falcons,Lúcio,3
Korea - Stage 1,Korea - Stage 1__match_0043,Last Chance Qualifier [Bo5],ZAN Esports,Cheeseburger,Widowmaker,3
Korea - Stage 1,Korea - Stage 1__match_0045,Seeding Decider [Bo5],Team Falcons,RØDE ONSIDE GAMING,Emre,3
Korea - Stage 1,Korea - Stage 1__match_0045,Seeding Decider [Bo5],Team Falcons,RØDE ONSIDE GAMING,Sojourn,3
Korea - Stage 1,Korea - Stage 1__match_0045,Seeding Decider [Bo5],Team Falcons,RØDE ONSIDE GAMING,D.Va,3
Korea - Stage 1,Korea - Stage 1__match_0045,Seeding Decider [Bo5],Team Falcons,RØDE ONSIDE GAMING,Zarya,3
China - Stage 1,China - Stage 1__match_0001,Swiss Stage (Round 1) [Bo5],Milk Tea,Homie E,Widowmaker,3
China - Stage 1,China - Stage 1__match_0001,Swiss Stage (Round 1) [Bo5],Milk Tea,Homie E,Emre,3
China - Stage 1,China - Stage 1__match_0001,Swiss Stage (Round 1) [Bo5],Milk Tea,Homie E,Sigma,3
China - Stage 1,China - Stage 1__match_0002,Swiss Stage (Round 1) [Bo5],All Gamers,DEG,Tracer,3
China - Stage 1,China - Stage 1__match_0002,Swiss Stage (Round 1) [Bo5],All Gamers,DEG,Brigitte,3
China - Stage 1,China - Stage 1__match_0003,Swiss Stage (Round 1) [Bo5],Weibo Gaming,Naive Piggy,Emre,3
China - Stage 1,China - Stage 1__match_0003,Swiss Stage (Round 1) [Bo5],Weibo Gaming,Naive Piggy,D.Va,3
China - Stage 1,China - Stage 1__match_0003,Swiss Stage (Round 1) [Bo5],Weibo Gaming,Naive Piggy,Zarya,3
China - Stage 1,China - Stage 1__match_0004,Swiss Stage (Round 1) [Bo5],JD Gaming,SV,Emre,3
China - Stage 1,China - Stage 1__match_0004,Swiss Stage (Round 1) [Bo5],JD Gaming,SV,Hanzo,3
China - Stage 1,China - Stage 1__match_0004,Swiss Stage (Round 1) [Bo5],JD Gaming,SV,Symmetra,3
China - Stage 1,China - Stage 1__match_0004,Swiss Stage (Round 1) [Bo5],JD Gaming,SV,Juno,3
China - Stage 1,China - Stage 1__match_0005,Swiss Stage (Round 2) [Bo5],Milk Tea,Naive Piggy,Sojourn,3
China - Stage 1,China - Stage 1__match_0005,Swiss Stage (Round 2) [Bo5],Milk Tea,Naive Piggy,Symmetra,3
China - Stage 1,China - Stage 1__match_0005,Swiss Stage (Round 2) [Bo5],Milk Tea,Naive Piggy,Emre,3
China - Stage 1,China - Stage 1__match_0006,Swiss Stage (Round 2) [Bo5],DEG,SV,Cassidy,3
China - Stage 1,China - Stage 1__match_0006,Swiss Stage (Round 2) [Bo5],DEG,SV,Brigitte,3
China - Stage 1,China - Stage 1__match_0007,Swiss Stage (Round 2) [Bo5],JD Gaming,All Gamers,Venture,3
China - Stage 1,China - Stage 1__match_0007,Swiss Stage (Round 2) [Bo5],JD Gaming,All Gamers,Wrecking Ball,3
China - Stage 1,China - Stage 1__match_0010,Swiss Stage (Round 3) [Bo5],Homie E,SV,Symmetra,3
China - Stage 1,China - Stage 1__match_0010,Swiss Stage (Round 3) [Bo5],Homie E,SV,Zarya,3
China - Stage 1,China - Stage 1__match_0010,Swiss Stage (Round 3) [Bo5],Homie E,SV,Juno,3
China - Stage 1,China - Stage 1__match_0010,Swiss Stage (Round 3) [Bo5],Homie E,SV,D.Va,3
China - Stage 1,China - Stage 1__match_0011,Seeding Decider [Bo5],Weibo Gaming,JD Gaming,Sojourn,3
China - Stage 1,China - Stage 1__match_0012,Swiss Stage (Round 4) [Bo5],Homie E,Milk Tea,Symmetra,3
China - Stage 1,China - Stage 1__match_0012,Swiss Stage (Round 4) [Bo5],Homie E,Milk Tea,Vendetta,3
China - Stage 1,China - Stage 1__match_0012,Swiss Stage (Round 4) [Bo5],Homie E,Milk Tea,Zarya,3
China - Stage 1,China - Stage 1__match_0013,Swiss Stage (Round 4) [Bo5],Naive Piggy,DEG,Kiriko,3
China - Stage 1,China - Stage 1__match_0013,Swiss Stage (Round 4) [Bo5],Naive Piggy,DEG,Doomfist,3
China - Stage 1,China - Stage 1__match_0014,Seeding Decider [Bo5],All Gamers,SV,Juno,3
China - Stage 1,China - Stage 1__match_0015,Seeding Decider [Bo5],Milk Tea,Naive Piggy,Cassidy,3
China - Stage 1,China - Stage 1__match_0015,Seeding Decider [Bo5],Milk Tea,Naive Piggy,Symmetra,3
China - Stage 1,China - Stage 1__match_0015,Seeding Decider [Bo5],Milk Tea,Naive Piggy,Lúcio,3
China - Stage 1,China - Stage 1__match_0016,Round Robin [Bo5],Naive Piggy,Milk Tea,Brigitte,3
China - Stage 1,China - Stage 1__match_0016,Round Robin [Bo5],Naive Piggy,Milk Tea,Mei,3
China - Stage 1,China - Stage 1__match_0017,Round Robin [Bo5],JD Gaming,All Gamers,Cassidy,3
China - Stage 1,China - Stage 1__match_0017,Round Robin [Bo5],JD Gaming,All Gamers,Brigitte,3
China - Stage 1,China - Stage 1__match_0018,Round Robin [Bo5],Weibo Gaming,SV,Symmetra,3
China - Stage 1,China - Stage 1__match_0018,Round Robin [Bo5],Weibo Gaming,SV,Wuyang,3
China - Stage 1,China - Stage 1__match_0019,Round Robin [Bo5],All Gamers,Milk Tea,Sojourn,3
China - Stage 1,China - Stage 1__match_0019,Round Robin [Bo5],All Gamers,Milk Tea,Sigma,3
China - Stage 1,China - Stage 1__match_0019,Round Robin [Bo5],All Gamers,Milk Tea,Reinhardt,3
China - Stage 1,China - Stage 1__match_0019,Round Robin [Bo5],All Gamers,Milk Tea,Ramattra,3
China - Stage 1,China - Stage 1__match_0019,Round Robin [Bo5],All Gamers,Milk Tea,Wuyang,3
China - Stage 1,China - Stage 1__match_0019,Round Robin [Bo5],All Gamers,Milk Tea,Juno,3
China - Stage 1,China - Stage 1__match_0020,Round Robin [Bo5],Weibo Gaming,Naive Piggy,Vendetta,3
China - Stage 1,China - Stage 1__match_0020,Round Robin [Bo5],Weibo Gaming,Naive Piggy,Illari,3
China - Stage 1,China - Stage 1__match_0020,Round Robin [Bo5],Weibo Gaming,Naive Piggy,Kiriko,3
China - Stage 1,China - Stage 1__match_0020,Round Robin [Bo5],Weibo Gaming,Naive Piggy,Ana,3
China - Stage 1,China - Stage 1__match_0021,Round Robin [Bo5],SV,Naive Piggy,Emre,3
China - Stage 1,China - Stage 1__match_0021,Round Robin [Bo5],SV,Naive Piggy,Symmetra,3
China - Stage 1,China - Stage 1__match_0021,Round Robin [Bo5],SV,Naive Piggy,Zarya,3
China - Stage 1,China - Stage 1__match_0022,Round Robin [Bo5],Weibo Gaming,All Gamers,Kiriko,3
China - Stage 1,China - Stage 1__match_0023,Round Robin [Bo5],JD Gaming,Milk Tea,Hazard,3
China - Stage 1,China - Stage 1__match_0023,Round Robin [Bo5],JD Gaming,Milk Tea,D.Va,3
China - Stage 1,China - Stage 1__match_0023,Round Robin [Bo5],JD Gaming,Milk Tea,Illari,3
China - Stage 1,China - Stage 1__match_0024,Round Robin [Bo5],SV,Milk Tea,Sojourn,3
China - Stage 1,China - Stage 1__match_0024,Round Robin [Bo5],SV,Milk Tea,Vendetta,3
China - Stage 1,China - Stage 1__match_0024,Round Robin [Bo5],SV,Milk Tea,Pharah,3
China - Stage 1,China - Stage 1__match_0024,Round Robin [Bo5],SV,Milk Tea,Cassidy,3
China - Stage 1,China - Stage 1__match_0025,Round Robin [Bo5],JD Gaming,Naive Piggy,Lúcio,3
China - Stage 1,China - Stage 1__match_0025,Round Robin [Bo5],JD Gaming,Naive Piggy,Kiriko,3
China - Stage 1,China - Stage 1__match_0025,Round Robin [Bo5],JD Gaming,Naive Piggy,Juno,3
China - Stage 1,China - Stage 1__match_0026,Round Robin [Bo5],All Gamers,Naive Piggy,Widowmaker,3
China - Stage 1,China - Stage 1__match_0026,Round Robin [Bo5],All Gamers,Naive Piggy,Symmetra,3
China - Stage 1,China - Stage 1__match_0026,Round Robin [Bo5],All Gamers,Naive Piggy,Wrecking Ball,3
China - Stage 1,China - Stage 1__match_0026,Round Robin [Bo5],All Gamers,Naive Piggy,Zarya,3
China - Stage 1,China - Stage 1__match_0026,Round Robin [Bo5],All Gamers,Naive Piggy,Lúcio,3
China - Stage 1,China - Stage 1__match_0026,Round Robin [Bo5],All Gamers,Naive Piggy,Cassidy,3
China - Stage 1,China - Stage 1__match_0026,Round Robin [Bo5],All Gamers,Naive Piggy,Orisa,3
China - Stage 1,China - Stage 1__match_0026,Round Robin [Bo5],All Gamers,Naive Piggy,Baptiste,3
China - Stage 1,China - Stage 1__match_0028,Round Robin [Bo5],Weibo Gaming,Milk Tea,Hazard,3
China - Stage 1,China - Stage 1__match_0028,Round Robin [Bo5],Weibo Gaming,Milk Tea,Mercy,3
China - Stage 1,China - Stage 1__match_0029,Round Robin [Bo5],All Gamers,SV,Symmetra,3
China - Stage 1,China - Stage 1__match_0029,Round Robin [Bo5],All Gamers,SV,D.Va,3
China - Stage 1,China - Stage 1__match_0030,Round Robin [Bo5],Weibo Gaming,JD Gaming,Doomfist,3
China - Stage 1,China - Stage 1__match_0030,Round Robin [Bo5],Weibo Gaming,JD Gaming,D.Va,3
China - Stage 1,China - Stage 1__match_0030,Round Robin [Bo5],Weibo Gaming,JD Gaming,Wuyang,3
China - Stage 1,China - Stage 1__match_0031,Upper Semifinals [Bo5],Weibo Gaming,SV,Tracer,3
China - Stage 1,China - Stage 1__match_0031,Upper Semifinals [Bo5],Weibo Gaming,SV,Mauga,3
China - Stage 1,China - Stage 1__match_0031,Upper Semifinals [Bo5],Weibo Gaming,SV,Ana,3
China - Stage 1,China - Stage 1__match_0031,Upper Semifinals [Bo5],Weibo Gaming,SV,Baptiste,3
China - Stage 1,China - Stage 1__match_0032,Upper Semifinals [Bo5],All Gamers,JD Gaming,Lúcio,3
China - Stage 1,China - Stage 1__match_0033,Upper Finals [Bo5],Weibo Gaming,All Gamers,Symmetra,3
China - Stage 1,China - Stage 1__match_0033,Upper Finals [Bo5],Weibo Gaming,All Gamers,Mauga,3
China - Stage 1,China - Stage 1__match_0033,Upper Finals [Bo5],Weibo Gaming,All Gamers,D.Va,3
China - Stage 1,China - Stage 1__match_0033,Upper Finals [Bo5],Weibo Gaming,All Gamers,Lúcio,3
China - Stage 1,China - Stage 1__match_0034,Lower Semifinals [Bo5],JD Gaming,SV,Bastion,3
China - Stage 1,China - Stage 1__match_0034,Lower Semifinals [Bo5],JD Gaming,SV,Emre,3
China - Stage 1,China - Stage 1__match_0034,Lower Semifinals [Bo5],JD Gaming,SV,D.Va,3
China - Stage 1,China - Stage 1__match_0034,Lower Semifinals [Bo5],JD Gaming,SV,Jetpack Cat,3
China - Stage 1,China - Stage 1__match_0035,Lower Finals [Bo5],All Gamers,JD Gaming,Emre,3
China - Stage 1,China - Stage 1__match_0035,Lower Finals [Bo5],All Gamers,JD Gaming,Symmetra,3
China - Stage 1,China - Stage 1__match_0035,Lower Finals [Bo5],All Gamers,JD Gaming,Ana,3
China - Stage 1,China - Stage 1__match_0035,Lower Finals [Bo5],All Gamers,JD Gaming,Genji,3
China - Stage 1,China - Stage 1__match_0035,Lower Finals [Bo5],All Gamers,JD Gaming,Ramattra,3
EMEA - Stage 1,EMEA - Stage 1__match_0001,Round Robin [Bo5],Virtus.pro,Al Qadsiah,Pharah,3
EMEA - Stage 1,EMEA - Stage 1__match_0001,Round Robin [Bo5],Virtus.pro,Al Qadsiah,Symmetra,3
EMEA - Stage 1,EMEA - Stage 1__match_0001,Round Robin [Bo5],Virtus.pro,Al Qadsiah,Domina,3
EMEA - Stage 1,EMEA - Stage 1__match_0002,Round Robin [Bo5],Twisted Minds,Team Peps,Juno,3
EMEA - Stage 1,EMEA - Stage 1__match_0003,Round Robin [Bo5],Twisted Minds,Geekay Esports,Vendetta,3
EMEA - Stage 1,EMEA - Stage 1__match_0003,Round Robin [Bo5],Twisted Minds,Geekay Esports,Zarya,3
EMEA - Stage 1,EMEA - Stage 1__match_0003,Round Robin [Bo5],Twisted Minds,Geekay Esports,D.Va,3
EMEA - Stage 1,EMEA - Stage 1__match_0004,Round Robin [Bo5],Virtus.pro,Anyone's Legend,Tracer,3
EMEA - Stage 1,EMEA - Stage 1__match_0005,Round Robin [Bo5],Al Qadsiah,Team Peps,Widowmaker,3
EMEA - Stage 1,EMEA - Stage 1__match_0005,Round Robin [Bo5],Al Qadsiah,Team Peps,Symmetra,3
EMEA - Stage 1,EMEA - Stage 1__match_0005,Round Robin [Bo5],Al Qadsiah,Team Peps,Orisa,3
EMEA - Stage 1,EMEA - Stage 1__match_0006,Round Robin [Bo5],Al Qadsiah,Geekay Esports,Sojourn,3
EMEA - Stage 1,EMEA - Stage 1__match_0006,Round Robin [Bo5],Al Qadsiah,Geekay Esports,Widowmaker,3
EMEA - Stage 1,EMEA - Stage 1__match_0007,Round Robin [Bo5],Twisted Minds,Anyone's Legend,Tracer,3
EMEA - Stage 1,EMEA - Stage 1__match_0008,Round Robin [Bo5],Virtus.pro,Team Peps,Wrecking Ball,3
EMEA - Stage 1,EMEA - Stage 1__match_0008,Round Robin [Bo5],Virtus.pro,Team Peps,Lúcio,3
EMEA - Stage 1,EMEA - Stage 1__match_0009,Round Robin [Bo5],Team Peps,Geekay Esports,Wrecking Ball,3
EMEA - Stage 1,EMEA - Stage 1__match_0010,Round Robin [Bo5],Al Qadsiah,Anyone's Legend,Vendetta,3
EMEA - Stage 1,EMEA - Stage 1__match_0010,Round Robin [Bo5],Al Qadsiah,Anyone's Legend,Pharah,3
EMEA - Stage 1,EMEA - Stage 1__match_0010,Round Robin [Bo5],Al Qadsiah,Anyone's Legend,Tracer,3
EMEA - Stage 1,EMEA - Stage 1__match_0010,Round Robin [Bo5],Al Qadsiah,Anyone's Legend,Ana,3
EMEA - Stage 1,EMEA - Stage 1__match_0011,Round Robin [Bo5],Al Qadsiah,Twisted Minds,Widowmaker,3
EMEA - Stage 1,EMEA - Stage 1__match_0011,Round Robin [Bo5],Al Qadsiah,Twisted Minds,Zarya,3
EMEA - Stage 1,EMEA - Stage 1__match_0011,Round Robin [Bo5],Al Qadsiah,Twisted Minds,Kiriko,3
EMEA - Stage 1,EMEA - Stage 1__match_0011,Round Robin [Bo5],Al Qadsiah,Twisted Minds,Brigitte,3
EMEA - Stage 1,EMEA - Stage 1__match_0012,Round Robin [Bo5],Anyone's Legend,Team Peps,Symmetra,3
EMEA - Stage 1,EMEA - Stage 1__match_0014,Round Robin [Bo5],Virtus.pro,Twisted Minds,Kiriko,3
EMEA - Stage 1,EMEA - Stage 1__match_0015,Round Robin [Bo5],Anyone's Legend,Geekay Esports,Mauga,3
EMEA - Stage 1,EMEA - Stage 1__match_0015,Round Robin [Bo5],Anyone's Legend,Geekay Esports,Brigitte,3
EMEA - Stage 1,EMEA - Stage 1__match_0015,Round Robin [Bo5],Anyone's Legend,Geekay Esports,Jetpack Cat,3
EMEA - Stage 1,EMEA - Stage 1__match_0016,Upper Semifinals [Bo5],Twisted Minds,Al Qadsiah,Vendetta,3
EMEA - Stage 1,EMEA - Stage 1__match_0016,Upper Semifinals [Bo5],Twisted Minds,Al Qadsiah,Symmetra,3
EMEA - Stage 1,EMEA - Stage 1__match_0016,Upper Semifinals [Bo5],Twisted Minds,Al Qadsiah,Pharah,3
EMEA - Stage 1,EMEA - Stage 1__match_0016,Upper Semifinals [Bo5],Twisted Minds,Al Qadsiah,Lúcio,3
EMEA - Stage 1,EMEA - Stage 1__match_0017,Upper Semifinals [Bo5],Virtus.pro,Geekay Esports,Juno,3
EMEA - Stage 1,EMEA - Stage 1__match_0017,Upper Semifinals [Bo5],Virtus.pro,Geekay Esports,Brigitte,3
EMEA - Stage 1,EMEA - Stage 1__match_0018,Lower Semifinals [Bo5],Al Qadsiah,Virtus.pro,Tracer,3
North America - Stage 1,North America - Stage 1__match_0001,Round Robin [Bo5],Dallas Fuel,Disguised,Widowmaker,3
North America - Stage 1,North America - Stage 1__match_0001,Round Robin [Bo5],Dallas Fuel,Disguised,Juno,3
North America - Stage 1,North America - Stage 1__match_0002,Round Robin [Bo5],Spacestation Gaming,LuneX Gaming,Sojourn,3
North America - Stage 1,North America - Stage 1__match_0002,Round Robin [Bo5],Spacestation Gaming,LuneX Gaming,Juno,3
North America - Stage 1,North America - Stage 1__match_0003,Round Robin [Bo5],Team Liquid,Extinction,Vendetta,3
North America - Stage 1,North America - Stage 1__match_0003,Round Robin [Bo5],Team Liquid,Extinction,Winston,3
North America - Stage 1,North America - Stage 1__match_0003,Round Robin [Bo5],Team Liquid,Extinction,Sigma,3
North America - Stage 1,North America - Stage 1__match_0004,Round Robin [Bo5],Spacestation Gaming,Disguised,Venture,3
North America - Stage 1,North America - Stage 1__match_0004,Round Robin [Bo5],Spacestation Gaming,Disguised,Zarya,3
North America - Stage 1,North America - Stage 1__match_0004,Round Robin [Bo5],Spacestation Gaming,Disguised,Baptiste,3
North America - Stage 1,North America - Stage 1__match_0004,Round Robin [Bo5],Spacestation Gaming,Disguised,Sojourn,3
North America - Stage 1,North America - Stage 1__match_0005,Round Robin [Bo5],LuneX Gaming,Extinction,Domina,3
North America - Stage 1,North America - Stage 1__match_0005,Round Robin [Bo5],LuneX Gaming,Extinction,D.Va,3
North America - Stage 1,North America - Stage 1__match_0006,Round Robin [Bo5],Team Liquid,Dallas Fuel,Cassidy,3
North America - Stage 1,North America - Stage 1__match_0006,Round Robin [Bo5],Team Liquid,Dallas Fuel,Sojourn,3
North America - Stage 1,North America - Stage 1__match_0006,Round Robin [Bo5],Team Liquid,Dallas Fuel,Lúcio,3
North America - Stage 1,North America - Stage 1__match_0007,Round Robin [Bo5],Disguised,Extinction,Lúcio,3
North America - Stage 1,North America - Stage 1__match_0007,Round Robin [Bo5],Disguised,Extinction,Kiriko,3
North America - Stage 1,North America - Stage 1__match_0008,Round Robin [Bo5],Dallas Fuel,LuneX Gaming,Zarya,3
North America - Stage 1,North America - Stage 1__match_0008,Round Robin [Bo5],Dallas Fuel,LuneX Gaming,Orisa,3
North America - Stage 1,North America - Stage 1__match_0009,Round Robin [Bo5],Spacestation Gaming,Extinction,Vendetta,3
North America - Stage 1,North America - Stage 1__match_0009,Round Robin [Bo5],Spacestation Gaming,Extinction,Symmetra,3
North America - Stage 1,North America - Stage 1__match_0009,Round Robin [Bo5],Spacestation Gaming,Extinction,Tracer,3
North America - Stage 1,North America - Stage 1__match_0010,Round Robin [Bo5],Disguised,Team Liquid,Tracer,3
North America - Stage 1,North America - Stage 1__match_0011,Round Robin [Bo5],Spacestation Gaming,Dallas Fuel,Genji,3
North America - Stage 1,North America - Stage 1__match_0011,Round Robin [Bo5],Spacestation Gaming,Dallas Fuel,Symmetra,3
North America - Stage 1,North America - Stage 1__match_0011,Round Robin [Bo5],Spacestation Gaming,Dallas Fuel,Cassidy,3
North America - Stage 1,North America - Stage 1__match_0011,Round Robin [Bo5],Spacestation Gaming,Dallas Fuel,Winston,3
North America - Stage 1,North America - Stage 1__match_0011,Round Robin [Bo5],Spacestation Gaming,Dallas Fuel,Illari,3
North America - Stage 1,North America - Stage 1__match_0012,Round Robin [Bo5],Team Liquid,LuneX Gaming,Cassidy,3
North America - Stage 1,North America - Stage 1__match_0012,Round Robin [Bo5],Team Liquid,LuneX Gaming,Mauga,3
North America - Stage 1,North America - Stage 1__match_0012,Round Robin [Bo5],Team Liquid,LuneX Gaming,Orisa,3
North America - Stage 1,North America - Stage 1__match_0012,Round Robin [Bo5],Team Liquid,LuneX Gaming,Wrecking Ball,3
North America - Stage 1,North America - Stage 1__match_0012,Round Robin [Bo5],Team Liquid,LuneX Gaming,Brigitte,3
North America - Stage 1,North America - Stage 1__match_0013,Round Robin [Bo5],Disguised,LuneX Gaming,Cassidy,3
North America - Stage 1,North America - Stage 1__match_0013,Round Robin [Bo5],Disguised,LuneX Gaming,Sojourn,3
North America - Stage 1,North America - Stage 1__match_0014,Round Robin [Bo5],Dallas Fuel,Extinction,Mercy,3
North America - Stage 1,North America - Stage 1__match_0014,Round Robin [Bo5],Dallas Fuel,Extinction,Moira,3
North America - Stage 1,North America - Stage 1__match_0015,Round Robin [Bo5],Spacestation Gaming,Team Liquid,Symmetra,3
North America - Stage 1,North America - Stage 1__match_0015,Round Robin [Bo5],Spacestation Gaming,Team Liquid,Brigitte,3
North America - Stage 1,North America - Stage 1__match_0016,Upper Semifinals [Bo5],Dallas Fuel,LuneX Gaming,Juno,3
North America - Stage 1,North America - Stage 1__match_0017,Upper Semifinals [Bo5],Spacestation Gaming,Team Liquid,Vendetta,3
North America - Stage 1,North America - Stage 1__match_0017,Upper Semifinals [Bo5],Spacestation Gaming,Team Liquid,Zarya,3
North America - Stage 1,North America - Stage 1__match_0018,Lower Semifinals [Bo5],LuneX Gaming,Team Liquid,Tracer,3
North America - Stage 1,North America - Stage 1__match_0019,Upper Finals [Bo5],Dallas Fuel,Spacestation Gaming,Ana,3
North America - Stage 1,North America - Stage 1__match_0019,Upper Finals [Bo5],Dallas Fuel,Spacestation Gaming,Wuyang,3
North America - Stage 1,North America - Stage 1__match_0019,Upper Finals [Bo5],Dallas Fuel,Spacestation Gaming,Brigitte,3
North America - Stage 1,North America - Stage 1__match_0020,Lower Finals [Bo5],Spacestation Gaming,Team Liquid,Vendetta,3
North America - Stage 1,North America - Stage 1__match_0020,Lower Finals [Bo5],Spacestation Gaming,Team Liquid,D.Va,3
North America - Stage 1,North America - Stage 1__match_0020,Lower Finals [Bo5],Spacestation Gaming,Team Liquid,Orisa,3
North America - Stage 1,North America - Stage 1__match_0020,Lower Finals [Bo5],Spacestation Gaming,Team Liquid,Juno,3
North America - Stage 1,North America - Stage 1__match_0021,Grand Finals [Bo7],Dallas Fuel,Spacestation Gaming,Echo,3
North America - Stage 1,North America - Stage 1__match_0021,Grand Finals [Bo7],Dallas Fuel,Spacestation Gaming,Vendetta,3
North America - Stage 1,North America - Stage 1__match_0021,Grand Finals [Bo7],Dallas Fuel,Spacestation Gaming,Pharah,3
North America - Stage 1,North America - Stage 1__match_0021,Grand Finals [Bo7],Dallas Fuel,Spacestation Gaming,Cassidy,3
Pacific - Stage 1,Pacific - Stage 1__match_0001,Round Robin [Bo5],Team Secret,Rankers,Sojourn,3
Pacific - Stage 1,Pacific - Stage 1__match_0001,Round Robin [Bo5],Team Secret,Rankers,Emre,3
Pacific - Stage 1,Pacific - Stage 1__match_0001,Round Robin [Bo5],Team Secret,Rankers,Tracer,3
Pacific - Stage 1,Pacific - Stage 1__match_0001,Round Robin [Bo5],Team Secret,Rankers,Wrecking Ball,3
Pacific - Stage 1,Pacific - Stage 1__match_0001,Round Robin [Bo5],Team Secret,Rankers,Ana,3
Pacific - Stage 1,Pacific - Stage 1__match_0001,Round Robin [Bo5],Team Secret,Rankers,Mizuki,3
Pacific - Stage 1,Pacific - Stage 1__match_0003,Round Robin [Bo5],FURY,Quasar Esports,Vendetta,3
Pacific - Stage 1,Pacific - Stage 1__match_0003,Round Robin [Bo5],FURY,Quasar Esports,Emre,3
Pacific - Stage 1,Pacific - Stage 1__match_0003,Round Robin [Bo5],FURY,Quasar Esports,Zarya,3
Pacific - Stage 1,Pacific - Stage 1__match_0004,Round Robin [Bo5],FURY,The Gatos Guapos,Zarya,3
Pacific - Stage 1,Pacific - Stage 1__match_0004,Round Robin [Bo5],FURY,The Gatos Guapos,Juno,3
Pacific - Stage 1,Pacific - Stage 1__match_0005,Round Robin [Bo5],Team Secret,MieMieYang,Echo,3
Pacific - Stage 1,Pacific - Stage 1__match_0005,Round Robin [Bo5],Team Secret,MieMieYang,D.Va,3
Pacific - Stage 1,Pacific - Stage 1__match_0006,Round Robin [Bo5],Quasar Esports,Rankers,Winston,3
Pacific - Stage 1,Pacific - Stage 1__match_0006,Round Robin [Bo5],Quasar Esports,Rankers,Illari,3
Pacific - Stage 1,Pacific - Stage 1__match_0006,Round Robin [Bo5],Quasar Esports,Rankers,Brigitte,3
Pacific - Stage 1,Pacific - Stage 1__match_0007,Round Robin [Bo5],FURY,Rankers,Zarya,3
Pacific - Stage 1,Pacific - Stage 1__match_0008,Round Robin [Bo5],The Gatos Guapos,Team Secret,Juno,3
Pacific - Stage 1,Pacific - Stage 1__match_0008,Round Robin [Bo5],The Gatos Guapos,Team Secret,Ana,3
Pacific - Stage 1,Pacific - Stage 1__match_0008,Round Robin [Bo5],The Gatos Guapos,Team Secret,Illari,3
Pacific - Stage 1,Pacific - Stage 1__match_0009,Round Robin [Bo5],MieMieYang,Quasar Esports,D.Va,3
Pacific - Stage 1,Pacific - Stage 1__match_0009,Round Robin [Bo5],MieMieYang,Quasar Esports,Winston,3
Pacific - Stage 1,Pacific - Stage 1__match_0009,Round Robin [Bo5],MieMieYang,Quasar Esports,Baptiste,3
Pacific - Stage 1,Pacific - Stage 1__match_0009,Round Robin [Bo5],MieMieYang,Quasar Esports,Kiriko,3
Pacific - Stage 1,Pacific - Stage 1__match_0010,Round Robin [Bo5],Team Secret,FURY,Wrecking Ball,3
Pacific - Stage 1,Pacific - Stage 1__match_0011,Round Robin [Bo5],Quasar Esports,The Gatos Guapos,Sojourn,3
Pacific - Stage 1,Pacific - Stage 1__match_0011,Round Robin [Bo5],Quasar Esports,The Gatos Guapos,Tracer,3
Pacific - Stage 1,Pacific - Stage 1__match_0011,Round Robin [Bo5],Quasar Esports,The Gatos Guapos,Symmetra,3
Pacific - Stage 1,Pacific - Stage 1__match_0011,Round Robin [Bo5],Quasar Esports,The Gatos Guapos,D.Va,3
Pacific - Stage 1,Pacific - Stage 1__match_0011,Round Robin [Bo5],Quasar Esports,The Gatos Guapos,Anran,3
Pacific - Stage 1,Pacific - Stage 1__match_0012,Round Robin [Bo5],MieMieYang,Rankers,Echo,3
Pacific - Stage 1,Pacific - Stage 1__match_0012,Round Robin [Bo5],MieMieYang,Rankers,Pharah,3
Pacific - Stage 1,Pacific - Stage 1__match_0012,Round Robin [Bo5],MieMieYang,Rankers,Emre,3
Pacific - Stage 1,Pacific - Stage 1__match_0012,Round Robin [Bo5],MieMieYang,Rankers,Orisa,3
Pacific - Stage 1,Pacific - Stage 1__match_0012,Round Robin [Bo5],MieMieYang,Rankers,Ramattra,3
Pacific - Stage 1,Pacific - Stage 1__match_0012,Round Robin [Bo5],MieMieYang,Rankers,Ana,3
Pacific - Stage 1,Pacific - Stage 1__match_0013,Round Robin [Bo5],Team Secret,Quasar Esports,D.Va,3
Pacific - Stage 1,Pacific - Stage 1__match_0013,Round Robin [Bo5],Team Secret,Quasar Esports,Jetpack Cat,3
Pacific - Stage 1,Pacific - Stage 1__match_0013,Round Robin [Bo5],Team Secret,Quasar Esports,Mizuki,3
Pacific - Stage 1,Pacific - Stage 1__match_0013,Round Robin [Bo5],Team Secret,Quasar Esports,Ana,3
Pacific - Stage 1,Pacific - Stage 1__match_0013,Round Robin [Bo5],Team Secret,Quasar Esports,Lúcio,3
Pacific - Stage 1,Pacific - Stage 1__match_0014,Round Robin [Bo5],FURY,MieMieYang,Symmetra,3
Pacific - Stage 1,Pacific - Stage 1__match_0014,Round Robin [Bo5],FURY,MieMieYang,Widowmaker,3
Pacific - Stage 1,Pacific - Stage 1__match_0014,Round Robin [Bo5],FURY,MieMieYang,Zarya,3
Pacific - Stage 1,Pacific - Stage 1__match_0014,Round Robin [Bo5],FURY,MieMieYang,D.Va,3
Pacific - Stage 1,Pacific - Stage 1__match_0015,Round Robin [Bo5],The Gatos Guapos,Rankers,Emre,3
Pacific - Stage 1,Pacific - Stage 1__match_0015,Round Robin [Bo5],The Gatos Guapos,Rankers,Ramattra,3
Pacific - Stage 1,Pacific - Stage 1__match_0015,Round Robin [Bo5],The Gatos Guapos,Rankers,Ana,3
Pre-Season Bootcamp,Pre-Season Bootcamp__match_0001,Round 1 [Bo5],Disguised,Team Peps,Emre,2
Pre-Season Bootcamp,Pre-Season Bootcamp__match_0001,Round 1 [Bo5],Disguised,Team Peps,Ashe,2
Pre-Season Bootcamp,Pre-Season Bootcamp__match_0001,Round 1 [Bo5],Disguised,Team Peps,Anran,2
Pre-Season Bootcamp,Pre-Season Bootcamp__match_0001,Round 1 [Bo5],Disguised,Team Peps,D.Va,2
Pre-Season Bootcamp,Pre-Season Bootcamp__match_0001,Round 1 [Bo5],Disguised,Team Peps,Ramattra,2
Pre-Season Bootcamp,Pre-Season Bootcamp__match_0001,Round 1 [Bo5],Disguised,Team Peps,Wrecking Ball,2
Pre-Season Bootcamp,Pre-Season Bootcamp__match_0001,Round 1 [Bo5],Disguised,Team Peps,Mizuki,2
Pre-Season Bootcamp,Pre-Season Bootcamp__match_0001,Round 1 [Bo5],Disguised,Team Peps,Juno,2
Pre-Season Bootcamp,Pre-Season Bootcamp__match_0001,Round 1 [Bo5],Disguised,Team Peps,Hanzo,2
Pre-Season Bootcamp,Pre-Season Bootcamp__match_0001,Round 1 [Bo5],Disguised,Team Peps,Zenyatta,2
Pre-Season Bootcamp,Pre-Season Bootcamp__match_0002,Round 1 [Bo5],VARREL,Team Falcons,Emre,2
Pre-Season Bootcamp,Pre-Season Bootcamp__match_0002,Round 1 [Bo5],VARREL,Team Falcons,Cassidy,2
Pre-Season Bootcamp,Pre-Season Bootcamp__match_0002,Round 1 [Bo5],VARREL,Team Falcons,Widowmaker,2
Pre-Season Bootcamp,Pre-Season Bootcamp__match_0002,Round 1 [Bo5],VARREL,Team Falcons,Tracer,2
Pre-Season Bootcamp,Pre-Season Bootcamp__match_0002,Round 1 [Bo5],VARREL,Team Falcons,Anran,2
Pre-Season Bootcamp,Pre-Season Bootcamp__match_0002,Round 1 [Bo5],VARREL,Team Falcons,Vendetta,2
Pre-Season Bootcamp,Pre-Season Bootcamp__match_0002,Round 1 [Bo5],VARREL,Team Falcons,D.Va,2
Pre-Season Bootcamp,Pre-Season Bootcamp__match_0002,Round 1 [Bo5],VARREL,Team Falcons,Mizuki,2
Pre-Season Bootcamp,Pre-Season Bootcamp__match_0002,Round 1 [Bo5],VARREL,Team Falcons,Illari,2
Pre-Season Bootcamp,Pre-Season Bootcamp__match_0002,Round 1 [Bo5],VARREL,Team Falcons,Juno,2
Pre-Season Bootcamp,Pre-Season Bootcamp__match_0003,Round 1 [Bo5],Dallas Fuel,T1,Emre,2
Pre-Season Bootcamp,Pre-Season Bootcamp__match_0003,Round 1 [Bo5],Dallas Fuel,T1,Anran,2
Pre-Season Bootcamp,Pre-Season Bootcamp__match_0003,Round 1 [Bo5],Dallas Fuel,T1,Genji,2
Pre-Season Bootcamp,Pre-Season Bootcamp__match_0003,Round 1 [Bo5],Dallas Fuel,T1,Symmetra,2
Pre-Season Bootcamp,Pre-Season Bootcamp__match_0003,Round 1 [Bo5],Dallas Fuel,T1,Sigma,2
Pre-Season Bootcamp,Pre-Season Bootcamp__match_0003,Round 1 [Bo5],Dallas Fuel,T1,Wrecking Ball,2
Pre-Season Bootcamp,Pre-Season Bootcamp__match_0003,Round 1 [Bo5],Dallas Fuel,T1,Illari,2
Pre-Season Bootcamp,Pre-Season Bootcamp__match_0003,Round 1 [Bo5],Dallas Fuel,T1,Ana,2
Pre-Season Bootcamp,Pre-Season Bootcamp__match_0003,Round 1 [Bo5],Dallas Fuel,T1,D.Va,2
Pre-Season Bootcamp,Pre-Season Bootcamp__match_0004,Round 1 [Bo5],Virtus.pro,All Gamers,D.Va,2
Pre-Season Bootcamp,Pre-Season Bootcamp__match_0004,Round 1 [Bo5],Virtus.pro,All Gamers,Lúcio,2
Pre-Season Bootcamp,Pre-Season Bootcamp__match_0004,Round 1 [Bo5],Virtus.pro,All Gamers,Mizuki,2
Pre-Season Bootcamp,Pre-Season Bootcamp__match_0004,Round 1 [Bo5],Virtus.pro,All Gamers,Illari,2
Pre-Season Bootcamp,Pre-Season Bootcamp__match_0005,Quarterfinals [Bo5],Crazy Raccoon,Team Peps,Anran,2
Pre-Season Bootcamp,Pre-Season Bootcamp__match_0005,Quarterfinals [Bo5],Crazy Raccoon,Team Peps,Pharah,2
Pre-Season Bootcamp,Pre-Season Bootcamp__match_0005,Quarterfinals [Bo5],Crazy Raccoon,Team Peps,Hanzo,2
Pre-Season Bootcamp,Pre-Season Bootcamp__match_0005,Quarterfinals [Bo5],Crazy Raccoon,Team Peps,Emre,2
Pre-Season Bootcamp,Pre-Season Bootcamp__match_0005,Quarterfinals [Bo5],Crazy Raccoon,Team Peps,Ashe,2
Pre-Season Bootcamp,Pre-Season Bootcamp__match_0005,Quarterfinals [Bo5],Crazy Raccoon,Team Peps,Mizuki,2
Pre-Season Bootcamp,Pre-Season Bootcamp__match_0005,Quarterfinals [Bo5],Crazy Raccoon,Team Peps,Freja,2
Pre-Season Bootcamp,Pre-Season Bootcamp__match_0005,Quarterfinals [Bo5],Crazy Raccoon,Team Peps,Vendetta,2
Pre-Season Bootcamp,Pre-Season Bootcamp__match_0006,Quarterfinals [Bo5],Weibo Gaming,Team Falcons,Emre,2
Pre-Season Bootcamp,Pre-Season Bootcamp__match_0006,Quarterfinals [Bo5],Weibo Gaming,Team Falcons,Anran,2
Pre-Season Bootcamp,Pre-Season Bootcamp__match_0006,Quarterfinals [Bo5],Weibo Gaming,Team Falcons,Sigma,2
Pre-Season Bootcamp,Pre-Season Bootcamp__match_0006,Quarterfinals [Bo5],Weibo Gaming,Team Falcons,Zarya,2
Pre-Season Bootcamp,Pre-Season Bootcamp__match_0006,Quarterfinals [Bo5],Weibo Gaming,Team Falcons,Mizuki,2
Pre-Season Bootcamp,Pre-Season Bootcamp__match_0006,Quarterfinals [Bo5],Weibo Gaming,Team Falcons,Baptiste,2
Pre-Season Bootcamp,Pre-Season Bootcamp__match_0006,Quarterfinals [Bo5],Weibo Gaming,Team Falcons,Symmetra,2
Pre-Season Bootcamp,Pre-Season Bootcamp__match_0007,Quarterfinals [Bo5],Twisted Minds,T1,Anran,2
Pre-Season Bootcamp,Pre-Season Bootcamp__match_0007,Quarterfinals [Bo5],Twisted Minds,T1,Vendetta,2
Pre-Season Bootcamp,Pre-Season Bootcamp__match_0007,Quarterfinals [Bo5],Twisted Minds,T1,Emre,2
Pre-Season Bootcamp,Pre-Season Bootcamp__match_0007,Quarterfinals [Bo5],Twisted Minds,T1,D.Va,2
Pre-Season Bootcamp,Pre-Season Bootcamp__match_0007,Quarterfinals [Bo5],Twisted Minds,T1,Zarya,2
Pre-Season Bootcamp,Pre-Season Bootcamp__match_0007,Quarterfinals [Bo5],Twisted Minds,T1,Jetpack Cat,2
Pre-Season Bootcamp,Pre-Season Bootcamp__match_0007,Quarterfinals [Bo5],Twisted Minds,T1,Wuyang,2
Pre-Season Bootcamp,Pre-Season Bootcamp__match_0007,Quarterfinals [Bo5],Twisted Minds,T1,Lúcio,2
Pre-Season Bootcamp,Pre-Season Bootcamp__match_0007,Quarterfinals [Bo5],Twisted Minds,T1,Mizuki,2
Pre-Season Bootcamp,Pre-Season Bootcamp__match_0007,Quarterfinals [Bo5],Twisted Minds,T1,Ana,2
Pre-Season Bootcamp,Pre-Season Bootcamp__match_0007,Quarterfinals [Bo5],Twisted Minds,T1,Brigitte,2
Pre-Season Bootcamp,Pre-Season Bootcamp__match_0007,Quarterfinals [Bo5],Twisted Minds,T1,Kiriko,2
Pre-Season Bootcamp,Pre-Season Bootcamp__match_0008,Quarterfinals [Bo5],Team Liquid,Virtus.pro,Anran,2
Pre-Season Bootcamp,Pre-Season Bootcamp__match_0008,Quarterfinals [Bo5],Team Liquid,Virtus.pro,Echo,2
Pre-Season Bootcamp,Pre-Season Bootcamp__match_0008,Quarterfinals [Bo5],Team Liquid,Virtus.pro,Tracer,2
Pre-Season Bootcamp,Pre-Season Bootcamp__match_0008,Quarterfinals [Bo5],Team Liquid,Virtus.pro,Emre,2
Pre-Season Bootcamp,Pre-Season Bootcamp__match_0008,Quarterfinals [Bo5],Team Liquid,Virtus.pro,Widowmaker,2
Pre-Season Bootcamp,Pre-Season Bootcamp__match_0008,Quarterfinals [Bo5],Team Liquid,Virtus.pro,Wrecking Ball,2
Pre-Season Bootcamp,Pre-Season Bootcamp__match_0008,Quarterfinals [Bo5],Team Liquid,Virtus.pro,Wuyang,2
Pre-Season Bootcamp,Pre-Season Bootcamp__match_0008,Quarterfinals [Bo5],Team Liquid,Virtus.pro,Mizuki,2
Pre-Season Bootcamp,Pre-Season Bootcamp__match_0009,Semifinals [Bo5],Crazy Raccoon,Team Falcons,Anran,2
Pre-Season Bootcamp,Pre-Season Bootcamp__match_0009,Semifinals [Bo5],Crazy Raccoon,Team Falcons,Torbjörn,2
Pre-Season Bootcamp,Pre-Season Bootcamp__match_0009,Semifinals [Bo5],Crazy Raccoon,Team Falcons,Emre,2
Pre-Season Bootcamp,Pre-Season Bootcamp__match_0009,Semifinals [Bo5],Crazy Raccoon,Team Falcons,Winston,2
Pre-Season Bootcamp,Pre-Season Bootcamp__match_0009,Semifinals [Bo5],Crazy Raccoon,Team Falcons,Mizuki,2
Pre-Season Bootcamp,Pre-Season Bootcamp__match_0010,Semifinals [Bo5],Twisted Minds,Team Liquid,Anran,2
Pre-Season Bootcamp,Pre-Season Bootcamp__match_0010,Semifinals [Bo5],Twisted Minds,Team Liquid,Vendetta,2
Pre-Season Bootcamp,Pre-Season Bootcamp__match_0010,Semifinals [Bo5],Twisted Minds,Team Liquid,Genji,2
Pre-Season Bootcamp,Pre-Season Bootcamp__match_0010,Semifinals [Bo5],Twisted Minds,Team Liquid,Emre,2
Pre-Season Bootcamp,Pre-Season Bootcamp__match_0010,Semifinals [Bo5],Twisted Minds,Team Liquid,Zarya,2
Pre-Season Bootcamp,Pre-Season Bootcamp__match_0010,Semifinals [Bo5],Twisted Minds,Team Liquid,Mizuki,2
Pre-Season Bootcamp,Pre-Season Bootcamp__match_0010,Semifinals [Bo5],Twisted Minds,Team Liquid,Echo,2
Pre-Season Bootcamp,Pre-Season Bootcamp__match_0010,Semifinals [Bo5],Twisted Minds,Team Liquid,Widowmaker,2
Pre-Season Bootcamp,Pre-Season Bootcamp__match_0011,Grand Finals [Bo7],Crazy Raccoon,Twisted Minds,Anran,2
Pre-Season Bootcamp,Pre-Season Bootcamp__match_0011,Grand Finals [Bo7],Crazy Raccoon,Twisted Minds,Vendetta,2
Pre-Season Bootcamp,Pre-Season Bootcamp__match_0011,Grand Finals [Bo7],Crazy Raccoon,Twisted Minds,Emre,2
Pre-Season Bootcamp,Pre-Season Bootcamp__match_0011,Grand Finals [Bo7],Crazy Raccoon,Twisted Minds,Cassidy,2
Pre-Season Bootcamp,Pre-Season Bootcamp__match_0011,Grand Finals [Bo7],Crazy Raccoon,Twisted Minds,Brigitte,2
Pre-Season Bootcamp,Pre-Season Bootcamp__match_0011,Grand Finals [Bo7],Crazy Raccoon,Twisted Minds,Mizuki,2
Pre-Season Bootcamp,Pre-Season Bootcamp__match_0011,Grand Finals [Bo7],Crazy Raccoon,Twisted Minds,Wuyang,2
Japan - Stage 1,Japan - Stage 1__match_0001,Round Robin [Bo5],Please Not Hero Ban,Telomere,Ashe,2
Japan - Stage 1,Japan - Stage 1__match_0001,Round Robin [Bo5],Please Not Hero Ban,Telomere,Emre,2
Japan - Stage 1,Japan - Stage 1__match_0001,Round Robin [Bo5],Please Not Hero Ban,Telomere,D.Va,2
Japan - Stage 1,Japan - Stage 1__match_0001,Round Robin [Bo5],Please Not Hero Ban,Telomere,Mei,2
Japan - Stage 1,Japan - Stage 1__match_0001,Round Robin [Bo5],Please Not Hero Ban,Telomere,Reinhardt,2
Japan - Stage 1,Japan - Stage 1__match_0001,Round Robin [Bo5],Please Not Hero Ban,Telomere,Wuyang,2
Japan - Stage 1,Japan - Stage 1__match_0001,Round Robin [Bo5],Please Not Hero Ban,Telomere,Baptiste,2
Japan - Stage 1,Japan - Stage 1__match_0002,Round Robin [Bo5],ENTER FORCE.36,Nyam Gaming,Echo,2
Japan - Stage 1,Japan - Stage 1__match_0002,Round Robin [Bo5],ENTER FORCE.36,Nyam Gaming,Wuyang,2
Japan - Stage 1,Japan - Stage 1__match_0002,Round Robin [Bo5],ENTER FORCE.36,Nyam Gaming,Juno,2
Japan - Stage 1,Japan - Stage 1__match_0003,Round Robin [Bo5],TOKYO TAIYOs,VARREL,Winston,2
Japan - Stage 1,Japan - Stage 1__match_0003,Round Robin [Bo5],TOKYO TAIYOs,VARREL,Wuyang,2
Japan - Stage 1,Japan - Stage 1__match_0003,Round Robin [Bo5],TOKYO TAIYOs,VARREL,Ana,2
Japan - Stage 1,Japan - Stage 1__match_0004,Round Robin [Bo5],Lazuli,99DIVINE,Emre,2
Japan - Stage 1,Japan - Stage 1__match_0004,Round Robin [Bo5],Lazuli,99DIVINE,Doomfist,2
Japan - Stage 1,Japan - Stage 1__match_0004,Round Robin [Bo5],Lazuli,99DIVINE,Winston,2
Japan - Stage 1,Japan - Stage 1__match_0004,Round Robin [Bo5],Lazuli,99DIVINE,Ana,2
Japan - Stage 1,Japan - Stage 1__match_0004,Round Robin [Bo5],Lazuli,99DIVINE,D.Va,2
Japan - Stage 1,Japan - Stage 1__match_0005,Round Robin [Bo5],Please Not Hero Ban,VARREL,Tracer,2
Japan - Stage 1,Japan - Stage 1__match_0005,Round Robin [Bo5],Please Not Hero Ban,VARREL,Ramattra,2
Japan - Stage 1,Japan - Stage 1__match_0005,Round Robin [Bo5],Please Not Hero Ban,VARREL,Zarya,2
Japan - Stage 1,Japan - Stage 1__match_0005,Round Robin [Bo5],Please Not Hero Ban,VARREL,Ana,2
Japan - Stage 1,Japan - Stage 1__match_0005,Round Robin [Bo5],Please Not Hero Ban,VARREL,Emre,2
Japan - Stage 1,Japan - Stage 1__match_0005,Round Robin [Bo5],Please Not Hero Ban,VARREL,Vendetta,2
Japan - Stage 1,Japan - Stage 1__match_0005,Round Robin [Bo5],Please Not Hero Ban,VARREL,Wuyang,2
Japan - Stage 1,Japan - Stage 1__match_0006,Round Robin [Bo5],TOKYO TAIYOs,Nyam Gaming,Widowmaker,2
Japan - Stage 1,Japan - Stage 1__match_0006,Round Robin [Bo5],TOKYO TAIYOs,Nyam Gaming,Cassidy,2
Japan - Stage 1,Japan - Stage 1__match_0006,Round Robin [Bo5],TOKYO TAIYOs,Nyam Gaming,Tracer,2
Japan - Stage 1,Japan - Stage 1__match_0006,Round Robin [Bo5],TOKYO TAIYOs,Nyam Gaming,Mei,2
Japan - Stage 1,Japan - Stage 1__match_0006,Round Robin [Bo5],TOKYO TAIYOs,Nyam Gaming,Wrecking Ball,2
Japan - Stage 1,Japan - Stage 1__match_0006,Round Robin [Bo5],TOKYO TAIYOs,Nyam Gaming,Emre,2
Japan - Stage 1,Japan - Stage 1__match_0006,Round Robin [Bo5],TOKYO TAIYOs,Nyam Gaming,Sojourn,2
Japan - Stage 1,Japan - Stage 1__match_0006,Round Robin [Bo5],TOKYO TAIYOs,Nyam Gaming,D.Va,2
Japan - Stage 1,Japan - Stage 1__match_0007,Round Robin [Bo5],Please Not Hero Ban,Lazuli,Tracer,2
Japan - Stage 1,Japan - Stage 1__match_0007,Round Robin [Bo5],Please Not Hero Ban,Lazuli,Widowmaker,2
Japan - Stage 1,Japan - Stage 1__match_0007,Round Robin [Bo5],Please Not Hero Ban,Lazuli,Wrecking Ball,2
Japan - Stage 1,Japan - Stage 1__match_0007,Round Robin [Bo5],Please Not Hero Ban,Lazuli,Illari,2
Japan - Stage 1,Japan - Stage 1__match_0007,Round Robin [Bo5],Please Not Hero Ban,Lazuli,Jetpack Cat,2
Japan - Stage 1,Japan - Stage 1__match_0007,Round Robin [Bo5],Please Not Hero Ban,Lazuli,Sojourn,2
Japan - Stage 1,Japan - Stage 1__match_0007,Round Robin [Bo5],Please Not Hero Ban,Lazuli,Brigitte,2
Japan - Stage 1,Japan - Stage 1__match_0007,Round Robin [Bo5],Please Not Hero Ban,Lazuli,Juno,2
Japan - Stage 1,Japan - Stage 1__match_0008,Round Robin [Bo5],TOKYO TAIYOs,99DIVINE,Symmetra,2
Japan - Stage 1,Japan - Stage 1__match_0008,Round Robin [Bo5],TOKYO TAIYOs,99DIVINE,Roadhog,2
Japan - Stage 1,Japan - Stage 1__match_0008,Round Robin [Bo5],TOKYO TAIYOs,99DIVINE,Doomfist,2
Japan - Stage 1,Japan - Stage 1__match_0008,Round Robin [Bo5],TOKYO TAIYOs,99DIVINE,Lúcio,2
Japan - Stage 1,Japan - Stage 1__match_0008,Round Robin [Bo5],TOKYO TAIYOs,99DIVINE,Lifeweaver,2
Japan - Stage 1,Japan - Stage 1__match_0008,Round Robin [Bo5],TOKYO TAIYOs,99DIVINE,Orisa,2
Japan - Stage 1,Japan - Stage 1__match_0008,Round Robin [Bo5],TOKYO TAIYOs,99DIVINE,Winston,2
Japan - Stage 1,Japan - Stage 1__match_0009,Round Robin [Bo5],VARREL,ENTER FORCE.36,Cassidy,2
Japan - Stage 1,Japan - Stage 1__match_0009,Round Robin [Bo5],VARREL,ENTER FORCE.36,Genji,2
Japan - Stage 1,Japan - Stage 1__match_0009,Round Robin [Bo5],VARREL,ENTER FORCE.36,Orisa,2
Japan - Stage 1,Japan - Stage 1__match_0009,Round Robin [Bo5],VARREL,ENTER FORCE.36,Baptiste,2
Japan - Stage 1,Japan - Stage 1__match_0009,Round Robin [Bo5],VARREL,ENTER FORCE.36,Brigitte,2
Japan - Stage 1,Japan - Stage 1__match_0009,Round Robin [Bo5],VARREL,ENTER FORCE.36,Illari,2
Japan - Stage 1,Japan - Stage 1__match_0009,Round Robin [Bo5],VARREL,ENTER FORCE.36,Ana,2
Japan - Stage 1,Japan - Stage 1__match_0009,Round Robin [Bo5],VARREL,ENTER FORCE.36,Hazard,2
Japan - Stage 1,Japan - Stage 1__match_0009,Round Robin [Bo5],VARREL,ENTER FORCE.36,Lúcio,2
Japan - Stage 1,Japan - Stage 1__match_0009,Round Robin [Bo5],VARREL,ENTER FORCE.36,Mizuki,2
Japan - Stage 1,Japan - Stage 1__match_0010,Round Robin [Bo5],Telomere,Lazuli,Tracer,2
Japan - Stage 1,Japan - Stage 1__match_0010,Round Robin [Bo5],Telomere,Lazuli,Emre,2
Japan - Stage 1,Japan - Stage 1__match_0011,Round Robin [Bo5],TOKYO TAIYOs,Please Not Hero Ban,Mei,2
Japan - Stage 1,Japan - Stage 1__match_0011,Round Robin [Bo5],TOKYO TAIYOs,Please Not Hero Ban,Tracer,2
Japan - Stage 1,Japan - Stage 1__match_0011,Round Robin [Bo5],TOKYO TAIYOs,Please Not Hero Ban,Juno,2
Japan - Stage 1,Japan - Stage 1__match_0011,Round Robin [Bo5],TOKYO TAIYOs,Please Not Hero Ban,Orisa,2
Japan - Stage 1,Japan - Stage 1__match_0012,Round Robin [Bo5],99DIVINE,ENTER FORCE.36,Cassidy,2
Japan - Stage 1,Japan - Stage 1__match_0012,Round Robin [Bo5],99DIVINE,ENTER FORCE.36,Symmetra,2
Japan - Stage 1,Japan - Stage 1__match_0012,Round Robin [Bo5],99DIVINE,ENTER FORCE.36,Lúcio,2
Japan - Stage 1,Japan - Stage 1__match_0012,Round Robin [Bo5],99DIVINE,ENTER FORCE.36,Ana,2
Japan - Stage 1,Japan - Stage 1__match_0012,Round Robin [Bo5],99DIVINE,ENTER FORCE.36,Mizuki,2
Japan - Stage 1,Japan - Stage 1__match_0012,Round Robin [Bo5],99DIVINE,ENTER FORCE.36,Orisa,2
Japan - Stage 1,Japan - Stage 1__match_0013,Round Robin [Bo5],99DIVINE,Please Not Hero Ban,Echo,2
Japan - Stage 1,Japan - Stage 1__match_0013,Round Robin [Bo5],99DIVINE,Please Not Hero Ban,Wrecking Ball,2
Japan - Stage 1,Japan - Stage 1__match_0013,Round Robin [Bo5],99DIVINE,Please Not Hero Ban,Ana,2
Japan - Stage 1,Japan - Stage 1__match_0013,Round Robin [Bo5],99DIVINE,Please Not Hero Ban,Wuyang,2
Japan - Stage 1,Japan - Stage 1__match_0013,Round Robin [Bo5],99DIVINE,Please Not Hero Ban,Mizuki,2
Japan - Stage 1,Japan - Stage 1__match_0014,Round Robin [Bo5],Telomere,ENTER FORCE.36,Tracer,2
Japan - Stage 1,Japan - Stage 1__match_0014,Round Robin [Bo5],Telomere,ENTER FORCE.36,D.Va,2
Japan - Stage 1,Japan - Stage 1__match_0014,Round Robin [Bo5],Telomere,ENTER FORCE.36,Ramattra,2
Japan - Stage 1,Japan - Stage 1__match_0014,Round Robin [Bo5],Telomere,ENTER FORCE.36,Zarya,2
Japan - Stage 1,Japan - Stage 1__match_0014,Round Robin [Bo5],Telomere,ENTER FORCE.36,Winston,2
Japan - Stage 1,Japan - Stage 1__match_0014,Round Robin [Bo5],Telomere,ENTER FORCE.36,Brigitte,2
Japan - Stage 1,Japan - Stage 1__match_0016,Round Robin [Bo5],VARREL,Lazuli,Echo,2
Japan - Stage 1,Japan - Stage 1__match_0016,Round Robin [Bo5],VARREL,Lazuli,Vendetta,2
Japan - Stage 1,Japan - Stage 1__match_0016,Round Robin [Bo5],VARREL,Lazuli,Widowmaker,2
Japan - Stage 1,Japan - Stage 1__match_0016,Round Robin [Bo5],VARREL,Lazuli,Sigma,2
Japan - Stage 1,Japan - Stage 1__match_0016,Round Robin [Bo5],VARREL,Lazuli,Jetpack Cat,2
Japan - Stage 1,Japan - Stage 1__match_0016,Round Robin [Bo5],VARREL,Lazuli,Illari,2
Japan - Stage 1,Japan - Stage 1__match_0016,Round Robin [Bo5],VARREL,Lazuli,Kiriko,2
Japan - Stage 1,Japan - Stage 1__match_0016,Round Robin [Bo5],VARREL,Lazuli,Sojourn,2
Japan - Stage 1,Japan - Stage 1__match_0016,Round Robin [Bo5],VARREL,Lazuli,Tracer,2
Japan - Stage 1,Japan - Stage 1__match_0016,Round Robin [Bo5],VARREL,Lazuli,Ramattra,2
Japan - Stage 1,Japan - Stage 1__match_0016,Round Robin [Bo5],VARREL,Lazuli,Reinhardt,2
Japan - Stage 1,Japan - Stage 1__match_0016,Round Robin [Bo5],VARREL,Lazuli,Lúcio,2
Japan - Stage 1,Japan - Stage 1__match_0017,Round Robin [Bo5],Telomere,Nyam Gaming,Sojourn,2
Japan - Stage 1,Japan - Stage 1__match_0017,Round Robin [Bo5],Telomere,Nyam Gaming,Winston,2
Japan - Stage 1,Japan - Stage 1__match_0017,Round Robin [Bo5],Telomere,Nyam Gaming,Ramattra,2
Japan - Stage 1,Japan - Stage 1__match_0018,Round Robin [Bo5],ENTER FORCE.36,TOKYO TAIYOs,Sojourn,2
Japan - Stage 1,Japan - Stage 1__match_0018,Round Robin [Bo5],ENTER FORCE.36,TOKYO TAIYOs,Genji,2
Japan - Stage 1,Japan - Stage 1__match_0018,Round Robin [Bo5],ENTER FORCE.36,TOKYO TAIYOs,Echo,2
Japan - Stage 1,Japan - Stage 1__match_0018,Round Robin [Bo5],ENTER FORCE.36,TOKYO TAIYOs,Winston,2
Japan - Stage 1,Japan - Stage 1__match_0018,Round Robin [Bo5],ENTER FORCE.36,TOKYO TAIYOs,Ana,2
Japan - Stage 1,Japan - Stage 1__match_0018,Round Robin [Bo5],ENTER FORCE.36,TOKYO TAIYOs,Mei,2
Japan - Stage 1,Japan - Stage 1__match_0019,Round Robin [Bo5],99DIVINE,Nyam Gaming,Juno,2
Japan - Stage 1,Japan - Stage 1__match_0020,Round Robin [Bo5],VARREL,Telomere,Vendetta,2
Japan - Stage 1,Japan - Stage 1__match_0020,Round Robin [Bo5],VARREL,Telomere,Symmetra,2
Japan - Stage 1,Japan - Stage 1__match_0020,Round Robin [Bo5],VARREL,Telomere,Wrecking Ball,2
Japan - Stage 1,Japan - Stage 1__match_0020,Round Robin [Bo5],VARREL,Telomere,Sojourn,2
Japan - Stage 1,Japan - Stage 1__match_0020,Round Robin [Bo5],VARREL,Telomere,Moira,2
Japan - Stage 1,Japan - Stage 1__match_0021,Round Robin [Bo5],Lazuli,ENTER FORCE.36,Sojourn,2
Japan - Stage 1,Japan - Stage 1__match_0021,Round Robin [Bo5],Lazuli,ENTER FORCE.36,Symmetra,2
Japan - Stage 1,Japan - Stage 1__match_0021,Round Robin [Bo5],Lazuli,ENTER FORCE.36,Vendetta,2
Japan - Stage 1,Japan - Stage 1__match_0021,Round Robin [Bo5],Lazuli,ENTER FORCE.36,Ramattra,2
Japan - Stage 1,Japan - Stage 1__match_0021,Round Robin [Bo5],Lazuli,ENTER FORCE.36,Wuyang,2
Japan - Stage 1,Japan - Stage 1__match_0022,Round Robin [Bo5],Please Not Hero Ban,Nyam Gaming,Cassidy,2
Japan - Stage 1,Japan - Stage 1__match_0022,Round Robin [Bo5],Please Not Hero Ban,Nyam Gaming,Tracer,2
Japan - Stage 1,Japan - Stage 1__match_0022,Round Robin [Bo5],Please Not Hero Ban,Nyam Gaming,Winston,2
Japan - Stage 1,Japan - Stage 1__match_0022,Round Robin [Bo5],Please Not Hero Ban,Nyam Gaming,Ana,2
Japan - Stage 1,Japan - Stage 1__match_0022,Round Robin [Bo5],Please Not Hero Ban,Nyam Gaming,Brigitte,2
Japan - Stage 1,Japan - Stage 1__match_0022,Round Robin [Bo5],Please Not Hero Ban,Nyam Gaming,Widowmaker,2
Japan - Stage 1,Japan - Stage 1__match_0022,Round Robin [Bo5],Please Not Hero Ban,Nyam Gaming,Zarya,2
Japan - Stage 1,Japan - Stage 1__match_0023,Round Robin [Bo5],Lazuli,TOKYO TAIYOs,Widowmaker,2
Japan - Stage 1,Japan - Stage 1__match_0023,Round Robin [Bo5],Lazuli,TOKYO TAIYOs,Freja,2
Japan - Stage 1,Japan - Stage 1__match_0023,Round Robin [Bo5],Lazuli,TOKYO TAIYOs,Vendetta,2
Japan - Stage 1,Japan - Stage 1__match_0023,Round Robin [Bo5],Lazuli,TOKYO TAIYOs,Emre,2
Japan - Stage 1,Japan - Stage 1__match_0023,Round Robin [Bo5],Lazuli,TOKYO TAIYOs,Wuyang,2
Japan - Stage 1,Japan - Stage 1__match_0023,Round Robin [Bo5],Lazuli,TOKYO TAIYOs,Baptiste,2
Japan - Stage 1,Japan - Stage 1__match_0023,Round Robin [Bo5],Lazuli,TOKYO TAIYOs,Bastion,2
Japan - Stage 1,Japan - Stage 1__match_0023,Round Robin [Bo5],Lazuli,TOKYO TAIYOs,Sigma,2
Japan - Stage 1,Japan - Stage 1__match_0024,Round Robin [Bo5],99DIVINE,Telomere,Echo,2
Japan - Stage 1,Japan - Stage 1__match_0024,Round Robin [Bo5],99DIVINE,Telomere,Hazard,2
Japan - Stage 1,Japan - Stage 1__match_0024,Round Robin [Bo5],99DIVINE,Telomere,Mauga,2
Japan - Stage 1,Japan - Stage 1__match_0024,Round Robin [Bo5],99DIVINE,Telomere,Wuyang,2
Japan - Stage 1,Japan - Stage 1__match_0024,Round Robin [Bo5],99DIVINE,Telomere,Vendetta,2
Japan - Stage 1,Japan - Stage 1__match_0024,Round Robin [Bo5],99DIVINE,Telomere,D.Va,2
Japan - Stage 1,Japan - Stage 1__match_0025,Round Robin [Bo5],Please Not Hero Ban,ENTER FORCE.36,Zarya,2
Japan - Stage 1,Japan - Stage 1__match_0025,Round Robin [Bo5],Please Not Hero Ban,ENTER FORCE.36,Hazard,2
Japan - Stage 1,Japan - Stage 1__match_0026,Round Robin [Bo5],Lazuli,Nyam Gaming,Doomfist,2
Japan - Stage 1,Japan - Stage 1__match_0026,Round Robin [Bo5],Lazuli,Nyam Gaming,Ramattra,2
Japan - Stage 1,Japan - Stage 1__match_0026,Round Robin [Bo5],Lazuli,Nyam Gaming,Jetpack Cat,2
Japan - Stage 1,Japan - Stage 1__match_0026,Round Robin [Bo5],Lazuli,Nyam Gaming,Zarya,2
Japan - Stage 1,Japan - Stage 1__match_0027,Round Robin [Bo5],VARREL,99DIVINE,Widowmaker,2
Japan - Stage 1,Japan - Stage 1__match_0027,Round Robin [Bo5],VARREL,99DIVINE,Vendetta,2
Japan - Stage 1,Japan - Stage 1__match_0027,Round Robin [Bo5],VARREL,99DIVINE,Illari,2
Japan - Stage 1,Japan - Stage 1__match_0027,Round Robin [Bo5],VARREL,99DIVINE,Jetpack Cat,2
Japan - Stage 1,Japan - Stage 1__match_0027,Round Robin [Bo5],VARREL,99DIVINE,Winston,2
Japan - Stage 1,Japan - Stage 1__match_0027,Round Robin [Bo5],VARREL,99DIVINE,Juno,2
Japan - Stage 1,Japan - Stage 1__match_0028,Round Robin [Bo5],TOKYO TAIYOs,Telomere,Bastion,2
Japan - Stage 1,Japan - Stage 1__match_0028,Round Robin [Bo5],TOKYO TAIYOs,Telomere,Symmetra,2
Japan - Stage 1,Japan - Stage 1__match_0028,Round Robin [Bo5],TOKYO TAIYOs,Telomere,Vendetta,2
Japan - Stage 1,Japan - Stage 1__match_0028,Round Robin [Bo5],TOKYO TAIYOs,Telomere,Mei,2
Japan - Stage 1,Japan - Stage 1__match_0028,Round Robin [Bo5],TOKYO TAIYOs,Telomere,Emre,2
Japan - Stage 1,Japan - Stage 1__match_0028,Round Robin [Bo5],TOKYO TAIYOs,Telomere,Cassidy,2
Japan - Stage 1,Japan - Stage 1__match_0028,Round Robin [Bo5],TOKYO TAIYOs,Telomere,Sojourn,2
Japan - Stage 1,Japan - Stage 1__match_0029,Semifinals [Bo7],ENTER FORCE.36,Please Not Hero Ban,Kiriko,2
Japan - Stage 1,Japan - Stage 1__match_0030,Semifinals [Bo7],VARREL,99DIVINE,Cassidy,2
Japan - Stage 1,Japan - Stage 1__match_0030,Semifinals [Bo7],VARREL,99DIVINE,Echo,2
Japan - Stage 1,Japan - Stage 1__match_0031,Third Place Match [Bo7],Please Not Hero Ban,99DIVINE,D.Va,2
Japan - Stage 1,Japan - Stage 1__match_0031,Third Place Match [Bo7],Please Not Hero Ban,99DIVINE,Zarya,2
Japan - Stage 1,Japan - Stage 1__match_0031,Third Place Match [Bo7],Please Not Hero Ban,99DIVINE,Mauga,2
Japan - Stage 1,Japan - Stage 1__match_0031,Third Place Match [Bo7],Please Not Hero Ban,99DIVINE,Ana,2
Japan - Stage 1,Japan - Stage 1__match_0031,Third Place Match [Bo7],Please Not Hero Ban,99DIVINE,Sojourn,2
Japan - Stage 1,Japan - Stage 1__match_0031,Third Place Match [Bo7],Please Not Hero Ban,99DIVINE,Winston,2
Japan - Stage 1,Japan - Stage 1__match_0031,Third Place Match [Bo7],Please Not Hero Ban,99DIVINE,Brigitte,2
Japan - Stage 1,Japan - Stage 1__match_0032,Grand Finals [Bo7],VARREL,ENTER FORCE.36,Echo,2
Japan - Stage 1,Japan - Stage 1__match_0032,Grand Finals [Bo7],VARREL,ENTER FORCE.36,Winston,2
Japan - Stage 1,Japan - Stage 1__match_0032,Grand Finals [Bo7],VARREL,ENTER FORCE.36,Sombra,2
Japan - Stage 1,Japan - Stage 1__match_0032,Grand Finals [Bo7],VARREL,ENTER FORCE.36,Orisa,2
Japan - Stage 1,Japan - Stage 1__match_0032,Grand Finals [Bo7],VARREL,ENTER FORCE.36,Lúcio,2
Korea - Stage 1,Korea - Stage 1__match_0001,Round Robin [Bo5],Cheeseburger,Poker Face,Emre,2
Korea - Stage 1,Korea - Stage 1__match_0001,Round Robin [Bo5],Cheeseburger,Poker Face,Orisa,2
Korea - Stage 1,Korea - Stage 1__match_0001,Round Robin [Bo5],Cheeseburger,Poker Face,Doomfist,2
Korea - Stage 1,Korea - Stage 1__match_0002,Round Robin [Bo5],Crazy Raccoon,ZETA DIVISION,Genji,2
Korea - Stage 1,Korea - Stage 1__match_0002,Round Robin [Bo5],Crazy Raccoon,ZETA DIVISION,Venture,2
Korea - Stage 1,Korea - Stage 1__match_0002,Round Robin [Bo5],Crazy Raccoon,ZETA DIVISION,Mauga,2
Korea - Stage 1,Korea - Stage 1__match_0002,Round Robin [Bo5],Crazy Raccoon,ZETA DIVISION,Emre,2
Korea - Stage 1,Korea - Stage 1__match_0002,Round Robin [Bo5],Crazy Raccoon,ZETA DIVISION,Baptiste,2
Korea - Stage 1,Korea - Stage 1__match_0002,Round Robin [Bo5],Crazy Raccoon,ZETA DIVISION,Ana,2
Korea - Stage 1,Korea - Stage 1__match_0002,Round Robin [Bo5],Crazy Raccoon,ZETA DIVISION,Illari,2
Korea - Stage 1,Korea - Stage 1__match_0003,Round Robin [Bo5],ZAN Esports,RØDE ONSIDE GAMING,Tracer,2
Korea - Stage 1,Korea - Stage 1__match_0003,Round Robin [Bo5],ZAN Esports,RØDE ONSIDE GAMING,Orisa,2
Korea - Stage 1,Korea - Stage 1__match_0003,Round Robin [Bo5],ZAN Esports,RØDE ONSIDE GAMING,Wrecking Ball,2
Korea - Stage 1,Korea - Stage 1__match_0003,Round Robin [Bo5],ZAN Esports,RØDE ONSIDE GAMING,Doomfist,2
Korea - Stage 1,Korea - Stage 1__match_0003,Round Robin [Bo5],ZAN Esports,RØDE ONSIDE GAMING,Symmetra,2
Korea - Stage 1,Korea - Stage 1__match_0004,Round Robin [Bo5],New Era,T1,Zarya,2
Korea - Stage 1,Korea - Stage 1__match_0004,Round Robin [Bo5],New Era,T1,Domina,2
Korea - Stage 1,Korea - Stage 1__match_0004,Round Robin [Bo5],New Era,T1,D.Va,2
Korea - Stage 1,Korea - Stage 1__match_0004,Round Robin [Bo5],New Era,T1,Ana,2
Korea - Stage 1,Korea - Stage 1__match_0005,Round Robin [Bo5],Cheeseburger,Team Falcons,Symmetra,2
Korea - Stage 1,Korea - Stage 1__match_0005,Round Robin [Bo5],Cheeseburger,Team Falcons,Winston,2
Korea - Stage 1,Korea - Stage 1__match_0006,Round Robin [Bo5],ZAN Esports,Crazy Raccoon,Emre,2
Korea - Stage 1,Korea - Stage 1__match_0006,Round Robin [Bo5],ZAN Esports,Crazy Raccoon,Orisa,2
Korea - Stage 1,Korea - Stage 1__match_0006,Round Robin [Bo5],ZAN Esports,Crazy Raccoon,Tracer,2
Korea - Stage 1,Korea - Stage 1__match_0006,Round Robin [Bo5],ZAN Esports,Crazy Raccoon,Baptiste,2
Korea - Stage 1,Korea - Stage 1__match_0007,Round Robin [Bo5],Poker Face,New Era,Tracer,2
Korea - Stage 1,Korea - Stage 1__match_0007,Round Robin [Bo5],Poker Face,New Era,Zarya,2
Korea - Stage 1,Korea - Stage 1__match_0007,Round Robin [Bo5],Poker Face,New Era,Juno,2
Korea - Stage 1,Korea - Stage 1__match_0007,Round Robin [Bo5],Poker Face,New Era,Lúcio,2
Korea - Stage 1,Korea - Stage 1__match_0007,Round Robin [Bo5],Poker Face,New Era,Sojourn,2
Korea - Stage 1,Korea - Stage 1__match_0007,Round Robin [Bo5],Poker Face,New Era,Brigitte,2
Korea - Stage 1,Korea - Stage 1__match_0007,Round Robin [Bo5],Poker Face,New Era,Illari,2
Korea - Stage 1,Korea - Stage 1__match_0008,Round Robin [Bo5],RØDE ONSIDE GAMING,T1,Tracer,2
Korea - Stage 1,Korea - Stage 1__match_0008,Round Robin [Bo5],RØDE ONSIDE GAMING,T1,Zarya,2
Korea - Stage 1,Korea - Stage 1__match_0008,Round Robin [Bo5],RØDE ONSIDE GAMING,T1,Echo,2
Korea - Stage 1,Korea - Stage 1__match_0009,Round Robin [Bo5],ZETA DIVISION,Team Falcons,Emre,2
Korea - Stage 1,Korea - Stage 1__match_0009,Round Robin [Bo5],ZETA DIVISION,Team Falcons,Venture,2
Korea - Stage 1,Korea - Stage 1__match_0009,Round Robin [Bo5],ZETA DIVISION,Team Falcons,Cassidy,2
Korea - Stage 1,Korea - Stage 1__match_0009,Round Robin [Bo5],ZETA DIVISION,Team Falcons,Orisa,2
Korea - Stage 1,Korea - Stage 1__match_0009,Round Robin [Bo5],ZETA DIVISION,Team Falcons,Illari,2
Korea - Stage 1,Korea - Stage 1__match_0010,Round Robin [Bo5],Cheeseburger,ZAN Esports,Zarya,2
Korea - Stage 1,Korea - Stage 1__match_0010,Round Robin [Bo5],Cheeseburger,ZAN Esports,Brigitte,2
Korea - Stage 1,Korea - Stage 1__match_0010,Round Robin [Bo5],Cheeseburger,ZAN Esports,D.Va,2
Korea - Stage 1,Korea - Stage 1__match_0011,Round Robin [Bo5],Poker Face,ZETA DIVISION,Symmetra,2
Korea - Stage 1,Korea - Stage 1__match_0011,Round Robin [Bo5],Poker Face,ZETA DIVISION,Vendetta,2
Korea - Stage 1,Korea - Stage 1__match_0011,Round Robin [Bo5],Poker Face,ZETA DIVISION,D.Va,2
Korea - Stage 1,Korea - Stage 1__match_0011,Round Robin [Bo5],Poker Face,ZETA DIVISION,Orisa,2
Korea - Stage 1,Korea - Stage 1__match_0011,Round Robin [Bo5],Poker Face,ZETA DIVISION,Ana,2
Korea - Stage 1,Korea - Stage 1__match_0012,Round Robin [Bo5],Crazy Raccoon,RØDE ONSIDE GAMING,Mei,2
Korea - Stage 1,Korea - Stage 1__match_0012,Round Robin [Bo5],Crazy Raccoon,RØDE ONSIDE GAMING,Widowmaker,2
Korea - Stage 1,Korea - Stage 1__match_0013,Round Robin [Bo5],New Era,Team Falcons,Vendetta,2
Korea - Stage 1,Korea - Stage 1__match_0013,Round Robin [Bo5],New Era,Team Falcons,Genji,2
Korea - Stage 1,Korea - Stage 1__match_0013,Round Robin [Bo5],New Era,Team Falcons,Zarya,2
Korea - Stage 1,Korea - Stage 1__match_0014,Round Robin [Bo5],T1,Poker Face,Emre,2
Korea - Stage 1,Korea - Stage 1__match_0014,Round Robin [Bo5],T1,Poker Face,Venture,2
Korea - Stage 1,Korea - Stage 1__match_0014,Round Robin [Bo5],T1,Poker Face,D.Va,2
Korea - Stage 1,Korea - Stage 1__match_0014,Round Robin [Bo5],T1,Poker Face,Hazard,2
Korea - Stage 1,Korea - Stage 1__match_0014,Round Robin [Bo5],T1,Poker Face,Wrecking Ball,2
Korea - Stage 1,Korea - Stage 1__match_0015,Round Robin [Bo5],Crazy Raccoon,Cheeseburger,Pharah,2
Korea - Stage 1,Korea - Stage 1__match_0015,Round Robin [Bo5],Crazy Raccoon,Cheeseburger,Mei,2
Korea - Stage 1,Korea - Stage 1__match_0015,Round Robin [Bo5],Crazy Raccoon,Cheeseburger,Genji,2
Korea - Stage 1,Korea - Stage 1__match_0015,Round Robin [Bo5],Crazy Raccoon,Cheeseburger,D.Va,2
Korea - Stage 1,Korea - Stage 1__match_0015,Round Robin [Bo5],Crazy Raccoon,Cheeseburger,Juno,2
Korea - Stage 1,Korea - Stage 1__match_0015,Round Robin [Bo5],Crazy Raccoon,Cheeseburger,Wuyang,2
Korea - Stage 1,Korea - Stage 1__match_0015,Round Robin [Bo5],Crazy Raccoon,Cheeseburger,Ana,2
Korea - Stage 1,Korea - Stage 1__match_0016,Round Robin [Bo5],RØDE ONSIDE GAMING,New Era,Widowmaker,2
Korea - Stage 1,Korea - Stage 1__match_0016,Round Robin [Bo5],RØDE ONSIDE GAMING,New Era,Orisa,2
Korea - Stage 1,Korea - Stage 1__match_0016,Round Robin [Bo5],RØDE ONSIDE GAMING,New Era,Wuyang,2
Korea - Stage 1,Korea - Stage 1__match_0016,Round Robin [Bo5],RØDE ONSIDE GAMING,New Era,Juno,2
Korea - Stage 1,Korea - Stage 1__match_0016,Round Robin [Bo5],RØDE ONSIDE GAMING,New Era,Jetpack Cat,2
Korea - Stage 1,Korea - Stage 1__match_0016,Round Robin [Bo5],RØDE ONSIDE GAMING,New Era,Vendetta,2
Korea - Stage 1,Korea - Stage 1__match_0017,Round Robin [Bo5],ZAN Esports,ZETA DIVISION,Widowmaker,2
Korea - Stage 1,Korea - Stage 1__match_0017,Round Robin [Bo5],ZAN Esports,ZETA DIVISION,D.Va,2
Korea - Stage 1,Korea - Stage 1__match_0017,Round Robin [Bo5],ZAN Esports,ZETA DIVISION,Sojourn,2
Korea - Stage 1,Korea - Stage 1__match_0017,Round Robin [Bo5],ZAN Esports,ZETA DIVISION,Tracer,2
Korea - Stage 1,Korea - Stage 1__match_0017,Round Robin [Bo5],ZAN Esports,ZETA DIVISION,Ana,2
Korea - Stage 1,Korea - Stage 1__match_0018,Round Robin [Bo5],Team Falcons,T1,Bastion,2
Korea - Stage 1,Korea - Stage 1__match_0018,Round Robin [Bo5],Team Falcons,T1,D.Va,2
Korea - Stage 1,Korea - Stage 1__match_0018,Round Robin [Bo5],Team Falcons,T1,Mauga,2
Korea - Stage 1,Korea - Stage 1__match_0019,Round Robin [Bo5],RØDE ONSIDE GAMING,Cheeseburger,Vendetta,2
Korea - Stage 1,Korea - Stage 1__match_0019,Round Robin [Bo5],RØDE ONSIDE GAMING,Cheeseburger,Zarya,2
Korea - Stage 1,Korea - Stage 1__match_0019,Round Robin [Bo5],RØDE ONSIDE GAMING,Cheeseburger,Brigitte,2
Korea - Stage 1,Korea - Stage 1__match_0019,Round Robin [Bo5],RØDE ONSIDE GAMING,Cheeseburger,Ana,2
Korea - Stage 1,Korea - Stage 1__match_0020,Round Robin [Bo5],Team Falcons,Poker Face,Echo,2
Korea - Stage 1,Korea - Stage 1__match_0020,Round Robin [Bo5],Team Falcons,Poker Face,Vendetta,2
Korea - Stage 1,Korea - Stage 1__match_0020,Round Robin [Bo5],Team Falcons,Poker Face,D.Va,2
Korea - Stage 1,Korea - Stage 1__match_0021,Round Robin [Bo5],T1,Crazy Raccoon,Sombra,2
Korea - Stage 1,Korea - Stage 1__match_0021,Round Robin [Bo5],T1,Crazy Raccoon,Doomfist,2
Korea - Stage 1,Korea - Stage 1__match_0021,Round Robin [Bo5],T1,Crazy Raccoon,Wrecking Ball,2
Korea - Stage 1,Korea - Stage 1__match_0021,Round Robin [Bo5],T1,Crazy Raccoon,Cassidy,2
Korea - Stage 1,Korea - Stage 1__match_0021,Round Robin [Bo5],T1,Crazy Raccoon,Reaper,2
Korea - Stage 1,Korea - Stage 1__match_0022,Round Robin [Bo5],New Era,ZAN Esports,Anran,2
Korea - Stage 1,Korea - Stage 1__match_0022,Round Robin [Bo5],New Era,ZAN Esports,Orisa,2
Korea - Stage 1,Korea - Stage 1__match_0022,Round Robin [Bo5],New Era,ZAN Esports,Juno,2
Korea - Stage 1,Korea - Stage 1__match_0023,Round Robin [Bo5],ZETA DIVISION,RØDE ONSIDE GAMING,Widowmaker,2
Korea - Stage 1,Korea - Stage 1__match_0023,Round Robin [Bo5],ZETA DIVISION,RØDE ONSIDE GAMING,Wrecking Ball,2
Korea - Stage 1,Korea - Stage 1__match_0024,Round Robin [Bo5],Cheeseburger,T1,Widowmaker,2
Korea - Stage 1,Korea - Stage 1__match_0024,Round Robin [Bo5],Cheeseburger,T1,Mauga,2
Korea - Stage 1,Korea - Stage 1__match_0024,Round Robin [Bo5],Cheeseburger,T1,Sigma,2
Korea - Stage 1,Korea - Stage 1__match_0024,Round Robin [Bo5],Cheeseburger,T1,Orisa,2
Korea - Stage 1,Korea - Stage 1__match_0024,Round Robin [Bo5],Cheeseburger,T1,Juno,2
Korea - Stage 1,Korea - Stage 1__match_0024,Round Robin [Bo5],Cheeseburger,T1,Ana,2
Korea - Stage 1,Korea - Stage 1__match_0024,Round Robin [Bo5],Cheeseburger,T1,Jetpack Cat,2
Korea - Stage 1,Korea - Stage 1__match_0024,Round Robin [Bo5],Cheeseburger,T1,Vendetta,2
Korea - Stage 1,Korea - Stage 1__match_0024,Round Robin [Bo5],Cheeseburger,T1,Ramattra,2
Korea - Stage 1,Korea - Stage 1__match_0024,Round Robin [Bo5],Cheeseburger,T1,Roadhog,2
Korea - Stage 1,Korea - Stage 1__match_0025,Round Robin [Bo5],Team Falcons,ZAN Esports,Symmetra,2
Korea - Stage 1,Korea - Stage 1__match_0025,Round Robin [Bo5],Team Falcons,ZAN Esports,Cassidy,2
Korea - Stage 1,Korea - Stage 1__match_0025,Round Robin [Bo5],Team Falcons,ZAN Esports,Pharah,2
Korea - Stage 1,Korea - Stage 1__match_0025,Round Robin [Bo5],Team Falcons,ZAN Esports,Brigitte,2
Korea - Stage 1,Korea - Stage 1__match_0026,Round Robin [Bo5],Poker Face,Crazy Raccoon,Sojourn,2
Korea - Stage 1,Korea - Stage 1__match_0026,Round Robin [Bo5],Poker Face,Crazy Raccoon,Widowmaker,2
Korea - Stage 1,Korea - Stage 1__match_0026,Round Robin [Bo5],Poker Face,Crazy Raccoon,Juno,2
Korea - Stage 1,Korea - Stage 1__match_0026,Round Robin [Bo5],Poker Face,Crazy Raccoon,Brigitte,2
Korea - Stage 1,Korea - Stage 1__match_0027,Round Robin [Bo5],ZETA DIVISION,New Era,Cassidy,2
Korea - Stage 1,Korea - Stage 1__match_0027,Round Robin [Bo5],ZETA DIVISION,New Era,Bastion,2
Korea - Stage 1,Korea - Stage 1__match_0027,Round Robin [Bo5],ZETA DIVISION,New Era,Echo,2
Korea - Stage 1,Korea - Stage 1__match_0027,Round Robin [Bo5],ZETA DIVISION,New Era,Tracer,2
Korea - Stage 1,Korea - Stage 1__match_0027,Round Robin [Bo5],ZETA DIVISION,New Era,Brigitte,2
Korea - Stage 1,Korea - Stage 1__match_0027,Round Robin [Bo5],ZETA DIVISION,New Era,Sojourn,2
Korea - Stage 1,Korea - Stage 1__match_0027,Round Robin [Bo5],ZETA DIVISION,New Era,Lúcio,2
Korea - Stage 1,Korea - Stage 1__match_0027,Round Robin [Bo5],ZETA DIVISION,New Era,Kiriko,2
Korea - Stage 1,Korea - Stage 1__match_0028,Round Robin [Bo5],Poker Face,RØDE ONSIDE GAMING,Pharah,2
Korea - Stage 1,Korea - Stage 1__match_0028,Round Robin [Bo5],Poker Face,RØDE ONSIDE GAMING,Widowmaker,2
Korea - Stage 1,Korea - Stage 1__match_0028,Round Robin [Bo5],Poker Face,RØDE ONSIDE GAMING,Winston,2
Korea - Stage 1,Korea - Stage 1__match_0028,Round Robin [Bo5],Poker Face,RØDE ONSIDE GAMING,Brigitte,2
Korea - Stage 1,Korea - Stage 1__match_0029,Round Robin [Bo5],T1,ZETA DIVISION,Brigitte,2
Korea - Stage 1,Korea - Stage 1__match_0029,Round Robin [Bo5],T1,ZETA DIVISION,Mei,2
Korea - Stage 1,Korea - Stage 1__match_0030,Round Robin [Bo5],Crazy Raccoon,New Era,Pharah,2
Korea - Stage 1,Korea - Stage 1__match_0030,Round Robin [Bo5],Crazy Raccoon,New Era,Ramattra,2
Korea - Stage 1,Korea - Stage 1__match_0030,Round Robin [Bo5],Crazy Raccoon,New Era,Wrecking Ball,2
Korea - Stage 1,Korea - Stage 1__match_0030,Round Robin [Bo5],Crazy Raccoon,New Era,Mauga,2
Korea - Stage 1,Korea - Stage 1__match_0030,Round Robin [Bo5],Crazy Raccoon,New Era,Jetpack Cat,2
Korea - Stage 1,Korea - Stage 1__match_0030,Round Robin [Bo5],Crazy Raccoon,New Era,Juno,2
Korea - Stage 1,Korea - Stage 1__match_0030,Round Robin [Bo5],Crazy Raccoon,New Era,Brigitte,2
Korea - Stage 1,Korea - Stage 1__match_0031,Round Robin [Bo5],T1,ZAN Esports,D.Va,2
Korea - Stage 1,Korea - Stage 1__match_0031,Round Robin [Bo5],T1,ZAN Esports,Wrecking Ball,2
Korea - Stage 1,Korea - Stage 1__match_0032,Round Robin [Bo5],ZETA DIVISION,Cheeseburger,Sierra,2
Korea - Stage 1,Korea - Stage 1__match_0032,Round Robin [Bo5],ZETA DIVISION,Cheeseburger,Emre,2
Korea - Stage 1,Korea - Stage 1__match_0032,Round Robin [Bo5],ZETA DIVISION,Cheeseburger,Widowmaker,2
Korea - Stage 1,Korea - Stage 1__match_0032,Round Robin [Bo5],ZETA DIVISION,Cheeseburger,Genji,2
Korea - Stage 1,Korea - Stage 1__match_0032,Round Robin [Bo5],ZETA DIVISION,Cheeseburger,Wrecking Ball,2
Korea - Stage 1,Korea - Stage 1__match_0032,Round Robin [Bo5],ZETA DIVISION,Cheeseburger,Sigma,2
Korea - Stage 1,Korea - Stage 1__match_0032,Round Robin [Bo5],ZETA DIVISION,Cheeseburger,Jetpack Cat,2
Korea - Stage 1,Korea - Stage 1__match_0032,Round Robin [Bo5],ZETA DIVISION,Cheeseburger,Illari,2
Korea - Stage 1,Korea - Stage 1__match_0032,Round Robin [Bo5],ZETA DIVISION,Cheeseburger,Lifeweaver,2
Korea - Stage 1,Korea - Stage 1__match_0033,Round Robin [Bo5],Team Falcons,Crazy Raccoon,Cassidy,2
Korea - Stage 1,Korea - Stage 1__match_0033,Round Robin [Bo5],Team Falcons,Crazy Raccoon,Widowmaker,2
Korea - Stage 1,Korea - Stage 1__match_0033,Round Robin [Bo5],Team Falcons,Crazy Raccoon,Jetpack Cat,2
Korea - Stage 1,Korea - Stage 1__match_0033,Round Robin [Bo5],Team Falcons,Crazy Raccoon,Wrecking Ball,2
Korea - Stage 1,Korea - Stage 1__match_0033,Round Robin [Bo5],Team Falcons,Crazy Raccoon,Ramattra,2
Korea - Stage 1,Korea - Stage 1__match_0034,Round Robin [Bo5],ZAN Esports,Poker Face,Sojourn,2
Korea - Stage 1,Korea - Stage 1__match_0034,Round Robin [Bo5],ZAN Esports,Poker Face,Illari,2
Korea - Stage 1,Korea - Stage 1__match_0034,Round Robin [Bo5],ZAN Esports,Poker Face,Ana,2
Korea - Stage 1,Korea - Stage 1__match_0035,Round Robin [Bo5],RØDE ONSIDE GAMING,Team Falcons,Vendetta,2
Korea - Stage 1,Korea - Stage 1__match_0035,Round Robin [Bo5],RØDE ONSIDE GAMING,Team Falcons,Torbjörn,2
Korea - Stage 1,Korea - Stage 1__match_0035,Round Robin [Bo5],RØDE ONSIDE GAMING,Team Falcons,Genji,2
Korea - Stage 1,Korea - Stage 1__match_0035,Round Robin [Bo5],RØDE ONSIDE GAMING,Team Falcons,Hazard,2
Korea - Stage 1,Korea - Stage 1__match_0035,Round Robin [Bo5],RØDE ONSIDE GAMING,Team Falcons,Doomfist,2
Korea - Stage 1,Korea - Stage 1__match_0035,Round Robin [Bo5],RØDE ONSIDE GAMING,Team Falcons,Orisa,2
Korea - Stage 1,Korea - Stage 1__match_0035,Round Robin [Bo5],RØDE ONSIDE GAMING,Team Falcons,Ana,2
Korea - Stage 1,Korea - Stage 1__match_0035,Round Robin [Bo5],RØDE ONSIDE GAMING,Team Falcons,Cassidy,2
Korea - Stage 1,Korea - Stage 1__match_0036,Round Robin [Bo5],New Era,Cheeseburger,Hanzo,2
Korea - Stage 1,Korea - Stage 1__match_0036,Round Robin [Bo5],New Era,Cheeseburger,Emre,2
Korea - Stage 1,Korea - Stage 1__match_0036,Round Robin [Bo5],New Era,Cheeseburger,Widowmaker,2
Korea - Stage 1,Korea - Stage 1__match_0037,Last Chance Qualifier [Bo5],T1,ZAN Esports,Emre,2
Korea - Stage 1,Korea - Stage 1__match_0037,Last Chance Qualifier [Bo5],T1,ZAN Esports,Pharah,2
Korea - Stage 1,Korea - Stage 1__match_0037,Last Chance Qualifier [Bo5],T1,ZAN Esports,Sigma,2
Korea - Stage 1,Korea - Stage 1__match_0037,Last Chance Qualifier [Bo5],T1,ZAN Esports,Juno,2
Korea - Stage 1,Korea - Stage 1__match_0038,Seeding Decider [Bo5],ZETA DIVISION,RØDE ONSIDE GAMING,Cassidy,2
Korea - Stage 1,Korea - Stage 1__match_0038,Seeding Decider [Bo5],ZETA DIVISION,RØDE ONSIDE GAMING,Mei,2
Korea - Stage 1,Korea - Stage 1__match_0038,Seeding Decider [Bo5],ZETA DIVISION,RØDE ONSIDE GAMING,Pharah,2
Korea - Stage 1,Korea - Stage 1__match_0038,Seeding Decider [Bo5],ZETA DIVISION,RØDE ONSIDE GAMING,Widowmaker,2
Korea - Stage 1,Korea - Stage 1__match_0038,Seeding Decider [Bo5],ZETA DIVISION,RØDE ONSIDE GAMING,Winston,2
Korea - Stage 1,Korea - Stage 1__match_0038,Seeding Decider [Bo5],ZETA DIVISION,RØDE ONSIDE GAMING,Illari,2
Korea - Stage 1,Korea - Stage 1__match_0038,Seeding Decider [Bo5],ZETA DIVISION,RØDE ONSIDE GAMING,Brigitte,2
Korea - Stage 1,Korea - Stage 1__match_0038,Seeding Decider [Bo5],ZETA DIVISION,RØDE ONSIDE GAMING,Sombra,2
Korea - Stage 1,Korea - Stage 1__match_0039,Seeding Decider [Bo5],Crazy Raccoon,Team Falcons,Pharah,2
Korea - Stage 1,Korea - Stage 1__match_0039,Seeding Decider [Bo5],Crazy Raccoon,Team Falcons,Emre,2
Korea - Stage 1,Korea - Stage 1__match_0039,Seeding Decider [Bo5],Crazy Raccoon,Team Falcons,Ramattra,2
Korea - Stage 1,Korea - Stage 1__match_0039,Seeding Decider [Bo5],Crazy Raccoon,Team Falcons,Zarya,2
Korea - Stage 1,Korea - Stage 1__match_0039,Seeding Decider [Bo5],Crazy Raccoon,Team Falcons,D.Va,2
Korea - Stage 1,Korea - Stage 1__match_0039,Seeding Decider [Bo5],Crazy Raccoon,Team Falcons,Mauga,2
Korea - Stage 1,Korea - Stage 1__match_0039,Seeding Decider [Bo5],Crazy Raccoon,Team Falcons,Lúcio,2
Korea - Stage 1,Korea - Stage 1__match_0039,Seeding Decider [Bo5],Crazy Raccoon,Team Falcons,Juno,2
Korea - Stage 1,Korea - Stage 1__match_0040,Last Chance Qualifier [Bo5],Poker Face,Cheeseburger,Widowmaker,2
Korea - Stage 1,Korea - Stage 1__match_0040,Last Chance Qualifier [Bo5],Poker Face,Cheeseburger,Pharah,2
Korea - Stage 1,Korea - Stage 1__match_0040,Last Chance Qualifier [Bo5],Poker Face,Cheeseburger,Echo,2
Korea - Stage 1,Korea - Stage 1__match_0040,Last Chance Qualifier [Bo5],Poker Face,Cheeseburger,Mei,2
Korea - Stage 1,Korea - Stage 1__match_0040,Last Chance Qualifier [Bo5],Poker Face,Cheeseburger,Ramattra,2
Korea - Stage 1,Korea - Stage 1__match_0041,Seeding Decider [Bo5],ZETA DIVISION,Team Falcons,Mei,2
Korea - Stage 1,Korea - Stage 1__match_0041,Seeding Decider [Bo5],ZETA DIVISION,Team Falcons,Symmetra,2
Korea - Stage 1,Korea - Stage 1__match_0041,Seeding Decider [Bo5],ZETA DIVISION,Team Falcons,Reaper,2
Korea - Stage 1,Korea - Stage 1__match_0041,Seeding Decider [Bo5],ZETA DIVISION,Team Falcons,Mauga,2
Korea - Stage 1,Korea - Stage 1__match_0041,Seeding Decider [Bo5],ZETA DIVISION,Team Falcons,Baptiste,2
Korea - Stage 1,Korea - Stage 1__match_0042,Seeding Decider [Bo5],Crazy Raccoon,RØDE ONSIDE GAMING,Pharah,2
Korea - Stage 1,Korea - Stage 1__match_0042,Seeding Decider [Bo5],Crazy Raccoon,RØDE ONSIDE GAMING,Bastion,2
Korea - Stage 1,Korea - Stage 1__match_0042,Seeding Decider [Bo5],Crazy Raccoon,RØDE ONSIDE GAMING,Mei,2
Korea - Stage 1,Korea - Stage 1__match_0042,Seeding Decider [Bo5],Crazy Raccoon,RØDE ONSIDE GAMING,Ramattra,2
Korea - Stage 1,Korea - Stage 1__match_0042,Seeding Decider [Bo5],Crazy Raccoon,RØDE ONSIDE GAMING,D.Va,2
Korea - Stage 1,Korea - Stage 1__match_0042,Seeding Decider [Bo5],Crazy Raccoon,RØDE ONSIDE GAMING,Jetpack Cat,2
Korea - Stage 1,Korea - Stage 1__match_0042,Seeding Decider [Bo5],Crazy Raccoon,RØDE ONSIDE GAMING,Juno,2
Korea - Stage 1,Korea - Stage 1__match_0043,Last Chance Qualifier [Bo5],ZAN Esports,Cheeseburger,Pharah,2
Korea - Stage 1,Korea - Stage 1__match_0043,Last Chance Qualifier [Bo5],ZAN Esports,Cheeseburger,Symmetra,2
Korea - Stage 1,Korea - Stage 1__match_0043,Last Chance Qualifier [Bo5],ZAN Esports,Cheeseburger,Hazard,2
Korea - Stage 1,Korea - Stage 1__match_0043,Last Chance Qualifier [Bo5],ZAN Esports,Cheeseburger,Zarya,2
Korea - Stage 1,Korea - Stage 1__match_0043,Last Chance Qualifier [Bo5],ZAN Esports,Cheeseburger,Mauga,2
Korea - Stage 1,Korea - Stage 1__match_0044,Seeding Decider [Bo5],ZETA DIVISION,Crazy Raccoon,Emre,2
Korea - Stage 1,Korea - Stage 1__match_0044,Seeding Decider [Bo5],ZETA DIVISION,Crazy Raccoon,Symmetra,2
Korea - Stage 1,Korea - Stage 1__match_0044,Seeding Decider [Bo5],ZETA DIVISION,Crazy Raccoon,D.Va,2
Korea - Stage 1,Korea - Stage 1__match_0044,Seeding Decider [Bo5],ZETA DIVISION,Crazy Raccoon,Kiriko,2
Korea - Stage 1,Korea - Stage 1__match_0045,Seeding Decider [Bo5],Team Falcons,RØDE ONSIDE GAMING,Bastion,2
Korea - Stage 1,Korea - Stage 1__match_0045,Seeding Decider [Bo5],Team Falcons,RØDE ONSIDE GAMING,Pharah,2
Korea - Stage 1,Korea - Stage 1__match_0045,Seeding Decider [Bo5],Team Falcons,RØDE ONSIDE GAMING,Jetpack Cat,2
China - Stage 1,China - Stage 1__match_0001,Swiss Stage (Round 1) [Bo5],Milk Tea,Homie E,Genji,2
China - Stage 1,China - Stage 1__match_0001,Swiss Stage (Round 1) [Bo5],Milk Tea,Homie E,Hazard,2
China - Stage 1,China - Stage 1__match_0001,Swiss Stage (Round 1) [Bo5],Milk Tea,Homie E,Ana,2
China - Stage 1,China - Stage 1__match_0002,Swiss Stage (Round 1) [Bo5],All Gamers,DEG,Sojourn,2
China - Stage 1,China - Stage 1__match_0002,Swiss Stage (Round 1) [Bo5],All Gamers,DEG,Cassidy,2
China - Stage 1,China - Stage 1__match_0002,Swiss Stage (Round 1) [Bo5],All Gamers,DEG,Orisa,2
China - Stage 1,China - Stage 1__match_0002,Swiss Stage (Round 1) [Bo5],All Gamers,DEG,Juno,2
China - Stage 1,China - Stage 1__match_0002,Swiss Stage (Round 1) [Bo5],All Gamers,DEG,Jetpack Cat,2
China - Stage 1,China - Stage 1__match_0002,Swiss Stage (Round 1) [Bo5],All Gamers,DEG,Lúcio,2
China - Stage 1,China - Stage 1__match_0002,Swiss Stage (Round 1) [Bo5],All Gamers,DEG,Doomfist,2
China - Stage 1,China - Stage 1__match_0004,Swiss Stage (Round 1) [Bo5],JD Gaming,SV,Wrecking Ball,2
China - Stage 1,China - Stage 1__match_0004,Swiss Stage (Round 1) [Bo5],JD Gaming,SV,Sigma,2
China - Stage 1,China - Stage 1__match_0004,Swiss Stage (Round 1) [Bo5],JD Gaming,SV,Ana,2
China - Stage 1,China - Stage 1__match_0004,Swiss Stage (Round 1) [Bo5],JD Gaming,SV,Zarya,2
China - Stage 1,China - Stage 1__match_0004,Swiss Stage (Round 1) [Bo5],JD Gaming,SV,Baptiste,2
China - Stage 1,China - Stage 1__match_0005,Swiss Stage (Round 2) [Bo5],Milk Tea,Naive Piggy,Zarya,2
China - Stage 1,China - Stage 1__match_0006,Swiss Stage (Round 2) [Bo5],DEG,SV,Tracer,2
China - Stage 1,China - Stage 1__match_0006,Swiss Stage (Round 2) [Bo5],DEG,SV,Zarya,2
China - Stage 1,China - Stage 1__match_0006,Swiss Stage (Round 2) [Bo5],DEG,SV,Doomfist,2
China - Stage 1,China - Stage 1__match_0006,Swiss Stage (Round 2) [Bo5],DEG,SV,D.Va,2
China - Stage 1,China - Stage 1__match_0006,Swiss Stage (Round 2) [Bo5],DEG,SV,Wuyang,2
China - Stage 1,China - Stage 1__match_0007,Swiss Stage (Round 2) [Bo5],JD Gaming,All Gamers,Widowmaker,2
China - Stage 1,China - Stage 1__match_0007,Swiss Stage (Round 2) [Bo5],JD Gaming,All Gamers,Vendetta,2
China - Stage 1,China - Stage 1__match_0007,Swiss Stage (Round 2) [Bo5],JD Gaming,All Gamers,Brigitte,2
China - Stage 1,China - Stage 1__match_0007,Swiss Stage (Round 2) [Bo5],JD Gaming,All Gamers,Cassidy,2
China - Stage 1,China - Stage 1__match_0007,Swiss Stage (Round 2) [Bo5],JD Gaming,All Gamers,Juno,2
China - Stage 1,China - Stage 1__match_0008,Swiss Stage (Round 2) [Bo5],Weibo Gaming,Homie E,D.Va,2
China - Stage 1,China - Stage 1__match_0009,Swiss Stage (Round 3) [Bo5],All Gamers,Naive Piggy,Tracer,2
China - Stage 1,China - Stage 1__match_0009,Swiss Stage (Round 3) [Bo5],All Gamers,Naive Piggy,Symmetra,2
China - Stage 1,China - Stage 1__match_0009,Swiss Stage (Round 3) [Bo5],All Gamers,Naive Piggy,Zarya,2
China - Stage 1,China - Stage 1__match_0009,Swiss Stage (Round 3) [Bo5],All Gamers,Naive Piggy,Ana,2
China - Stage 1,China - Stage 1__match_0009,Swiss Stage (Round 3) [Bo5],All Gamers,Naive Piggy,Brigitte,2
China - Stage 1,China - Stage 1__match_0010,Swiss Stage (Round 3) [Bo5],Homie E,SV,Tracer,2
China - Stage 1,China - Stage 1__match_0010,Swiss Stage (Round 3) [Bo5],Homie E,SV,Hazard,2
China - Stage 1,China - Stage 1__match_0010,Swiss Stage (Round 3) [Bo5],Homie E,SV,Brigitte,2
China - Stage 1,China - Stage 1__match_0011,Seeding Decider [Bo5],Weibo Gaming,JD Gaming,Zarya,2
China - Stage 1,China - Stage 1__match_0011,Seeding Decider [Bo5],Weibo Gaming,JD Gaming,Orisa,2
China - Stage 1,China - Stage 1__match_0011,Seeding Decider [Bo5],Weibo Gaming,JD Gaming,Brigitte,2
China - Stage 1,China - Stage 1__match_0011,Seeding Decider [Bo5],Weibo Gaming,JD Gaming,Jetpack Cat,2
China - Stage 1,China - Stage 1__match_0011,Seeding Decider [Bo5],Weibo Gaming,JD Gaming,Juno,2
China - Stage 1,China - Stage 1__match_0011,Seeding Decider [Bo5],Weibo Gaming,JD Gaming,Baptiste,2
China - Stage 1,China - Stage 1__match_0011,Seeding Decider [Bo5],Weibo Gaming,JD Gaming,Winston,2
China - Stage 1,China - Stage 1__match_0011,Seeding Decider [Bo5],Weibo Gaming,JD Gaming,Wuyang,2
China - Stage 1,China - Stage 1__match_0012,Swiss Stage (Round 4) [Bo5],Homie E,Milk Tea,Tracer,2
China - Stage 1,China - Stage 1__match_0012,Swiss Stage (Round 4) [Bo5],Homie E,Milk Tea,Hazard,2
China - Stage 1,China - Stage 1__match_0012,Swiss Stage (Round 4) [Bo5],Homie E,Milk Tea,Sojourn,2
China - Stage 1,China - Stage 1__match_0013,Swiss Stage (Round 4) [Bo5],Naive Piggy,DEG,Zarya,2
China - Stage 1,China - Stage 1__match_0013,Swiss Stage (Round 4) [Bo5],Naive Piggy,DEG,D.Va,2
China - Stage 1,China - Stage 1__match_0013,Swiss Stage (Round 4) [Bo5],Naive Piggy,DEG,Orisa,2
China - Stage 1,China - Stage 1__match_0013,Swiss Stage (Round 4) [Bo5],Naive Piggy,DEG,Baptiste,2
China - Stage 1,China - Stage 1__match_0013,Swiss Stage (Round 4) [Bo5],Naive Piggy,DEG,Wuyang,2
China - Stage 1,China - Stage 1__match_0014,Seeding Decider [Bo5],All Gamers,SV,Zarya,2
China - Stage 1,China - Stage 1__match_0015,Seeding Decider [Bo5],Milk Tea,Naive Piggy,Mei,2
China - Stage 1,China - Stage 1__match_0015,Seeding Decider [Bo5],Milk Tea,Naive Piggy,Pharah,2
China - Stage 1,China - Stage 1__match_0015,Seeding Decider [Bo5],Milk Tea,Naive Piggy,Tracer,2
China - Stage 1,China - Stage 1__match_0016,Round Robin [Bo5],Naive Piggy,Milk Tea,Bastion,2
China - Stage 1,China - Stage 1__match_0016,Round Robin [Bo5],Naive Piggy,Milk Tea,Zarya,2
China - Stage 1,China - Stage 1__match_0016,Round Robin [Bo5],Naive Piggy,Milk Tea,Wuyang,2
China - Stage 1,China - Stage 1__match_0016,Round Robin [Bo5],Naive Piggy,Milk Tea,Illari,2
China - Stage 1,China - Stage 1__match_0017,Round Robin [Bo5],JD Gaming,All Gamers,Ana,2
China - Stage 1,China - Stage 1__match_0018,Round Robin [Bo5],Weibo Gaming,SV,Pharah,2
China - Stage 1,China - Stage 1__match_0018,Round Robin [Bo5],Weibo Gaming,SV,Widowmaker,2
China - Stage 1,China - Stage 1__match_0018,Round Robin [Bo5],Weibo Gaming,SV,Winston,2
China - Stage 1,China - Stage 1__match_0018,Round Robin [Bo5],Weibo Gaming,SV,Hazard,2
China - Stage 1,China - Stage 1__match_0018,Round Robin [Bo5],Weibo Gaming,SV,Vendetta,2
China - Stage 1,China - Stage 1__match_0018,Round Robin [Bo5],Weibo Gaming,SV,Junker Queen,2
China - Stage 1,China - Stage 1__match_0018,Round Robin [Bo5],Weibo Gaming,SV,Zarya,2
China - Stage 1,China - Stage 1__match_0018,Round Robin [Bo5],Weibo Gaming,SV,D.Va,2
China - Stage 1,China - Stage 1__match_0019,Round Robin [Bo5],All Gamers,Milk Tea,Widowmaker,2
China - Stage 1,China - Stage 1__match_0019,Round Robin [Bo5],All Gamers,Milk Tea,Tracer,2
China - Stage 1,China - Stage 1__match_0019,Round Robin [Bo5],All Gamers,Milk Tea,D.Va,2
China - Stage 1,China - Stage 1__match_0020,Round Robin [Bo5],Weibo Gaming,Naive Piggy,Pharah,2
China - Stage 1,China - Stage 1__match_0020,Round Robin [Bo5],Weibo Gaming,Naive Piggy,Genji,2
China - Stage 1,China - Stage 1__match_0020,Round Robin [Bo5],Weibo Gaming,Naive Piggy,Sojourn,2
China - Stage 1,China - Stage 1__match_0020,Round Robin [Bo5],Weibo Gaming,Naive Piggy,D.Va,2
China - Stage 1,China - Stage 1__match_0020,Round Robin [Bo5],Weibo Gaming,Naive Piggy,Orisa,2
China - Stage 1,China - Stage 1__match_0021,Round Robin [Bo5],SV,Naive Piggy,Vendetta,2
China - Stage 1,China - Stage 1__match_0021,Round Robin [Bo5],SV,Naive Piggy,Cassidy,2
China - Stage 1,China - Stage 1__match_0022,Round Robin [Bo5],Weibo Gaming,All Gamers,Echo,2
China - Stage 1,China - Stage 1__match_0022,Round Robin [Bo5],Weibo Gaming,All Gamers,D.Va,2
China - Stage 1,China - Stage 1__match_0022,Round Robin [Bo5],Weibo Gaming,All Gamers,Lúcio,2
China - Stage 1,China - Stage 1__match_0022,Round Robin [Bo5],Weibo Gaming,All Gamers,Widowmaker,2
China - Stage 1,China - Stage 1__match_0022,Round Robin [Bo5],Weibo Gaming,All Gamers,Venture,2
China - Stage 1,China - Stage 1__match_0023,Round Robin [Bo5],JD Gaming,Milk Tea,Widowmaker,2
China - Stage 1,China - Stage 1__match_0023,Round Robin [Bo5],JD Gaming,Milk Tea,Cassidy,2
China - Stage 1,China - Stage 1__match_0023,Round Robin [Bo5],JD Gaming,Milk Tea,Symmetra,2
China - Stage 1,China - Stage 1__match_0023,Round Robin [Bo5],JD Gaming,Milk Tea,Lúcio,2
China - Stage 1,China - Stage 1__match_0023,Round Robin [Bo5],JD Gaming,Milk Tea,Sigma,2
China - Stage 1,China - Stage 1__match_0024,Round Robin [Bo5],SV,Milk Tea,Wuyang,2
China - Stage 1,China - Stage 1__match_0024,Round Robin [Bo5],SV,Milk Tea,Ramattra,2
China - Stage 1,China - Stage 1__match_0024,Round Robin [Bo5],SV,Milk Tea,Doomfist,2
China - Stage 1,China - Stage 1__match_0025,Round Robin [Bo5],JD Gaming,Naive Piggy,D.Va,2
China - Stage 1,China - Stage 1__match_0026,Round Robin [Bo5],All Gamers,Naive Piggy,Sojourn,2
China - Stage 1,China - Stage 1__match_0026,Round Robin [Bo5],All Gamers,Naive Piggy,Ramattra,2
China - Stage 1,China - Stage 1__match_0026,Round Robin [Bo5],All Gamers,Naive Piggy,Ana,2
China - Stage 1,China - Stage 1__match_0026,Round Robin [Bo5],All Gamers,Naive Piggy,Juno,2
China - Stage 1,China - Stage 1__match_0026,Round Robin [Bo5],All Gamers,Naive Piggy,Ashe,2
China - Stage 1,China - Stage 1__match_0027,Round Robin [Bo5],JD Gaming,SV,Wuyang,2
China - Stage 1,China - Stage 1__match_0027,Round Robin [Bo5],JD Gaming,SV,Juno,2
China - Stage 1,China - Stage 1__match_0028,Round Robin [Bo5],Weibo Gaming,Milk Tea,Symmetra,2
China - Stage 1,China - Stage 1__match_0028,Round Robin [Bo5],Weibo Gaming,Milk Tea,Reaper,2
China - Stage 1,China - Stage 1__match_0028,Round Robin [Bo5],Weibo Gaming,Milk Tea,Sojourn,2
China - Stage 1,China - Stage 1__match_0028,Round Robin [Bo5],Weibo Gaming,Milk Tea,Cassidy,2
China - Stage 1,China - Stage 1__match_0028,Round Robin [Bo5],Weibo Gaming,Milk Tea,Emre,2
China - Stage 1,China - Stage 1__match_0028,Round Robin [Bo5],Weibo Gaming,Milk Tea,Lúcio,2
China - Stage 1,China - Stage 1__match_0028,Round Robin [Bo5],Weibo Gaming,Milk Tea,Illari,2
China - Stage 1,China - Stage 1__match_0028,Round Robin [Bo5],Weibo Gaming,Milk Tea,Freja,2
China - Stage 1,China - Stage 1__match_0028,Round Robin [Bo5],Weibo Gaming,Milk Tea,Wrecking Ball,2
China - Stage 1,China - Stage 1__match_0028,Round Robin [Bo5],Weibo Gaming,Milk Tea,Mauga,2
China - Stage 1,China - Stage 1__match_0029,Round Robin [Bo5],All Gamers,SV,Pharah,2
China - Stage 1,China - Stage 1__match_0029,Round Robin [Bo5],All Gamers,SV,Reaper,2
China - Stage 1,China - Stage 1__match_0029,Round Robin [Bo5],All Gamers,SV,Zarya,2
China - Stage 1,China - Stage 1__match_0029,Round Robin [Bo5],All Gamers,SV,Sojourn,2
China - Stage 1,China - Stage 1__match_0029,Round Robin [Bo5],All Gamers,SV,Ramattra,2
China - Stage 1,China - Stage 1__match_0029,Round Robin [Bo5],All Gamers,SV,Illari,2
China - Stage 1,China - Stage 1__match_0030,Round Robin [Bo5],Weibo Gaming,JD Gaming,Cassidy,2
China - Stage 1,China - Stage 1__match_0030,Round Robin [Bo5],Weibo Gaming,JD Gaming,Widowmaker,2
China - Stage 1,China - Stage 1__match_0030,Round Robin [Bo5],Weibo Gaming,JD Gaming,Orisa,2
China - Stage 1,China - Stage 1__match_0030,Round Robin [Bo5],Weibo Gaming,JD Gaming,Brigitte,2
China - Stage 1,China - Stage 1__match_0030,Round Robin [Bo5],Weibo Gaming,JD Gaming,Jetpack Cat,2
China - Stage 1,China - Stage 1__match_0030,Round Robin [Bo5],Weibo Gaming,JD Gaming,Reaper,2
China - Stage 1,China - Stage 1__match_0030,Round Robin [Bo5],Weibo Gaming,JD Gaming,Ramattra,2
China - Stage 1,China - Stage 1__match_0031,Upper Semifinals [Bo5],Weibo Gaming,SV,Illari,2
China - Stage 1,China - Stage 1__match_0031,Upper Semifinals [Bo5],Weibo Gaming,SV,Lúcio,2
China - Stage 1,China - Stage 1__match_0031,Upper Semifinals [Bo5],Weibo Gaming,SV,Roadhog,2
China - Stage 1,China - Stage 1__match_0032,Upper Semifinals [Bo5],All Gamers,JD Gaming,Widowmaker,2
China - Stage 1,China - Stage 1__match_0032,Upper Semifinals [Bo5],All Gamers,JD Gaming,Emre,2
China - Stage 1,China - Stage 1__match_0032,Upper Semifinals [Bo5],All Gamers,JD Gaming,Mauga,2
China - Stage 1,China - Stage 1__match_0032,Upper Semifinals [Bo5],All Gamers,JD Gaming,Ana,2
China - Stage 1,China - Stage 1__match_0032,Upper Semifinals [Bo5],All Gamers,JD Gaming,Brigitte,2
China - Stage 1,China - Stage 1__match_0032,Upper Semifinals [Bo5],All Gamers,JD Gaming,Doomfist,2
China - Stage 1,China - Stage 1__match_0033,Upper Finals [Bo5],Weibo Gaming,All Gamers,Reaper,2
China - Stage 1,China - Stage 1__match_0033,Upper Finals [Bo5],Weibo Gaming,All Gamers,Pharah,2
China - Stage 1,China - Stage 1__match_0033,Upper Finals [Bo5],Weibo Gaming,All Gamers,Emre,2
China - Stage 1,China - Stage 1__match_0033,Upper Finals [Bo5],Weibo Gaming,All Gamers,Zarya,2
China - Stage 1,China - Stage 1__match_0033,Upper Finals [Bo5],Weibo Gaming,All Gamers,Baptiste,2
China - Stage 1,China - Stage 1__match_0033,Upper Finals [Bo5],Weibo Gaming,All Gamers,Mei,2
China - Stage 1,China - Stage 1__match_0034,Lower Semifinals [Bo5],JD Gaming,SV,Symmetra,2
China - Stage 1,China - Stage 1__match_0034,Lower Semifinals [Bo5],JD Gaming,SV,Wrecking Ball,2
China - Stage 1,China - Stage 1__match_0034,Lower Semifinals [Bo5],JD Gaming,SV,Ana,2
China - Stage 1,China - Stage 1__match_0034,Lower Semifinals [Bo5],JD Gaming,SV,Lúcio,2
China - Stage 1,China - Stage 1__match_0035,Lower Finals [Bo5],All Gamers,JD Gaming,Soldier: 76,2
China - Stage 1,China - Stage 1__match_0035,Lower Finals [Bo5],All Gamers,JD Gaming,Pharah,2
China - Stage 1,China - Stage 1__match_0035,Lower Finals [Bo5],All Gamers,JD Gaming,Mei,2
China - Stage 1,China - Stage 1__match_0035,Lower Finals [Bo5],All Gamers,JD Gaming,Baptiste,2
China - Stage 1,China - Stage 1__match_0035,Lower Finals [Bo5],All Gamers,JD Gaming,Winston,2
China - Stage 1,China - Stage 1__match_0035,Lower Finals [Bo5],All Gamers,JD Gaming,Hazard,2
China - Stage 1,China - Stage 1__match_0035,Lower Finals [Bo5],All Gamers,JD Gaming,Doomfist,2
China - Stage 1,China - Stage 1__match_0036,Grand Finals [Bo5],Weibo Gaming,All Gamers,Reaper,2
China - Stage 1,China - Stage 1__match_0036,Grand Finals [Bo5],Weibo Gaming,All Gamers,Pharah,2
China - Stage 1,China - Stage 1__match_0036,Grand Finals [Bo5],Weibo Gaming,All Gamers,Emre,2
China - Stage 1,China - Stage 1__match_0036,Grand Finals [Bo5],Weibo Gaming,All Gamers,Lúcio,2
China - Stage 1,China - Stage 1__match_0036,Grand Finals [Bo5],Weibo Gaming,All Gamers,Juno,2
China - Stage 1,China - Stage 1__match_0036,Grand Finals [Bo5],Weibo Gaming,All Gamers,Widowmaker,2
China - Stage 1,China - Stage 1__match_0036,Grand Finals [Bo5],Weibo Gaming,All Gamers,Baptiste,2
EMEA - Stage 1,EMEA - Stage 1__match_0001,Round Robin [Bo5],Virtus.pro,Al Qadsiah,Sojourn,2
EMEA - Stage 1,EMEA - Stage 1__match_0001,Round Robin [Bo5],Virtus.pro,Al Qadsiah,Brigitte,2
EMEA - Stage 1,EMEA - Stage 1__match_0001,Round Robin [Bo5],Virtus.pro,Al Qadsiah,Echo,2
EMEA - Stage 1,EMEA - Stage 1__match_0001,Round Robin [Bo5],Virtus.pro,Al Qadsiah,Mauga,2
EMEA - Stage 1,EMEA - Stage 1__match_0002,Round Robin [Bo5],Twisted Minds,Team Peps,Widowmaker,2
EMEA - Stage 1,EMEA - Stage 1__match_0002,Round Robin [Bo5],Twisted Minds,Team Peps,Zarya,2
EMEA - Stage 1,EMEA - Stage 1__match_0002,Round Robin [Bo5],Twisted Minds,Team Peps,Hazard,2
EMEA - Stage 1,EMEA - Stage 1__match_0003,Round Robin [Bo5],Twisted Minds,Geekay Esports,Brigitte,2
EMEA - Stage 1,EMEA - Stage 1__match_0004,Round Robin [Bo5],Virtus.pro,Anyone's Legend,Widowmaker,2
EMEA - Stage 1,EMEA - Stage 1__match_0004,Round Robin [Bo5],Virtus.pro,Anyone's Legend,Winston,2
EMEA - Stage 1,EMEA - Stage 1__match_0005,Round Robin [Bo5],Al Qadsiah,Team Peps,Baptiste,2
EMEA - Stage 1,EMEA - Stage 1__match_0005,Round Robin [Bo5],Al Qadsiah,Team Peps,Zenyatta,2
EMEA - Stage 1,EMEA - Stage 1__match_0005,Round Robin [Bo5],Al Qadsiah,Team Peps,Wuyang,2
EMEA - Stage 1,EMEA - Stage 1__match_0007,Round Robin [Bo5],Twisted Minds,Anyone's Legend,Widowmaker,2
EMEA - Stage 1,EMEA - Stage 1__match_0007,Round Robin [Bo5],Twisted Minds,Anyone's Legend,D.Va,2
EMEA - Stage 1,EMEA - Stage 1__match_0007,Round Robin [Bo5],Twisted Minds,Anyone's Legend,Zarya,2
EMEA - Stage 1,EMEA - Stage 1__match_0007,Round Robin [Bo5],Twisted Minds,Anyone's Legend,Sojourn,2
EMEA - Stage 1,EMEA - Stage 1__match_0007,Round Robin [Bo5],Twisted Minds,Anyone's Legend,Winston,2
EMEA - Stage 1,EMEA - Stage 1__match_0008,Round Robin [Bo5],Virtus.pro,Team Peps,Widowmaker,2
EMEA - Stage 1,EMEA - Stage 1__match_0008,Round Robin [Bo5],Virtus.pro,Team Peps,Jetpack Cat,2
EMEA - Stage 1,EMEA - Stage 1__match_0009,Round Robin [Bo5],Team Peps,Geekay Esports,Tracer,2
EMEA - Stage 1,EMEA - Stage 1__match_0009,Round Robin [Bo5],Team Peps,Geekay Esports,Sojourn,2
EMEA - Stage 1,EMEA - Stage 1__match_0009,Round Robin [Bo5],Team Peps,Geekay Esports,D.Va,2
EMEA - Stage 1,EMEA - Stage 1__match_0009,Round Robin [Bo5],Team Peps,Geekay Esports,Wuyang,2
EMEA - Stage 1,EMEA - Stage 1__match_0009,Round Robin [Bo5],Team Peps,Geekay Esports,Brigitte,2
EMEA - Stage 1,EMEA - Stage 1__match_0010,Round Robin [Bo5],Al Qadsiah,Anyone's Legend,Juno,2
EMEA - Stage 1,EMEA - Stage 1__match_0010,Round Robin [Bo5],Al Qadsiah,Anyone's Legend,Echo,2
EMEA - Stage 1,EMEA - Stage 1__match_0011,Round Robin [Bo5],Al Qadsiah,Twisted Minds,Symmetra,2
EMEA - Stage 1,EMEA - Stage 1__match_0011,Round Robin [Bo5],Al Qadsiah,Twisted Minds,Sojourn,2
EMEA - Stage 1,EMEA - Stage 1__match_0011,Round Robin [Bo5],Al Qadsiah,Twisted Minds,Pharah,2
EMEA - Stage 1,EMEA - Stage 1__match_0011,Round Robin [Bo5],Al Qadsiah,Twisted Minds,Vendetta,2
EMEA - Stage 1,EMEA - Stage 1__match_0011,Round Robin [Bo5],Al Qadsiah,Twisted Minds,Genji,2
EMEA - Stage 1,EMEA - Stage 1__match_0011,Round Robin [Bo5],Al Qadsiah,Twisted Minds,Mauga,2
EMEA - Stage 1,EMEA - Stage 1__match_0011,Round Robin [Bo5],Al Qadsiah,Twisted Minds,Sigma,2
EMEA - Stage 1,EMEA - Stage 1__match_0011,Round Robin [Bo5],Al Qadsiah,Twisted Minds,Illari,2
EMEA - Stage 1,EMEA - Stage 1__match_0012,Round Robin [Bo5],Anyone's Legend,Team Peps,Widowmaker,2
EMEA - Stage 1,EMEA - Stage 1__match_0013,Round Robin [Bo5],Virtus.pro,Geekay Esports,Tracer,2
EMEA - Stage 1,EMEA - Stage 1__match_0013,Round Robin [Bo5],Virtus.pro,Geekay Esports,Symmetra,2
EMEA - Stage 1,EMEA - Stage 1__match_0013,Round Robin [Bo5],Virtus.pro,Geekay Esports,D.Va,2
EMEA - Stage 1,EMEA - Stage 1__match_0013,Round Robin [Bo5],Virtus.pro,Geekay Esports,Jetpack Cat,2
EMEA - Stage 1,EMEA - Stage 1__match_0014,Round Robin [Bo5],Virtus.pro,Twisted Minds,Vendetta,2
EMEA - Stage 1,EMEA - Stage 1__match_0014,Round Robin [Bo5],Virtus.pro,Twisted Minds,Hazard,2
EMEA - Stage 1,EMEA - Stage 1__match_0014,Round Robin [Bo5],Virtus.pro,Twisted Minds,Lúcio,2
EMEA - Stage 1,EMEA - Stage 1__match_0014,Round Robin [Bo5],Virtus.pro,Twisted Minds,Brigitte,2
EMEA - Stage 1,EMEA - Stage 1__match_0015,Round Robin [Bo5],Anyone's Legend,Geekay Esports,Sojourn,2
EMEA - Stage 1,EMEA - Stage 1__match_0015,Round Robin [Bo5],Anyone's Legend,Geekay Esports,Widowmaker,2
EMEA - Stage 1,EMEA - Stage 1__match_0015,Round Robin [Bo5],Anyone's Legend,Geekay Esports,Symmetra,2
EMEA - Stage 1,EMEA - Stage 1__match_0015,Round Robin [Bo5],Anyone's Legend,Geekay Esports,Ana,2
EMEA - Stage 1,EMEA - Stage 1__match_0016,Upper Semifinals [Bo5],Twisted Minds,Al Qadsiah,Mauga,2
EMEA - Stage 1,EMEA - Stage 1__match_0017,Upper Semifinals [Bo5],Virtus.pro,Geekay Esports,Widowmaker,2
EMEA - Stage 1,EMEA - Stage 1__match_0017,Upper Semifinals [Bo5],Virtus.pro,Geekay Esports,Doomfist,2
EMEA - Stage 1,EMEA - Stage 1__match_0017,Upper Semifinals [Bo5],Virtus.pro,Geekay Esports,Wrecking Ball,2
EMEA - Stage 1,EMEA - Stage 1__match_0018,Lower Semifinals [Bo5],Al Qadsiah,Virtus.pro,Pharah,2
EMEA - Stage 1,EMEA - Stage 1__match_0018,Lower Semifinals [Bo5],Al Qadsiah,Virtus.pro,Symmetra,2
EMEA - Stage 1,EMEA - Stage 1__match_0018,Lower Semifinals [Bo5],Al Qadsiah,Virtus.pro,Widowmaker,2
EMEA - Stage 1,EMEA - Stage 1__match_0018,Lower Semifinals [Bo5],Al Qadsiah,Virtus.pro,Illari,2
EMEA - Stage 1,EMEA - Stage 1__match_0018,Lower Semifinals [Bo5],Al Qadsiah,Virtus.pro,Juno,2
EMEA - Stage 1,EMEA - Stage 1__match_0018,Lower Semifinals [Bo5],Al Qadsiah,Virtus.pro,Brigitte,2
EMEA - Stage 1,EMEA - Stage 1__match_0019,Upper Finals [Bo5],Twisted Minds,Geekay Esports,Vendetta,2
EMEA - Stage 1,EMEA - Stage 1__match_0019,Upper Finals [Bo5],Twisted Minds,Geekay Esports,Juno,2
EMEA - Stage 1,EMEA - Stage 1__match_0019,Upper Finals [Bo5],Twisted Minds,Geekay Esports,Wrecking Ball,2
EMEA - Stage 1,EMEA - Stage 1__match_0020,Lower Finals [Bo5],Geekay Esports,Virtus.pro,Vendetta,2
EMEA - Stage 1,EMEA - Stage 1__match_0021,Grand Finals [Bo7],Twisted Minds,Virtus.pro,Juno,2
North America - Stage 1,North America - Stage 1__match_0001,Round Robin [Bo5],Dallas Fuel,Disguised,Echo,2
North America - Stage 1,North America - Stage 1__match_0001,Round Robin [Bo5],Dallas Fuel,Disguised,Ana,2
North America - Stage 1,North America - Stage 1__match_0002,Round Robin [Bo5],Spacestation Gaming,LuneX Gaming,Cassidy,2
North America - Stage 1,North America - Stage 1__match_0002,Round Robin [Bo5],Spacestation Gaming,LuneX Gaming,Widowmaker,2
North America - Stage 1,North America - Stage 1__match_0002,Round Robin [Bo5],Spacestation Gaming,LuneX Gaming,Symmetra,2
North America - Stage 1,North America - Stage 1__match_0002,Round Robin [Bo5],Spacestation Gaming,LuneX Gaming,D.Va,2
North America - Stage 1,North America - Stage 1__match_0002,Round Robin [Bo5],Spacestation Gaming,LuneX Gaming,Ramattra,2
North America - Stage 1,North America - Stage 1__match_0003,Round Robin [Bo5],Team Liquid,Extinction,Widowmaker,2
North America - Stage 1,North America - Stage 1__match_0003,Round Robin [Bo5],Team Liquid,Extinction,Sombra,2
North America - Stage 1,North America - Stage 1__match_0003,Round Robin [Bo5],Team Liquid,Extinction,Jetpack Cat,2
North America - Stage 1,North America - Stage 1__match_0004,Round Robin [Bo5],Spacestation Gaming,Disguised,Pharah,2
North America - Stage 1,North America - Stage 1__match_0004,Round Robin [Bo5],Spacestation Gaming,Disguised,Widowmaker,2
North America - Stage 1,North America - Stage 1__match_0004,Round Robin [Bo5],Spacestation Gaming,Disguised,Hazard,2
North America - Stage 1,North America - Stage 1__match_0004,Round Robin [Bo5],Spacestation Gaming,Disguised,Juno,2
North America - Stage 1,North America - Stage 1__match_0005,Round Robin [Bo5],LuneX Gaming,Extinction,Sojourn,2
North America - Stage 1,North America - Stage 1__match_0005,Round Robin [Bo5],LuneX Gaming,Extinction,Tracer,2
North America - Stage 1,North America - Stage 1__match_0005,Round Robin [Bo5],LuneX Gaming,Extinction,Symmetra,2
North America - Stage 1,North America - Stage 1__match_0006,Round Robin [Bo5],Team Liquid,Dallas Fuel,Widowmaker,2
North America - Stage 1,North America - Stage 1__match_0006,Round Robin [Bo5],Team Liquid,Dallas Fuel,Zarya,2
North America - Stage 1,North America - Stage 1__match_0006,Round Robin [Bo5],Team Liquid,Dallas Fuel,Illari,2
North America - Stage 1,North America - Stage 1__match_0006,Round Robin [Bo5],Team Liquid,Dallas Fuel,Baptiste,2
North America - Stage 1,North America - Stage 1__match_0007,Round Robin [Bo5],Disguised,Extinction,Vendetta,2
North America - Stage 1,North America - Stage 1__match_0007,Round Robin [Bo5],Disguised,Extinction,Cassidy,2
North America - Stage 1,North America - Stage 1__match_0007,Round Robin [Bo5],Disguised,Extinction,Widowmaker,2
North America - Stage 1,North America - Stage 1__match_0007,Round Robin [Bo5],Disguised,Extinction,Jetpack Cat,2
North America - Stage 1,North America - Stage 1__match_0007,Round Robin [Bo5],Disguised,Extinction,Sojourn,2
North America - Stage 1,North America - Stage 1__match_0007,Round Robin [Bo5],Disguised,Extinction,Wuyang,2
North America - Stage 1,North America - Stage 1__match_0008,Round Robin [Bo5],Dallas Fuel,LuneX Gaming,Cassidy,2
North America - Stage 1,North America - Stage 1__match_0008,Round Robin [Bo5],Dallas Fuel,LuneX Gaming,Pharah,2
North America - Stage 1,North America - Stage 1__match_0008,Round Robin [Bo5],Dallas Fuel,LuneX Gaming,Juno,2
North America - Stage 1,North America - Stage 1__match_0008,Round Robin [Bo5],Dallas Fuel,LuneX Gaming,Baptiste,2
North America - Stage 1,North America - Stage 1__match_0008,Round Robin [Bo5],Dallas Fuel,LuneX Gaming,Emre,2
North America - Stage 1,North America - Stage 1__match_0009,Round Robin [Bo5],Spacestation Gaming,Extinction,Zarya,2
North America - Stage 1,North America - Stage 1__match_0009,Round Robin [Bo5],Spacestation Gaming,Extinction,Sojourn,2
North America - Stage 1,North America - Stage 1__match_0010,Round Robin [Bo5],Disguised,Team Liquid,Symmetra,2
North America - Stage 1,North America - Stage 1__match_0010,Round Robin [Bo5],Disguised,Team Liquid,Widowmaker,2
North America - Stage 1,North America - Stage 1__match_0010,Round Robin [Bo5],Disguised,Team Liquid,Brigitte,2
North America - Stage 1,North America - Stage 1__match_0011,Round Robin [Bo5],Spacestation Gaming,Dallas Fuel,Echo,2
North America - Stage 1,North America - Stage 1__match_0011,Round Robin [Bo5],Spacestation Gaming,Dallas Fuel,Widowmaker,2
North America - Stage 1,North America - Stage 1__match_0011,Round Robin [Bo5],Spacestation Gaming,Dallas Fuel,Sigma,2
North America - Stage 1,North America - Stage 1__match_0011,Round Robin [Bo5],Spacestation Gaming,Dallas Fuel,Jetpack Cat,2
North America - Stage 1,North America - Stage 1__match_0011,Round Robin [Bo5],Spacestation Gaming,Dallas Fuel,Wrecking Ball,2
North America - Stage 1,North America - Stage 1__match_0011,Round Robin [Bo5],Spacestation Gaming,Dallas Fuel,Wuyang,2
North America - Stage 1,North America - Stage 1__match_0012,Round Robin [Bo5],Team Liquid,LuneX Gaming,Pharah,2
North America - Stage 1,North America - Stage 1__match_0012,Round Robin [Bo5],Team Liquid,LuneX Gaming,Genji,2
North America - Stage 1,North America - Stage 1__match_0013,Round Robin [Bo5],Disguised,LuneX Gaming,D.Va,2
North America - Stage 1,North America - Stage 1__match_0013,Round Robin [Bo5],Disguised,LuneX Gaming,Doomfist,2
North America - Stage 1,North America - Stage 1__match_0013,Round Robin [Bo5],Disguised,LuneX Gaming,Reaper,2
North America - Stage 1,North America - Stage 1__match_0013,Round Robin [Bo5],Disguised,LuneX Gaming,Orisa,2
North America - Stage 1,North America - Stage 1__match_0014,Round Robin [Bo5],Dallas Fuel,Extinction,Ashe,2
North America - Stage 1,North America - Stage 1__match_0014,Round Robin [Bo5],Dallas Fuel,Extinction,Wrecking Ball,2
North America - Stage 1,North America - Stage 1__match_0014,Round Robin [Bo5],Dallas Fuel,Extinction,Mizuki,2
North America - Stage 1,North America - Stage 1__match_0014,Round Robin [Bo5],Dallas Fuel,Extinction,D.Va,2
North America - Stage 1,North America - Stage 1__match_0014,Round Robin [Bo5],Dallas Fuel,Extinction,Kiriko,2
North America - Stage 1,North America - Stage 1__match_0015,Round Robin [Bo5],Spacestation Gaming,Team Liquid,Sojourn,2
North America - Stage 1,North America - Stage 1__match_0015,Round Robin [Bo5],Spacestation Gaming,Team Liquid,Zarya,2
North America - Stage 1,North America - Stage 1__match_0015,Round Robin [Bo5],Spacestation Gaming,Team Liquid,Wuyang,2
North America - Stage 1,North America - Stage 1__match_0015,Round Robin [Bo5],Spacestation Gaming,Team Liquid,Pharah,2
North America - Stage 1,North America - Stage 1__match_0015,Round Robin [Bo5],Spacestation Gaming,Team Liquid,Wrecking Ball,2
North America - Stage 1,North America - Stage 1__match_0016,Upper Semifinals [Bo5],Dallas Fuel,LuneX Gaming,Cassidy,2
North America - Stage 1,North America - Stage 1__match_0016,Upper Semifinals [Bo5],Dallas Fuel,LuneX Gaming,Ramattra,2
North America - Stage 1,North America - Stage 1__match_0016,Upper Semifinals [Bo5],Dallas Fuel,LuneX Gaming,Brigitte,2
North America - Stage 1,North America - Stage 1__match_0016,Upper Semifinals [Bo5],Dallas Fuel,LuneX Gaming,Orisa,2
North America - Stage 1,North America - Stage 1__match_0017,Upper Semifinals [Bo5],Spacestation Gaming,Team Liquid,Genji,2
North America - Stage 1,North America - Stage 1__match_0017,Upper Semifinals [Bo5],Spacestation Gaming,Team Liquid,Cassidy,2
North America - Stage 1,North America - Stage 1__match_0017,Upper Semifinals [Bo5],Spacestation Gaming,Team Liquid,Widowmaker,2
North America - Stage 1,North America - Stage 1__match_0017,Upper Semifinals [Bo5],Spacestation Gaming,Team Liquid,Jetpack Cat,2
North America - Stage 1,North America - Stage 1__match_0018,Lower Semifinals [Bo5],LuneX Gaming,Team Liquid,Sojourn,2
North America - Stage 1,North America - Stage 1__match_0018,Lower Semifinals [Bo5],LuneX Gaming,Team Liquid,Vendetta,2
North America - Stage 1,North America - Stage 1__match_0018,Lower Semifinals [Bo5],LuneX Gaming,Team Liquid,Pharah,2
North America - Stage 1,North America - Stage 1__match_0018,Lower Semifinals [Bo5],LuneX Gaming,Team Liquid,Jetpack Cat,2
North America - Stage 1,North America - Stage 1__match_0019,Upper Finals [Bo5],Dallas Fuel,Spacestation Gaming,Cassidy,2
North America - Stage 1,North America - Stage 1__match_0019,Upper Finals [Bo5],Dallas Fuel,Spacestation Gaming,Widowmaker,2
North America - Stage 1,North America - Stage 1__match_0019,Upper Finals [Bo5],Dallas Fuel,Spacestation Gaming,Wrecking Ball,2
North America - Stage 1,North America - Stage 1__match_0019,Upper Finals [Bo5],Dallas Fuel,Spacestation Gaming,Ramattra,2
North America - Stage 1,North America - Stage 1__match_0019,Upper Finals [Bo5],Dallas Fuel,Spacestation Gaming,Winston,2
North America - Stage 1,North America - Stage 1__match_0019,Upper Finals [Bo5],Dallas Fuel,Spacestation Gaming,Baptiste,2
North America - Stage 1,North America - Stage 1__match_0019,Upper Finals [Bo5],Dallas Fuel,Spacestation Gaming,Jetpack Cat,2
North America - Stage 1,North America - Stage 1__match_0019,Upper Finals [Bo5],Dallas Fuel,Spacestation Gaming,Zarya,2
North America - Stage 1,North America - Stage 1__match_0019,Upper Finals [Bo5],Dallas Fuel,Spacestation Gaming,Doomfist,2
North America - Stage 1,North America - Stage 1__match_0020,Lower Finals [Bo5],Spacestation Gaming,Team Liquid,Widowmaker,2
North America - Stage 1,North America - Stage 1__match_0020,Lower Finals [Bo5],Spacestation Gaming,Team Liquid,Zarya,2
North America - Stage 1,North America - Stage 1__match_0020,Lower Finals [Bo5],Spacestation Gaming,Team Liquid,Brigitte,2
North America - Stage 1,North America - Stage 1__match_0020,Lower Finals [Bo5],Spacestation Gaming,Team Liquid,Jetpack Cat,2
North America - Stage 1,North America - Stage 1__match_0020,Lower Finals [Bo5],Spacestation Gaming,Team Liquid,Cassidy,2
North America - Stage 1,North America - Stage 1__match_0020,Lower Finals [Bo5],Spacestation Gaming,Team Liquid,Mauga,2
North America - Stage 1,North America - Stage 1__match_0021,Grand Finals [Bo7],Dallas Fuel,Spacestation Gaming,Ramattra,2
North America - Stage 1,North America - Stage 1__match_0021,Grand Finals [Bo7],Dallas Fuel,Spacestation Gaming,Illari,2
North America - Stage 1,North America - Stage 1__match_0021,Grand Finals [Bo7],Dallas Fuel,Spacestation Gaming,Jetpack Cat,2
Pacific - Stage 1,Pacific - Stage 1__match_0001,Round Robin [Bo5],Team Secret,Rankers,Genji,2
Pacific - Stage 1,Pacific - Stage 1__match_0001,Round Robin [Bo5],Team Secret,Rankers,D.Va,2
Pacific - Stage 1,Pacific - Stage 1__match_0001,Round Robin [Bo5],Team Secret,Rankers,Illari,2
Pacific - Stage 1,Pacific - Stage 1__match_0002,Round Robin [Bo5],MieMieYang,The Gatos Guapos,Symmetra,2
Pacific - Stage 1,Pacific - Stage 1__match_0002,Round Robin [Bo5],MieMieYang,The Gatos Guapos,Widowmaker,2
Pacific - Stage 1,Pacific - Stage 1__match_0002,Round Robin [Bo5],MieMieYang,The Gatos Guapos,Ana,2
Pacific - Stage 1,Pacific - Stage 1__match_0003,Round Robin [Bo5],FURY,Quasar Esports,Sombra,2
Pacific - Stage 1,Pacific - Stage 1__match_0003,Round Robin [Bo5],FURY,Quasar Esports,Cassidy,2
Pacific - Stage 1,Pacific - Stage 1__match_0004,Round Robin [Bo5],FURY,The Gatos Guapos,Tracer,2
Pacific - Stage 1,Pacific - Stage 1__match_0004,Round Robin [Bo5],FURY,The Gatos Guapos,Sojourn,2
Pacific - Stage 1,Pacific - Stage 1__match_0004,Round Robin [Bo5],FURY,The Gatos Guapos,Widowmaker,2
Pacific - Stage 1,Pacific - Stage 1__match_0004,Round Robin [Bo5],FURY,The Gatos Guapos,Ana,2
Pacific - Stage 1,Pacific - Stage 1__match_0005,Round Robin [Bo5],Team Secret,MieMieYang,Widowmaker,2
Pacific - Stage 1,Pacific - Stage 1__match_0005,Round Robin [Bo5],Team Secret,MieMieYang,Vendetta,2
Pacific - Stage 1,Pacific - Stage 1__match_0005,Round Robin [Bo5],Team Secret,MieMieYang,Wrecking Ball,2
Pacific - Stage 1,Pacific - Stage 1__match_0005,Round Robin [Bo5],Team Secret,MieMieYang,Juno,2
Pacific - Stage 1,Pacific - Stage 1__match_0005,Round Robin [Bo5],Team Secret,MieMieYang,Illari,2
Pacific - Stage 1,Pacific - Stage 1__match_0005,Round Robin [Bo5],Team Secret,MieMieYang,Baptiste,2
Pacific - Stage 1,Pacific - Stage 1__match_0005,Round Robin [Bo5],Team Secret,MieMieYang,Mizuki,2
Pacific - Stage 1,Pacific - Stage 1__match_0005,Round Robin [Bo5],Team Secret,MieMieYang,Pharah,2
Pacific - Stage 1,Pacific - Stage 1__match_0006,Round Robin [Bo5],Quasar Esports,Rankers,Hanzo,2
Pacific - Stage 1,Pacific - Stage 1__match_0006,Round Robin [Bo5],Quasar Esports,Rankers,Widowmaker,2
Pacific - Stage 1,Pacific - Stage 1__match_0006,Round Robin [Bo5],Quasar Esports,Rankers,Vendetta,2
Pacific - Stage 1,Pacific - Stage 1__match_0006,Round Robin [Bo5],Quasar Esports,Rankers,Genji,2
Pacific - Stage 1,Pacific - Stage 1__match_0006,Round Robin [Bo5],Quasar Esports,Rankers,Juno,2
Pacific - Stage 1,Pacific - Stage 1__match_0006,Round Robin [Bo5],Quasar Esports,Rankers,Echo,2
Pacific - Stage 1,Pacific - Stage 1__match_0006,Round Robin [Bo5],Quasar Esports,Rankers,Mauga,2
Pacific - Stage 1,Pacific - Stage 1__match_0007,Round Robin [Bo5],FURY,Rankers,Symmetra,2
Pacific - Stage 1,Pacific - Stage 1__match_0007,Round Robin [Bo5],FURY,Rankers,Vendetta,2
Pacific - Stage 1,Pacific - Stage 1__match_0007,Round Robin [Bo5],FURY,Rankers,Sombra,2
Pacific - Stage 1,Pacific - Stage 1__match_0007,Round Robin [Bo5],FURY,Rankers,Emre,2
Pacific - Stage 1,Pacific - Stage 1__match_0007,Round Robin [Bo5],FURY,Rankers,Wrecking Ball,2
Pacific - Stage 1,Pacific - Stage 1__match_0007,Round Robin [Bo5],FURY,Rankers,Lúcio,2
Pacific - Stage 1,Pacific - Stage 1__match_0007,Round Robin [Bo5],FURY,Rankers,Echo,2
Pacific - Stage 1,Pacific - Stage 1__match_0007,Round Robin [Bo5],FURY,Rankers,Ana,2
Pacific - Stage 1,Pacific - Stage 1__match_0007,Round Robin [Bo5],FURY,Rankers,Illari,2
Pacific - Stage 1,Pacific - Stage 1__match_0008,Round Robin [Bo5],The Gatos Guapos,Team Secret,Cassidy,2
Pacific - Stage 1,Pacific - Stage 1__match_0008,Round Robin [Bo5],The Gatos Guapos,Team Secret,Doomfist,2
Pacific - Stage 1,Pacific - Stage 1__match_0008,Round Robin [Bo5],The Gatos Guapos,Team Secret,Jetpack Cat,2
Pacific - Stage 1,Pacific - Stage 1__match_0008,Round Robin [Bo5],The Gatos Guapos,Team Secret,Wrecking Ball,2
Pacific - Stage 1,Pacific - Stage 1__match_0008,Round Robin [Bo5],The Gatos Guapos,Team Secret,Mizuki,2
Pacific - Stage 1,Pacific - Stage 1__match_0009,Round Robin [Bo5],MieMieYang,Quasar Esports,Brigitte,2
Pacific - Stage 1,Pacific - Stage 1__match_0009,Round Robin [Bo5],MieMieYang,Quasar Esports,Lúcio,2
Pacific - Stage 1,Pacific - Stage 1__match_0009,Round Robin [Bo5],MieMieYang,Quasar Esports,Illari,2
Pacific - Stage 1,Pacific - Stage 1__match_0009,Round Robin [Bo5],MieMieYang,Quasar Esports,Ashe,2
Pacific - Stage 1,Pacific - Stage 1__match_0010,Round Robin [Bo5],Team Secret,FURY,Juno,2
Pacific - Stage 1,Pacific - Stage 1__match_0010,Round Robin [Bo5],Team Secret,FURY,Illari,2
Pacific - Stage 1,Pacific - Stage 1__match_0010,Round Robin [Bo5],Team Secret,FURY,Sojourn,2
Pacific - Stage 1,Pacific - Stage 1__match_0010,Round Robin [Bo5],Team Secret,FURY,Orisa,2
Pacific - Stage 1,Pacific - Stage 1__match_0010,Round Robin [Bo5],Team Secret,FURY,D.Va,2
Pacific - Stage 1,Pacific - Stage 1__match_0010,Round Robin [Bo5],Team Secret,FURY,Lúcio,2
Pacific - Stage 1,Pacific - Stage 1__match_0010,Round Robin [Bo5],Team Secret,FURY,Wuyang,2
Pacific - Stage 1,Pacific - Stage 1__match_0011,Round Robin [Bo5],Quasar Esports,The Gatos Guapos,Hazard,2
Pacific - Stage 1,Pacific - Stage 1__match_0012,Round Robin [Bo5],MieMieYang,Rankers,Hanzo,2
Pacific - Stage 1,Pacific - Stage 1__match_0012,Round Robin [Bo5],MieMieYang,Rankers,Widowmaker,2
Pacific - Stage 1,Pacific - Stage 1__match_0012,Round Robin [Bo5],MieMieYang,Rankers,Jetpack Cat,2
Pacific - Stage 1,Pacific - Stage 1__match_0013,Round Robin [Bo5],Team Secret,Quasar Esports,Cassidy,2
Pacific - Stage 1,Pacific - Stage 1__match_0013,Round Robin [Bo5],Team Secret,Quasar Esports,Hanzo,2
Pacific - Stage 1,Pacific - Stage 1__match_0013,Round Robin [Bo5],Team Secret,Quasar Esports,Wrecking Ball,2
Pacific - Stage 1,Pacific - Stage 1__match_0013,Round Robin [Bo5],Team Secret,Quasar Esports,Brigitte,2
Pacific - Stage 1,Pacific - Stage 1__match_0013,Round Robin [Bo5],Team Secret,Quasar Esports,Juno,2
Pacific - Stage 1,Pacific - Stage 1__match_0013,Round Robin [Bo5],Team Secret,Quasar Esports,Illari,2
Pacific - Stage 1,Pacific - Stage 1__match_0013,Round Robin [Bo5],Team Secret,Quasar Esports,Baptiste,2
Pacific - Stage 1,Pacific - Stage 1__match_0013,Round Robin [Bo5],Team Secret,Quasar Esports,Bastion,2
Pacific - Stage 1,Pacific - Stage 1__match_0014,Round Robin [Bo5],FURY,MieMieYang,Emre,2
Pacific - Stage 1,Pacific - Stage 1__match_0014,Round Robin [Bo5],FURY,MieMieYang,Winston,2
Pacific - Stage 1,Pacific - Stage 1__match_0014,Round Robin [Bo5],FURY,MieMieYang,Wuyang,2
Pacific - Stage 1,Pacific - Stage 1__match_0014,Round Robin [Bo5],FURY,MieMieYang,Ana,2
Pacific - Stage 1,Pacific - Stage 1__match_0015,Round Robin [Bo5],The Gatos Guapos,Rankers,Vendetta,2
Pacific - Stage 1,Pacific - Stage 1__match_0015,Round Robin [Bo5],The Gatos Guapos,Rankers,Mauga,2
Pacific - Stage 1,Pacific - Stage 1__match_0015,Round Robin [Bo5],The Gatos Guapos,Rankers,Lúcio,2
Pacific - Stage 1,Pacific - Stage 1__match_0015,Round Robin [Bo5],The Gatos Guapos,Rankers,Illari,2
Pacific - Stage 1,Pacific - Stage 1__match_0015,Round Robin [Bo5],The Gatos Guapos,Rankers,Reaper,2
Pacific - Stage 1,Pacific - Stage 1__match_0015,Round Robin [Bo5],The Gatos Guapos,Rankers,Zarya,2
Pre-Season Bootcamp,Pre-Season Bootcamp__match_0001,Round 1 [Bo5],Disguised,Team Peps,Cassidy,1
Pre-Season Bootcamp,Pre-Season Bootcamp__match_0001,Round 1 [Bo5],Disguised,Team Peps,Symmetra,1
Pre-Season Bootcamp,Pre-Season Bootcamp__match_0001,Round 1 [Bo5],Disguised,Team Peps,Freja,1
Pre-Season Bootcamp,Pre-Season Bootcamp__match_0001,Round 1 [Bo5],Disguised,Team Peps,Wuyang,1
Pre-Season Bootcamp,Pre-Season Bootcamp__match_0001,Round 1 [Bo5],Disguised,Team Peps,Ana,1
Pre-Season Bootcamp,Pre-Season Bootcamp__match_0002,Round 1 [Bo5],VARREL,Team Falcons,Freja,1
Pre-Season Bootcamp,Pre-Season Bootcamp__match_0002,Round 1 [Bo5],VARREL,Team Falcons,Venture,1
Pre-Season Bootcamp,Pre-Season Bootcamp__match_0002,Round 1 [Bo5],VARREL,Team Falcons,Zarya,1
Pre-Season Bootcamp,Pre-Season Bootcamp__match_0002,Round 1 [Bo5],VARREL,Team Falcons,Ramattra,1
Pre-Season Bootcamp,Pre-Season Bootcamp__match_0002,Round 1 [Bo5],VARREL,Team Falcons,Brigitte,1
Pre-Season Bootcamp,Pre-Season Bootcamp__match_0002,Round 1 [Bo5],VARREL,Team Falcons,Baptiste,1
Pre-Season Bootcamp,Pre-Season Bootcamp__match_0002,Round 1 [Bo5],VARREL,Team Falcons,Hanzo,1
Pre-Season Bootcamp,Pre-Season Bootcamp__match_0002,Round 1 [Bo5],VARREL,Team Falcons,Symmetra,1
Pre-Season Bootcamp,Pre-Season Bootcamp__match_0003,Round 1 [Bo5],Dallas Fuel,T1,Bastion,1
Pre-Season Bootcamp,Pre-Season Bootcamp__match_0003,Round 1 [Bo5],Dallas Fuel,T1,Tracer,1
Pre-Season Bootcamp,Pre-Season Bootcamp__match_0003,Round 1 [Bo5],Dallas Fuel,T1,Mercy,1
Pre-Season Bootcamp,Pre-Season Bootcamp__match_0003,Round 1 [Bo5],Dallas Fuel,T1,Baptiste,1
Pre-Season Bootcamp,Pre-Season Bootcamp__match_0004,Round 1 [Bo5],Virtus.pro,All Gamers,Hanzo,1
Pre-Season Bootcamp,Pre-Season Bootcamp__match_0004,Round 1 [Bo5],Virtus.pro,All Gamers,Vendetta,1
Pre-Season Bootcamp,Pre-Season Bootcamp__match_0004,Round 1 [Bo5],Virtus.pro,All Gamers,Reinhardt,1
Pre-Season Bootcamp,Pre-Season Bootcamp__match_0004,Round 1 [Bo5],Virtus.pro,All Gamers,Zenyatta,1
Pre-Season Bootcamp,Pre-Season Bootcamp__match_0004,Round 1 [Bo5],Virtus.pro,All Gamers,Baptiste,1
Pre-Season Bootcamp,Pre-Season Bootcamp__match_0004,Round 1 [Bo5],Virtus.pro,All Gamers,Ramattra,1
Pre-Season Bootcamp,Pre-Season Bootcamp__match_0005,Quarterfinals [Bo5],Crazy Raccoon,Team Peps,Symmetra,1
Pre-Season Bootcamp,Pre-Season Bootcamp__match_0005,Quarterfinals [Bo5],Crazy Raccoon,Team Peps,Echo,1
Pre-Season Bootcamp,Pre-Season Bootcamp__match_0005,Quarterfinals [Bo5],Crazy Raccoon,Team Peps,Widowmaker,1
Pre-Season Bootcamp,Pre-Season Bootcamp__match_0005,Quarterfinals [Bo5],Crazy Raccoon,Team Peps,Sombra,1
Pre-Season Bootcamp,Pre-Season Bootcamp__match_0005,Quarterfinals [Bo5],Crazy Raccoon,Team Peps,Winston,1
Pre-Season Bootcamp,Pre-Season Bootcamp__match_0005,Quarterfinals [Bo5],Crazy Raccoon,Team Peps,Sigma,1
Pre-Season Bootcamp,Pre-Season Bootcamp__match_0005,Quarterfinals [Bo5],Crazy Raccoon,Team Peps,Wuyang,1
Pre-Season Bootcamp,Pre-Season Bootcamp__match_0005,Quarterfinals [Bo5],Crazy Raccoon,Team Peps,Ana,1
Pre-Season Bootcamp,Pre-Season Bootcamp__match_0005,Quarterfinals [Bo5],Crazy Raccoon,Team Peps,Ramattra,1
Pre-Season Bootcamp,Pre-Season Bootcamp__match_0005,Quarterfinals [Bo5],Crazy Raccoon,Team Peps,Wrecking Ball,1
Pre-Season Bootcamp,Pre-Season Bootcamp__match_0005,Quarterfinals [Bo5],Crazy Raccoon,Team Peps,Mercy,1
Pre-Season Bootcamp,Pre-Season Bootcamp__match_0005,Quarterfinals [Bo5],Crazy Raccoon,Team Peps,Baptiste,1
Pre-Season Bootcamp,Pre-Season Bootcamp__match_0005,Quarterfinals [Bo5],Crazy Raccoon,Team Peps,Zenyatta,1
Pre-Season Bootcamp,Pre-Season Bootcamp__match_0006,Quarterfinals [Bo5],Weibo Gaming,Team Falcons,Ashe,1
Pre-Season Bootcamp,Pre-Season Bootcamp__match_0006,Quarterfinals [Bo5],Weibo Gaming,Team Falcons,Venture,1
Pre-Season Bootcamp,Pre-Season Bootcamp__match_0006,Quarterfinals [Bo5],Weibo Gaming,Team Falcons,Freja,1
Pre-Season Bootcamp,Pre-Season Bootcamp__match_0006,Quarterfinals [Bo5],Weibo Gaming,Team Falcons,Pharah,1
Pre-Season Bootcamp,Pre-Season Bootcamp__match_0006,Quarterfinals [Bo5],Weibo Gaming,Team Falcons,Illari,1
Pre-Season Bootcamp,Pre-Season Bootcamp__match_0006,Quarterfinals [Bo5],Weibo Gaming,Team Falcons,Cassidy,1
Pre-Season Bootcamp,Pre-Season Bootcamp__match_0006,Quarterfinals [Bo5],Weibo Gaming,Team Falcons,Mei,1
Pre-Season Bootcamp,Pre-Season Bootcamp__match_0006,Quarterfinals [Bo5],Weibo Gaming,Team Falcons,Genji,1
Pre-Season Bootcamp,Pre-Season Bootcamp__match_0006,Quarterfinals [Bo5],Weibo Gaming,Team Falcons,Juno,1
Pre-Season Bootcamp,Pre-Season Bootcamp__match_0006,Quarterfinals [Bo5],Weibo Gaming,Team Falcons,Lifeweaver,1
Pre-Season Bootcamp,Pre-Season Bootcamp__match_0007,Quarterfinals [Bo5],Twisted Minds,T1,Wrecking Ball,1
Pre-Season Bootcamp,Pre-Season Bootcamp__match_0007,Quarterfinals [Bo5],Twisted Minds,T1,Juno,1
Pre-Season Bootcamp,Pre-Season Bootcamp__match_0007,Quarterfinals [Bo5],Twisted Minds,T1,Sigma,1
Pre-Season Bootcamp,Pre-Season Bootcamp__match_0008,Quarterfinals [Bo5],Team Liquid,Virtus.pro,Genji,1
Pre-Season Bootcamp,Pre-Season Bootcamp__match_0008,Quarterfinals [Bo5],Team Liquid,Virtus.pro,Zarya,1
Pre-Season Bootcamp,Pre-Season Bootcamp__match_0008,Quarterfinals [Bo5],Team Liquid,Virtus.pro,Lifeweaver,1
Pre-Season Bootcamp,Pre-Season Bootcamp__match_0008,Quarterfinals [Bo5],Team Liquid,Virtus.pro,Ana,1
Pre-Season Bootcamp,Pre-Season Bootcamp__match_0008,Quarterfinals [Bo5],Team Liquid,Virtus.pro,Juno,1
Pre-Season Bootcamp,Pre-Season Bootcamp__match_0008,Quarterfinals [Bo5],Team Liquid,Virtus.pro,Baptiste,1
Pre-Season Bootcamp,Pre-Season Bootcamp__match_0009,Semifinals [Bo5],Crazy Raccoon,Team Falcons,Pharah,1
Pre-Season Bootcamp,Pre-Season Bootcamp__match_0009,Semifinals [Bo5],Crazy Raccoon,Team Falcons,Reinhardt,1
Pre-Season Bootcamp,Pre-Season Bootcamp__match_0009,Semifinals [Bo5],Crazy Raccoon,Team Falcons,Wuyang,1
Pre-Season Bootcamp,Pre-Season Bootcamp__match_0009,Semifinals [Bo5],Crazy Raccoon,Team Falcons,Illari,1
Pre-Season Bootcamp,Pre-Season Bootcamp__match_0009,Semifinals [Bo5],Crazy Raccoon,Team Falcons,Ana,1
Pre-Season Bootcamp,Pre-Season Bootcamp__match_0009,Semifinals [Bo5],Crazy Raccoon,Team Falcons,Baptiste,1
Pre-Season Bootcamp,Pre-Season Bootcamp__match_0009,Semifinals [Bo5],Crazy Raccoon,Team Falcons,Zarya,1
Pre-Season Bootcamp,Pre-Season Bootcamp__match_0009,Semifinals [Bo5],Crazy Raccoon,Team Falcons,Brigitte,1
Pre-Season Bootcamp,Pre-Season Bootcamp__match_0010,Semifinals [Bo5],Twisted Minds,Team Liquid,Pharah,1
Pre-Season Bootcamp,Pre-Season Bootcamp__match_0010,Semifinals [Bo5],Twisted Minds,Team Liquid,Juno,1
Pre-Season Bootcamp,Pre-Season Bootcamp__match_0010,Semifinals [Bo5],Twisted Minds,Team Liquid,Symmetra,1
Pre-Season Bootcamp,Pre-Season Bootcamp__match_0010,Semifinals [Bo5],Twisted Minds,Team Liquid,Sigma,1
Pre-Season Bootcamp,Pre-Season Bootcamp__match_0010,Semifinals [Bo5],Twisted Minds,Team Liquid,Brigitte,1
Pre-Season Bootcamp,Pre-Season Bootcamp__match_0010,Semifinals [Bo5],Twisted Minds,Team Liquid,Ana,1
Pre-Season Bootcamp,Pre-Season Bootcamp__match_0011,Grand Finals [Bo7],Crazy Raccoon,Twisted Minds,Sigma,1
Pre-Season Bootcamp,Pre-Season Bootcamp__match_0011,Grand Finals [Bo7],Crazy Raccoon,Twisted Minds,Zarya,1
Pre-Season Bootcamp,Pre-Season Bootcamp__match_0011,Grand Finals [Bo7],Crazy Raccoon,Twisted Minds,Baptiste,1
Pre-Season Bootcamp,Pre-Season Bootcamp__match_0011,Grand Finals [Bo7],Crazy Raccoon,Twisted Minds,Sombra,1
Pre-Season Bootcamp,Pre-Season Bootcamp__match_0011,Grand Finals [Bo7],Crazy Raccoon,Twisted Minds,Zenyatta,1
Japan - Stage 1,Japan - Stage 1__match_0001,Round Robin [Bo5],Please Not Hero Ban,Telomere,Vendetta,1
Japan - Stage 1,Japan - Stage 1__match_0001,Round Robin [Bo5],Please Not Hero Ban,Telomere,Reaper,1
Japan - Stage 1,Japan - Stage 1__match_0001,Round Robin [Bo5],Please Not Hero Ban,Telomere,Orisa,1
Japan - Stage 1,Japan - Stage 1__match_0001,Round Robin [Bo5],Please Not Hero Ban,Telomere,Ramattra,1
Japan - Stage 1,Japan - Stage 1__match_0001,Round Robin [Bo5],Please Not Hero Ban,Telomere,Mizuki,1
Japan - Stage 1,Japan - Stage 1__match_0001,Round Robin [Bo5],Please Not Hero Ban,Telomere,Sigma,1
Japan - Stage 1,Japan - Stage 1__match_0001,Round Robin [Bo5],Please Not Hero Ban,Telomere,Brigitte,1
Japan - Stage 1,Japan - Stage 1__match_0002,Round Robin [Bo5],ENTER FORCE.36,Nyam Gaming,Sojourn,1
Japan - Stage 1,Japan - Stage 1__match_0002,Round Robin [Bo5],ENTER FORCE.36,Nyam Gaming,Widowmaker,1
Japan - Stage 1,Japan - Stage 1__match_0002,Round Robin [Bo5],ENTER FORCE.36,Nyam Gaming,Pharah,1
Japan - Stage 1,Japan - Stage 1__match_0002,Round Robin [Bo5],ENTER FORCE.36,Nyam Gaming,Ramattra,1
Japan - Stage 1,Japan - Stage 1__match_0002,Round Robin [Bo5],ENTER FORCE.36,Nyam Gaming,Wrecking Ball,1
Japan - Stage 1,Japan - Stage 1__match_0002,Round Robin [Bo5],ENTER FORCE.36,Nyam Gaming,Domina,1
Japan - Stage 1,Japan - Stage 1__match_0002,Round Robin [Bo5],ENTER FORCE.36,Nyam Gaming,Venture,1
Japan - Stage 1,Japan - Stage 1__match_0002,Round Robin [Bo5],ENTER FORCE.36,Nyam Gaming,D.Va,1
Japan - Stage 1,Japan - Stage 1__match_0003,Round Robin [Bo5],TOKYO TAIYOs,VARREL,Widowmaker,1
Japan - Stage 1,Japan - Stage 1__match_0003,Round Robin [Bo5],TOKYO TAIYOs,VARREL,Sojourn,1
Japan - Stage 1,Japan - Stage 1__match_0003,Round Robin [Bo5],TOKYO TAIYOs,VARREL,Cassidy,1
Japan - Stage 1,Japan - Stage 1__match_0003,Round Robin [Bo5],TOKYO TAIYOs,VARREL,Soldier: 76,1
Japan - Stage 1,Japan - Stage 1__match_0003,Round Robin [Bo5],TOKYO TAIYOs,VARREL,Mei,1
Japan - Stage 1,Japan - Stage 1__match_0003,Round Robin [Bo5],TOKYO TAIYOs,VARREL,Roadhog,1
Japan - Stage 1,Japan - Stage 1__match_0003,Round Robin [Bo5],TOKYO TAIYOs,VARREL,Lúcio,1
Japan - Stage 1,Japan - Stage 1__match_0003,Round Robin [Bo5],TOKYO TAIYOs,VARREL,Bastion,1
Japan - Stage 1,Japan - Stage 1__match_0003,Round Robin [Bo5],TOKYO TAIYOs,VARREL,Vendetta,1
Japan - Stage 1,Japan - Stage 1__match_0003,Round Robin [Bo5],TOKYO TAIYOs,VARREL,Ramattra,1
Japan - Stage 1,Japan - Stage 1__match_0004,Round Robin [Bo5],Lazuli,99DIVINE,Widowmaker,1
Japan - Stage 1,Japan - Stage 1__match_0004,Round Robin [Bo5],Lazuli,99DIVINE,Sombra,1
Japan - Stage 1,Japan - Stage 1__match_0004,Round Robin [Bo5],Lazuli,99DIVINE,Sojourn,1
Japan - Stage 1,Japan - Stage 1__match_0004,Round Robin [Bo5],Lazuli,99DIVINE,Roadhog,1
Japan - Stage 1,Japan - Stage 1__match_0004,Round Robin [Bo5],Lazuli,99DIVINE,Lúcio,1
Japan - Stage 1,Japan - Stage 1__match_0004,Round Robin [Bo5],Lazuli,99DIVINE,Echo,1
Japan - Stage 1,Japan - Stage 1__match_0004,Round Robin [Bo5],Lazuli,99DIVINE,Vendetta,1
Japan - Stage 1,Japan - Stage 1__match_0004,Round Robin [Bo5],Lazuli,99DIVINE,Jetpack Cat,1
Japan - Stage 1,Japan - Stage 1__match_0004,Round Robin [Bo5],Lazuli,99DIVINE,Wuyang,1
Japan - Stage 1,Japan - Stage 1__match_0005,Round Robin [Bo5],Please Not Hero Ban,VARREL,Baptiste,1
Japan - Stage 1,Japan - Stage 1__match_0005,Round Robin [Bo5],Please Not Hero Ban,VARREL,Lúcio,1
Japan - Stage 1,Japan - Stage 1__match_0005,Round Robin [Bo5],Please Not Hero Ban,VARREL,Sojourn,1
Japan - Stage 1,Japan - Stage 1__match_0005,Round Robin [Bo5],Please Not Hero Ban,VARREL,Echo,1
Japan - Stage 1,Japan - Stage 1__match_0005,Round Robin [Bo5],Please Not Hero Ban,VARREL,Wrecking Ball,1
Japan - Stage 1,Japan - Stage 1__match_0006,Round Robin [Bo5],TOKYO TAIYOs,Nyam Gaming,Bastion,1
Japan - Stage 1,Japan - Stage 1__match_0006,Round Robin [Bo5],TOKYO TAIYOs,Nyam Gaming,Ashe,1
Japan - Stage 1,Japan - Stage 1__match_0006,Round Robin [Bo5],TOKYO TAIYOs,Nyam Gaming,Mauga,1
Japan - Stage 1,Japan - Stage 1__match_0006,Round Robin [Bo5],TOKYO TAIYOs,Nyam Gaming,Sigma,1
Japan - Stage 1,Japan - Stage 1__match_0006,Round Robin [Bo5],TOKYO TAIYOs,Nyam Gaming,Ana,1
Japan - Stage 1,Japan - Stage 1__match_0006,Round Robin [Bo5],TOKYO TAIYOs,Nyam Gaming,Illari,1
Japan - Stage 1,Japan - Stage 1__match_0006,Round Robin [Bo5],TOKYO TAIYOs,Nyam Gaming,Mizuki,1
Japan - Stage 1,Japan - Stage 1__match_0006,Round Robin [Bo5],TOKYO TAIYOs,Nyam Gaming,Juno,1
Japan - Stage 1,Japan - Stage 1__match_0007,Round Robin [Bo5],Please Not Hero Ban,Lazuli,D.Va,1
Japan - Stage 1,Japan - Stage 1__match_0007,Round Robin [Bo5],Please Not Hero Ban,Lazuli,Sigma,1
Japan - Stage 1,Japan - Stage 1__match_0007,Round Robin [Bo5],Please Not Hero Ban,Lazuli,Lúcio,1
Japan - Stage 1,Japan - Stage 1__match_0007,Round Robin [Bo5],Please Not Hero Ban,Lazuli,Wuyang,1
Japan - Stage 1,Japan - Stage 1__match_0007,Round Robin [Bo5],Please Not Hero Ban,Lazuli,Baptiste,1
Japan - Stage 1,Japan - Stage 1__match_0007,Round Robin [Bo5],Please Not Hero Ban,Lazuli,Freja,1
Japan - Stage 1,Japan - Stage 1__match_0007,Round Robin [Bo5],Please Not Hero Ban,Lazuli,Ana,1
Japan - Stage 1,Japan - Stage 1__match_0008,Round Robin [Bo5],TOKYO TAIYOs,99DIVINE,Soldier: 76,1
Japan - Stage 1,Japan - Stage 1__match_0008,Round Robin [Bo5],TOKYO TAIYOs,99DIVINE,Hanzo,1
Japan - Stage 1,Japan - Stage 1__match_0008,Round Robin [Bo5],TOKYO TAIYOs,99DIVINE,Sigma,1
Japan - Stage 1,Japan - Stage 1__match_0008,Round Robin [Bo5],TOKYO TAIYOs,99DIVINE,Mauga,1
Japan - Stage 1,Japan - Stage 1__match_0008,Round Robin [Bo5],TOKYO TAIYOs,99DIVINE,Ramattra,1
Japan - Stage 1,Japan - Stage 1__match_0008,Round Robin [Bo5],TOKYO TAIYOs,99DIVINE,Illari,1
Japan - Stage 1,Japan - Stage 1__match_0008,Round Robin [Bo5],TOKYO TAIYOs,99DIVINE,Sojourn,1
Japan - Stage 1,Japan - Stage 1__match_0008,Round Robin [Bo5],TOKYO TAIYOs,99DIVINE,Pharah,1
Japan - Stage 1,Japan - Stage 1__match_0008,Round Robin [Bo5],TOKYO TAIYOs,99DIVINE,Echo,1
Japan - Stage 1,Japan - Stage 1__match_0008,Round Robin [Bo5],TOKYO TAIYOs,99DIVINE,Wrecking Ball,1
Japan - Stage 1,Japan - Stage 1__match_0008,Round Robin [Bo5],TOKYO TAIYOs,99DIVINE,Zarya,1
Japan - Stage 1,Japan - Stage 1__match_0008,Round Robin [Bo5],TOKYO TAIYOs,99DIVINE,Mizuki,1
Japan - Stage 1,Japan - Stage 1__match_0009,Round Robin [Bo5],VARREL,ENTER FORCE.36,Freja,1
Japan - Stage 1,Japan - Stage 1__match_0009,Round Robin [Bo5],VARREL,ENTER FORCE.36,Pharah,1
Japan - Stage 1,Japan - Stage 1__match_0009,Round Robin [Bo5],VARREL,ENTER FORCE.36,Ramattra,1
Japan - Stage 1,Japan - Stage 1__match_0009,Round Robin [Bo5],VARREL,ENTER FORCE.36,Widowmaker,1
Japan - Stage 1,Japan - Stage 1__match_0009,Round Robin [Bo5],VARREL,ENTER FORCE.36,Wrecking Ball,1
Japan - Stage 1,Japan - Stage 1__match_0009,Round Robin [Bo5],VARREL,ENTER FORCE.36,Sigma,1
Japan - Stage 1,Japan - Stage 1__match_0010,Round Robin [Bo5],Telomere,Lazuli,Genji,1
Japan - Stage 1,Japan - Stage 1__match_0010,Round Robin [Bo5],Telomere,Lazuli,Zarya,1
Japan - Stage 1,Japan - Stage 1__match_0010,Round Robin [Bo5],Telomere,Lazuli,Winston,1
Japan - Stage 1,Japan - Stage 1__match_0010,Round Robin [Bo5],Telomere,Lazuli,D.Va,1
Japan - Stage 1,Japan - Stage 1__match_0010,Round Robin [Bo5],Telomere,Lazuli,Lúcio,1
Japan - Stage 1,Japan - Stage 1__match_0010,Round Robin [Bo5],Telomere,Lazuli,Moira,1
Japan - Stage 1,Japan - Stage 1__match_0010,Round Robin [Bo5],Telomere,Lazuli,Ana,1
Japan - Stage 1,Japan - Stage 1__match_0010,Round Robin [Bo5],Telomere,Lazuli,Baptiste,1
Japan - Stage 1,Japan - Stage 1__match_0011,Round Robin [Bo5],TOKYO TAIYOs,Please Not Hero Ban,Bastion,1
Japan - Stage 1,Japan - Stage 1__match_0011,Round Robin [Bo5],TOKYO TAIYOs,Please Not Hero Ban,Widowmaker,1
Japan - Stage 1,Japan - Stage 1__match_0011,Round Robin [Bo5],TOKYO TAIYOs,Please Not Hero Ban,Sigma,1
Japan - Stage 1,Japan - Stage 1__match_0011,Round Robin [Bo5],TOKYO TAIYOs,Please Not Hero Ban,Mauga,1
Japan - Stage 1,Japan - Stage 1__match_0011,Round Robin [Bo5],TOKYO TAIYOs,Please Not Hero Ban,Lifeweaver,1
Japan - Stage 1,Japan - Stage 1__match_0011,Round Robin [Bo5],TOKYO TAIYOs,Please Not Hero Ban,Wuyang,1
Japan - Stage 1,Japan - Stage 1__match_0011,Round Robin [Bo5],TOKYO TAIYOs,Please Not Hero Ban,Mercy,1
Japan - Stage 1,Japan - Stage 1__match_0011,Round Robin [Bo5],TOKYO TAIYOs,Please Not Hero Ban,Echo,1
Japan - Stage 1,Japan - Stage 1__match_0011,Round Robin [Bo5],TOKYO TAIYOs,Please Not Hero Ban,Torbjörn,1
Japan - Stage 1,Japan - Stage 1__match_0011,Round Robin [Bo5],TOKYO TAIYOs,Please Not Hero Ban,Vendetta,1
Japan - Stage 1,Japan - Stage 1__match_0011,Round Robin [Bo5],TOKYO TAIYOs,Please Not Hero Ban,Zarya,1
Japan - Stage 1,Japan - Stage 1__match_0011,Round Robin [Bo5],TOKYO TAIYOs,Please Not Hero Ban,Ana,1
Japan - Stage 1,Japan - Stage 1__match_0011,Round Robin [Bo5],TOKYO TAIYOs,Please Not Hero Ban,Illari,1
Japan - Stage 1,Japan - Stage 1__match_0012,Round Robin [Bo5],99DIVINE,ENTER FORCE.36,Echo,1
Japan - Stage 1,Japan - Stage 1__match_0012,Round Robin [Bo5],99DIVINE,ENTER FORCE.36,Jetpack Cat,1
Japan - Stage 1,Japan - Stage 1__match_0012,Round Robin [Bo5],99DIVINE,ENTER FORCE.36,Baptiste,1
Japan - Stage 1,Japan - Stage 1__match_0012,Round Robin [Bo5],99DIVINE,ENTER FORCE.36,Pharah,1
Japan - Stage 1,Japan - Stage 1__match_0012,Round Robin [Bo5],99DIVINE,ENTER FORCE.36,Genji,1
Japan - Stage 1,Japan - Stage 1__match_0012,Round Robin [Bo5],99DIVINE,ENTER FORCE.36,Widowmaker,1
Japan - Stage 1,Japan - Stage 1__match_0012,Round Robin [Bo5],99DIVINE,ENTER FORCE.36,Hazard,1
Japan - Stage 1,Japan - Stage 1__match_0012,Round Robin [Bo5],99DIVINE,ENTER FORCE.36,Wuyang,1
Japan - Stage 1,Japan - Stage 1__match_0013,Round Robin [Bo5],99DIVINE,Please Not Hero Ban,Sojourn,1
Japan - Stage 1,Japan - Stage 1__match_0013,Round Robin [Bo5],99DIVINE,Please Not Hero Ban,Winston,1
Japan - Stage 1,Japan - Stage 1__match_0013,Round Robin [Bo5],99DIVINE,Please Not Hero Ban,Sigma,1
Japan - Stage 1,Japan - Stage 1__match_0013,Round Robin [Bo5],99DIVINE,Please Not Hero Ban,Brigitte,1
Japan - Stage 1,Japan - Stage 1__match_0013,Round Robin [Bo5],99DIVINE,Please Not Hero Ban,Zenyatta,1
Japan - Stage 1,Japan - Stage 1__match_0013,Round Robin [Bo5],99DIVINE,Please Not Hero Ban,Torbjörn,1
Japan - Stage 1,Japan - Stage 1__match_0014,Round Robin [Bo5],Telomere,ENTER FORCE.36,Mei,1
Japan - Stage 1,Japan - Stage 1__match_0014,Round Robin [Bo5],Telomere,ENTER FORCE.36,Cassidy,1
Japan - Stage 1,Japan - Stage 1__match_0014,Round Robin [Bo5],Telomere,ENTER FORCE.36,Baptiste,1
Japan - Stage 1,Japan - Stage 1__match_0014,Round Robin [Bo5],Telomere,ENTER FORCE.36,Ana,1
Japan - Stage 1,Japan - Stage 1__match_0014,Round Robin [Bo5],Telomere,ENTER FORCE.36,Mizuki,1
Japan - Stage 1,Japan - Stage 1__match_0014,Round Robin [Bo5],Telomere,ENTER FORCE.36,Emre,1
Japan - Stage 1,Japan - Stage 1__match_0014,Round Robin [Bo5],Telomere,ENTER FORCE.36,Widowmaker,1
Japan - Stage 1,Japan - Stage 1__match_0014,Round Robin [Bo5],Telomere,ENTER FORCE.36,Orisa,1
Japan - Stage 1,Japan - Stage 1__match_0014,Round Robin [Bo5],Telomere,ENTER FORCE.36,Wrecking Ball,1
Japan - Stage 1,Japan - Stage 1__match_0015,Round Robin [Bo5],VARREL,Nyam Gaming,Mei,1
Japan - Stage 1,Japan - Stage 1__match_0015,Round Robin [Bo5],VARREL,Nyam Gaming,Sigma,1
Japan - Stage 1,Japan - Stage 1__match_0015,Round Robin [Bo5],VARREL,Nyam Gaming,Brigitte,1
Japan - Stage 1,Japan - Stage 1__match_0015,Round Robin [Bo5],VARREL,Nyam Gaming,Baptiste,1
Japan - Stage 1,Japan - Stage 1__match_0015,Round Robin [Bo5],VARREL,Nyam Gaming,Sojourn,1
Japan - Stage 1,Japan - Stage 1__match_0015,Round Robin [Bo5],VARREL,Nyam Gaming,Widowmaker,1
Japan - Stage 1,Japan - Stage 1__match_0015,Round Robin [Bo5],VARREL,Nyam Gaming,Echo,1
Japan - Stage 1,Japan - Stage 1__match_0015,Round Robin [Bo5],VARREL,Nyam Gaming,Ana,1
Japan - Stage 1,Japan - Stage 1__match_0016,Round Robin [Bo5],VARREL,Lazuli,Genji,1
Japan - Stage 1,Japan - Stage 1__match_0016,Round Robin [Bo5],VARREL,Lazuli,Anran,1
Japan - Stage 1,Japan - Stage 1__match_0016,Round Robin [Bo5],VARREL,Lazuli,D.Va,1
Japan - Stage 1,Japan - Stage 1__match_0016,Round Robin [Bo5],VARREL,Lazuli,Wrecking Ball,1
Japan - Stage 1,Japan - Stage 1__match_0016,Round Robin [Bo5],VARREL,Lazuli,Ana,1
Japan - Stage 1,Japan - Stage 1__match_0016,Round Robin [Bo5],VARREL,Lazuli,Cassidy,1
Japan - Stage 1,Japan - Stage 1__match_0016,Round Robin [Bo5],VARREL,Lazuli,Lifeweaver,1
Japan - Stage 1,Japan - Stage 1__match_0017,Round Robin [Bo5],Telomere,Nyam Gaming,Ashe,1
Japan - Stage 1,Japan - Stage 1__match_0017,Round Robin [Bo5],Telomere,Nyam Gaming,Cassidy,1
Japan - Stage 1,Japan - Stage 1__match_0017,Round Robin [Bo5],Telomere,Nyam Gaming,Moira,1
Japan - Stage 1,Japan - Stage 1__match_0017,Round Robin [Bo5],Telomere,Nyam Gaming,Widowmaker,1
Japan - Stage 1,Japan - Stage 1__match_0017,Round Robin [Bo5],Telomere,Nyam Gaming,Venture,1
Japan - Stage 1,Japan - Stage 1__match_0017,Round Robin [Bo5],Telomere,Nyam Gaming,Hazard,1
Japan - Stage 1,Japan - Stage 1__match_0017,Round Robin [Bo5],Telomere,Nyam Gaming,Orisa,1
Japan - Stage 1,Japan - Stage 1__match_0017,Round Robin [Bo5],Telomere,Nyam Gaming,Wuyang,1
Japan - Stage 1,Japan - Stage 1__match_0018,Round Robin [Bo5],ENTER FORCE.36,TOKYO TAIYOs,Pharah,1
Japan - Stage 1,Japan - Stage 1__match_0018,Round Robin [Bo5],ENTER FORCE.36,TOKYO TAIYOs,Wrecking Ball,1
Japan - Stage 1,Japan - Stage 1__match_0018,Round Robin [Bo5],ENTER FORCE.36,TOKYO TAIYOs,Ramattra,1
Japan - Stage 1,Japan - Stage 1__match_0018,Round Robin [Bo5],ENTER FORCE.36,TOKYO TAIYOs,Roadhog,1
Japan - Stage 1,Japan - Stage 1__match_0018,Round Robin [Bo5],ENTER FORCE.36,TOKYO TAIYOs,Mizuki,1
Japan - Stage 1,Japan - Stage 1__match_0018,Round Robin [Bo5],ENTER FORCE.36,TOKYO TAIYOs,Mercy,1
Japan - Stage 1,Japan - Stage 1__match_0019,Round Robin [Bo5],99DIVINE,Nyam Gaming,Wrecking Ball,1
Japan - Stage 1,Japan - Stage 1__match_0019,Round Robin [Bo5],99DIVINE,Nyam Gaming,Winston,1
Japan - Stage 1,Japan - Stage 1__match_0019,Round Robin [Bo5],99DIVINE,Nyam Gaming,Jetpack Cat,1
Japan - Stage 1,Japan - Stage 1__match_0019,Round Robin [Bo5],99DIVINE,Nyam Gaming,Sojourn,1
Japan - Stage 1,Japan - Stage 1__match_0019,Round Robin [Bo5],99DIVINE,Nyam Gaming,Pharah,1
Japan - Stage 1,Japan - Stage 1__match_0019,Round Robin [Bo5],99DIVINE,Nyam Gaming,Widowmaker,1
Japan - Stage 1,Japan - Stage 1__match_0019,Round Robin [Bo5],99DIVINE,Nyam Gaming,Torbjörn,1
Japan - Stage 1,Japan - Stage 1__match_0019,Round Robin [Bo5],99DIVINE,Nyam Gaming,Cassidy,1
Japan - Stage 1,Japan - Stage 1__match_0019,Round Robin [Bo5],99DIVINE,Nyam Gaming,Orisa,1
Japan - Stage 1,Japan - Stage 1__match_0019,Round Robin [Bo5],99DIVINE,Nyam Gaming,Wuyang,1
Japan - Stage 1,Japan - Stage 1__match_0019,Round Robin [Bo5],99DIVINE,Nyam Gaming,Lifeweaver,1
Japan - Stage 1,Japan - Stage 1__match_0020,Round Robin [Bo5],VARREL,Telomere,Wuyang,1
Japan - Stage 1,Japan - Stage 1__match_0020,Round Robin [Bo5],VARREL,Telomere,Illari,1
Japan - Stage 1,Japan - Stage 1__match_0020,Round Robin [Bo5],VARREL,Telomere,Jetpack Cat,1
Japan - Stage 1,Japan - Stage 1__match_0020,Round Robin [Bo5],VARREL,Telomere,Echo,1
Japan - Stage 1,Japan - Stage 1__match_0020,Round Robin [Bo5],VARREL,Telomere,Widowmaker,1
Japan - Stage 1,Japan - Stage 1__match_0020,Round Robin [Bo5],VARREL,Telomere,Zarya,1
Japan - Stage 1,Japan - Stage 1__match_0020,Round Robin [Bo5],VARREL,Telomere,Doomfist,1
Japan - Stage 1,Japan - Stage 1__match_0020,Round Robin [Bo5],VARREL,Telomere,Lúcio,1
Japan - Stage 1,Japan - Stage 1__match_0021,Round Robin [Bo5],Lazuli,ENTER FORCE.36,Cassidy,1
Japan - Stage 1,Japan - Stage 1__match_0021,Round Robin [Bo5],Lazuli,ENTER FORCE.36,Doomfist,1
Japan - Stage 1,Japan - Stage 1__match_0021,Round Robin [Bo5],Lazuli,ENTER FORCE.36,Moira,1
Japan - Stage 1,Japan - Stage 1__match_0021,Round Robin [Bo5],Lazuli,ENTER FORCE.36,Jetpack Cat,1
Japan - Stage 1,Japan - Stage 1__match_0021,Round Robin [Bo5],Lazuli,ENTER FORCE.36,Hanzo,1
Japan - Stage 1,Japan - Stage 1__match_0021,Round Robin [Bo5],Lazuli,ENTER FORCE.36,Torbjörn,1
Japan - Stage 1,Japan - Stage 1__match_0021,Round Robin [Bo5],Lazuli,ENTER FORCE.36,Echo,1
Japan - Stage 1,Japan - Stage 1__match_0021,Round Robin [Bo5],Lazuli,ENTER FORCE.36,Genji,1
Japan - Stage 1,Japan - Stage 1__match_0021,Round Robin [Bo5],Lazuli,ENTER FORCE.36,Widowmaker,1
Japan - Stage 1,Japan - Stage 1__match_0021,Round Robin [Bo5],Lazuli,ENTER FORCE.36,Sigma,1
Japan - Stage 1,Japan - Stage 1__match_0021,Round Robin [Bo5],Lazuli,ENTER FORCE.36,Roadhog,1
Japan - Stage 1,Japan - Stage 1__match_0021,Round Robin [Bo5],Lazuli,ENTER FORCE.36,Ana,1
Japan - Stage 1,Japan - Stage 1__match_0022,Round Robin [Bo5],Please Not Hero Ban,Nyam Gaming,Wrecking Ball,1
Japan - Stage 1,Japan - Stage 1__match_0022,Round Robin [Bo5],Please Not Hero Ban,Nyam Gaming,Orisa,1
Japan - Stage 1,Japan - Stage 1__match_0022,Round Robin [Bo5],Please Not Hero Ban,Nyam Gaming,Illari,1
Japan - Stage 1,Japan - Stage 1__match_0022,Round Robin [Bo5],Please Not Hero Ban,Nyam Gaming,Jetpack Cat,1
Japan - Stage 1,Japan - Stage 1__match_0022,Round Robin [Bo5],Please Not Hero Ban,Nyam Gaming,Sojourn,1
Japan - Stage 1,Japan - Stage 1__match_0022,Round Robin [Bo5],Please Not Hero Ban,Nyam Gaming,Vendetta,1
Japan - Stage 1,Japan - Stage 1__match_0022,Round Robin [Bo5],Please Not Hero Ban,Nyam Gaming,Hazard,1
Japan - Stage 1,Japan - Stage 1__match_0022,Round Robin [Bo5],Please Not Hero Ban,Nyam Gaming,D.Va,1
Japan - Stage 1,Japan - Stage 1__match_0022,Round Robin [Bo5],Please Not Hero Ban,Nyam Gaming,Sigma,1
Japan - Stage 1,Japan - Stage 1__match_0023,Round Robin [Bo5],Lazuli,TOKYO TAIYOs,Hanzo,1
Japan - Stage 1,Japan - Stage 1__match_0023,Round Robin [Bo5],Lazuli,TOKYO TAIYOs,Orisa,1
Japan - Stage 1,Japan - Stage 1__match_0023,Round Robin [Bo5],Lazuli,TOKYO TAIYOs,Winston,1
Japan - Stage 1,Japan - Stage 1__match_0023,Round Robin [Bo5],Lazuli,TOKYO TAIYOs,Reinhardt,1
Japan - Stage 1,Japan - Stage 1__match_0023,Round Robin [Bo5],Lazuli,TOKYO TAIYOs,Mercy,1
Japan - Stage 1,Japan - Stage 1__match_0023,Round Robin [Bo5],Lazuli,TOKYO TAIYOs,Pharah,1
Japan - Stage 1,Japan - Stage 1__match_0023,Round Robin [Bo5],Lazuli,TOKYO TAIYOs,Mei,1
Japan - Stage 1,Japan - Stage 1__match_0023,Round Robin [Bo5],Lazuli,TOKYO TAIYOs,Mauga,1
Japan - Stage 1,Japan - Stage 1__match_0023,Round Robin [Bo5],Lazuli,TOKYO TAIYOs,D.Va,1
Japan - Stage 1,Japan - Stage 1__match_0023,Round Robin [Bo5],Lazuli,TOKYO TAIYOs,Hazard,1
Japan - Stage 1,Japan - Stage 1__match_0023,Round Robin [Bo5],Lazuli,TOKYO TAIYOs,Roadhog,1
Japan - Stage 1,Japan - Stage 1__match_0023,Round Robin [Bo5],Lazuli,TOKYO TAIYOs,Illari,1
Japan - Stage 1,Japan - Stage 1__match_0023,Round Robin [Bo5],Lazuli,TOKYO TAIYOs,Lifeweaver,1
Japan - Stage 1,Japan - Stage 1__match_0023,Round Robin [Bo5],Lazuli,TOKYO TAIYOs,Zenyatta,1
Japan - Stage 1,Japan - Stage 1__match_0024,Round Robin [Bo5],99DIVINE,Telomere,Pharah,1
Japan - Stage 1,Japan - Stage 1__match_0024,Round Robin [Bo5],99DIVINE,Telomere,Orisa,1
Japan - Stage 1,Japan - Stage 1__match_0024,Round Robin [Bo5],99DIVINE,Telomere,Sojourn,1
Japan - Stage 1,Japan - Stage 1__match_0024,Round Robin [Bo5],99DIVINE,Telomere,Widowmaker,1
Japan - Stage 1,Japan - Stage 1__match_0024,Round Robin [Bo5],99DIVINE,Telomere,Ramattra,1
Japan - Stage 1,Japan - Stage 1__match_0024,Round Robin [Bo5],99DIVINE,Telomere,Zarya,1
Japan - Stage 1,Japan - Stage 1__match_0024,Round Robin [Bo5],99DIVINE,Telomere,Lúcio,1
Japan - Stage 1,Japan - Stage 1__match_0024,Round Robin [Bo5],99DIVINE,Telomere,Illari,1
Japan - Stage 1,Japan - Stage 1__match_0024,Round Robin [Bo5],99DIVINE,Telomere,Baptiste,1
Japan - Stage 1,Japan - Stage 1__match_0025,Round Robin [Bo5],Please Not Hero Ban,ENTER FORCE.36,Cassidy,1
Japan - Stage 1,Japan - Stage 1__match_0025,Round Robin [Bo5],Please Not Hero Ban,ENTER FORCE.36,Sojourn,1
Japan - Stage 1,Japan - Stage 1__match_0025,Round Robin [Bo5],Please Not Hero Ban,ENTER FORCE.36,Echo,1
Japan - Stage 1,Japan - Stage 1__match_0025,Round Robin [Bo5],Please Not Hero Ban,ENTER FORCE.36,Mei,1
Japan - Stage 1,Japan - Stage 1__match_0025,Round Robin [Bo5],Please Not Hero Ban,ENTER FORCE.36,Torbjörn,1
Japan - Stage 1,Japan - Stage 1__match_0025,Round Robin [Bo5],Please Not Hero Ban,ENTER FORCE.36,Genji,1
Japan - Stage 1,Japan - Stage 1__match_0025,Round Robin [Bo5],Please Not Hero Ban,ENTER FORCE.36,Widowmaker,1
Japan - Stage 1,Japan - Stage 1__match_0025,Round Robin [Bo5],Please Not Hero Ban,ENTER FORCE.36,Pharah,1
Japan - Stage 1,Japan - Stage 1__match_0025,Round Robin [Bo5],Please Not Hero Ban,ENTER FORCE.36,Doomfist,1
Japan - Stage 1,Japan - Stage 1__match_0025,Round Robin [Bo5],Please Not Hero Ban,ENTER FORCE.36,Mauga,1
Japan - Stage 1,Japan - Stage 1__match_0025,Round Robin [Bo5],Please Not Hero Ban,ENTER FORCE.36,Brigitte,1
Japan - Stage 1,Japan - Stage 1__match_0025,Round Robin [Bo5],Please Not Hero Ban,ENTER FORCE.36,Lifeweaver,1
Japan - Stage 1,Japan - Stage 1__match_0026,Round Robin [Bo5],Lazuli,Nyam Gaming,Hanzo,1
Japan - Stage 1,Japan - Stage 1__match_0026,Round Robin [Bo5],Lazuli,Nyam Gaming,Genji,1
Japan - Stage 1,Japan - Stage 1__match_0026,Round Robin [Bo5],Lazuli,Nyam Gaming,Orisa,1
Japan - Stage 1,Japan - Stage 1__match_0026,Round Robin [Bo5],Lazuli,Nyam Gaming,Winston,1
Japan - Stage 1,Japan - Stage 1__match_0026,Round Robin [Bo5],Lazuli,Nyam Gaming,Baptiste,1
Japan - Stage 1,Japan - Stage 1__match_0026,Round Robin [Bo5],Lazuli,Nyam Gaming,Moira,1
Japan - Stage 1,Japan - Stage 1__match_0026,Round Robin [Bo5],Lazuli,Nyam Gaming,Freja,1
Japan - Stage 1,Japan - Stage 1__match_0026,Round Robin [Bo5],Lazuli,Nyam Gaming,Sigma,1
Japan - Stage 1,Japan - Stage 1__match_0026,Round Robin [Bo5],Lazuli,Nyam Gaming,Mizuki,1
Japan - Stage 1,Japan - Stage 1__match_0026,Round Robin [Bo5],Lazuli,Nyam Gaming,Lifeweaver,1
Japan - Stage 1,Japan - Stage 1__match_0026,Round Robin [Bo5],Lazuli,Nyam Gaming,Mercy,1
Japan - Stage 1,Japan - Stage 1__match_0027,Round Robin [Bo5],VARREL,99DIVINE,Echo,1
Japan - Stage 1,Japan - Stage 1__match_0027,Round Robin [Bo5],VARREL,99DIVINE,Pharah,1
Japan - Stage 1,Japan - Stage 1__match_0027,Round Robin [Bo5],VARREL,99DIVINE,Orisa,1
Japan - Stage 1,Japan - Stage 1__match_0027,Round Robin [Bo5],VARREL,99DIVINE,Venture,1
Japan - Stage 1,Japan - Stage 1__match_0027,Round Robin [Bo5],VARREL,99DIVINE,Sombra,1
Japan - Stage 1,Japan - Stage 1__match_0027,Round Robin [Bo5],VARREL,99DIVINE,Soldier: 76,1
Japan - Stage 1,Japan - Stage 1__match_0027,Round Robin [Bo5],VARREL,99DIVINE,Mauga,1
Japan - Stage 1,Japan - Stage 1__match_0027,Round Robin [Bo5],VARREL,99DIVINE,Lúcio,1
Japan - Stage 1,Japan - Stage 1__match_0027,Round Robin [Bo5],VARREL,99DIVINE,Brigitte,1
Japan - Stage 1,Japan - Stage 1__match_0028,Round Robin [Bo5],TOKYO TAIYOs,Telomere,Widowmaker,1
Japan - Stage 1,Japan - Stage 1__match_0028,Round Robin [Bo5],TOKYO TAIYOs,Telomere,Hazard,1
Japan - Stage 1,Japan - Stage 1__match_0028,Round Robin [Bo5],TOKYO TAIYOs,Telomere,Zarya,1
Japan - Stage 1,Japan - Stage 1__match_0028,Round Robin [Bo5],TOKYO TAIYOs,Telomere,Lifeweaver,1
Japan - Stage 1,Japan - Stage 1__match_0028,Round Robin [Bo5],TOKYO TAIYOs,Telomere,Illari,1
Japan - Stage 1,Japan - Stage 1__match_0028,Round Robin [Bo5],TOKYO TAIYOs,Telomere,Mercy,1
Japan - Stage 1,Japan - Stage 1__match_0028,Round Robin [Bo5],TOKYO TAIYOs,Telomere,Ramattra,1
Japan - Stage 1,Japan - Stage 1__match_0028,Round Robin [Bo5],TOKYO TAIYOs,Telomere,D.Va,1
Japan - Stage 1,Japan - Stage 1__match_0028,Round Robin [Bo5],TOKYO TAIYOs,Telomere,Winston,1
Japan - Stage 1,Japan - Stage 1__match_0028,Round Robin [Bo5],TOKYO TAIYOs,Telomere,Orisa,1
Japan - Stage 1,Japan - Stage 1__match_0028,Round Robin [Bo5],TOKYO TAIYOs,Telomere,Reinhardt,1
Japan - Stage 1,Japan - Stage 1__match_0028,Round Robin [Bo5],TOKYO TAIYOs,Telomere,Junker Queen,1
Japan - Stage 1,Japan - Stage 1__match_0028,Round Robin [Bo5],TOKYO TAIYOs,Telomere,Mauga,1
Japan - Stage 1,Japan - Stage 1__match_0028,Round Robin [Bo5],TOKYO TAIYOs,Telomere,Brigitte,1
Japan - Stage 1,Japan - Stage 1__match_0028,Round Robin [Bo5],TOKYO TAIYOs,Telomere,Wuyang,1
Japan - Stage 1,Japan - Stage 1__match_0029,Semifinals [Bo7],ENTER FORCE.36,Please Not Hero Ban,Doomfist,1
Japan - Stage 1,Japan - Stage 1__match_0029,Semifinals [Bo7],ENTER FORCE.36,Please Not Hero Ban,Hazard,1
Japan - Stage 1,Japan - Stage 1__match_0029,Semifinals [Bo7],ENTER FORCE.36,Please Not Hero Ban,Lifeweaver,1
Japan - Stage 1,Japan - Stage 1__match_0029,Semifinals [Bo7],ENTER FORCE.36,Please Not Hero Ban,Reaper,1
Japan - Stage 1,Japan - Stage 1__match_0029,Semifinals [Bo7],ENTER FORCE.36,Please Not Hero Ban,Ana,1
Japan - Stage 1,Japan - Stage 1__match_0029,Semifinals [Bo7],ENTER FORCE.36,Please Not Hero Ban,Jetpack Cat,1
Japan - Stage 1,Japan - Stage 1__match_0029,Semifinals [Bo7],ENTER FORCE.36,Please Not Hero Ban,Illari,1
Japan - Stage 1,Japan - Stage 1__match_0030,Semifinals [Bo7],VARREL,99DIVINE,Hanzo,1
Japan - Stage 1,Japan - Stage 1__match_0030,Semifinals [Bo7],VARREL,99DIVINE,Vendetta,1
Japan - Stage 1,Japan - Stage 1__match_0030,Semifinals [Bo7],VARREL,99DIVINE,Orisa,1
Japan - Stage 1,Japan - Stage 1__match_0030,Semifinals [Bo7],VARREL,99DIVINE,Illari,1
Japan - Stage 1,Japan - Stage 1__match_0030,Semifinals [Bo7],VARREL,99DIVINE,Sojourn,1
Japan - Stage 1,Japan - Stage 1__match_0030,Semifinals [Bo7],VARREL,99DIVINE,Wrecking Ball,1
Japan - Stage 1,Japan - Stage 1__match_0030,Semifinals [Bo7],VARREL,99DIVINE,Winston,1
Japan - Stage 1,Japan - Stage 1__match_0030,Semifinals [Bo7],VARREL,99DIVINE,Mauga,1
Japan - Stage 1,Japan - Stage 1__match_0030,Semifinals [Bo7],VARREL,99DIVINE,Juno,1
Japan - Stage 1,Japan - Stage 1__match_0030,Semifinals [Bo7],VARREL,99DIVINE,Brigitte,1
Japan - Stage 1,Japan - Stage 1__match_0031,Third Place Match [Bo7],Please Not Hero Ban,99DIVINE,Vendetta,1
Japan - Stage 1,Japan - Stage 1__match_0031,Third Place Match [Bo7],Please Not Hero Ban,99DIVINE,Pharah,1
Japan - Stage 1,Japan - Stage 1__match_0031,Third Place Match [Bo7],Please Not Hero Ban,99DIVINE,Widowmaker,1
Japan - Stage 1,Japan - Stage 1__match_0032,Grand Finals [Bo7],VARREL,ENTER FORCE.36,Cassidy,1
Japan - Stage 1,Japan - Stage 1__match_0032,Grand Finals [Bo7],VARREL,ENTER FORCE.36,Bastion,1
Japan - Stage 1,Japan - Stage 1__match_0032,Grand Finals [Bo7],VARREL,ENTER FORCE.36,Venture,1
Japan - Stage 1,Japan - Stage 1__match_0032,Grand Finals [Bo7],VARREL,ENTER FORCE.36,Widowmaker,1
Japan - Stage 1,Japan - Stage 1__match_0032,Grand Finals [Bo7],VARREL,ENTER FORCE.36,Reaper,1
Japan - Stage 1,Japan - Stage 1__match_0032,Grand Finals [Bo7],VARREL,ENTER FORCE.36,Genji,1
Japan - Stage 1,Japan - Stage 1__match_0032,Grand Finals [Bo7],VARREL,ENTER FORCE.36,Mei,1
Japan - Stage 1,Japan - Stage 1__match_0032,Grand Finals [Bo7],VARREL,ENTER FORCE.36,Domina,1
Japan - Stage 1,Japan - Stage 1__match_0032,Grand Finals [Bo7],VARREL,ENTER FORCE.36,Zarya,1
Japan - Stage 1,Japan - Stage 1__match_0032,Grand Finals [Bo7],VARREL,ENTER FORCE.36,Wrecking Ball,1
Japan - Stage 1,Japan - Stage 1__match_0032,Grand Finals [Bo7],VARREL,ENTER FORCE.36,Doomfist,1
Japan - Stage 1,Japan - Stage 1__match_0032,Grand Finals [Bo7],VARREL,ENTER FORCE.36,Brigitte,1
Japan - Stage 1,Japan - Stage 1__match_0032,Grand Finals [Bo7],VARREL,ENTER FORCE.36,Baptiste,1
Japan - Stage 1,Japan - Stage 1__match_0032,Grand Finals [Bo7],VARREL,ENTER FORCE.36,Juno,1
Korea - Stage 1,Korea - Stage 1__match_0001,Round Robin [Bo5],Cheeseburger,Poker Face,Tracer,1
Korea - Stage 1,Korea - Stage 1__match_0001,Round Robin [Bo5],Cheeseburger,Poker Face,Ramattra,1
Korea - Stage 1,Korea - Stage 1__match_0001,Round Robin [Bo5],Cheeseburger,Poker Face,Hanzo,1
Korea - Stage 1,Korea - Stage 1__match_0001,Round Robin [Bo5],Cheeseburger,Poker Face,Widowmaker,1
Korea - Stage 1,Korea - Stage 1__match_0001,Round Robin [Bo5],Cheeseburger,Poker Face,Hazard,1
Korea - Stage 1,Korea - Stage 1__match_0001,Round Robin [Bo5],Cheeseburger,Poker Face,Zarya,1
Korea - Stage 1,Korea - Stage 1__match_0001,Round Robin [Bo5],Cheeseburger,Poker Face,Juno,1
Korea - Stage 1,Korea - Stage 1__match_0002,Round Robin [Bo5],Crazy Raccoon,ZETA DIVISION,Domina,1
Korea - Stage 1,Korea - Stage 1__match_0002,Round Robin [Bo5],Crazy Raccoon,ZETA DIVISION,Wrecking Ball,1
Korea - Stage 1,Korea - Stage 1__match_0002,Round Robin [Bo5],Crazy Raccoon,ZETA DIVISION,Wuyang,1
Korea - Stage 1,Korea - Stage 1__match_0002,Round Robin [Bo5],Crazy Raccoon,ZETA DIVISION,Juno,1
Korea - Stage 1,Korea - Stage 1__match_0002,Round Robin [Bo5],Crazy Raccoon,ZETA DIVISION,Mei,1
Korea - Stage 1,Korea - Stage 1__match_0002,Round Robin [Bo5],Crazy Raccoon,ZETA DIVISION,Doomfist,1
Korea - Stage 1,Korea - Stage 1__match_0002,Round Robin [Bo5],Crazy Raccoon,ZETA DIVISION,Winston,1
Korea - Stage 1,Korea - Stage 1__match_0003,Round Robin [Bo5],ZAN Esports,RØDE ONSIDE GAMING,Bastion,1
Korea - Stage 1,Korea - Stage 1__match_0003,Round Robin [Bo5],ZAN Esports,RØDE ONSIDE GAMING,Echo,1
Korea - Stage 1,Korea - Stage 1__match_0003,Round Robin [Bo5],ZAN Esports,RØDE ONSIDE GAMING,Brigitte,1
Korea - Stage 1,Korea - Stage 1__match_0003,Round Robin [Bo5],ZAN Esports,RØDE ONSIDE GAMING,Genji,1
Korea - Stage 1,Korea - Stage 1__match_0003,Round Robin [Bo5],ZAN Esports,RØDE ONSIDE GAMING,Pharah,1
Korea - Stage 1,Korea - Stage 1__match_0003,Round Robin [Bo5],ZAN Esports,RØDE ONSIDE GAMING,Widowmaker,1
Korea - Stage 1,Korea - Stage 1__match_0003,Round Robin [Bo5],ZAN Esports,RØDE ONSIDE GAMING,Emre,1
Korea - Stage 1,Korea - Stage 1__match_0004,Round Robin [Bo5],New Era,T1,Emre,1
Korea - Stage 1,Korea - Stage 1__match_0004,Round Robin [Bo5],New Era,T1,Genji,1
Korea - Stage 1,Korea - Stage 1__match_0004,Round Robin [Bo5],New Era,T1,Brigitte,1
Korea - Stage 1,Korea - Stage 1__match_0004,Round Robin [Bo5],New Era,T1,Mercy,1
Korea - Stage 1,Korea - Stage 1__match_0004,Round Robin [Bo5],New Era,T1,Illari,1
Korea - Stage 1,Korea - Stage 1__match_0004,Round Robin [Bo5],New Era,T1,Echo,1
Korea - Stage 1,Korea - Stage 1__match_0004,Round Robin [Bo5],New Era,T1,Sigma,1
Korea - Stage 1,Korea - Stage 1__match_0004,Round Robin [Bo5],New Era,T1,Wrecking Ball,1
Korea - Stage 1,Korea - Stage 1__match_0004,Round Robin [Bo5],New Era,T1,Baptiste,1
Korea - Stage 1,Korea - Stage 1__match_0005,Round Robin [Bo5],Cheeseburger,Team Falcons,Tracer,1
Korea - Stage 1,Korea - Stage 1__match_0005,Round Robin [Bo5],Cheeseburger,Team Falcons,Emre,1
Korea - Stage 1,Korea - Stage 1__match_0005,Round Robin [Bo5],Cheeseburger,Team Falcons,Freja,1
Korea - Stage 1,Korea - Stage 1__match_0005,Round Robin [Bo5],Cheeseburger,Team Falcons,Widowmaker,1
Korea - Stage 1,Korea - Stage 1__match_0005,Round Robin [Bo5],Cheeseburger,Team Falcons,Doomfist,1
Korea - Stage 1,Korea - Stage 1__match_0005,Round Robin [Bo5],Cheeseburger,Team Falcons,Ana,1
Korea - Stage 1,Korea - Stage 1__match_0005,Round Robin [Bo5],Cheeseburger,Team Falcons,Cassidy,1
Korea - Stage 1,Korea - Stage 1__match_0005,Round Robin [Bo5],Cheeseburger,Team Falcons,Hanzo,1
Korea - Stage 1,Korea - Stage 1__match_0005,Round Robin [Bo5],Cheeseburger,Team Falcons,Moira,1
Korea - Stage 1,Korea - Stage 1__match_0005,Round Robin [Bo5],Cheeseburger,Team Falcons,Brigitte,1
Korea - Stage 1,Korea - Stage 1__match_0005,Round Robin [Bo5],Cheeseburger,Team Falcons,Lifeweaver,1
Korea - Stage 1,Korea - Stage 1__match_0005,Round Robin [Bo5],Cheeseburger,Team Falcons,Jetpack Cat,1
Korea - Stage 1,Korea - Stage 1__match_0006,Round Robin [Bo5],ZAN Esports,Crazy Raccoon,Venture,1
Korea - Stage 1,Korea - Stage 1__match_0006,Round Robin [Bo5],ZAN Esports,Crazy Raccoon,Mei,1
Korea - Stage 1,Korea - Stage 1__match_0006,Round Robin [Bo5],ZAN Esports,Crazy Raccoon,Ramattra,1
Korea - Stage 1,Korea - Stage 1__match_0006,Round Robin [Bo5],ZAN Esports,Crazy Raccoon,Jetpack Cat,1
Korea - Stage 1,Korea - Stage 1__match_0006,Round Robin [Bo5],ZAN Esports,Crazy Raccoon,Pharah,1
Korea - Stage 1,Korea - Stage 1__match_0006,Round Robin [Bo5],ZAN Esports,Crazy Raccoon,Widowmaker,1
Korea - Stage 1,Korea - Stage 1__match_0007,Round Robin [Bo5],Poker Face,New Era,Echo,1
Korea - Stage 1,Korea - Stage 1__match_0007,Round Robin [Bo5],Poker Face,New Era,Mei,1
Korea - Stage 1,Korea - Stage 1__match_0007,Round Robin [Bo5],Poker Face,New Era,Hanzo,1
Korea - Stage 1,Korea - Stage 1__match_0007,Round Robin [Bo5],Poker Face,New Era,Wrecking Ball,1
Korea - Stage 1,Korea - Stage 1__match_0007,Round Robin [Bo5],Poker Face,New Era,Baptiste,1
Korea - Stage 1,Korea - Stage 1__match_0007,Round Robin [Bo5],Poker Face,New Era,Jetpack Cat,1
Korea - Stage 1,Korea - Stage 1__match_0007,Round Robin [Bo5],Poker Face,New Era,Cassidy,1
Korea - Stage 1,Korea - Stage 1__match_0007,Round Robin [Bo5],Poker Face,New Era,Venture,1
Korea - Stage 1,Korea - Stage 1__match_0008,Round Robin [Bo5],RØDE ONSIDE GAMING,T1,Venture,1
Korea - Stage 1,Korea - Stage 1__match_0008,Round Robin [Bo5],RØDE ONSIDE GAMING,T1,Mei,1
Korea - Stage 1,Korea - Stage 1__match_0008,Round Robin [Bo5],RØDE ONSIDE GAMING,T1,Doomfist,1
Korea - Stage 1,Korea - Stage 1__match_0008,Round Robin [Bo5],RØDE ONSIDE GAMING,T1,Mizuki,1
Korea - Stage 1,Korea - Stage 1__match_0008,Round Robin [Bo5],RØDE ONSIDE GAMING,T1,Jetpack Cat,1
Korea - Stage 1,Korea - Stage 1__match_0008,Round Robin [Bo5],RØDE ONSIDE GAMING,T1,Reinhardt,1
Korea - Stage 1,Korea - Stage 1__match_0008,Round Robin [Bo5],RØDE ONSIDE GAMING,T1,Orisa,1
Korea - Stage 1,Korea - Stage 1__match_0009,Round Robin [Bo5],ZETA DIVISION,Team Falcons,Pharah,1
Korea - Stage 1,Korea - Stage 1__match_0009,Round Robin [Bo5],ZETA DIVISION,Team Falcons,Hazard,1
Korea - Stage 1,Korea - Stage 1__match_0009,Round Robin [Bo5],ZETA DIVISION,Team Falcons,Winston,1
Korea - Stage 1,Korea - Stage 1__match_0009,Round Robin [Bo5],ZETA DIVISION,Team Falcons,Domina,1
Korea - Stage 1,Korea - Stage 1__match_0009,Round Robin [Bo5],ZETA DIVISION,Team Falcons,Ana,1
Korea - Stage 1,Korea - Stage 1__match_0009,Round Robin [Bo5],ZETA DIVISION,Team Falcons,Reaper,1
Korea - Stage 1,Korea - Stage 1__match_0009,Round Robin [Bo5],ZETA DIVISION,Team Falcons,Genji,1
Korea - Stage 1,Korea - Stage 1__match_0009,Round Robin [Bo5],ZETA DIVISION,Team Falcons,Widowmaker,1
Korea - Stage 1,Korea - Stage 1__match_0009,Round Robin [Bo5],ZETA DIVISION,Team Falcons,Sigma,1
Korea - Stage 1,Korea - Stage 1__match_0009,Round Robin [Bo5],ZETA DIVISION,Team Falcons,Wrecking Ball,1
Korea - Stage 1,Korea - Stage 1__match_0009,Round Robin [Bo5],ZETA DIVISION,Team Falcons,Jetpack Cat,1
Korea - Stage 1,Korea - Stage 1__match_0010,Round Robin [Bo5],Cheeseburger,ZAN Esports,Cassidy,1
Korea - Stage 1,Korea - Stage 1__match_0010,Round Robin [Bo5],Cheeseburger,ZAN Esports,Reaper,1
Korea - Stage 1,Korea - Stage 1__match_0010,Round Robin [Bo5],Cheeseburger,ZAN Esports,Anran,1
Korea - Stage 1,Korea - Stage 1__match_0010,Round Robin [Bo5],Cheeseburger,ZAN Esports,Mauga,1
Korea - Stage 1,Korea - Stage 1__match_0010,Round Robin [Bo5],Cheeseburger,ZAN Esports,Widowmaker,1
Korea - Stage 1,Korea - Stage 1__match_0010,Round Robin [Bo5],Cheeseburger,ZAN Esports,Vendetta,1
Korea - Stage 1,Korea - Stage 1__match_0010,Round Robin [Bo5],Cheeseburger,ZAN Esports,Winston,1
Korea - Stage 1,Korea - Stage 1__match_0010,Round Robin [Bo5],Cheeseburger,ZAN Esports,Wuyang,1
Korea - Stage 1,Korea - Stage 1__match_0011,Round Robin [Bo5],Poker Face,ZETA DIVISION,Sojourn,1
Korea - Stage 1,Korea - Stage 1__match_0011,Round Robin [Bo5],Poker Face,ZETA DIVISION,Hanzo,1
Korea - Stage 1,Korea - Stage 1__match_0011,Round Robin [Bo5],Poker Face,ZETA DIVISION,Zenyatta,1
Korea - Stage 1,Korea - Stage 1__match_0011,Round Robin [Bo5],Poker Face,ZETA DIVISION,Wuyang,1
Korea - Stage 1,Korea - Stage 1__match_0011,Round Robin [Bo5],Poker Face,ZETA DIVISION,Mei,1
Korea - Stage 1,Korea - Stage 1__match_0011,Round Robin [Bo5],Poker Face,ZETA DIVISION,Pharah,1
Korea - Stage 1,Korea - Stage 1__match_0011,Round Robin [Bo5],Poker Face,ZETA DIVISION,Echo,1
Korea - Stage 1,Korea - Stage 1__match_0011,Round Robin [Bo5],Poker Face,ZETA DIVISION,Wrecking Ball,1
Korea - Stage 1,Korea - Stage 1__match_0012,Round Robin [Bo5],Crazy Raccoon,RØDE ONSIDE GAMING,Echo,1
Korea - Stage 1,Korea - Stage 1__match_0012,Round Robin [Bo5],Crazy Raccoon,RØDE ONSIDE GAMING,Winston,1
Korea - Stage 1,Korea - Stage 1__match_0012,Round Robin [Bo5],Crazy Raccoon,RØDE ONSIDE GAMING,Mauga,1
Korea - Stage 1,Korea - Stage 1__match_0012,Round Robin [Bo5],Crazy Raccoon,RØDE ONSIDE GAMING,Orisa,1
Korea - Stage 1,Korea - Stage 1__match_0012,Round Robin [Bo5],Crazy Raccoon,RØDE ONSIDE GAMING,Illari,1
Korea - Stage 1,Korea - Stage 1__match_0012,Round Robin [Bo5],Crazy Raccoon,RØDE ONSIDE GAMING,Juno,1
Korea - Stage 1,Korea - Stage 1__match_0012,Round Robin [Bo5],Crazy Raccoon,RØDE ONSIDE GAMING,Genji,1
Korea - Stage 1,Korea - Stage 1__match_0012,Round Robin [Bo5],Crazy Raccoon,RØDE ONSIDE GAMING,Pharah,1
Korea - Stage 1,Korea - Stage 1__match_0012,Round Robin [Bo5],Crazy Raccoon,RØDE ONSIDE GAMING,Doomfist,1
Korea - Stage 1,Korea - Stage 1__match_0012,Round Robin [Bo5],Crazy Raccoon,RØDE ONSIDE GAMING,Wuyang,1
Korea - Stage 1,Korea - Stage 1__match_0013,Round Robin [Bo5],New Era,Team Falcons,Widowmaker,1
Korea - Stage 1,Korea - Stage 1__match_0013,Round Robin [Bo5],New Era,Team Falcons,Venture,1
Korea - Stage 1,Korea - Stage 1__match_0013,Round Robin [Bo5],New Era,Team Falcons,Illari,1
Korea - Stage 1,Korea - Stage 1__match_0013,Round Robin [Bo5],New Era,Team Falcons,Hanzo,1
Korea - Stage 1,Korea - Stage 1__match_0013,Round Robin [Bo5],New Era,Team Falcons,Sojourn,1
Korea - Stage 1,Korea - Stage 1__match_0013,Round Robin [Bo5],New Era,Team Falcons,Cassidy,1
Korea - Stage 1,Korea - Stage 1__match_0014,Round Robin [Bo5],T1,Poker Face,Echo,1
Korea - Stage 1,Korea - Stage 1__match_0014,Round Robin [Bo5],T1,Poker Face,Mercy,1
Korea - Stage 1,Korea - Stage 1__match_0014,Round Robin [Bo5],T1,Poker Face,Juno,1
Korea - Stage 1,Korea - Stage 1__match_0014,Round Robin [Bo5],T1,Poker Face,Pharah,1
Korea - Stage 1,Korea - Stage 1__match_0014,Round Robin [Bo5],T1,Poker Face,Doomfist,1
Korea - Stage 1,Korea - Stage 1__match_0015,Round Robin [Bo5],Crazy Raccoon,Cheeseburger,Sojourn,1
Korea - Stage 1,Korea - Stage 1__match_0015,Round Robin [Bo5],Crazy Raccoon,Cheeseburger,Emre,1
Korea - Stage 1,Korea - Stage 1__match_0015,Round Robin [Bo5],Crazy Raccoon,Cheeseburger,Hanzo,1
Korea - Stage 1,Korea - Stage 1__match_0015,Round Robin [Bo5],Crazy Raccoon,Cheeseburger,Hazard,1
Korea - Stage 1,Korea - Stage 1__match_0015,Round Robin [Bo5],Crazy Raccoon,Cheeseburger,Sigma,1
Korea - Stage 1,Korea - Stage 1__match_0015,Round Robin [Bo5],Crazy Raccoon,Cheeseburger,Brigitte,1
Korea - Stage 1,Korea - Stage 1__match_0016,Round Robin [Bo5],RØDE ONSIDE GAMING,New Era,Pharah,1
Korea - Stage 1,Korea - Stage 1__match_0016,Round Robin [Bo5],RØDE ONSIDE GAMING,New Era,Hazard,1
Korea - Stage 1,Korea - Stage 1__match_0016,Round Robin [Bo5],RØDE ONSIDE GAMING,New Era,Winston,1
Korea - Stage 1,Korea - Stage 1__match_0016,Round Robin [Bo5],RØDE ONSIDE GAMING,New Era,Doomfist,1
Korea - Stage 1,Korea - Stage 1__match_0016,Round Robin [Bo5],RØDE ONSIDE GAMING,New Era,Mercy,1
Korea - Stage 1,Korea - Stage 1__match_0017,Round Robin [Bo5],ZAN Esports,ZETA DIVISION,Lifeweaver,1
Korea - Stage 1,Korea - Stage 1__match_0017,Round Robin [Bo5],ZAN Esports,ZETA DIVISION,Baptiste,1
Korea - Stage 1,Korea - Stage 1__match_0017,Round Robin [Bo5],ZAN Esports,ZETA DIVISION,Sombra,1
Korea - Stage 1,Korea - Stage 1__match_0017,Round Robin [Bo5],ZAN Esports,ZETA DIVISION,Echo,1
Korea - Stage 1,Korea - Stage 1__match_0017,Round Robin [Bo5],ZAN Esports,ZETA DIVISION,Domina,1
Korea - Stage 1,Korea - Stage 1__match_0017,Round Robin [Bo5],ZAN Esports,ZETA DIVISION,Illari,1
Korea - Stage 1,Korea - Stage 1__match_0017,Round Robin [Bo5],ZAN Esports,ZETA DIVISION,Wuyang,1
Korea - Stage 1,Korea - Stage 1__match_0018,Round Robin [Bo5],Team Falcons,T1,Cassidy,1
Korea - Stage 1,Korea - Stage 1__match_0018,Round Robin [Bo5],Team Falcons,T1,Jetpack Cat,1
Korea - Stage 1,Korea - Stage 1__match_0018,Round Robin [Bo5],Team Falcons,T1,Venture,1
Korea - Stage 1,Korea - Stage 1__match_0018,Round Robin [Bo5],Team Falcons,T1,Tracer,1
Korea - Stage 1,Korea - Stage 1__match_0018,Round Robin [Bo5],Team Falcons,T1,Wrecking Ball,1
Korea - Stage 1,Korea - Stage 1__match_0018,Round Robin [Bo5],Team Falcons,T1,Moira,1
Korea - Stage 1,Korea - Stage 1__match_0019,Round Robin [Bo5],RØDE ONSIDE GAMING,Cheeseburger,Pharah,1
Korea - Stage 1,Korea - Stage 1__match_0019,Round Robin [Bo5],RØDE ONSIDE GAMING,Cheeseburger,Cassidy,1
Korea - Stage 1,Korea - Stage 1__match_0019,Round Robin [Bo5],RØDE ONSIDE GAMING,Cheeseburger,D.Va,1
Korea - Stage 1,Korea - Stage 1__match_0019,Round Robin [Bo5],RØDE ONSIDE GAMING,Cheeseburger,Wuyang,1
Korea - Stage 1,Korea - Stage 1__match_0019,Round Robin [Bo5],RØDE ONSIDE GAMING,Cheeseburger,Mercy,1
Korea - Stage 1,Korea - Stage 1__match_0019,Round Robin [Bo5],RØDE ONSIDE GAMING,Cheeseburger,Echo,1
Korea - Stage 1,Korea - Stage 1__match_0019,Round Robin [Bo5],RØDE ONSIDE GAMING,Cheeseburger,Widowmaker,1
Korea - Stage 1,Korea - Stage 1__match_0019,Round Robin [Bo5],RØDE ONSIDE GAMING,Cheeseburger,Winston,1
Korea - Stage 1,Korea - Stage 1__match_0020,Round Robin [Bo5],Team Falcons,Poker Face,Pharah,1
Korea - Stage 1,Korea - Stage 1__match_0020,Round Robin [Bo5],Team Falcons,Poker Face,Reinhardt,1
Korea - Stage 1,Korea - Stage 1__match_0020,Round Robin [Bo5],Team Falcons,Poker Face,Brigitte,1
Korea - Stage 1,Korea - Stage 1__match_0020,Round Robin [Bo5],Team Falcons,Poker Face,Jetpack Cat,1
Korea - Stage 1,Korea - Stage 1__match_0020,Round Robin [Bo5],Team Falcons,Poker Face,Widowmaker,1
Korea - Stage 1,Korea - Stage 1__match_0020,Round Robin [Bo5],Team Falcons,Poker Face,Mauga,1
Korea - Stage 1,Korea - Stage 1__match_0021,Round Robin [Bo5],T1,Crazy Raccoon,Echo,1
Korea - Stage 1,Korea - Stage 1__match_0021,Round Robin [Bo5],T1,Crazy Raccoon,Orisa,1
Korea - Stage 1,Korea - Stage 1__match_0021,Round Robin [Bo5],T1,Crazy Raccoon,Baptiste,1
Korea - Stage 1,Korea - Stage 1__match_0021,Round Robin [Bo5],T1,Crazy Raccoon,Ana,1
Korea - Stage 1,Korea - Stage 1__match_0021,Round Robin [Bo5],T1,Crazy Raccoon,Illari,1
Korea - Stage 1,Korea - Stage 1__match_0021,Round Robin [Bo5],T1,Crazy Raccoon,Soldier: 76,1
Korea - Stage 1,Korea - Stage 1__match_0021,Round Robin [Bo5],T1,Crazy Raccoon,Widowmaker,1
Korea - Stage 1,Korea - Stage 1__match_0021,Round Robin [Bo5],T1,Crazy Raccoon,Domina,1
Korea - Stage 1,Korea - Stage 1__match_0021,Round Robin [Bo5],T1,Crazy Raccoon,Lifeweaver,1
Korea - Stage 1,Korea - Stage 1__match_0022,Round Robin [Bo5],New Era,ZAN Esports,Widowmaker,1
Korea - Stage 1,Korea - Stage 1__match_0022,Round Robin [Bo5],New Era,ZAN Esports,Symmetra,1
Korea - Stage 1,Korea - Stage 1__match_0022,Round Robin [Bo5],New Era,ZAN Esports,Genji,1
Korea - Stage 1,Korea - Stage 1__match_0022,Round Robin [Bo5],New Era,ZAN Esports,Baptiste,1
Korea - Stage 1,Korea - Stage 1__match_0022,Round Robin [Bo5],New Era,ZAN Esports,Bastion,1
Korea - Stage 1,Korea - Stage 1__match_0022,Round Robin [Bo5],New Era,ZAN Esports,Mei,1
Korea - Stage 1,Korea - Stage 1__match_0022,Round Robin [Bo5],New Era,ZAN Esports,Pharah,1
Korea - Stage 1,Korea - Stage 1__match_0022,Round Robin [Bo5],New Era,ZAN Esports,D.Va,1
Korea - Stage 1,Korea - Stage 1__match_0022,Round Robin [Bo5],New Era,ZAN Esports,Sigma,1
Korea - Stage 1,Korea - Stage 1__match_0022,Round Robin [Bo5],New Era,ZAN Esports,Ana,1
Korea - Stage 1,Korea - Stage 1__match_0022,Round Robin [Bo5],New Era,ZAN Esports,Illari,1
Korea - Stage 1,Korea - Stage 1__match_0023,Round Robin [Bo5],ZETA DIVISION,RØDE ONSIDE GAMING,Mei,1
Korea - Stage 1,Korea - Stage 1__match_0023,Round Robin [Bo5],ZETA DIVISION,RØDE ONSIDE GAMING,Hanzo,1
Korea - Stage 1,Korea - Stage 1__match_0023,Round Robin [Bo5],ZETA DIVISION,RØDE ONSIDE GAMING,Venture,1
Korea - Stage 1,Korea - Stage 1__match_0023,Round Robin [Bo5],ZETA DIVISION,RØDE ONSIDE GAMING,Echo,1
Korea - Stage 1,Korea - Stage 1__match_0023,Round Robin [Bo5],ZETA DIVISION,RØDE ONSIDE GAMING,Illari,1
Korea - Stage 1,Korea - Stage 1__match_0023,Round Robin [Bo5],ZETA DIVISION,RØDE ONSIDE GAMING,Vendetta,1
Korea - Stage 1,Korea - Stage 1__match_0023,Round Robin [Bo5],ZETA DIVISION,RØDE ONSIDE GAMING,Torbjörn,1
Korea - Stage 1,Korea - Stage 1__match_0023,Round Robin [Bo5],ZETA DIVISION,RØDE ONSIDE GAMING,Cassidy,1
Korea - Stage 1,Korea - Stage 1__match_0023,Round Robin [Bo5],ZETA DIVISION,RØDE ONSIDE GAMING,Mauga,1
Korea - Stage 1,Korea - Stage 1__match_0023,Round Robin [Bo5],ZETA DIVISION,RØDE ONSIDE GAMING,Brigitte,1
Korea - Stage 1,Korea - Stage 1__match_0023,Round Robin [Bo5],ZETA DIVISION,RØDE ONSIDE GAMING,Wuyang,1
Korea - Stage 1,Korea - Stage 1__match_0024,Round Robin [Bo5],Cheeseburger,T1,Echo,1
Korea - Stage 1,Korea - Stage 1__match_0024,Round Robin [Bo5],Cheeseburger,T1,Sojourn,1
Korea - Stage 1,Korea - Stage 1__match_0024,Round Robin [Bo5],Cheeseburger,T1,Cassidy,1
Korea - Stage 1,Korea - Stage 1__match_0024,Round Robin [Bo5],Cheeseburger,T1,Hazard,1
Korea - Stage 1,Korea - Stage 1__match_0024,Round Robin [Bo5],Cheeseburger,T1,Winston,1
Korea - Stage 1,Korea - Stage 1__match_0024,Round Robin [Bo5],Cheeseburger,T1,Doomfist,1
Korea - Stage 1,Korea - Stage 1__match_0024,Round Robin [Bo5],Cheeseburger,T1,Brigitte,1
Korea - Stage 1,Korea - Stage 1__match_0024,Round Robin [Bo5],Cheeseburger,T1,Zenyatta,1
Korea - Stage 1,Korea - Stage 1__match_0024,Round Robin [Bo5],Cheeseburger,T1,Junker Queen,1
Korea - Stage 1,Korea - Stage 1__match_0024,Round Robin [Bo5],Cheeseburger,T1,Lifeweaver,1
Korea - Stage 1,Korea - Stage 1__match_0025,Round Robin [Bo5],Team Falcons,ZAN Esports,Hanzo,1
Korea - Stage 1,Korea - Stage 1__match_0025,Round Robin [Bo5],Team Falcons,ZAN Esports,Widowmaker,1
Korea - Stage 1,Korea - Stage 1__match_0025,Round Robin [Bo5],Team Falcons,ZAN Esports,D.Va,1
Korea - Stage 1,Korea - Stage 1__match_0025,Round Robin [Bo5],Team Falcons,ZAN Esports,Sojourn,1
Korea - Stage 1,Korea - Stage 1__match_0025,Round Robin [Bo5],Team Falcons,ZAN Esports,Bastion,1
Korea - Stage 1,Korea - Stage 1__match_0025,Round Robin [Bo5],Team Falcons,ZAN Esports,Doomfist,1
Korea - Stage 1,Korea - Stage 1__match_0025,Round Robin [Bo5],Team Falcons,ZAN Esports,Hazard,1
Korea - Stage 1,Korea - Stage 1__match_0025,Round Robin [Bo5],Team Falcons,ZAN Esports,Winston,1
Korea - Stage 1,Korea - Stage 1__match_0025,Round Robin [Bo5],Team Falcons,ZAN Esports,Wrecking Ball,1
Korea - Stage 1,Korea - Stage 1__match_0026,Round Robin [Bo5],Poker Face,Crazy Raccoon,Hanzo,1
Korea - Stage 1,Korea - Stage 1__match_0026,Round Robin [Bo5],Poker Face,Crazy Raccoon,Wrecking Ball,1
Korea - Stage 1,Korea - Stage 1__match_0026,Round Robin [Bo5],Poker Face,Crazy Raccoon,Illari,1
Korea - Stage 1,Korea - Stage 1__match_0026,Round Robin [Bo5],Poker Face,Crazy Raccoon,Reaper,1
Korea - Stage 1,Korea - Stage 1__match_0026,Round Robin [Bo5],Poker Face,Crazy Raccoon,Orisa,1
Korea - Stage 1,Korea - Stage 1__match_0026,Round Robin [Bo5],Poker Face,Crazy Raccoon,D.Va,1
Korea - Stage 1,Korea - Stage 1__match_0026,Round Robin [Bo5],Poker Face,Crazy Raccoon,Hazard,1
Korea - Stage 1,Korea - Stage 1__match_0026,Round Robin [Bo5],Poker Face,Crazy Raccoon,Jetpack Cat,1
Korea - Stage 1,Korea - Stage 1__match_0026,Round Robin [Bo5],Poker Face,Crazy Raccoon,Ana,1
Korea - Stage 1,Korea - Stage 1__match_0027,Round Robin [Bo5],ZETA DIVISION,New Era,Reaper,1
Korea - Stage 1,Korea - Stage 1__match_0027,Round Robin [Bo5],ZETA DIVISION,New Era,Symmetra,1
Korea - Stage 1,Korea - Stage 1__match_0027,Round Robin [Bo5],ZETA DIVISION,New Era,Mauga,1
Korea - Stage 1,Korea - Stage 1__match_0027,Round Robin [Bo5],ZETA DIVISION,New Era,Doomfist,1
Korea - Stage 1,Korea - Stage 1__match_0027,Round Robin [Bo5],ZETA DIVISION,New Era,Illari,1
Korea - Stage 1,Korea - Stage 1__match_0027,Round Robin [Bo5],ZETA DIVISION,New Era,Jetpack Cat,1
Korea - Stage 1,Korea - Stage 1__match_0027,Round Robin [Bo5],ZETA DIVISION,New Era,Ana,1
Korea - Stage 1,Korea - Stage 1__match_0027,Round Robin [Bo5],ZETA DIVISION,New Era,Vendetta,1
Korea - Stage 1,Korea - Stage 1__match_0027,Round Robin [Bo5],ZETA DIVISION,New Era,Orisa,1
Korea - Stage 1,Korea - Stage 1__match_0027,Round Robin [Bo5],ZETA DIVISION,New Era,Hazard,1
Korea - Stage 1,Korea - Stage 1__match_0027,Round Robin [Bo5],ZETA DIVISION,New Era,Mizuki,1
Korea - Stage 1,Korea - Stage 1__match_0028,Round Robin [Bo5],Poker Face,RØDE ONSIDE GAMING,Reaper,1
Korea - Stage 1,Korea - Stage 1__match_0028,Round Robin [Bo5],Poker Face,RØDE ONSIDE GAMING,Zarya,1
Korea - Stage 1,Korea - Stage 1__match_0028,Round Robin [Bo5],Poker Face,RØDE ONSIDE GAMING,Ramattra,1
Korea - Stage 1,Korea - Stage 1__match_0028,Round Robin [Bo5],Poker Face,RØDE ONSIDE GAMING,Wuyang,1
Korea - Stage 1,Korea - Stage 1__match_0028,Round Robin [Bo5],Poker Face,RØDE ONSIDE GAMING,Sierra,1
Korea - Stage 1,Korea - Stage 1__match_0028,Round Robin [Bo5],Poker Face,RØDE ONSIDE GAMING,Bastion,1
Korea - Stage 1,Korea - Stage 1__match_0028,Round Robin [Bo5],Poker Face,RØDE ONSIDE GAMING,D.Va,1
Korea - Stage 1,Korea - Stage 1__match_0029,Round Robin [Bo5],T1,ZETA DIVISION,Genji,1
Korea - Stage 1,Korea - Stage 1__match_0029,Round Robin [Bo5],T1,ZETA DIVISION,Orisa,1
Korea - Stage 1,Korea - Stage 1__match_0029,Round Robin [Bo5],T1,ZETA DIVISION,Junker Queen,1
Korea - Stage 1,Korea - Stage 1__match_0029,Round Robin [Bo5],T1,ZETA DIVISION,Wuyang,1
Korea - Stage 1,Korea - Stage 1__match_0029,Round Robin [Bo5],T1,ZETA DIVISION,Baptiste,1
Korea - Stage 1,Korea - Stage 1__match_0029,Round Robin [Bo5],T1,ZETA DIVISION,Cassidy,1
Korea - Stage 1,Korea - Stage 1__match_0029,Round Robin [Bo5],T1,ZETA DIVISION,Sigma,1
Korea - Stage 1,Korea - Stage 1__match_0029,Round Robin [Bo5],T1,ZETA DIVISION,Doomfist,1
Korea - Stage 1,Korea - Stage 1__match_0029,Round Robin [Bo5],T1,ZETA DIVISION,Mauga,1
Korea - Stage 1,Korea - Stage 1__match_0029,Round Robin [Bo5],T1,ZETA DIVISION,Zenyatta,1
Korea - Stage 1,Korea - Stage 1__match_0029,Round Robin [Bo5],T1,ZETA DIVISION,Jetpack Cat,1
Korea - Stage 1,Korea - Stage 1__match_0029,Round Robin [Bo5],T1,ZETA DIVISION,Juno,1
Korea - Stage 1,Korea - Stage 1__match_0030,Round Robin [Bo5],Crazy Raccoon,New Era,Sombra,1
Korea - Stage 1,Korea - Stage 1__match_0030,Round Robin [Bo5],Crazy Raccoon,New Era,Ashe,1
Korea - Stage 1,Korea - Stage 1__match_0030,Round Robin [Bo5],Crazy Raccoon,New Era,Sierra,1
Korea - Stage 1,Korea - Stage 1__match_0030,Round Robin [Bo5],Crazy Raccoon,New Era,Bastion,1
Korea - Stage 1,Korea - Stage 1__match_0030,Round Robin [Bo5],Crazy Raccoon,New Era,Orisa,1
Korea - Stage 1,Korea - Stage 1__match_0030,Round Robin [Bo5],Crazy Raccoon,New Era,D.Va,1
Korea - Stage 1,Korea - Stage 1__match_0030,Round Robin [Bo5],Crazy Raccoon,New Era,Sojourn,1
Korea - Stage 1,Korea - Stage 1__match_0030,Round Robin [Bo5],Crazy Raccoon,New Era,Emre,1
Korea - Stage 1,Korea - Stage 1__match_0031,Round Robin [Bo5],T1,ZAN Esports,Reaper,1
Korea - Stage 1,Korea - Stage 1__match_0031,Round Robin [Bo5],T1,ZAN Esports,Mauga,1
Korea - Stage 1,Korea - Stage 1__match_0031,Round Robin [Bo5],T1,ZAN Esports,Juno,1
Korea - Stage 1,Korea - Stage 1__match_0031,Round Robin [Bo5],T1,ZAN Esports,Sojourn,1
Korea - Stage 1,Korea - Stage 1__match_0031,Round Robin [Bo5],T1,ZAN Esports,Genji,1
Korea - Stage 1,Korea - Stage 1__match_0031,Round Robin [Bo5],T1,ZAN Esports,Venture,1
Korea - Stage 1,Korea - Stage 1__match_0031,Round Robin [Bo5],T1,ZAN Esports,Doomfist,1
Korea - Stage 1,Korea - Stage 1__match_0031,Round Robin [Bo5],T1,ZAN Esports,Brigitte,1
Korea - Stage 1,Korea - Stage 1__match_0032,Round Robin [Bo5],ZETA DIVISION,Cheeseburger,Reaper,1
Korea - Stage 1,Korea - Stage 1__match_0032,Round Robin [Bo5],ZETA DIVISION,Cheeseburger,Echo,1
Korea - Stage 1,Korea - Stage 1__match_0032,Round Robin [Bo5],ZETA DIVISION,Cheeseburger,Orisa,1
Korea - Stage 1,Korea - Stage 1__match_0032,Round Robin [Bo5],ZETA DIVISION,Cheeseburger,D.Va,1
Korea - Stage 1,Korea - Stage 1__match_0032,Round Robin [Bo5],ZETA DIVISION,Cheeseburger,Juno,1
Korea - Stage 1,Korea - Stage 1__match_0032,Round Robin [Bo5],ZETA DIVISION,Cheeseburger,Hanzo,1
Korea - Stage 1,Korea - Stage 1__match_0032,Round Robin [Bo5],ZETA DIVISION,Cheeseburger,Zarya,1
Korea - Stage 1,Korea - Stage 1__match_0032,Round Robin [Bo5],ZETA DIVISION,Cheeseburger,Doomfist,1
Korea - Stage 1,Korea - Stage 1__match_0032,Round Robin [Bo5],ZETA DIVISION,Cheeseburger,Roadhog,1
Korea - Stage 1,Korea - Stage 1__match_0032,Round Robin [Bo5],ZETA DIVISION,Cheeseburger,Wuyang,1
Korea - Stage 1,Korea - Stage 1__match_0033,Round Robin [Bo5],Team Falcons,Crazy Raccoon,Sojourn,1
Korea - Stage 1,Korea - Stage 1__match_0033,Round Robin [Bo5],Team Falcons,Crazy Raccoon,Echo,1
Korea - Stage 1,Korea - Stage 1__match_0033,Round Robin [Bo5],Team Falcons,Crazy Raccoon,Zarya,1
Korea - Stage 1,Korea - Stage 1__match_0033,Round Robin [Bo5],Team Falcons,Crazy Raccoon,Sigma,1
Korea - Stage 1,Korea - Stage 1__match_0033,Round Robin [Bo5],Team Falcons,Crazy Raccoon,Orisa,1
Korea - Stage 1,Korea - Stage 1__match_0033,Round Robin [Bo5],Team Falcons,Crazy Raccoon,Hanzo,1
Korea - Stage 1,Korea - Stage 1__match_0033,Round Robin [Bo5],Team Falcons,Crazy Raccoon,Bastion,1
Korea - Stage 1,Korea - Stage 1__match_0033,Round Robin [Bo5],Team Falcons,Crazy Raccoon,Vendetta,1
Korea - Stage 1,Korea - Stage 1__match_0033,Round Robin [Bo5],Team Falcons,Crazy Raccoon,Wuyang,1
Korea - Stage 1,Korea - Stage 1__match_0034,Round Robin [Bo5],ZAN Esports,Poker Face,D.Va,1
Korea - Stage 1,Korea - Stage 1__match_0034,Round Robin [Bo5],ZAN Esports,Poker Face,Juno,1
Korea - Stage 1,Korea - Stage 1__match_0034,Round Robin [Bo5],ZAN Esports,Poker Face,Sierra,1
Korea - Stage 1,Korea - Stage 1__match_0034,Round Robin [Bo5],ZAN Esports,Poker Face,Echo,1
Korea - Stage 1,Korea - Stage 1__match_0034,Round Robin [Bo5],ZAN Esports,Poker Face,Widowmaker,1
Korea - Stage 1,Korea - Stage 1__match_0034,Round Robin [Bo5],ZAN Esports,Poker Face,Winston,1
Korea - Stage 1,Korea - Stage 1__match_0035,Round Robin [Bo5],RØDE ONSIDE GAMING,Team Falcons,Reaper,1
Korea - Stage 1,Korea - Stage 1__match_0035,Round Robin [Bo5],RØDE ONSIDE GAMING,Team Falcons,Anran,1
Korea - Stage 1,Korea - Stage 1__match_0035,Round Robin [Bo5],RØDE ONSIDE GAMING,Team Falcons,Sierra,1
Korea - Stage 1,Korea - Stage 1__match_0035,Round Robin [Bo5],RØDE ONSIDE GAMING,Team Falcons,Bastion,1
Korea - Stage 1,Korea - Stage 1__match_0035,Round Robin [Bo5],RØDE ONSIDE GAMING,Team Falcons,Hanzo,1
Korea - Stage 1,Korea - Stage 1__match_0035,Round Robin [Bo5],RØDE ONSIDE GAMING,Team Falcons,Mei,1
Korea - Stage 1,Korea - Stage 1__match_0035,Round Robin [Bo5],RØDE ONSIDE GAMING,Team Falcons,Baptiste,1
Korea - Stage 1,Korea - Stage 1__match_0036,Round Robin [Bo5],New Era,Cheeseburger,Doomfist,1
Korea - Stage 1,Korea - Stage 1__match_0036,Round Robin [Bo5],New Era,Cheeseburger,Pharah,1
Korea - Stage 1,Korea - Stage 1__match_0036,Round Robin [Bo5],New Era,Cheeseburger,D.Va,1
Korea - Stage 1,Korea - Stage 1__match_0036,Round Robin [Bo5],New Era,Cheeseburger,Lúcio,1
Korea - Stage 1,Korea - Stage 1__match_0036,Round Robin [Bo5],New Era,Cheeseburger,Juno,1
Korea - Stage 1,Korea - Stage 1__match_0037,Last Chance Qualifier [Bo5],T1,ZAN Esports,Genji,1
Korea - Stage 1,Korea - Stage 1__match_0037,Last Chance Qualifier [Bo5],T1,ZAN Esports,Orisa,1
Korea - Stage 1,Korea - Stage 1__match_0037,Last Chance Qualifier [Bo5],T1,ZAN Esports,Mei,1
Korea - Stage 1,Korea - Stage 1__match_0037,Last Chance Qualifier [Bo5],T1,ZAN Esports,Ramattra,1
Korea - Stage 1,Korea - Stage 1__match_0037,Last Chance Qualifier [Bo5],T1,ZAN Esports,Doomfist,1
Korea - Stage 1,Korea - Stage 1__match_0037,Last Chance Qualifier [Bo5],T1,ZAN Esports,D.Va,1
Korea - Stage 1,Korea - Stage 1__match_0037,Last Chance Qualifier [Bo5],T1,ZAN Esports,Reinhardt,1
Korea - Stage 1,Korea - Stage 1__match_0037,Last Chance Qualifier [Bo5],T1,ZAN Esports,Lifeweaver,1
Korea - Stage 1,Korea - Stage 1__match_0038,Seeding Decider [Bo5],ZETA DIVISION,RØDE ONSIDE GAMING,Ashe,1
Korea - Stage 1,Korea - Stage 1__match_0038,Seeding Decider [Bo5],ZETA DIVISION,RØDE ONSIDE GAMING,Wrecking Ball,1
Korea - Stage 1,Korea - Stage 1__match_0038,Seeding Decider [Bo5],ZETA DIVISION,RØDE ONSIDE GAMING,Ramattra,1
Korea - Stage 1,Korea - Stage 1__match_0038,Seeding Decider [Bo5],ZETA DIVISION,RØDE ONSIDE GAMING,Reaper,1
Korea - Stage 1,Korea - Stage 1__match_0038,Seeding Decider [Bo5],ZETA DIVISION,RØDE ONSIDE GAMING,Venture,1
Korea - Stage 1,Korea - Stage 1__match_0038,Seeding Decider [Bo5],ZETA DIVISION,RØDE ONSIDE GAMING,Reinhardt,1
Korea - Stage 1,Korea - Stage 1__match_0038,Seeding Decider [Bo5],ZETA DIVISION,RØDE ONSIDE GAMING,Wuyang,1
Korea - Stage 1,Korea - Stage 1__match_0039,Seeding Decider [Bo5],Crazy Raccoon,Team Falcons,Mei,1
Korea - Stage 1,Korea - Stage 1__match_0039,Seeding Decider [Bo5],Crazy Raccoon,Team Falcons,Vendetta,1
Korea - Stage 1,Korea - Stage 1__match_0039,Seeding Decider [Bo5],Crazy Raccoon,Team Falcons,Ana,1
Korea - Stage 1,Korea - Stage 1__match_0039,Seeding Decider [Bo5],Crazy Raccoon,Team Falcons,Sojourn,1
Korea - Stage 1,Korea - Stage 1__match_0040,Last Chance Qualifier [Bo5],Poker Face,Cheeseburger,Cassidy,1
Korea - Stage 1,Korea - Stage 1__match_0040,Last Chance Qualifier [Bo5],Poker Face,Cheeseburger,Sierra,1
Korea - Stage 1,Korea - Stage 1__match_0040,Last Chance Qualifier [Bo5],Poker Face,Cheeseburger,Wrecking Ball,1
Korea - Stage 1,Korea - Stage 1__match_0040,Last Chance Qualifier [Bo5],Poker Face,Cheeseburger,Juno,1
Korea - Stage 1,Korea - Stage 1__match_0040,Last Chance Qualifier [Bo5],Poker Face,Cheeseburger,Wuyang,1
Korea - Stage 1,Korea - Stage 1__match_0040,Last Chance Qualifier [Bo5],Poker Face,Cheeseburger,Freja,1
Korea - Stage 1,Korea - Stage 1__match_0041,Seeding Decider [Bo5],ZETA DIVISION,Team Falcons,Genji,1
Korea - Stage 1,Korea - Stage 1__match_0041,Seeding Decider [Bo5],ZETA DIVISION,Team Falcons,Widowmaker,1
Korea - Stage 1,Korea - Stage 1__match_0041,Seeding Decider [Bo5],ZETA DIVISION,Team Falcons,Vendetta,1
Korea - Stage 1,Korea - Stage 1__match_0041,Seeding Decider [Bo5],ZETA DIVISION,Team Falcons,Echo,1
Korea - Stage 1,Korea - Stage 1__match_0041,Seeding Decider [Bo5],ZETA DIVISION,Team Falcons,Doomfist,1
Korea - Stage 1,Korea - Stage 1__match_0041,Seeding Decider [Bo5],ZETA DIVISION,Team Falcons,Wrecking Ball,1
Korea - Stage 1,Korea - Stage 1__match_0041,Seeding Decider [Bo5],ZETA DIVISION,Team Falcons,Cassidy,1
Korea - Stage 1,Korea - Stage 1__match_0041,Seeding Decider [Bo5],ZETA DIVISION,Team Falcons,Sojourn,1
Korea - Stage 1,Korea - Stage 1__match_0041,Seeding Decider [Bo5],ZETA DIVISION,Team Falcons,Torbjörn,1
Korea - Stage 1,Korea - Stage 1__match_0041,Seeding Decider [Bo5],ZETA DIVISION,Team Falcons,Zarya,1
Korea - Stage 1,Korea - Stage 1__match_0042,Seeding Decider [Bo5],Crazy Raccoon,RØDE ONSIDE GAMING,Roadhog,1
Korea - Stage 1,Korea - Stage 1__match_0042,Seeding Decider [Bo5],Crazy Raccoon,RØDE ONSIDE GAMING,Mizuki,1
Korea - Stage 1,Korea - Stage 1__match_0042,Seeding Decider [Bo5],Crazy Raccoon,RØDE ONSIDE GAMING,Mauga,1
Korea - Stage 1,Korea - Stage 1__match_0042,Seeding Decider [Bo5],Crazy Raccoon,RØDE ONSIDE GAMING,Wuyang,1
Korea - Stage 1,Korea - Stage 1__match_0042,Seeding Decider [Bo5],Crazy Raccoon,RØDE ONSIDE GAMING,Brigitte,1
Korea - Stage 1,Korea - Stage 1__match_0042,Seeding Decider [Bo5],Crazy Raccoon,RØDE ONSIDE GAMING,Ana,1
Korea - Stage 1,Korea - Stage 1__match_0043,Last Chance Qualifier [Bo5],ZAN Esports,Cheeseburger,Emre,1
Korea - Stage 1,Korea - Stage 1__match_0043,Last Chance Qualifier [Bo5],ZAN Esports,Cheeseburger,Cassidy,1
Korea - Stage 1,Korea - Stage 1__match_0043,Last Chance Qualifier [Bo5],ZAN Esports,Cheeseburger,Juno,1
Korea - Stage 1,Korea - Stage 1__match_0043,Last Chance Qualifier [Bo5],ZAN Esports,Cheeseburger,Brigitte,1
Korea - Stage 1,Korea - Stage 1__match_0043,Last Chance Qualifier [Bo5],ZAN Esports,Cheeseburger,Kiriko,1
Korea - Stage 1,Korea - Stage 1__match_0043,Last Chance Qualifier [Bo5],ZAN Esports,Cheeseburger,Echo,1
Korea - Stage 1,Korea - Stage 1__match_0043,Last Chance Qualifier [Bo5],ZAN Esports,Cheeseburger,Anran,1
Korea - Stage 1,Korea - Stage 1__match_0043,Last Chance Qualifier [Bo5],ZAN Esports,Cheeseburger,Doomfist,1
Korea - Stage 1,Korea - Stage 1__match_0043,Last Chance Qualifier [Bo5],ZAN Esports,Cheeseburger,Lúcio,1
Korea - Stage 1,Korea - Stage 1__match_0044,Seeding Decider [Bo5],ZETA DIVISION,Crazy Raccoon,Cassidy,1
Korea - Stage 1,Korea - Stage 1__match_0044,Seeding Decider [Bo5],ZETA DIVISION,Crazy Raccoon,Doomfist,1
Korea - Stage 1,Korea - Stage 1__match_0044,Seeding Decider [Bo5],ZETA DIVISION,Crazy Raccoon,Illari,1
Korea - Stage 1,Korea - Stage 1__match_0044,Seeding Decider [Bo5],ZETA DIVISION,Crazy Raccoon,Juno,1
Korea - Stage 1,Korea - Stage 1__match_0044,Seeding Decider [Bo5],ZETA DIVISION,Crazy Raccoon,Mei,1
Korea - Stage 1,Korea - Stage 1__match_0044,Seeding Decider [Bo5],ZETA DIVISION,Crazy Raccoon,Sojourn,1
Korea - Stage 1,Korea - Stage 1__match_0044,Seeding Decider [Bo5],ZETA DIVISION,Crazy Raccoon,Winston,1
Korea - Stage 1,Korea - Stage 1__match_0044,Seeding Decider [Bo5],ZETA DIVISION,Crazy Raccoon,Lúcio,1
Korea - Stage 1,Korea - Stage 1__match_0045,Seeding Decider [Bo5],Team Falcons,RØDE ONSIDE GAMING,Ramattra,1
Korea - Stage 1,Korea - Stage 1__match_0045,Seeding Decider [Bo5],Team Falcons,RØDE ONSIDE GAMING,Mei,1
Korea - Stage 1,Korea - Stage 1__match_0045,Seeding Decider [Bo5],Team Falcons,RØDE ONSIDE GAMING,Vendetta,1
China - Stage 1,China - Stage 1__match_0001,Swiss Stage (Round 1) [Bo5],Milk Tea,Homie E,Freja,1
China - Stage 1,China - Stage 1__match_0001,Swiss Stage (Round 1) [Bo5],Milk Tea,Homie E,Echo,1
China - Stage 1,China - Stage 1__match_0001,Swiss Stage (Round 1) [Bo5],Milk Tea,Homie E,Ashe,1
China - Stage 1,China - Stage 1__match_0001,Swiss Stage (Round 1) [Bo5],Milk Tea,Homie E,Cassidy,1
China - Stage 1,China - Stage 1__match_0001,Swiss Stage (Round 1) [Bo5],Milk Tea,Homie E,D.Va,1
China - Stage 1,China - Stage 1__match_0001,Swiss Stage (Round 1) [Bo5],Milk Tea,Homie E,Orisa,1
China - Stage 1,China - Stage 1__match_0001,Swiss Stage (Round 1) [Bo5],Milk Tea,Homie E,Wrecking Ball,1
China - Stage 1,China - Stage 1__match_0001,Swiss Stage (Round 1) [Bo5],Milk Tea,Homie E,Mizuki,1
China - Stage 1,China - Stage 1__match_0001,Swiss Stage (Round 1) [Bo5],Milk Tea,Homie E,Baptiste,1
China - Stage 1,China - Stage 1__match_0001,Swiss Stage (Round 1) [Bo5],Milk Tea,Homie E,Jetpack Cat,1
China - Stage 1,China - Stage 1__match_0001,Swiss Stage (Round 1) [Bo5],Milk Tea,Homie E,Ramattra,1
China - Stage 1,China - Stage 1__match_0001,Swiss Stage (Round 1) [Bo5],Milk Tea,Homie E,Doomfist,1
China - Stage 1,China - Stage 1__match_0002,Swiss Stage (Round 1) [Bo5],All Gamers,DEG,Emre,1
China - Stage 1,China - Stage 1__match_0002,Swiss Stage (Round 1) [Bo5],All Gamers,DEG,Zarya,1
China - Stage 1,China - Stage 1__match_0002,Swiss Stage (Round 1) [Bo5],All Gamers,DEG,D.Va,1
China - Stage 1,China - Stage 1__match_0002,Swiss Stage (Round 1) [Bo5],All Gamers,DEG,Baptiste,1
China - Stage 1,China - Stage 1__match_0002,Swiss Stage (Round 1) [Bo5],All Gamers,DEG,Venture,1
China - Stage 1,China - Stage 1__match_0002,Swiss Stage (Round 1) [Bo5],All Gamers,DEG,Hazard,1
China - Stage 1,China - Stage 1__match_0002,Swiss Stage (Round 1) [Bo5],All Gamers,DEG,Wuyang,1
China - Stage 1,China - Stage 1__match_0003,Swiss Stage (Round 1) [Bo5],Weibo Gaming,Naive Piggy,Juno,1
China - Stage 1,China - Stage 1__match_0003,Swiss Stage (Round 1) [Bo5],Weibo Gaming,Naive Piggy,Pharah,1
China - Stage 1,China - Stage 1__match_0004,Swiss Stage (Round 1) [Bo5],JD Gaming,SV,Doomfist,1
China - Stage 1,China - Stage 1__match_0004,Swiss Stage (Round 1) [Bo5],JD Gaming,SV,Brigitte,1
China - Stage 1,China - Stage 1__match_0004,Swiss Stage (Round 1) [Bo5],JD Gaming,SV,Jetpack Cat,1
China - Stage 1,China - Stage 1__match_0004,Swiss Stage (Round 1) [Bo5],JD Gaming,SV,Illari,1
China - Stage 1,China - Stage 1__match_0005,Swiss Stage (Round 2) [Bo5],Milk Tea,Naive Piggy,Doomfist,1
China - Stage 1,China - Stage 1__match_0005,Swiss Stage (Round 2) [Bo5],Milk Tea,Naive Piggy,Reaper,1
China - Stage 1,China - Stage 1__match_0005,Swiss Stage (Round 2) [Bo5],Milk Tea,Naive Piggy,Reinhardt,1
China - Stage 1,China - Stage 1__match_0006,Swiss Stage (Round 2) [Bo5],DEG,SV,Venture,1
China - Stage 1,China - Stage 1__match_0006,Swiss Stage (Round 2) [Bo5],DEG,SV,Anran,1
China - Stage 1,China - Stage 1__match_0006,Swiss Stage (Round 2) [Bo5],DEG,SV,Hazard,1
China - Stage 1,China - Stage 1__match_0006,Swiss Stage (Round 2) [Bo5],DEG,SV,Ana,1
China - Stage 1,China - Stage 1__match_0006,Swiss Stage (Round 2) [Bo5],DEG,SV,Baptiste,1
China - Stage 1,China - Stage 1__match_0006,Swiss Stage (Round 2) [Bo5],DEG,SV,Freja,1
China - Stage 1,China - Stage 1__match_0006,Swiss Stage (Round 2) [Bo5],DEG,SV,Lúcio,1
China - Stage 1,China - Stage 1__match_0007,Swiss Stage (Round 2) [Bo5],JD Gaming,All Gamers,Emre,1
China - Stage 1,China - Stage 1__match_0007,Swiss Stage (Round 2) [Bo5],JD Gaming,All Gamers,Echo,1
China - Stage 1,China - Stage 1__match_0007,Swiss Stage (Round 2) [Bo5],JD Gaming,All Gamers,Winston,1
China - Stage 1,China - Stage 1__match_0007,Swiss Stage (Round 2) [Bo5],JD Gaming,All Gamers,Orisa,1
China - Stage 1,China - Stage 1__match_0007,Swiss Stage (Round 2) [Bo5],JD Gaming,All Gamers,Zenyatta,1
China - Stage 1,China - Stage 1__match_0007,Swiss Stage (Round 2) [Bo5],JD Gaming,All Gamers,Mei,1
China - Stage 1,China - Stage 1__match_0007,Swiss Stage (Round 2) [Bo5],JD Gaming,All Gamers,Hanzo,1
China - Stage 1,China - Stage 1__match_0007,Swiss Stage (Round 2) [Bo5],JD Gaming,All Gamers,Ramattra,1
China - Stage 1,China - Stage 1__match_0007,Swiss Stage (Round 2) [Bo5],JD Gaming,All Gamers,Zarya,1
China - Stage 1,China - Stage 1__match_0007,Swiss Stage (Round 2) [Bo5],JD Gaming,All Gamers,Reinhardt,1
China - Stage 1,China - Stage 1__match_0007,Swiss Stage (Round 2) [Bo5],JD Gaming,All Gamers,Mizuki,1
China - Stage 1,China - Stage 1__match_0007,Swiss Stage (Round 2) [Bo5],JD Gaming,All Gamers,Jetpack Cat,1
China - Stage 1,China - Stage 1__match_0008,Swiss Stage (Round 2) [Bo5],Weibo Gaming,Homie E,Tracer,1
China - Stage 1,China - Stage 1__match_0008,Swiss Stage (Round 2) [Bo5],Weibo Gaming,Homie E,Orisa,1
China - Stage 1,China - Stage 1__match_0009,Swiss Stage (Round 3) [Bo5],All Gamers,Naive Piggy,Soldier: 76,1
China - Stage 1,China - Stage 1__match_0009,Swiss Stage (Round 3) [Bo5],All Gamers,Naive Piggy,Widowmaker,1
China - Stage 1,China - Stage 1__match_0009,Swiss Stage (Round 3) [Bo5],All Gamers,Naive Piggy,Wrecking Ball,1
China - Stage 1,China - Stage 1__match_0009,Swiss Stage (Round 3) [Bo5],All Gamers,Naive Piggy,Sojourn,1
China - Stage 1,China - Stage 1__match_0009,Swiss Stage (Round 3) [Bo5],All Gamers,Naive Piggy,Cassidy,1
China - Stage 1,China - Stage 1__match_0009,Swiss Stage (Round 3) [Bo5],All Gamers,Naive Piggy,Winston,1
China - Stage 1,China - Stage 1__match_0009,Swiss Stage (Round 3) [Bo5],All Gamers,Naive Piggy,Orisa,1
China - Stage 1,China - Stage 1__match_0009,Swiss Stage (Round 3) [Bo5],All Gamers,Naive Piggy,Illari,1
China - Stage 1,China - Stage 1__match_0010,Swiss Stage (Round 3) [Bo5],Homie E,SV,Venture,1
China - Stage 1,China - Stage 1__match_0010,Swiss Stage (Round 3) [Bo5],Homie E,SV,Orisa,1
China - Stage 1,China - Stage 1__match_0010,Swiss Stage (Round 3) [Bo5],Homie E,SV,Baptiste,1
China - Stage 1,China - Stage 1__match_0010,Swiss Stage (Round 3) [Bo5],Homie E,SV,Emre,1
China - Stage 1,China - Stage 1__match_0011,Seeding Decider [Bo5],Weibo Gaming,JD Gaming,Widowmaker,1
China - Stage 1,China - Stage 1__match_0011,Seeding Decider [Bo5],Weibo Gaming,JD Gaming,Mauga,1
China - Stage 1,China - Stage 1__match_0011,Seeding Decider [Bo5],Weibo Gaming,JD Gaming,Mercy,1
China - Stage 1,China - Stage 1__match_0011,Seeding Decider [Bo5],Weibo Gaming,JD Gaming,Pharah,1
China - Stage 1,China - Stage 1__match_0011,Seeding Decider [Bo5],Weibo Gaming,JD Gaming,Echo,1
China - Stage 1,China - Stage 1__match_0011,Seeding Decider [Bo5],Weibo Gaming,JD Gaming,Bastion,1
China - Stage 1,China - Stage 1__match_0011,Seeding Decider [Bo5],Weibo Gaming,JD Gaming,Hanzo,1
China - Stage 1,China - Stage 1__match_0011,Seeding Decider [Bo5],Weibo Gaming,JD Gaming,Wrecking Ball,1
China - Stage 1,China - Stage 1__match_0011,Seeding Decider [Bo5],Weibo Gaming,JD Gaming,Sigma,1
China - Stage 1,China - Stage 1__match_0011,Seeding Decider [Bo5],Weibo Gaming,JD Gaming,Ana,1
China - Stage 1,China - Stage 1__match_0012,Swiss Stage (Round 4) [Bo5],Homie E,Milk Tea,Venture,1
China - Stage 1,China - Stage 1__match_0012,Swiss Stage (Round 4) [Bo5],Homie E,Milk Tea,Pharah,1
China - Stage 1,China - Stage 1__match_0012,Swiss Stage (Round 4) [Bo5],Homie E,Milk Tea,Orisa,1
China - Stage 1,China - Stage 1__match_0012,Swiss Stage (Round 4) [Bo5],Homie E,Milk Tea,Wuyang,1
China - Stage 1,China - Stage 1__match_0012,Swiss Stage (Round 4) [Bo5],Homie E,Milk Tea,Mei,1
China - Stage 1,China - Stage 1__match_0012,Swiss Stage (Round 4) [Bo5],Homie E,Milk Tea,Reaper,1
China - Stage 1,China - Stage 1__match_0012,Swiss Stage (Round 4) [Bo5],Homie E,Milk Tea,Ramattra,1
China - Stage 1,China - Stage 1__match_0012,Swiss Stage (Round 4) [Bo5],Homie E,Milk Tea,D.Va,1
China - Stage 1,China - Stage 1__match_0013,Swiss Stage (Round 4) [Bo5],Naive Piggy,DEG,Pharah,1
China - Stage 1,China - Stage 1__match_0013,Swiss Stage (Round 4) [Bo5],Naive Piggy,DEG,Ramattra,1
China - Stage 1,China - Stage 1__match_0013,Swiss Stage (Round 4) [Bo5],Naive Piggy,DEG,Lúcio,1
China - Stage 1,China - Stage 1__match_0013,Swiss Stage (Round 4) [Bo5],Naive Piggy,DEG,Widowmaker,1
China - Stage 1,China - Stage 1__match_0013,Swiss Stage (Round 4) [Bo5],Naive Piggy,DEG,Anran,1
China - Stage 1,China - Stage 1__match_0013,Swiss Stage (Round 4) [Bo5],Naive Piggy,DEG,Hazard,1
China - Stage 1,China - Stage 1__match_0013,Swiss Stage (Round 4) [Bo5],Naive Piggy,DEG,Winston,1
China - Stage 1,China - Stage 1__match_0013,Swiss Stage (Round 4) [Bo5],Naive Piggy,DEG,Ana,1
China - Stage 1,China - Stage 1__match_0014,Seeding Decider [Bo5],All Gamers,SV,Tracer,1
China - Stage 1,China - Stage 1__match_0014,Seeding Decider [Bo5],All Gamers,SV,Jetpack Cat,1
China - Stage 1,China - Stage 1__match_0015,Seeding Decider [Bo5],Milk Tea,Naive Piggy,Doomfist,1
China - Stage 1,China - Stage 1__match_0015,Seeding Decider [Bo5],Milk Tea,Naive Piggy,Hazard,1
China - Stage 1,China - Stage 1__match_0015,Seeding Decider [Bo5],Milk Tea,Naive Piggy,Ramattra,1
China - Stage 1,China - Stage 1__match_0015,Seeding Decider [Bo5],Milk Tea,Naive Piggy,D.Va,1
China - Stage 1,China - Stage 1__match_0015,Seeding Decider [Bo5],Milk Tea,Naive Piggy,Mauga,1
China - Stage 1,China - Stage 1__match_0015,Seeding Decider [Bo5],Milk Tea,Naive Piggy,Wuyang,1
China - Stage 1,China - Stage 1__match_0015,Seeding Decider [Bo5],Milk Tea,Naive Piggy,Bastion,1
China - Stage 1,China - Stage 1__match_0016,Round Robin [Bo5],Naive Piggy,Milk Tea,Pharah,1
China - Stage 1,China - Stage 1__match_0016,Round Robin [Bo5],Naive Piggy,Milk Tea,Genji,1
China - Stage 1,China - Stage 1__match_0016,Round Robin [Bo5],Naive Piggy,Milk Tea,Widowmaker,1
China - Stage 1,China - Stage 1__match_0016,Round Robin [Bo5],Naive Piggy,Milk Tea,Echo,1
China - Stage 1,China - Stage 1__match_0016,Round Robin [Bo5],Naive Piggy,Milk Tea,Venture,1
China - Stage 1,China - Stage 1__match_0016,Round Robin [Bo5],Naive Piggy,Milk Tea,D.Va,1
China - Stage 1,China - Stage 1__match_0016,Round Robin [Bo5],Naive Piggy,Milk Tea,Hazard,1
China - Stage 1,China - Stage 1__match_0016,Round Robin [Bo5],Naive Piggy,Milk Tea,Jetpack Cat,1
China - Stage 1,China - Stage 1__match_0017,Round Robin [Bo5],JD Gaming,All Gamers,Sojourn,1
China - Stage 1,China - Stage 1__match_0017,Round Robin [Bo5],JD Gaming,All Gamers,Pharah,1
China - Stage 1,China - Stage 1__match_0017,Round Robin [Bo5],JD Gaming,All Gamers,Doomfist,1
China - Stage 1,China - Stage 1__match_0017,Round Robin [Bo5],JD Gaming,All Gamers,Winston,1
China - Stage 1,China - Stage 1__match_0017,Round Robin [Bo5],JD Gaming,All Gamers,Sigma,1
China - Stage 1,China - Stage 1__match_0017,Round Robin [Bo5],JD Gaming,All Gamers,Wuyang,1
China - Stage 1,China - Stage 1__match_0017,Round Robin [Bo5],JD Gaming,All Gamers,Zenyatta,1
China - Stage 1,China - Stage 1__match_0017,Round Robin [Bo5],JD Gaming,All Gamers,Mauga,1
China - Stage 1,China - Stage 1__match_0017,Round Robin [Bo5],JD Gaming,All Gamers,Zarya,1
China - Stage 1,China - Stage 1__match_0017,Round Robin [Bo5],JD Gaming,All Gamers,Illari,1
China - Stage 1,China - Stage 1__match_0017,Round Robin [Bo5],JD Gaming,All Gamers,Baptiste,1
China - Stage 1,China - Stage 1__match_0018,Round Robin [Bo5],Weibo Gaming,SV,Hanzo,1
China - Stage 1,China - Stage 1__match_0018,Round Robin [Bo5],Weibo Gaming,SV,Mauga,1
China - Stage 1,China - Stage 1__match_0018,Round Robin [Bo5],Weibo Gaming,SV,Doomfist,1
China - Stage 1,China - Stage 1__match_0018,Round Robin [Bo5],Weibo Gaming,SV,Illari,1
China - Stage 1,China - Stage 1__match_0018,Round Robin [Bo5],Weibo Gaming,SV,Jetpack Cat,1
China - Stage 1,China - Stage 1__match_0018,Round Robin [Bo5],Weibo Gaming,SV,Ana,1
China - Stage 1,China - Stage 1__match_0018,Round Robin [Bo5],Weibo Gaming,SV,Orisa,1
China - Stage 1,China - Stage 1__match_0018,Round Robin [Bo5],Weibo Gaming,SV,Juno,1
China - Stage 1,China - Stage 1__match_0018,Round Robin [Bo5],Weibo Gaming,SV,Mercy,1
China - Stage 1,China - Stage 1__match_0018,Round Robin [Bo5],Weibo Gaming,SV,Brigitte,1
China - Stage 1,China - Stage 1__match_0019,Round Robin [Bo5],All Gamers,Milk Tea,Soldier: 76,1
China - Stage 1,China - Stage 1__match_0019,Round Robin [Bo5],All Gamers,Milk Tea,Vendetta,1
China - Stage 1,China - Stage 1__match_0019,Round Robin [Bo5],All Gamers,Milk Tea,Echo,1
China - Stage 1,China - Stage 1__match_0019,Round Robin [Bo5],All Gamers,Milk Tea,Hanzo,1
China - Stage 1,China - Stage 1__match_0019,Round Robin [Bo5],All Gamers,Milk Tea,Hazard,1
China - Stage 1,China - Stage 1__match_0019,Round Robin [Bo5],All Gamers,Milk Tea,Winston,1
China - Stage 1,China - Stage 1__match_0019,Round Robin [Bo5],All Gamers,Milk Tea,Baptiste,1
China - Stage 1,China - Stage 1__match_0019,Round Robin [Bo5],All Gamers,Milk Tea,Ana,1
China - Stage 1,China - Stage 1__match_0019,Round Robin [Bo5],All Gamers,Milk Tea,Lifeweaver,1
China - Stage 1,China - Stage 1__match_0019,Round Robin [Bo5],All Gamers,Milk Tea,Ashe,1
China - Stage 1,China - Stage 1__match_0019,Round Robin [Bo5],All Gamers,Milk Tea,Mei,1
China - Stage 1,China - Stage 1__match_0019,Round Robin [Bo5],All Gamers,Milk Tea,Wrecking Ball,1
China - Stage 1,China - Stage 1__match_0019,Round Robin [Bo5],All Gamers,Milk Tea,Roadhog,1
China - Stage 1,China - Stage 1__match_0019,Round Robin [Bo5],All Gamers,Milk Tea,Orisa,1
China - Stage 1,China - Stage 1__match_0019,Round Robin [Bo5],All Gamers,Milk Tea,Doomfist,1
China - Stage 1,China - Stage 1__match_0019,Round Robin [Bo5],All Gamers,Milk Tea,Illari,1
China - Stage 1,China - Stage 1__match_0020,Round Robin [Bo5],Weibo Gaming,Naive Piggy,Mei,1
China - Stage 1,China - Stage 1__match_0020,Round Robin [Bo5],Weibo Gaming,Naive Piggy,Bastion,1
China - Stage 1,China - Stage 1__match_0020,Round Robin [Bo5],Weibo Gaming,Naive Piggy,Winston,1
China - Stage 1,China - Stage 1__match_0020,Round Robin [Bo5],Weibo Gaming,Naive Piggy,Hazard,1
China - Stage 1,China - Stage 1__match_0020,Round Robin [Bo5],Weibo Gaming,Naive Piggy,Mauga,1
China - Stage 1,China - Stage 1__match_0020,Round Robin [Bo5],Weibo Gaming,Naive Piggy,Lúcio,1
China - Stage 1,China - Stage 1__match_0020,Round Robin [Bo5],Weibo Gaming,Naive Piggy,Reaper,1
China - Stage 1,China - Stage 1__match_0020,Round Robin [Bo5],Weibo Gaming,Naive Piggy,Ashe,1
China - Stage 1,China - Stage 1__match_0020,Round Robin [Bo5],Weibo Gaming,Naive Piggy,Sigma,1
China - Stage 1,China - Stage 1__match_0020,Round Robin [Bo5],Weibo Gaming,Naive Piggy,Zenyatta,1
China - Stage 1,China - Stage 1__match_0020,Round Robin [Bo5],Weibo Gaming,Naive Piggy,Wuyang,1
China - Stage 1,China - Stage 1__match_0021,Round Robin [Bo5],SV,Naive Piggy,Tracer,1
China - Stage 1,China - Stage 1__match_0021,Round Robin [Bo5],SV,Naive Piggy,Sojourn,1
China - Stage 1,China - Stage 1__match_0021,Round Robin [Bo5],SV,Naive Piggy,D.Va,1
China - Stage 1,China - Stage 1__match_0022,Round Robin [Bo5],Weibo Gaming,All Gamers,Mei,1
China - Stage 1,China - Stage 1__match_0022,Round Robin [Bo5],Weibo Gaming,All Gamers,Genji,1
China - Stage 1,China - Stage 1__match_0022,Round Robin [Bo5],Weibo Gaming,All Gamers,Vendetta,1
China - Stage 1,China - Stage 1__match_0022,Round Robin [Bo5],Weibo Gaming,All Gamers,Hazard,1
China - Stage 1,China - Stage 1__match_0022,Round Robin [Bo5],Weibo Gaming,All Gamers,Sigma,1
China - Stage 1,China - Stage 1__match_0022,Round Robin [Bo5],Weibo Gaming,All Gamers,Ramattra,1
China - Stage 1,China - Stage 1__match_0022,Round Robin [Bo5],Weibo Gaming,All Gamers,Jetpack Cat,1
China - Stage 1,China - Stage 1__match_0022,Round Robin [Bo5],Weibo Gaming,All Gamers,Ana,1
China - Stage 1,China - Stage 1__match_0022,Round Robin [Bo5],Weibo Gaming,All Gamers,Baptiste,1
China - Stage 1,China - Stage 1__match_0022,Round Robin [Bo5],Weibo Gaming,All Gamers,Illari,1
China - Stage 1,China - Stage 1__match_0022,Round Robin [Bo5],Weibo Gaming,All Gamers,Cassidy,1
China - Stage 1,China - Stage 1__match_0022,Round Robin [Bo5],Weibo Gaming,All Gamers,Soldier: 76,1
China - Stage 1,China - Stage 1__match_0022,Round Robin [Bo5],Weibo Gaming,All Gamers,Pharah,1
China - Stage 1,China - Stage 1__match_0022,Round Robin [Bo5],Weibo Gaming,All Gamers,Hanzo,1
China - Stage 1,China - Stage 1__match_0023,Round Robin [Bo5],JD Gaming,Milk Tea,Pharah,1
China - Stage 1,China - Stage 1__match_0023,Round Robin [Bo5],JD Gaming,Milk Tea,Tracer,1
China - Stage 1,China - Stage 1__match_0023,Round Robin [Bo5],JD Gaming,Milk Tea,Venture,1
China - Stage 1,China - Stage 1__match_0023,Round Robin [Bo5],JD Gaming,Milk Tea,Freja,1
China - Stage 1,China - Stage 1__match_0023,Round Robin [Bo5],JD Gaming,Milk Tea,Reinhardt,1
China - Stage 1,China - Stage 1__match_0023,Round Robin [Bo5],JD Gaming,Milk Tea,Doomfist,1
China - Stage 1,China - Stage 1__match_0023,Round Robin [Bo5],JD Gaming,Milk Tea,Sojourn,1
China - Stage 1,China - Stage 1__match_0023,Round Robin [Bo5],JD Gaming,Milk Tea,Orisa,1
China - Stage 1,China - Stage 1__match_0023,Round Robin [Bo5],JD Gaming,Milk Tea,Ramattra,1
China - Stage 1,China - Stage 1__match_0023,Round Robin [Bo5],JD Gaming,Milk Tea,Brigitte,1
China - Stage 1,China - Stage 1__match_0024,Round Robin [Bo5],SV,Milk Tea,Symmetra,1
China - Stage 1,China - Stage 1__match_0024,Round Robin [Bo5],SV,Milk Tea,Widowmaker,1
China - Stage 1,China - Stage 1__match_0024,Round Robin [Bo5],SV,Milk Tea,Tracer,1
China - Stage 1,China - Stage 1__match_0024,Round Robin [Bo5],SV,Milk Tea,Hanzo,1
China - Stage 1,China - Stage 1__match_0024,Round Robin [Bo5],SV,Milk Tea,D.Va,1
China - Stage 1,China - Stage 1__match_0024,Round Robin [Bo5],SV,Milk Tea,Ana,1
China - Stage 1,China - Stage 1__match_0024,Round Robin [Bo5],SV,Milk Tea,Bastion,1
China - Stage 1,China - Stage 1__match_0024,Round Robin [Bo5],SV,Milk Tea,Soldier: 76,1
China - Stage 1,China - Stage 1__match_0024,Round Robin [Bo5],SV,Milk Tea,Venture,1
China - Stage 1,China - Stage 1__match_0024,Round Robin [Bo5],SV,Milk Tea,Orisa,1
China - Stage 1,China - Stage 1__match_0024,Round Robin [Bo5],SV,Milk Tea,Illari,1
China - Stage 1,China - Stage 1__match_0024,Round Robin [Bo5],SV,Milk Tea,Brigitte,1
China - Stage 1,China - Stage 1__match_0025,Round Robin [Bo5],JD Gaming,Naive Piggy,Junker Queen,1
China - Stage 1,China - Stage 1__match_0025,Round Robin [Bo5],JD Gaming,Naive Piggy,Wrecking Ball,1
China - Stage 1,China - Stage 1__match_0025,Round Robin [Bo5],JD Gaming,Naive Piggy,Winston,1
China - Stage 1,China - Stage 1__match_0025,Round Robin [Bo5],JD Gaming,Naive Piggy,Ana,1
China - Stage 1,China - Stage 1__match_0025,Round Robin [Bo5],JD Gaming,Naive Piggy,Sojourn,1
China - Stage 1,China - Stage 1__match_0025,Round Robin [Bo5],JD Gaming,Naive Piggy,Cassidy,1
China - Stage 1,China - Stage 1__match_0026,Round Robin [Bo5],All Gamers,Naive Piggy,Mei,1
China - Stage 1,China - Stage 1__match_0026,Round Robin [Bo5],All Gamers,Naive Piggy,Genji,1
China - Stage 1,China - Stage 1__match_0026,Round Robin [Bo5],All Gamers,Naive Piggy,Doomfist,1
China - Stage 1,China - Stage 1__match_0026,Round Robin [Bo5],All Gamers,Naive Piggy,Jetpack Cat,1
China - Stage 1,China - Stage 1__match_0026,Round Robin [Bo5],All Gamers,Naive Piggy,Vendetta,1
China - Stage 1,China - Stage 1__match_0026,Round Robin [Bo5],All Gamers,Naive Piggy,Hazard,1
China - Stage 1,China - Stage 1__match_0026,Round Robin [Bo5],All Gamers,Naive Piggy,Brigitte,1
China - Stage 1,China - Stage 1__match_0027,Round Robin [Bo5],JD Gaming,SV,Cassidy,1
China - Stage 1,China - Stage 1__match_0027,Round Robin [Bo5],JD Gaming,SV,Widowmaker,1
China - Stage 1,China - Stage 1__match_0027,Round Robin [Bo5],JD Gaming,SV,Hazard,1
China - Stage 1,China - Stage 1__match_0027,Round Robin [Bo5],JD Gaming,SV,Winston,1
China - Stage 1,China - Stage 1__match_0027,Round Robin [Bo5],JD Gaming,SV,Wrecking Ball,1
China - Stage 1,China - Stage 1__match_0027,Round Robin [Bo5],JD Gaming,SV,Ramattra,1
China - Stage 1,China - Stage 1__match_0027,Round Robin [Bo5],JD Gaming,SV,Ana,1
China - Stage 1,China - Stage 1__match_0027,Round Robin [Bo5],JD Gaming,SV,Brigitte,1
China - Stage 1,China - Stage 1__match_0027,Round Robin [Bo5],JD Gaming,SV,Mercy,1
China - Stage 1,China - Stage 1__match_0027,Round Robin [Bo5],JD Gaming,SV,Reaper,1
China - Stage 1,China - Stage 1__match_0027,Round Robin [Bo5],JD Gaming,SV,Vendetta,1
China - Stage 1,China - Stage 1__match_0027,Round Robin [Bo5],JD Gaming,SV,Pharah,1
China - Stage 1,China - Stage 1__match_0027,Round Robin [Bo5],JD Gaming,SV,Genji,1
China - Stage 1,China - Stage 1__match_0027,Round Robin [Bo5],JD Gaming,SV,Zarya,1
China - Stage 1,China - Stage 1__match_0027,Round Robin [Bo5],JD Gaming,SV,Junker Queen,1
China - Stage 1,China - Stage 1__match_0027,Round Robin [Bo5],JD Gaming,SV,Illari,1
China - Stage 1,China - Stage 1__match_0028,Round Robin [Bo5],Weibo Gaming,Milk Tea,Genji,1
China - Stage 1,China - Stage 1__match_0028,Round Robin [Bo5],Weibo Gaming,Milk Tea,Anran,1
China - Stage 1,China - Stage 1__match_0028,Round Robin [Bo5],Weibo Gaming,Milk Tea,Brigitte,1
China - Stage 1,China - Stage 1__match_0028,Round Robin [Bo5],Weibo Gaming,Milk Tea,Juno,1
China - Stage 1,China - Stage 1__match_0028,Round Robin [Bo5],Weibo Gaming,Milk Tea,Pharah,1
China - Stage 1,China - Stage 1__match_0028,Round Robin [Bo5],Weibo Gaming,Milk Tea,Bastion,1
China - Stage 1,China - Stage 1__match_0028,Round Robin [Bo5],Weibo Gaming,Milk Tea,Echo,1
China - Stage 1,China - Stage 1__match_0028,Round Robin [Bo5],Weibo Gaming,Milk Tea,Ashe,1
China - Stage 1,China - Stage 1__match_0028,Round Robin [Bo5],Weibo Gaming,Milk Tea,Roadhog,1
China - Stage 1,China - Stage 1__match_0028,Round Robin [Bo5],Weibo Gaming,Milk Tea,Zarya,1
China - Stage 1,China - Stage 1__match_0028,Round Robin [Bo5],Weibo Gaming,Milk Tea,Winston,1
China - Stage 1,China - Stage 1__match_0029,Round Robin [Bo5],All Gamers,SV,Genji,1
China - Stage 1,China - Stage 1__match_0029,Round Robin [Bo5],All Gamers,SV,Widowmaker,1
China - Stage 1,China - Stage 1__match_0029,Round Robin [Bo5],All Gamers,SV,Brigitte,1
China - Stage 1,China - Stage 1__match_0029,Round Robin [Bo5],All Gamers,SV,Lifeweaver,1
China - Stage 1,China - Stage 1__match_0029,Round Robin [Bo5],All Gamers,SV,Ana,1
China - Stage 1,China - Stage 1__match_0029,Round Robin [Bo5],All Gamers,SV,Bastion,1
China - Stage 1,China - Stage 1__match_0029,Round Robin [Bo5],All Gamers,SV,Sierra,1
China - Stage 1,China - Stage 1__match_0029,Round Robin [Bo5],All Gamers,SV,Mei,1
China - Stage 1,China - Stage 1__match_0029,Round Robin [Bo5],All Gamers,SV,Sigma,1
China - Stage 1,China - Stage 1__match_0029,Round Robin [Bo5],All Gamers,SV,Junker Queen,1
China - Stage 1,China - Stage 1__match_0029,Round Robin [Bo5],All Gamers,SV,Orisa,1
China - Stage 1,China - Stage 1__match_0029,Round Robin [Bo5],All Gamers,SV,Reinhardt,1
China - Stage 1,China - Stage 1__match_0029,Round Robin [Bo5],All Gamers,SV,Baptiste,1
China - Stage 1,China - Stage 1__match_0030,Round Robin [Bo5],Weibo Gaming,JD Gaming,Venture,1
China - Stage 1,China - Stage 1__match_0030,Round Robin [Bo5],Weibo Gaming,JD Gaming,Sierra,1
China - Stage 1,China - Stage 1__match_0030,Round Robin [Bo5],Weibo Gaming,JD Gaming,Hazard,1
China - Stage 1,China - Stage 1__match_0030,Round Robin [Bo5],Weibo Gaming,JD Gaming,Zarya,1
China - Stage 1,China - Stage 1__match_0030,Round Robin [Bo5],Weibo Gaming,JD Gaming,Bastion,1
China - Stage 1,China - Stage 1__match_0030,Round Robin [Bo5],Weibo Gaming,JD Gaming,Reinhardt,1
China - Stage 1,China - Stage 1__match_0030,Round Robin [Bo5],Weibo Gaming,JD Gaming,Wrecking Ball,1
China - Stage 1,China - Stage 1__match_0031,Upper Semifinals [Bo5],Weibo Gaming,SV,Sojourn,1
China - Stage 1,China - Stage 1__match_0031,Upper Semifinals [Bo5],Weibo Gaming,SV,Winston,1
China - Stage 1,China - Stage 1__match_0031,Upper Semifinals [Bo5],Weibo Gaming,SV,Wrecking Ball,1
China - Stage 1,China - Stage 1__match_0031,Upper Semifinals [Bo5],Weibo Gaming,SV,Vendetta,1
China - Stage 1,China - Stage 1__match_0031,Upper Semifinals [Bo5],Weibo Gaming,SV,Mei,1
China - Stage 1,China - Stage 1__match_0031,Upper Semifinals [Bo5],Weibo Gaming,SV,Cassidy,1
China - Stage 1,China - Stage 1__match_0031,Upper Semifinals [Bo5],Weibo Gaming,SV,Junker Queen,1
China - Stage 1,China - Stage 1__match_0031,Upper Semifinals [Bo5],Weibo Gaming,SV,Zarya,1
China - Stage 1,China - Stage 1__match_0031,Upper Semifinals [Bo5],Weibo Gaming,SV,D.Va,1
China - Stage 1,China - Stage 1__match_0031,Upper Semifinals [Bo5],Weibo Gaming,SV,Orisa,1
China - Stage 1,China - Stage 1__match_0032,Upper Semifinals [Bo5],All Gamers,JD Gaming,Genji,1
China - Stage 1,China - Stage 1__match_0032,Upper Semifinals [Bo5],All Gamers,JD Gaming,Mercy,1
China - Stage 1,China - Stage 1__match_0032,Upper Semifinals [Bo5],All Gamers,JD Gaming,Lifeweaver,1
China - Stage 1,China - Stage 1__match_0032,Upper Semifinals [Bo5],All Gamers,JD Gaming,Reaper,1
China - Stage 1,China - Stage 1__match_0032,Upper Semifinals [Bo5],All Gamers,JD Gaming,Mei,1
China - Stage 1,China - Stage 1__match_0032,Upper Semifinals [Bo5],All Gamers,JD Gaming,Anran,1
China - Stage 1,China - Stage 1__match_0032,Upper Semifinals [Bo5],All Gamers,JD Gaming,Sojourn,1
China - Stage 1,China - Stage 1__match_0032,Upper Semifinals [Bo5],All Gamers,JD Gaming,Wrecking Ball,1
China - Stage 1,China - Stage 1__match_0032,Upper Semifinals [Bo5],All Gamers,JD Gaming,Ramattra,1
China - Stage 1,China - Stage 1__match_0032,Upper Semifinals [Bo5],All Gamers,JD Gaming,Hazard,1
China - Stage 1,China - Stage 1__match_0032,Upper Semifinals [Bo5],All Gamers,JD Gaming,Mizuki,1
China - Stage 1,China - Stage 1__match_0033,Upper Finals [Bo5],Weibo Gaming,All Gamers,Venture,1
China - Stage 1,China - Stage 1__match_0033,Upper Finals [Bo5],Weibo Gaming,All Gamers,Sigma,1
China - Stage 1,China - Stage 1__match_0033,Upper Finals [Bo5],Weibo Gaming,All Gamers,Ramattra,1
China - Stage 1,China - Stage 1__match_0033,Upper Finals [Bo5],Weibo Gaming,All Gamers,Juno,1
China - Stage 1,China - Stage 1__match_0033,Upper Finals [Bo5],Weibo Gaming,All Gamers,Echo,1
China - Stage 1,China - Stage 1__match_0033,Upper Finals [Bo5],Weibo Gaming,All Gamers,Cassidy,1
China - Stage 1,China - Stage 1__match_0033,Upper Finals [Bo5],Weibo Gaming,All Gamers,Soldier: 76,1
China - Stage 1,China - Stage 1__match_0034,Lower Semifinals [Bo5],JD Gaming,SV,Hanzo,1
China - Stage 1,China - Stage 1__match_0034,Lower Semifinals [Bo5],JD Gaming,SV,Ramattra,1
China - Stage 1,China - Stage 1__match_0034,Lower Semifinals [Bo5],JD Gaming,SV,Winston,1
China - Stage 1,China - Stage 1__match_0034,Lower Semifinals [Bo5],JD Gaming,SV,Brigitte,1
China - Stage 1,China - Stage 1__match_0034,Lower Semifinals [Bo5],JD Gaming,SV,Cassidy,1
China - Stage 1,China - Stage 1__match_0034,Lower Semifinals [Bo5],JD Gaming,SV,Widowmaker,1
China - Stage 1,China - Stage 1__match_0034,Lower Semifinals [Bo5],JD Gaming,SV,Mauga,1
China - Stage 1,China - Stage 1__match_0034,Lower Semifinals [Bo5],JD Gaming,SV,Hazard,1
China - Stage 1,China - Stage 1__match_0034,Lower Semifinals [Bo5],JD Gaming,SV,Zarya,1
China - Stage 1,China - Stage 1__match_0034,Lower Semifinals [Bo5],JD Gaming,SV,Orisa,1
China - Stage 1,China - Stage 1__match_0034,Lower Semifinals [Bo5],JD Gaming,SV,Illari,1
China - Stage 1,China - Stage 1__match_0035,Lower Finals [Bo5],All Gamers,JD Gaming,Cassidy,1
China - Stage 1,China - Stage 1__match_0035,Lower Finals [Bo5],All Gamers,JD Gaming,Widowmaker,1
China - Stage 1,China - Stage 1__match_0035,Lower Finals [Bo5],All Gamers,JD Gaming,Echo,1
China - Stage 1,China - Stage 1__match_0035,Lower Finals [Bo5],All Gamers,JD Gaming,Hanzo,1
China - Stage 1,China - Stage 1__match_0035,Lower Finals [Bo5],All Gamers,JD Gaming,Sigma,1
China - Stage 1,China - Stage 1__match_0035,Lower Finals [Bo5],All Gamers,JD Gaming,Zarya,1
China - Stage 1,China - Stage 1__match_0035,Lower Finals [Bo5],All Gamers,JD Gaming,Mercy,1
China - Stage 1,China - Stage 1__match_0035,Lower Finals [Bo5],All Gamers,JD Gaming,Brigitte,1
China - Stage 1,China - Stage 1__match_0035,Lower Finals [Bo5],All Gamers,JD Gaming,Juno,1
China - Stage 1,China - Stage 1__match_0035,Lower Finals [Bo5],All Gamers,JD Gaming,Freja,1
China - Stage 1,China - Stage 1__match_0035,Lower Finals [Bo5],All Gamers,JD Gaming,Sojourn,1
China - Stage 1,China - Stage 1__match_0035,Lower Finals [Bo5],All Gamers,JD Gaming,Wrecking Ball,1
China - Stage 1,China - Stage 1__match_0036,Grand Finals [Bo5],Weibo Gaming,All Gamers,Sierra,1
China - Stage 1,China - Stage 1__match_0036,Grand Finals [Bo5],Weibo Gaming,All Gamers,Venture,1
China - Stage 1,China - Stage 1__match_0036,Grand Finals [Bo5],Weibo Gaming,All Gamers,Mei,1
China - Stage 1,China - Stage 1__match_0036,Grand Finals [Bo5],Weibo Gaming,All Gamers,Cassidy,1
China - Stage 1,China - Stage 1__match_0036,Grand Finals [Bo5],Weibo Gaming,All Gamers,Soldier: 76,1
China - Stage 1,China - Stage 1__match_0036,Grand Finals [Bo5],Weibo Gaming,All Gamers,Sigma,1
China - Stage 1,China - Stage 1__match_0036,Grand Finals [Bo5],Weibo Gaming,All Gamers,Wrecking Ball,1
China - Stage 1,China - Stage 1__match_0036,Grand Finals [Bo5],Weibo Gaming,All Gamers,Reinhardt,1
China - Stage 1,China - Stage 1__match_0036,Grand Finals [Bo5],Weibo Gaming,All Gamers,Mercy,1
EMEA - Stage 1,EMEA - Stage 1__match_0001,Round Robin [Bo5],Virtus.pro,Al Qadsiah,Ramattra,1
EMEA - Stage 1,EMEA - Stage 1__match_0001,Round Robin [Bo5],Virtus.pro,Al Qadsiah,Doomfist,1
EMEA - Stage 1,EMEA - Stage 1__match_0001,Round Robin [Bo5],Virtus.pro,Al Qadsiah,Jetpack Cat,1
EMEA - Stage 1,EMEA - Stage 1__match_0001,Round Robin [Bo5],Virtus.pro,Al Qadsiah,Bastion,1
EMEA - Stage 1,EMEA - Stage 1__match_0001,Round Robin [Bo5],Virtus.pro,Al Qadsiah,Wrecking Ball,1
EMEA - Stage 1,EMEA - Stage 1__match_0001,Round Robin [Bo5],Virtus.pro,Al Qadsiah,Orisa,1
EMEA - Stage 1,EMEA - Stage 1__match_0001,Round Robin [Bo5],Virtus.pro,Al Qadsiah,Illari,1
EMEA - Stage 1,EMEA - Stage 1__match_0001,Round Robin [Bo5],Virtus.pro,Al Qadsiah,Zenyatta,1
EMEA - Stage 1,EMEA - Stage 1__match_0002,Round Robin [Bo5],Twisted Minds,Team Peps,Echo,1
EMEA - Stage 1,EMEA - Stage 1__match_0002,Round Robin [Bo5],Twisted Minds,Team Peps,Pharah,1
EMEA - Stage 1,EMEA - Stage 1__match_0002,Round Robin [Bo5],Twisted Minds,Team Peps,Orisa,1
EMEA - Stage 1,EMEA - Stage 1__match_0002,Round Robin [Bo5],Twisted Minds,Team Peps,Tracer,1
EMEA - Stage 1,EMEA - Stage 1__match_0003,Round Robin [Bo5],Twisted Minds,Geekay Esports,Ramattra,1
EMEA - Stage 1,EMEA - Stage 1__match_0003,Round Robin [Bo5],Twisted Minds,Geekay Esports,Sojourn,1
EMEA - Stage 1,EMEA - Stage 1__match_0003,Round Robin [Bo5],Twisted Minds,Geekay Esports,Wrecking Ball,1
EMEA - Stage 1,EMEA - Stage 1__match_0003,Round Robin [Bo5],Twisted Minds,Geekay Esports,Jetpack Cat,1
EMEA - Stage 1,EMEA - Stage 1__match_0003,Round Robin [Bo5],Twisted Minds,Geekay Esports,Ana,1
EMEA - Stage 1,EMEA - Stage 1__match_0004,Round Robin [Bo5],Virtus.pro,Anyone's Legend,Pharah,1
EMEA - Stage 1,EMEA - Stage 1__match_0004,Round Robin [Bo5],Virtus.pro,Anyone's Legend,Hazard,1
EMEA - Stage 1,EMEA - Stage 1__match_0004,Round Robin [Bo5],Virtus.pro,Anyone's Legend,Mercy,1
EMEA - Stage 1,EMEA - Stage 1__match_0004,Round Robin [Bo5],Virtus.pro,Anyone's Legend,Jetpack Cat,1
EMEA - Stage 1,EMEA - Stage 1__match_0004,Round Robin [Bo5],Virtus.pro,Anyone's Legend,Echo,1
EMEA - Stage 1,EMEA - Stage 1__match_0004,Round Robin [Bo5],Virtus.pro,Anyone's Legend,Juno,1
EMEA - Stage 1,EMEA - Stage 1__match_0004,Round Robin [Bo5],Virtus.pro,Anyone's Legend,Lifeweaver,1
EMEA - Stage 1,EMEA - Stage 1__match_0005,Round Robin [Bo5],Al Qadsiah,Team Peps,Echo,1
EMEA - Stage 1,EMEA - Stage 1__match_0005,Round Robin [Bo5],Al Qadsiah,Team Peps,Sombra,1
EMEA - Stage 1,EMEA - Stage 1__match_0005,Round Robin [Bo5],Al Qadsiah,Team Peps,Pharah,1
EMEA - Stage 1,EMEA - Stage 1__match_0005,Round Robin [Bo5],Al Qadsiah,Team Peps,Illari,1
EMEA - Stage 1,EMEA - Stage 1__match_0005,Round Robin [Bo5],Al Qadsiah,Team Peps,Ana,1
EMEA - Stage 1,EMEA - Stage 1__match_0005,Round Robin [Bo5],Al Qadsiah,Team Peps,Tracer,1
EMEA - Stage 1,EMEA - Stage 1__match_0005,Round Robin [Bo5],Al Qadsiah,Team Peps,Wrecking Ball,1
EMEA - Stage 1,EMEA - Stage 1__match_0005,Round Robin [Bo5],Al Qadsiah,Team Peps,Jetpack Cat,1
EMEA - Stage 1,EMEA - Stage 1__match_0005,Round Robin [Bo5],Al Qadsiah,Team Peps,Mizuki,1
EMEA - Stage 1,EMEA - Stage 1__match_0006,Round Robin [Bo5],Al Qadsiah,Geekay Esports,Mauga,1
EMEA - Stage 1,EMEA - Stage 1__match_0006,Round Robin [Bo5],Al Qadsiah,Geekay Esports,Zenyatta,1
EMEA - Stage 1,EMEA - Stage 1__match_0006,Round Robin [Bo5],Al Qadsiah,Geekay Esports,Illari,1
EMEA - Stage 1,EMEA - Stage 1__match_0006,Round Robin [Bo5],Al Qadsiah,Geekay Esports,Wrecking Ball,1
EMEA - Stage 1,EMEA - Stage 1__match_0006,Round Robin [Bo5],Al Qadsiah,Geekay Esports,Lifeweaver,1
EMEA - Stage 1,EMEA - Stage 1__match_0007,Round Robin [Bo5],Twisted Minds,Anyone's Legend,Pharah,1
EMEA - Stage 1,EMEA - Stage 1__match_0007,Round Robin [Bo5],Twisted Minds,Anyone's Legend,Hanzo,1
EMEA - Stage 1,EMEA - Stage 1__match_0007,Round Robin [Bo5],Twisted Minds,Anyone's Legend,Mercy,1
EMEA - Stage 1,EMEA - Stage 1__match_0007,Round Robin [Bo5],Twisted Minds,Anyone's Legend,Echo,1
EMEA - Stage 1,EMEA - Stage 1__match_0007,Round Robin [Bo5],Twisted Minds,Anyone's Legend,Orisa,1
EMEA - Stage 1,EMEA - Stage 1__match_0007,Round Robin [Bo5],Twisted Minds,Anyone's Legend,Doomfist,1
EMEA - Stage 1,EMEA - Stage 1__match_0007,Round Robin [Bo5],Twisted Minds,Anyone's Legend,Wrecking Ball,1
EMEA - Stage 1,EMEA - Stage 1__match_0008,Round Robin [Bo5],Virtus.pro,Team Peps,Symmetra,1
EMEA - Stage 1,EMEA - Stage 1__match_0008,Round Robin [Bo5],Virtus.pro,Team Peps,Sojourn,1
EMEA - Stage 1,EMEA - Stage 1__match_0008,Round Robin [Bo5],Virtus.pro,Team Peps,Hazard,1
EMEA - Stage 1,EMEA - Stage 1__match_0008,Round Robin [Bo5],Virtus.pro,Team Peps,Lifeweaver,1
EMEA - Stage 1,EMEA - Stage 1__match_0009,Round Robin [Bo5],Team Peps,Geekay Esports,Soldier: 76,1
EMEA - Stage 1,EMEA - Stage 1__match_0009,Round Robin [Bo5],Team Peps,Geekay Esports,Ramattra,1
EMEA - Stage 1,EMEA - Stage 1__match_0009,Round Robin [Bo5],Team Peps,Geekay Esports,Hazard,1
EMEA - Stage 1,EMEA - Stage 1__match_0009,Round Robin [Bo5],Team Peps,Geekay Esports,Zenyatta,1
EMEA - Stage 1,EMEA - Stage 1__match_0009,Round Robin [Bo5],Team Peps,Geekay Esports,Pharah,1
EMEA - Stage 1,EMEA - Stage 1__match_0009,Round Robin [Bo5],Team Peps,Geekay Esports,Symmetra,1
EMEA - Stage 1,EMEA - Stage 1__match_0009,Round Robin [Bo5],Team Peps,Geekay Esports,Jetpack Cat,1
EMEA - Stage 1,EMEA - Stage 1__match_0009,Round Robin [Bo5],Team Peps,Geekay Esports,Ana,1
EMEA - Stage 1,EMEA - Stage 1__match_0010,Round Robin [Bo5],Al Qadsiah,Anyone's Legend,Symmetra,1
EMEA - Stage 1,EMEA - Stage 1__match_0010,Round Robin [Bo5],Al Qadsiah,Anyone's Legend,D.Va,1
EMEA - Stage 1,EMEA - Stage 1__match_0010,Round Robin [Bo5],Al Qadsiah,Anyone's Legend,Winston,1
EMEA - Stage 1,EMEA - Stage 1__match_0011,Round Robin [Bo5],Al Qadsiah,Twisted Minds,Zenyatta,1
EMEA - Stage 1,EMEA - Stage 1__match_0011,Round Robin [Bo5],Al Qadsiah,Twisted Minds,Mercy,1
EMEA - Stage 1,EMEA - Stage 1__match_0012,Round Robin [Bo5],Anyone's Legend,Team Peps,Freja,1
EMEA - Stage 1,EMEA - Stage 1__match_0012,Round Robin [Bo5],Anyone's Legend,Team Peps,Echo,1
EMEA - Stage 1,EMEA - Stage 1__match_0012,Round Robin [Bo5],Anyone's Legend,Team Peps,Reaper,1
EMEA - Stage 1,EMEA - Stage 1__match_0012,Round Robin [Bo5],Anyone's Legend,Team Peps,Doomfist,1
EMEA - Stage 1,EMEA - Stage 1__match_0012,Round Robin [Bo5],Anyone's Legend,Team Peps,D.Va,1
EMEA - Stage 1,EMEA - Stage 1__match_0012,Round Robin [Bo5],Anyone's Legend,Team Peps,Wrecking Ball,1
EMEA - Stage 1,EMEA - Stage 1__match_0012,Round Robin [Bo5],Anyone's Legend,Team Peps,Illari,1
EMEA - Stage 1,EMEA - Stage 1__match_0012,Round Robin [Bo5],Anyone's Legend,Team Peps,Vendetta,1
EMEA - Stage 1,EMEA - Stage 1__match_0013,Round Robin [Bo5],Virtus.pro,Geekay Esports,Cassidy,1
EMEA - Stage 1,EMEA - Stage 1__match_0013,Round Robin [Bo5],Virtus.pro,Geekay Esports,Doomfist,1
EMEA - Stage 1,EMEA - Stage 1__match_0013,Round Robin [Bo5],Virtus.pro,Geekay Esports,Mauga,1
EMEA - Stage 1,EMEA - Stage 1__match_0013,Round Robin [Bo5],Virtus.pro,Geekay Esports,Widowmaker,1
EMEA - Stage 1,EMEA - Stage 1__match_0013,Round Robin [Bo5],Virtus.pro,Geekay Esports,Pharah,1
EMEA - Stage 1,EMEA - Stage 1__match_0013,Round Robin [Bo5],Virtus.pro,Geekay Esports,Sojourn,1
EMEA - Stage 1,EMEA - Stage 1__match_0013,Round Robin [Bo5],Virtus.pro,Geekay Esports,Wrecking Ball,1
EMEA - Stage 1,EMEA - Stage 1__match_0013,Round Robin [Bo5],Virtus.pro,Geekay Esports,Wuyang,1
EMEA - Stage 1,EMEA - Stage 1__match_0014,Round Robin [Bo5],Virtus.pro,Twisted Minds,Widowmaker,1
EMEA - Stage 1,EMEA - Stage 1__match_0014,Round Robin [Bo5],Virtus.pro,Twisted Minds,D.Va,1
EMEA - Stage 1,EMEA - Stage 1__match_0014,Round Robin [Bo5],Virtus.pro,Twisted Minds,Doomfist,1
EMEA - Stage 1,EMEA - Stage 1__match_0014,Round Robin [Bo5],Virtus.pro,Twisted Minds,Illari,1
EMEA - Stage 1,EMEA - Stage 1__match_0014,Round Robin [Bo5],Virtus.pro,Twisted Minds,Ana,1
EMEA - Stage 1,EMEA - Stage 1__match_0015,Round Robin [Bo5],Anyone's Legend,Geekay Esports,Lifeweaver,1
EMEA - Stage 1,EMEA - Stage 1__match_0015,Round Robin [Bo5],Anyone's Legend,Geekay Esports,Genji,1
EMEA - Stage 1,EMEA - Stage 1__match_0015,Round Robin [Bo5],Anyone's Legend,Geekay Esports,Echo,1
EMEA - Stage 1,EMEA - Stage 1__match_0015,Round Robin [Bo5],Anyone's Legend,Geekay Esports,Doomfist,1
EMEA - Stage 1,EMEA - Stage 1__match_0016,Upper Semifinals [Bo5],Twisted Minds,Al Qadsiah,D.Va,1
EMEA - Stage 1,EMEA - Stage 1__match_0016,Upper Semifinals [Bo5],Twisted Minds,Al Qadsiah,Baptiste,1
EMEA - Stage 1,EMEA - Stage 1__match_0016,Upper Semifinals [Bo5],Twisted Minds,Al Qadsiah,Sojourn,1
EMEA - Stage 1,EMEA - Stage 1__match_0016,Upper Semifinals [Bo5],Twisted Minds,Al Qadsiah,Jetpack Cat,1
EMEA - Stage 1,EMEA - Stage 1__match_0016,Upper Semifinals [Bo5],Twisted Minds,Al Qadsiah,Brigitte,1
EMEA - Stage 1,EMEA - Stage 1__match_0016,Upper Semifinals [Bo5],Twisted Minds,Al Qadsiah,Illari,1
EMEA - Stage 1,EMEA - Stage 1__match_0017,Upper Semifinals [Bo5],Virtus.pro,Geekay Esports,Mauga,1
EMEA - Stage 1,EMEA - Stage 1__match_0017,Upper Semifinals [Bo5],Virtus.pro,Geekay Esports,Hazard,1
EMEA - Stage 1,EMEA - Stage 1__match_0017,Upper Semifinals [Bo5],Virtus.pro,Geekay Esports,Jetpack Cat,1
EMEA - Stage 1,EMEA - Stage 1__match_0017,Upper Semifinals [Bo5],Virtus.pro,Geekay Esports,Illari,1
EMEA - Stage 1,EMEA - Stage 1__match_0017,Upper Semifinals [Bo5],Virtus.pro,Geekay Esports,Wuyang,1
EMEA - Stage 1,EMEA - Stage 1__match_0018,Lower Semifinals [Bo5],Al Qadsiah,Virtus.pro,Mauga,1
EMEA - Stage 1,EMEA - Stage 1__match_0018,Lower Semifinals [Bo5],Al Qadsiah,Virtus.pro,Sigma,1
EMEA - Stage 1,EMEA - Stage 1__match_0018,Lower Semifinals [Bo5],Al Qadsiah,Virtus.pro,Jetpack Cat,1
EMEA - Stage 1,EMEA - Stage 1__match_0018,Lower Semifinals [Bo5],Al Qadsiah,Virtus.pro,D.Va,1
EMEA - Stage 1,EMEA - Stage 1__match_0018,Lower Semifinals [Bo5],Al Qadsiah,Virtus.pro,Hazard,1
EMEA - Stage 1,EMEA - Stage 1__match_0019,Upper Finals [Bo5],Twisted Minds,Geekay Esports,Widowmaker,1
EMEA - Stage 1,EMEA - Stage 1__match_0019,Upper Finals [Bo5],Twisted Minds,Geekay Esports,Sigma,1
EMEA - Stage 1,EMEA - Stage 1__match_0019,Upper Finals [Bo5],Twisted Minds,Geekay Esports,Baptiste,1
EMEA - Stage 1,EMEA - Stage 1__match_0019,Upper Finals [Bo5],Twisted Minds,Geekay Esports,Illari,1
EMEA - Stage 1,EMEA - Stage 1__match_0019,Upper Finals [Bo5],Twisted Minds,Geekay Esports,Sojourn,1
EMEA - Stage 1,EMEA - Stage 1__match_0019,Upper Finals [Bo5],Twisted Minds,Geekay Esports,Symmetra,1
EMEA - Stage 1,EMEA - Stage 1__match_0020,Lower Finals [Bo5],Geekay Esports,Virtus.pro,D.Va,1
EMEA - Stage 1,EMEA - Stage 1__match_0020,Lower Finals [Bo5],Geekay Esports,Virtus.pro,Juno,1
EMEA - Stage 1,EMEA - Stage 1__match_0020,Lower Finals [Bo5],Geekay Esports,Virtus.pro,Bastion,1
EMEA - Stage 1,EMEA - Stage 1__match_0020,Lower Finals [Bo5],Geekay Esports,Virtus.pro,Cassidy,1
EMEA - Stage 1,EMEA - Stage 1__match_0020,Lower Finals [Bo5],Geekay Esports,Virtus.pro,Wrecking Ball,1
EMEA - Stage 1,EMEA - Stage 1__match_0020,Lower Finals [Bo5],Geekay Esports,Virtus.pro,Ana,1
EMEA - Stage 1,EMEA - Stage 1__match_0020,Lower Finals [Bo5],Geekay Esports,Virtus.pro,Brigitte,1
EMEA - Stage 1,EMEA - Stage 1__match_0021,Grand Finals [Bo7],Twisted Minds,Virtus.pro,Sojourn,1
EMEA - Stage 1,EMEA - Stage 1__match_0021,Grand Finals [Bo7],Twisted Minds,Virtus.pro,Wrecking Ball,1
EMEA - Stage 1,EMEA - Stage 1__match_0021,Grand Finals [Bo7],Twisted Minds,Virtus.pro,Ana,1
EMEA - Stage 1,EMEA - Stage 1__match_0021,Grand Finals [Bo7],Twisted Minds,Virtus.pro,Symmetra,1
EMEA - Stage 1,EMEA - Stage 1__match_0021,Grand Finals [Bo7],Twisted Minds,Virtus.pro,Baptiste,1
North America - Stage 1,North America - Stage 1__match_0001,Round Robin [Bo5],Dallas Fuel,Disguised,Hanzo,1
North America - Stage 1,North America - Stage 1__match_0001,Round Robin [Bo5],Dallas Fuel,Disguised,Pharah,1
North America - Stage 1,North America - Stage 1__match_0001,Round Robin [Bo5],Dallas Fuel,Disguised,Winston,1
North America - Stage 1,North America - Stage 1__match_0001,Round Robin [Bo5],Dallas Fuel,Disguised,Sigma,1
North America - Stage 1,North America - Stage 1__match_0001,Round Robin [Bo5],Dallas Fuel,Disguised,Zarya,1
North America - Stage 1,North America - Stage 1__match_0001,Round Robin [Bo5],Dallas Fuel,Disguised,Illari,1
North America - Stage 1,North America - Stage 1__match_0001,Round Robin [Bo5],Dallas Fuel,Disguised,Wuyang,1
North America - Stage 1,North America - Stage 1__match_0001,Round Robin [Bo5],Dallas Fuel,Disguised,Brigitte,1
North America - Stage 1,North America - Stage 1__match_0001,Round Robin [Bo5],Dallas Fuel,Disguised,Venture,1
North America - Stage 1,North America - Stage 1__match_0001,Round Robin [Bo5],Dallas Fuel,Disguised,Soldier: 76,1
North America - Stage 1,North America - Stage 1__match_0001,Round Robin [Bo5],Dallas Fuel,Disguised,Cassidy,1
North America - Stage 1,North America - Stage 1__match_0001,Round Robin [Bo5],Dallas Fuel,Disguised,Hazard,1
North America - Stage 1,North America - Stage 1__match_0001,Round Robin [Bo5],Dallas Fuel,Disguised,Wrecking Ball,1
North America - Stage 1,North America - Stage 1__match_0001,Round Robin [Bo5],Dallas Fuel,Disguised,Doomfist,1
North America - Stage 1,North America - Stage 1__match_0001,Round Robin [Bo5],Dallas Fuel,Disguised,Baptiste,1
North America - Stage 1,North America - Stage 1__match_0002,Round Robin [Bo5],Spacestation Gaming,LuneX Gaming,Pharah,1
North America - Stage 1,North America - Stage 1__match_0002,Round Robin [Bo5],Spacestation Gaming,LuneX Gaming,Sigma,1
North America - Stage 1,North America - Stage 1__match_0002,Round Robin [Bo5],Spacestation Gaming,LuneX Gaming,Hazard,1
North America - Stage 1,North America - Stage 1__match_0002,Round Robin [Bo5],Spacestation Gaming,LuneX Gaming,Wuyang,1
North America - Stage 1,North America - Stage 1__match_0002,Round Robin [Bo5],Spacestation Gaming,LuneX Gaming,Vendetta,1
North America - Stage 1,North America - Stage 1__match_0002,Round Robin [Bo5],Spacestation Gaming,LuneX Gaming,Orisa,1
North America - Stage 1,North America - Stage 1__match_0002,Round Robin [Bo5],Spacestation Gaming,LuneX Gaming,Doomfist,1
North America - Stage 1,North America - Stage 1__match_0002,Round Robin [Bo5],Spacestation Gaming,LuneX Gaming,Domina,1
North America - Stage 1,North America - Stage 1__match_0002,Round Robin [Bo5],Spacestation Gaming,LuneX Gaming,Zenyatta,1
North America - Stage 1,North America - Stage 1__match_0002,Round Robin [Bo5],Spacestation Gaming,LuneX Gaming,Illari,1
North America - Stage 1,North America - Stage 1__match_0002,Round Robin [Bo5],Spacestation Gaming,LuneX Gaming,Brigitte,1
North America - Stage 1,North America - Stage 1__match_0002,Round Robin [Bo5],Spacestation Gaming,LuneX Gaming,Jetpack Cat,1
North America - Stage 1,North America - Stage 1__match_0003,Round Robin [Bo5],Team Liquid,Extinction,Hanzo,1
North America - Stage 1,North America - Stage 1__match_0003,Round Robin [Bo5],Team Liquid,Extinction,Orisa,1
North America - Stage 1,North America - Stage 1__match_0003,Round Robin [Bo5],Team Liquid,Extinction,Ramattra,1
North America - Stage 1,North America - Stage 1__match_0003,Round Robin [Bo5],Team Liquid,Extinction,Ana,1
North America - Stage 1,North America - Stage 1__match_0003,Round Robin [Bo5],Team Liquid,Extinction,Freja,1
North America - Stage 1,North America - Stage 1__match_0003,Round Robin [Bo5],Team Liquid,Extinction,Cassidy,1
North America - Stage 1,North America - Stage 1__match_0003,Round Robin [Bo5],Team Liquid,Extinction,Domina,1
North America - Stage 1,North America - Stage 1__match_0003,Round Robin [Bo5],Team Liquid,Extinction,Brigitte,1
North America - Stage 1,North America - Stage 1__match_0004,Round Robin [Bo5],Spacestation Gaming,Disguised,Echo,1
North America - Stage 1,North America - Stage 1__match_0004,Round Robin [Bo5],Spacestation Gaming,Disguised,Hanzo,1
North America - Stage 1,North America - Stage 1__match_0004,Round Robin [Bo5],Spacestation Gaming,Disguised,Brigitte,1
North America - Stage 1,North America - Stage 1__match_0004,Round Robin [Bo5],Spacestation Gaming,Disguised,Wuyang,1
North America - Stage 1,North America - Stage 1__match_0004,Round Robin [Bo5],Spacestation Gaming,Disguised,Vendetta,1
North America - Stage 1,North America - Stage 1__match_0004,Round Robin [Bo5],Spacestation Gaming,Disguised,Doomfist,1
North America - Stage 1,North America - Stage 1__match_0004,Round Robin [Bo5],Spacestation Gaming,Disguised,Jetpack Cat,1
North America - Stage 1,North America - Stage 1__match_0004,Round Robin [Bo5],Spacestation Gaming,Disguised,Mizuki,1
North America - Stage 1,North America - Stage 1__match_0005,Round Robin [Bo5],LuneX Gaming,Extinction,Echo,1
North America - Stage 1,North America - Stage 1__match_0005,Round Robin [Bo5],LuneX Gaming,Extinction,Sigma,1
North America - Stage 1,North America - Stage 1__match_0006,Round Robin [Bo5],Team Liquid,Dallas Fuel,Pharah,1
North America - Stage 1,North America - Stage 1__match_0006,Round Robin [Bo5],Team Liquid,Dallas Fuel,Emre,1
North America - Stage 1,North America - Stage 1__match_0006,Round Robin [Bo5],Team Liquid,Dallas Fuel,Genji,1
North America - Stage 1,North America - Stage 1__match_0006,Round Robin [Bo5],Team Liquid,Dallas Fuel,Reinhardt,1
North America - Stage 1,North America - Stage 1__match_0006,Round Robin [Bo5],Team Liquid,Dallas Fuel,Wrecking Ball,1
North America - Stage 1,North America - Stage 1__match_0006,Round Robin [Bo5],Team Liquid,Dallas Fuel,Wuyang,1
North America - Stage 1,North America - Stage 1__match_0006,Round Robin [Bo5],Team Liquid,Dallas Fuel,Ana,1
North America - Stage 1,North America - Stage 1__match_0007,Round Robin [Bo5],Disguised,Extinction,Hanzo,1
North America - Stage 1,North America - Stage 1__match_0007,Round Robin [Bo5],Disguised,Extinction,Ramattra,1
North America - Stage 1,North America - Stage 1__match_0007,Round Robin [Bo5],Disguised,Extinction,Baptiste,1
North America - Stage 1,North America - Stage 1__match_0007,Round Robin [Bo5],Disguised,Extinction,Zenyatta,1
North America - Stage 1,North America - Stage 1__match_0007,Round Robin [Bo5],Disguised,Extinction,Ana,1
North America - Stage 1,North America - Stage 1__match_0008,Round Robin [Bo5],Dallas Fuel,LuneX Gaming,Widowmaker,1
North America - Stage 1,North America - Stage 1__match_0008,Round Robin [Bo5],Dallas Fuel,LuneX Gaming,Ramattra,1
North America - Stage 1,North America - Stage 1__match_0008,Round Robin [Bo5],Dallas Fuel,LuneX Gaming,Winston,1
North America - Stage 1,North America - Stage 1__match_0008,Round Robin [Bo5],Dallas Fuel,LuneX Gaming,D.Va,1
North America - Stage 1,North America - Stage 1__match_0008,Round Robin [Bo5],Dallas Fuel,LuneX Gaming,Sigma,1
North America - Stage 1,North America - Stage 1__match_0008,Round Robin [Bo5],Dallas Fuel,LuneX Gaming,Wuyang,1
North America - Stage 1,North America - Stage 1__match_0008,Round Robin [Bo5],Dallas Fuel,LuneX Gaming,Ana,1
North America - Stage 1,North America - Stage 1__match_0008,Round Robin [Bo5],Dallas Fuel,LuneX Gaming,Vendetta,1
North America - Stage 1,North America - Stage 1__match_0008,Round Robin [Bo5],Dallas Fuel,LuneX Gaming,Freja,1
North America - Stage 1,North America - Stage 1__match_0008,Round Robin [Bo5],Dallas Fuel,LuneX Gaming,Reaper,1
North America - Stage 1,North America - Stage 1__match_0008,Round Robin [Bo5],Dallas Fuel,LuneX Gaming,Brigitte,1
North America - Stage 1,North America - Stage 1__match_0008,Round Robin [Bo5],Dallas Fuel,LuneX Gaming,Jetpack Cat,1
North America - Stage 1,North America - Stage 1__match_0009,Round Robin [Bo5],Spacestation Gaming,Extinction,Brigitte,1
North America - Stage 1,North America - Stage 1__match_0009,Round Robin [Bo5],Spacestation Gaming,Extinction,Echo,1
North America - Stage 1,North America - Stage 1__match_0010,Round Robin [Bo5],Disguised,Team Liquid,Cassidy,1
North America - Stage 1,North America - Stage 1__match_0010,Round Robin [Bo5],Disguised,Team Liquid,Sojourn,1
North America - Stage 1,North America - Stage 1__match_0010,Round Robin [Bo5],Disguised,Team Liquid,Bastion,1
North America - Stage 1,North America - Stage 1__match_0010,Round Robin [Bo5],Disguised,Team Liquid,Venture,1
North America - Stage 1,North America - Stage 1__match_0010,Round Robin [Bo5],Disguised,Team Liquid,Hanzo,1
North America - Stage 1,North America - Stage 1__match_0010,Round Robin [Bo5],Disguised,Team Liquid,Lifeweaver,1
North America - Stage 1,North America - Stage 1__match_0010,Round Robin [Bo5],Disguised,Team Liquid,Jetpack Cat,1
North America - Stage 1,North America - Stage 1__match_0010,Round Robin [Bo5],Disguised,Team Liquid,Pharah,1
North America - Stage 1,North America - Stage 1__match_0010,Round Robin [Bo5],Disguised,Team Liquid,Ramattra,1
North America - Stage 1,North America - Stage 1__match_0010,Round Robin [Bo5],Disguised,Team Liquid,Sigma,1
North America - Stage 1,North America - Stage 1__match_0010,Round Robin [Bo5],Disguised,Team Liquid,Winston,1
North America - Stage 1,North America - Stage 1__match_0010,Round Robin [Bo5],Disguised,Team Liquid,Wuyang,1
North America - Stage 1,North America - Stage 1__match_0010,Round Robin [Bo5],Disguised,Team Liquid,Illari,1
North America - Stage 1,North America - Stage 1__match_0011,Round Robin [Bo5],Spacestation Gaming,Dallas Fuel,Vendetta,1
North America - Stage 1,North America - Stage 1__match_0011,Round Robin [Bo5],Spacestation Gaming,Dallas Fuel,Orisa,1
North America - Stage 1,North America - Stage 1__match_0011,Round Robin [Bo5],Spacestation Gaming,Dallas Fuel,Zarya,1
North America - Stage 1,North America - Stage 1__match_0011,Round Robin [Bo5],Spacestation Gaming,Dallas Fuel,Mauga,1
North America - Stage 1,North America - Stage 1__match_0011,Round Robin [Bo5],Spacestation Gaming,Dallas Fuel,Ashe,1
North America - Stage 1,North America - Stage 1__match_0011,Round Robin [Bo5],Spacestation Gaming,Dallas Fuel,Pharah,1
North America - Stage 1,North America - Stage 1__match_0011,Round Robin [Bo5],Spacestation Gaming,Dallas Fuel,Mercy,1
North America - Stage 1,North America - Stage 1__match_0012,Round Robin [Bo5],Team Liquid,LuneX Gaming,Widowmaker,1
North America - Stage 1,North America - Stage 1__match_0012,Round Robin [Bo5],Team Liquid,LuneX Gaming,Winston,1
North America - Stage 1,North America - Stage 1__match_0012,Round Robin [Bo5],Team Liquid,LuneX Gaming,Juno,1
North America - Stage 1,North America - Stage 1__match_0012,Round Robin [Bo5],Team Liquid,LuneX Gaming,Vendetta,1
North America - Stage 1,North America - Stage 1__match_0012,Round Robin [Bo5],Team Liquid,LuneX Gaming,Reaper,1
North America - Stage 1,North America - Stage 1__match_0012,Round Robin [Bo5],Team Liquid,LuneX Gaming,Sojourn,1
North America - Stage 1,North America - Stage 1__match_0012,Round Robin [Bo5],Team Liquid,LuneX Gaming,Freja,1
North America - Stage 1,North America - Stage 1__match_0012,Round Robin [Bo5],Team Liquid,LuneX Gaming,Zarya,1
North America - Stage 1,North America - Stage 1__match_0012,Round Robin [Bo5],Team Liquid,LuneX Gaming,Doomfist,1
North America - Stage 1,North America - Stage 1__match_0013,Round Robin [Bo5],Disguised,LuneX Gaming,Widowmaker,1
North America - Stage 1,North America - Stage 1__match_0013,Round Robin [Bo5],Disguised,LuneX Gaming,Genji,1
North America - Stage 1,North America - Stage 1__match_0013,Round Robin [Bo5],Disguised,LuneX Gaming,Venture,1
North America - Stage 1,North America - Stage 1__match_0013,Round Robin [Bo5],Disguised,LuneX Gaming,Wrecking Ball,1
North America - Stage 1,North America - Stage 1__match_0013,Round Robin [Bo5],Disguised,LuneX Gaming,Ramattra,1
North America - Stage 1,North America - Stage 1__match_0013,Round Robin [Bo5],Disguised,LuneX Gaming,Winston,1
North America - Stage 1,North America - Stage 1__match_0013,Round Robin [Bo5],Disguised,LuneX Gaming,Freja,1
North America - Stage 1,North America - Stage 1__match_0013,Round Robin [Bo5],Disguised,LuneX Gaming,Symmetra,1
North America - Stage 1,North America - Stage 1__match_0014,Round Robin [Bo5],Dallas Fuel,Extinction,Torbjörn,1
North America - Stage 1,North America - Stage 1__match_0014,Round Robin [Bo5],Dallas Fuel,Extinction,Sombra,1
North America - Stage 1,North America - Stage 1__match_0014,Round Robin [Bo5],Dallas Fuel,Extinction,Vendetta,1
North America - Stage 1,North America - Stage 1__match_0014,Round Robin [Bo5],Dallas Fuel,Extinction,Junkrat,1
North America - Stage 1,North America - Stage 1__match_0014,Round Robin [Bo5],Dallas Fuel,Extinction,Freja,1
North America - Stage 1,North America - Stage 1__match_0014,Round Robin [Bo5],Dallas Fuel,Extinction,Anran,1
North America - Stage 1,North America - Stage 1__match_0014,Round Robin [Bo5],Dallas Fuel,Extinction,Winston,1
North America - Stage 1,North America - Stage 1__match_0014,Round Robin [Bo5],Dallas Fuel,Extinction,Ana,1
North America - Stage 1,North America - Stage 1__match_0014,Round Robin [Bo5],Dallas Fuel,Extinction,Symmetra,1
North America - Stage 1,North America - Stage 1__match_0014,Round Robin [Bo5],Dallas Fuel,Extinction,Emre,1
North America - Stage 1,North America - Stage 1__match_0014,Round Robin [Bo5],Dallas Fuel,Extinction,Hanzo,1
North America - Stage 1,North America - Stage 1__match_0014,Round Robin [Bo5],Dallas Fuel,Extinction,Doomfist,1
North America - Stage 1,North America - Stage 1__match_0014,Round Robin [Bo5],Dallas Fuel,Extinction,Roadhog,1
North America - Stage 1,North America - Stage 1__match_0014,Round Robin [Bo5],Dallas Fuel,Extinction,Reinhardt,1
North America - Stage 1,North America - Stage 1__match_0014,Round Robin [Bo5],Dallas Fuel,Extinction,Mauga,1
North America - Stage 1,North America - Stage 1__match_0014,Round Robin [Bo5],Dallas Fuel,Extinction,Orisa,1
North America - Stage 1,North America - Stage 1__match_0014,Round Robin [Bo5],Dallas Fuel,Extinction,Lifeweaver,1
North America - Stage 1,North America - Stage 1__match_0014,Round Robin [Bo5],Dallas Fuel,Extinction,Lúcio,1
North America - Stage 1,North America - Stage 1__match_0014,Round Robin [Bo5],Dallas Fuel,Extinction,Zenyatta,1
North America - Stage 1,North America - Stage 1__match_0014,Round Robin [Bo5],Dallas Fuel,Extinction,Baptiste,1
North America - Stage 1,North America - Stage 1__match_0015,Round Robin [Bo5],Spacestation Gaming,Team Liquid,Echo,1
North America - Stage 1,North America - Stage 1__match_0015,Round Robin [Bo5],Spacestation Gaming,Team Liquid,Cassidy,1
North America - Stage 1,North America - Stage 1__match_0015,Round Robin [Bo5],Spacestation Gaming,Team Liquid,Widowmaker,1
North America - Stage 1,North America - Stage 1__match_0015,Round Robin [Bo5],Spacestation Gaming,Team Liquid,Ana,1
North America - Stage 1,North America - Stage 1__match_0015,Round Robin [Bo5],Spacestation Gaming,Team Liquid,Genji,1
North America - Stage 1,North America - Stage 1__match_0015,Round Robin [Bo5],Spacestation Gaming,Team Liquid,Orisa,1
North America - Stage 1,North America - Stage 1__match_0015,Round Robin [Bo5],Spacestation Gaming,Team Liquid,Jetpack Cat,1
North America - Stage 1,North America - Stage 1__match_0016,Upper Semifinals [Bo5],Dallas Fuel,LuneX Gaming,Pharah,1
North America - Stage 1,North America - Stage 1__match_0016,Upper Semifinals [Bo5],Dallas Fuel,LuneX Gaming,Ashe,1
North America - Stage 1,North America - Stage 1__match_0016,Upper Semifinals [Bo5],Dallas Fuel,LuneX Gaming,Wrecking Ball,1
North America - Stage 1,North America - Stage 1__match_0016,Upper Semifinals [Bo5],Dallas Fuel,LuneX Gaming,Winston,1
North America - Stage 1,North America - Stage 1__match_0016,Upper Semifinals [Bo5],Dallas Fuel,LuneX Gaming,Wuyang,1
North America - Stage 1,North America - Stage 1__match_0016,Upper Semifinals [Bo5],Dallas Fuel,LuneX Gaming,Jetpack Cat,1
North America - Stage 1,North America - Stage 1__match_0016,Upper Semifinals [Bo5],Dallas Fuel,LuneX Gaming,Ana,1
North America - Stage 1,North America - Stage 1__match_0016,Upper Semifinals [Bo5],Dallas Fuel,LuneX Gaming,Vendetta,1
North America - Stage 1,North America - Stage 1__match_0016,Upper Semifinals [Bo5],Dallas Fuel,LuneX Gaming,Reaper,1
North America - Stage 1,North America - Stage 1__match_0016,Upper Semifinals [Bo5],Dallas Fuel,LuneX Gaming,Zarya,1
North America - Stage 1,North America - Stage 1__match_0017,Upper Semifinals [Bo5],Spacestation Gaming,Team Liquid,Doomfist,1
North America - Stage 1,North America - Stage 1__match_0017,Upper Semifinals [Bo5],Spacestation Gaming,Team Liquid,Wuyang,1
North America - Stage 1,North America - Stage 1__match_0017,Upper Semifinals [Bo5],Spacestation Gaming,Team Liquid,Zenyatta,1
North America - Stage 1,North America - Stage 1__match_0017,Upper Semifinals [Bo5],Spacestation Gaming,Team Liquid,Venture,1
North America - Stage 1,North America - Stage 1__match_0017,Upper Semifinals [Bo5],Spacestation Gaming,Team Liquid,Bastion,1
North America - Stage 1,North America - Stage 1__match_0017,Upper Semifinals [Bo5],Spacestation Gaming,Team Liquid,Wrecking Ball,1
North America - Stage 1,North America - Stage 1__match_0017,Upper Semifinals [Bo5],Spacestation Gaming,Team Liquid,Mauga,1
North America - Stage 1,North America - Stage 1__match_0017,Upper Semifinals [Bo5],Spacestation Gaming,Team Liquid,Reinhardt,1
North America - Stage 1,North America - Stage 1__match_0017,Upper Semifinals [Bo5],Spacestation Gaming,Team Liquid,Illari,1
North America - Stage 1,North America - Stage 1__match_0018,Lower Semifinals [Bo5],LuneX Gaming,Team Liquid,Freja,1
North America - Stage 1,North America - Stage 1__match_0018,Lower Semifinals [Bo5],LuneX Gaming,Team Liquid,Lúcio,1
North America - Stage 1,North America - Stage 1__match_0018,Lower Semifinals [Bo5],LuneX Gaming,Team Liquid,Widowmaker,1
North America - Stage 1,North America - Stage 1__match_0018,Lower Semifinals [Bo5],LuneX Gaming,Team Liquid,Cassidy,1
North America - Stage 1,North America - Stage 1__match_0018,Lower Semifinals [Bo5],LuneX Gaming,Team Liquid,Venture,1
North America - Stage 1,North America - Stage 1__match_0018,Lower Semifinals [Bo5],LuneX Gaming,Team Liquid,Genji,1
North America - Stage 1,North America - Stage 1__match_0018,Lower Semifinals [Bo5],LuneX Gaming,Team Liquid,Domina,1
North America - Stage 1,North America - Stage 1__match_0018,Lower Semifinals [Bo5],LuneX Gaming,Team Liquid,Wrecking Ball,1
North America - Stage 1,North America - Stage 1__match_0018,Lower Semifinals [Bo5],LuneX Gaming,Team Liquid,Illari,1
North America - Stage 1,North America - Stage 1__match_0019,Upper Finals [Bo5],Dallas Fuel,Spacestation Gaming,Echo,1
North America - Stage 1,North America - Stage 1__match_0019,Upper Finals [Bo5],Dallas Fuel,Spacestation Gaming,Mei,1
North America - Stage 1,North America - Stage 1__match_0019,Upper Finals [Bo5],Dallas Fuel,Spacestation Gaming,Vendetta,1
North America - Stage 1,North America - Stage 1__match_0019,Upper Finals [Bo5],Dallas Fuel,Spacestation Gaming,Reinhardt,1
North America - Stage 1,North America - Stage 1__match_0019,Upper Finals [Bo5],Dallas Fuel,Spacestation Gaming,Hanzo,1
North America - Stage 1,North America - Stage 1__match_0019,Upper Finals [Bo5],Dallas Fuel,Spacestation Gaming,Orisa,1
North America - Stage 1,North America - Stage 1__match_0019,Upper Finals [Bo5],Dallas Fuel,Spacestation Gaming,Hazard,1
North America - Stage 1,North America - Stage 1__match_0021,Grand Finals [Bo7],Dallas Fuel,Spacestation Gaming,Hanzo,1
North America - Stage 1,North America - Stage 1__match_0021,Grand Finals [Bo7],Dallas Fuel,Spacestation Gaming,Wrecking Ball,1
North America - Stage 1,North America - Stage 1__match_0021,Grand Finals [Bo7],Dallas Fuel,Spacestation Gaming,Sigma,1
North America - Stage 1,North America - Stage 1__match_0021,Grand Finals [Bo7],Dallas Fuel,Spacestation Gaming,Wuyang,1
North America - Stage 1,North America - Stage 1__match_0021,Grand Finals [Bo7],Dallas Fuel,Spacestation Gaming,Doomfist,1
North America - Stage 1,North America - Stage 1__match_0021,Grand Finals [Bo7],Dallas Fuel,Spacestation Gaming,Mauga,1
North America - Stage 1,North America - Stage 1__match_0021,Grand Finals [Bo7],Dallas Fuel,Spacestation Gaming,Baptiste,1
Pacific - Stage 1,Pacific - Stage 1__match_0001,Round Robin [Bo5],Team Secret,Rankers,Cassidy,1
Pacific - Stage 1,Pacific - Stage 1__match_0001,Round Robin [Bo5],Team Secret,Rankers,Widowmaker,1
Pacific - Stage 1,Pacific - Stage 1__match_0001,Round Robin [Bo5],Team Secret,Rankers,Lúcio,1
Pacific - Stage 1,Pacific - Stage 1__match_0001,Round Robin [Bo5],Team Secret,Rankers,Baptiste,1
Pacific - Stage 1,Pacific - Stage 1__match_0001,Round Robin [Bo5],Team Secret,Rankers,Echo,1
Pacific - Stage 1,Pacific - Stage 1__match_0001,Round Robin [Bo5],Team Secret,Rankers,Pharah,1
Pacific - Stage 1,Pacific - Stage 1__match_0001,Round Robin [Bo5],Team Secret,Rankers,Ashe,1
Pacific - Stage 1,Pacific - Stage 1__match_0001,Round Robin [Bo5],Team Secret,Rankers,Zarya,1
Pacific - Stage 1,Pacific - Stage 1__match_0001,Round Robin [Bo5],Team Secret,Rankers,Wuyang,1
Pacific - Stage 1,Pacific - Stage 1__match_0001,Round Robin [Bo5],Team Secret,Rankers,Juno,1
Pacific - Stage 1,Pacific - Stage 1__match_0002,Round Robin [Bo5],MieMieYang,The Gatos Guapos,Pharah,1
Pacific - Stage 1,Pacific - Stage 1__match_0002,Round Robin [Bo5],MieMieYang,The Gatos Guapos,Echo,1
Pacific - Stage 1,Pacific - Stage 1__match_0002,Round Robin [Bo5],MieMieYang,The Gatos Guapos,Sojourn,1
Pacific - Stage 1,Pacific - Stage 1__match_0002,Round Robin [Bo5],MieMieYang,The Gatos Guapos,Vendetta,1
Pacific - Stage 1,Pacific - Stage 1__match_0002,Round Robin [Bo5],MieMieYang,The Gatos Guapos,Anran,1
Pacific - Stage 1,Pacific - Stage 1__match_0002,Round Robin [Bo5],MieMieYang,The Gatos Guapos,Zarya,1
Pacific - Stage 1,Pacific - Stage 1__match_0002,Round Robin [Bo5],MieMieYang,The Gatos Guapos,Reinhardt,1
Pacific - Stage 1,Pacific - Stage 1__match_0002,Round Robin [Bo5],MieMieYang,The Gatos Guapos,Hazard,1
Pacific - Stage 1,Pacific - Stage 1__match_0002,Round Robin [Bo5],MieMieYang,The Gatos Guapos,Juno,1
Pacific - Stage 1,Pacific - Stage 1__match_0002,Round Robin [Bo5],MieMieYang,The Gatos Guapos,Mizuki,1
Pacific - Stage 1,Pacific - Stage 1__match_0002,Round Robin [Bo5],MieMieYang,The Gatos Guapos,Jetpack Cat,1
Pacific - Stage 1,Pacific - Stage 1__match_0003,Round Robin [Bo5],FURY,Quasar Esports,Widowmaker,1
Pacific - Stage 1,Pacific - Stage 1__match_0003,Round Robin [Bo5],FURY,Quasar Esports,Wrecking Ball,1
Pacific - Stage 1,Pacific - Stage 1__match_0003,Round Robin [Bo5],FURY,Quasar Esports,Doomfist,1
Pacific - Stage 1,Pacific - Stage 1__match_0003,Round Robin [Bo5],FURY,Quasar Esports,Juno,1
Pacific - Stage 1,Pacific - Stage 1__match_0003,Round Robin [Bo5],FURY,Quasar Esports,Mercy,1
Pacific - Stage 1,Pacific - Stage 1__match_0003,Round Robin [Bo5],FURY,Quasar Esports,Illari,1
Pacific - Stage 1,Pacific - Stage 1__match_0003,Round Robin [Bo5],FURY,Quasar Esports,Wuyang,1
Pacific - Stage 1,Pacific - Stage 1__match_0003,Round Robin [Bo5],FURY,Quasar Esports,Mizuki,1
Pacific - Stage 1,Pacific - Stage 1__match_0004,Round Robin [Bo5],FURY,The Gatos Guapos,Venture,1
Pacific - Stage 1,Pacific - Stage 1__match_0004,Round Robin [Bo5],FURY,The Gatos Guapos,Winston,1
Pacific - Stage 1,Pacific - Stage 1__match_0004,Round Robin [Bo5],FURY,The Gatos Guapos,Brigitte,1
Pacific - Stage 1,Pacific - Stage 1__match_0004,Round Robin [Bo5],FURY,The Gatos Guapos,Hanzo,1
Pacific - Stage 1,Pacific - Stage 1__match_0004,Round Robin [Bo5],FURY,The Gatos Guapos,Illari,1
Pacific - Stage 1,Pacific - Stage 1__match_0004,Round Robin [Bo5],FURY,The Gatos Guapos,Jetpack Cat,1
Pacific - Stage 1,Pacific - Stage 1__match_0005,Round Robin [Bo5],Team Secret,MieMieYang,Ramattra,1
Pacific - Stage 1,Pacific - Stage 1__match_0005,Round Robin [Bo5],Team Secret,MieMieYang,Moira,1
Pacific - Stage 1,Pacific - Stage 1__match_0005,Round Robin [Bo5],Team Secret,MieMieYang,Mercy,1
Pacific - Stage 1,Pacific - Stage 1__match_0005,Round Robin [Bo5],Team Secret,MieMieYang,Hanzo,1
Pacific - Stage 1,Pacific - Stage 1__match_0005,Round Robin [Bo5],Team Secret,MieMieYang,Zarya,1
Pacific - Stage 1,Pacific - Stage 1__match_0005,Round Robin [Bo5],Team Secret,MieMieYang,Orisa,1
Pacific - Stage 1,Pacific - Stage 1__match_0006,Round Robin [Bo5],Quasar Esports,Rankers,Emre,1
Pacific - Stage 1,Pacific - Stage 1__match_0006,Round Robin [Bo5],Quasar Esports,Rankers,Soldier: 76,1
Pacific - Stage 1,Pacific - Stage 1__match_0006,Round Robin [Bo5],Quasar Esports,Rankers,Ramattra,1
Pacific - Stage 1,Pacific - Stage 1__match_0006,Round Robin [Bo5],Quasar Esports,Rankers,Jetpack Cat,1
Pacific - Stage 1,Pacific - Stage 1__match_0006,Round Robin [Bo5],Quasar Esports,Rankers,Torbjörn,1
Pacific - Stage 1,Pacific - Stage 1__match_0007,Round Robin [Bo5],FURY,Rankers,Pharah,1
Pacific - Stage 1,Pacific - Stage 1__match_0007,Round Robin [Bo5],FURY,Rankers,Sojourn,1
Pacific - Stage 1,Pacific - Stage 1__match_0007,Round Robin [Bo5],FURY,Rankers,Brigitte,1
Pacific - Stage 1,Pacific - Stage 1__match_0007,Round Robin [Bo5],FURY,Rankers,Wuyang,1
Pacific - Stage 1,Pacific - Stage 1__match_0007,Round Robin [Bo5],FURY,Rankers,Juno,1
Pacific - Stage 1,Pacific - Stage 1__match_0007,Round Robin [Bo5],FURY,Rankers,Reaper,1
Pacific - Stage 1,Pacific - Stage 1__match_0008,Round Robin [Bo5],The Gatos Guapos,Team Secret,Pharah,1
Pacific - Stage 1,Pacific - Stage 1__match_0008,Round Robin [Bo5],The Gatos Guapos,Team Secret,Venture,1
Pacific - Stage 1,Pacific - Stage 1__match_0008,Round Robin [Bo5],The Gatos Guapos,Team Secret,Reinhardt,1
Pacific - Stage 1,Pacific - Stage 1__match_0008,Round Robin [Bo5],The Gatos Guapos,Team Secret,Sojourn,1
Pacific - Stage 1,Pacific - Stage 1__match_0008,Round Robin [Bo5],The Gatos Guapos,Team Secret,Winston,1
Pacific - Stage 1,Pacific - Stage 1__match_0008,Round Robin [Bo5],The Gatos Guapos,Team Secret,Brigitte,1
Pacific - Stage 1,Pacific - Stage 1__match_0008,Round Robin [Bo5],The Gatos Guapos,Team Secret,Zenyatta,1
Pacific - Stage 1,Pacific - Stage 1__match_0009,Round Robin [Bo5],MieMieYang,Quasar Esports,Hanzo,1
Pacific - Stage 1,Pacific - Stage 1__match_0009,Round Robin [Bo5],MieMieYang,Quasar Esports,Echo,1
Pacific - Stage 1,Pacific - Stage 1__match_0009,Round Robin [Bo5],MieMieYang,Quasar Esports,Widowmaker,1
Pacific - Stage 1,Pacific - Stage 1__match_0009,Round Robin [Bo5],MieMieYang,Quasar Esports,Orisa,1
Pacific - Stage 1,Pacific - Stage 1__match_0009,Round Robin [Bo5],MieMieYang,Quasar Esports,Jetpack Cat,1
Pacific - Stage 1,Pacific - Stage 1__match_0009,Round Robin [Bo5],MieMieYang,Quasar Esports,Cassidy,1
Pacific - Stage 1,Pacific - Stage 1__match_0009,Round Robin [Bo5],MieMieYang,Quasar Esports,Mei,1
Pacific - Stage 1,Pacific - Stage 1__match_0009,Round Robin [Bo5],MieMieYang,Quasar Esports,Roadhog,1
Pacific - Stage 1,Pacific - Stage 1__match_0009,Round Robin [Bo5],MieMieYang,Quasar Esports,Ramattra,1
Pacific - Stage 1,Pacific - Stage 1__match_0009,Round Robin [Bo5],MieMieYang,Quasar Esports,Domina,1
Pacific - Stage 1,Pacific - Stage 1__match_0009,Round Robin [Bo5],MieMieYang,Quasar Esports,Juno,1
Pacific - Stage 1,Pacific - Stage 1__match_0010,Round Robin [Bo5],Team Secret,FURY,Sierra,1
Pacific - Stage 1,Pacific - Stage 1__match_0010,Round Robin [Bo5],Team Secret,FURY,Hazard,1
Pacific - Stage 1,Pacific - Stage 1__match_0010,Round Robin [Bo5],Team Secret,FURY,Zenyatta,1
Pacific - Stage 1,Pacific - Stage 1__match_0010,Round Robin [Bo5],Team Secret,FURY,Baptiste,1
Pacific - Stage 1,Pacific - Stage 1__match_0010,Round Robin [Bo5],Team Secret,FURY,Ana,1
Pacific - Stage 1,Pacific - Stage 1__match_0010,Round Robin [Bo5],Team Secret,FURY,Vendetta,1
Pacific - Stage 1,Pacific - Stage 1__match_0010,Round Robin [Bo5],Team Secret,FURY,Venture,1
Pacific - Stage 1,Pacific - Stage 1__match_0010,Round Robin [Bo5],Team Secret,FURY,Cassidy,1
Pacific - Stage 1,Pacific - Stage 1__match_0010,Round Robin [Bo5],Team Secret,FURY,Zarya,1
Pacific - Stage 1,Pacific - Stage 1__match_0010,Round Robin [Bo5],Team Secret,FURY,Sigma,1
Pacific - Stage 1,Pacific - Stage 1__match_0010,Round Robin [Bo5],Team Secret,FURY,Brigitte,1
Pacific - Stage 1,Pacific - Stage 1__match_0011,Round Robin [Bo5],Quasar Esports,The Gatos Guapos,Mei,1
Pacific - Stage 1,Pacific - Stage 1__match_0011,Round Robin [Bo5],Quasar Esports,The Gatos Guapos,Domina,1
Pacific - Stage 1,Pacific - Stage 1__match_0011,Round Robin [Bo5],Quasar Esports,The Gatos Guapos,Orisa,1
Pacific - Stage 1,Pacific - Stage 1__match_0011,Round Robin [Bo5],Quasar Esports,The Gatos Guapos,Winston,1
Pacific - Stage 1,Pacific - Stage 1__match_0011,Round Robin [Bo5],Quasar Esports,The Gatos Guapos,Mauga,1
Pacific - Stage 1,Pacific - Stage 1__match_0011,Round Robin [Bo5],Quasar Esports,The Gatos Guapos,Ana,1
Pacific - Stage 1,Pacific - Stage 1__match_0011,Round Robin [Bo5],Quasar Esports,The Gatos Guapos,Reaper,1
Pacific - Stage 1,Pacific - Stage 1__match_0011,Round Robin [Bo5],Quasar Esports,The Gatos Guapos,Genji,1
Pacific - Stage 1,Pacific - Stage 1__match_0011,Round Robin [Bo5],Quasar Esports,The Gatos Guapos,Zarya,1
Pacific - Stage 1,Pacific - Stage 1__match_0011,Round Robin [Bo5],Quasar Esports,The Gatos Guapos,Illari,1
Pacific - Stage 1,Pacific - Stage 1__match_0011,Round Robin [Bo5],Quasar Esports,The Gatos Guapos,Juno,1
Pacific - Stage 1,Pacific - Stage 1__match_0012,Round Robin [Bo5],MieMieYang,Rankers,Wrecking Ball,1
Pacific - Stage 1,Pacific - Stage 1__match_0012,Round Robin [Bo5],MieMieYang,Rankers,Doomfist,1
Pacific - Stage 1,Pacific - Stage 1__match_0012,Round Robin [Bo5],MieMieYang,Rankers,Baptiste,1
Pacific - Stage 1,Pacific - Stage 1__match_0012,Round Robin [Bo5],MieMieYang,Rankers,Mauga,1
Pacific - Stage 1,Pacific - Stage 1__match_0012,Round Robin [Bo5],MieMieYang,Rankers,Brigitte,1
Pacific - Stage 1,Pacific - Stage 1__match_0012,Round Robin [Bo5],MieMieYang,Rankers,Lúcio,1
Pacific - Stage 1,Pacific - Stage 1__match_0012,Round Robin [Bo5],MieMieYang,Rankers,Wuyang,1
Pacific - Stage 1,Pacific - Stage 1__match_0013,Round Robin [Bo5],Team Secret,Quasar Esports,Sojourn,1
Pacific - Stage 1,Pacific - Stage 1__match_0013,Round Robin [Bo5],Team Secret,Quasar Esports,Widowmaker,1
Pacific - Stage 1,Pacific - Stage 1__match_0013,Round Robin [Bo5],Team Secret,Quasar Esports,Hazard,1
Pacific - Stage 1,Pacific - Stage 1__match_0013,Round Robin [Bo5],Team Secret,Quasar Esports,Reaper,1
Pacific - Stage 1,Pacific - Stage 1__match_0013,Round Robin [Bo5],Team Secret,Quasar Esports,Winston,1
Pacific - Stage 1,Pacific - Stage 1__match_0014,Round Robin [Bo5],FURY,MieMieYang,Pharah,1
Pacific - Stage 1,Pacific - Stage 1__match_0014,Round Robin [Bo5],FURY,MieMieYang,Reaper,1
Pacific - Stage 1,Pacific - Stage 1__match_0014,Round Robin [Bo5],FURY,MieMieYang,Torbjörn,1
Pacific - Stage 1,Pacific - Stage 1__match_0014,Round Robin [Bo5],FURY,MieMieYang,Bastion,1
Pacific - Stage 1,Pacific - Stage 1__match_0014,Round Robin [Bo5],FURY,MieMieYang,Jetpack Cat,1
Pacific - Stage 1,Pacific - Stage 1__match_0014,Round Robin [Bo5],FURY,MieMieYang,Illari,1
Pacific - Stage 1,Pacific - Stage 1__match_0015,Round Robin [Bo5],The Gatos Guapos,Rankers,Bastion,1
Pacific - Stage 1,Pacific - Stage 1__match_0015,Round Robin [Bo5],The Gatos Guapos,Rankers,Cassidy,1
Pacific - Stage 1,Pacific - Stage 1__match_0015,Round Robin [Bo5],The Gatos Guapos,Rankers,Soldier: 76,1
Pacific - Stage 1,Pacific - Stage 1__match_0015,Round Robin [Bo5],The Gatos Guapos,Rankers,Pharah,1
Pacific - Stage 1,Pacific - Stage 1__match_0015,Round Robin [Bo5],The Gatos Guapos,Rankers,Anran,1
Pacific - Stage 1,Pacific - Stage 1__match_0015,Round Robin [Bo5],The Gatos Guapos,Rankers,Hazard,1
Pacific - Stage 1,Pacific - Stage 1__match_0015,Round Robin [Bo5],The Gatos Guapos,Rankers,Doomfist,1
Pacific - Stage 1,Pacific - Stage 1__match_0015,Round Robin [Bo5],The Gatos Guapos,Rankers,Jetpack Cat,1
Pacific - Stage 1,Pacific - Stage 1__match_0015,Round Robin [Bo5],The Gatos Guapos,Rankers,Juno,1
Pacific - Stage 1,Pacific - Stage 1__match_0015,Round Robin [Bo5],The Gatos Guapos,Rankers,Echo,1
Pacific - Stage 1,Pacific - Stage 1__match_0015,Round Robin [Bo5],The Gatos Guapos,Rankers,Wuyang,1
