scope_type,scope_name,role,hero_name,map_sets_played,map_set_wins,map_set_losses,win_rate,non_mirror_map_sets_played,non_mirror_wins,non_mirror_losses,non_mirror_win_rate
overall,all,DPS,Tracer,812,364,448,0.4483,159,51,108,0.3208
overall,all,DPS,Emre,756,372,384,0.4921,156,73,83,0.4679
overall,all,DPS,Symmetra,615,304,311,0.4943,159,80,79,0.5031
overall,all,DPS,Vendetta,517,246,271,0.4758,163,69,94,0.4233
overall,all,DPS,Sojourn,484,205,279,0.4236,216,71,145,0.3287
overall,all,DPS,Cassidy,249,105,144,0.4217,161,63,98,0.3913
overall,all,DPS,Widowmaker,237,114,123,0.481,125,59,66,0.472
overall,all,DPS,Pharah,172,93,79,0.5407,116,65,51,0.5603
overall,all,DPS,Genji,130,54,76,0.4154,61,31,30,0.5082
overall,all,DPS,Bastion,107,51,56,0.4766,43,19,24,0.4419
overall,all,DPS,Echo,105,48,57,0.4571,85,38,47,0.4471
overall,all,DPS,Mei,77,30,47,0.3896,63,23,40,0.3651
overall,all,DPS,Reaper,62,28,34,0.4516,48,21,27,0.4375
overall,all,DPS,Hanzo,51,28,23,0.549,43,24,19,0.5581
overall,all,DPS,Venture,48,18,30,0.375,40,14,26,0.35
overall,all,DPS,Anran,39,19,20,0.4872,15,7,8,0.4667
overall,all,DPS,Ashe,26,10,16,0.3846,20,7,13,0.35
overall,all,DPS,Freja,25,8,17,0.32,25,8,17,0.32
overall,all,DPS,Sombra,23,8,15,0.3478,19,6,13,0.3158
overall,all,DPS,Soldier: 76,16,4,12,0.25,16,4,12,0.25
overall,all,DPS,Sierra,15,8,7,0.5333,11,6,5,0.5455
overall,all,DPS,Torbjörn,14,5,9,0.3571,10,3,7,0.3
overall,all,DPS,Junkrat,1,1,0,1.0,1,1,0,1.0
overall,all,Support,Kiriko,972,462,510,0.4753,110,35,75,0.3182
overall,all,Support,Lúcio,809,365,444,0.4512,158,54,104,0.3418
overall,all,Support,Juno,499,239,260,0.479,193,88,105,0.456
overall,all,Support,Ana,322,162,160,0.5031,109,66,43,0.6055
overall,all,Support,Brigitte,312,127,185,0.4071,156,49,107,0.3141
overall,all,Support,Jetpack Cat,260,132,128,0.5077,122,63,59,0.5164
overall,all,Support,Wuyang,171,80,91,0.4678,107,48,59,0.4486
overall,all,Support,Illari,148,82,66,0.5541,112,64,48,0.5714
overall,all,Support,Baptiste,124,49,75,0.3952,88,34,54,0.3864
overall,all,Support,Mizuki,66,31,35,0.4697,30,13,17,0.4333
overall,all,Support,Mercy,28,16,12,0.5714,28,16,12,0.5714
overall,all,Support,Zenyatta,27,9,18,0.3333,25,8,17,0.32
overall,all,Support,Lifeweaver,27,14,13,0.5185,25,13,12,0.52
overall,all,Support,Moira,12,3,9,0.25,10,2,8,0.2
overall,all,Tank,D.Va,530,257,273,0.4849,200,92,108,0.46
overall,all,Tank,Zarya,419,196,223,0.4678,163,68,95,0.4172
overall,all,Tank,Winston,166,69,97,0.4157,89,41,48,0.4607
overall,all,Tank,Wrecking Ball,159,78,81,0.4906,127,62,65,0.4882
overall,all,Tank,Orisa,158,70,88,0.443,110,46,64,0.4182
overall,all,Tank,Hazard,154,74,80,0.4805,108,51,57,0.4722
overall,all,Tank,Mauga,134,57,77,0.4254,80,30,50,0.375
overall,all,Tank,Ramattra,133,54,79,0.406,109,43,66,0.3945
overall,all,Tank,Doomfist,90,23,67,0.2556,84,20,64,0.2381
overall,all,Tank,Sigma,85,31,54,0.3647,63,21,42,0.3333
overall,all,Tank,Domina,76,36,40,0.4737,28,12,16,0.4286
overall,all,Tank,Reinhardt,27,14,13,0.5185,27,14,13,0.5185
overall,all,Tank,Roadhog,17,6,11,0.3529,17,6,11,0.3529
overall,all,Tank,Junker Queen,9,2,7,0.2222,9,2,7,0.2222
tournament,China - Stage 1,DPS,Emre,143,73,70,0.5105,31,17,14,0.5484
tournament,China - Stage 1,DPS,Tracer,138,65,73,0.471,34,13,21,0.3824
tournament,China - Stage 1,DPS,Symmetra,132,64,68,0.4848,32,14,18,0.4375
tournament,China - Stage 1,DPS,Vendetta,106,51,55,0.4811,24,10,14,0.4167
tournament,China - Stage 1,DPS,Sojourn,96,46,50,0.4792,44,20,24,0.4545
tournament,China - Stage 1,DPS,Cassidy,45,15,30,0.3333,39,12,27,0.3077
tournament,China - Stage 1,DPS,Widowmaker,40,23,17,0.575,24,15,9,0.625
tournament,China - Stage 1,DPS,Bastion,40,19,21,0.475,12,5,7,0.4167
tournament,China - Stage 1,DPS,Pharah,36,15,21,0.4167,26,10,16,0.3846
tournament,China - Stage 1,DPS,Mei,27,9,18,0.3333,21,6,15,0.2857
tournament,China - Stage 1,DPS,Reaper,22,10,12,0.4545,12,5,7,0.4167
tournament,China - Stage 1,DPS,Venture,15,4,11,0.2667,13,3,10,0.2308
tournament,China - Stage 1,DPS,Genji,14,6,8,0.4286,10,4,6,0.4
tournament,China - Stage 1,DPS,Hanzo,11,6,5,0.5455,9,5,4,0.5556
tournament,China - Stage 1,DPS,Echo,10,5,5,0.5,10,5,5,0.5
tournament,China - Stage 1,DPS,Soldier: 76,8,3,5,0.375,8,3,5,0.375
tournament,China - Stage 1,DPS,Sierra,7,3,4,0.4286,3,1,2,0.3333
tournament,China - Stage 1,DPS,Freja,6,3,3,0.5,6,3,3,0.5
tournament,China - Stage 1,DPS,Ashe,6,0,6,0.0,6,0,6,0.0
tournament,China - Stage 1,DPS,Anran,4,1,3,0.25,4,1,3,0.25
tournament,China - Stage 1,Support,Kiriko,202,97,105,0.4802,18,5,13,0.2778
tournament,China - Stage 1,Support,Lúcio,153,77,76,0.5033,25,13,12,0.52
tournament,China - Stage 1,Support,Juno,111,53,58,0.4775,41,18,23,0.439
tournament,China - Stage 1,Support,Brigitte,62,28,34,0.4516,28,11,17,0.3929
tournament,China - Stage 1,Support,Ana,57,31,26,0.5439,17,11,6,0.6471
tournament,China - Stage 1,Support,Jetpack Cat,50,28,22,0.56,18,12,6,0.6667
tournament,China - Stage 1,Support,Wuyang,34,14,20,0.4118,22,8,14,0.3636
tournament,China - Stage 1,Support,Baptiste,28,11,17,0.3929,22,8,14,0.3636
tournament,China - Stage 1,Support,Illari,27,10,17,0.3704,19,6,13,0.3158
tournament,China - Stage 1,Support,Mercy,8,3,5,0.375,8,3,5,0.375
tournament,China - Stage 1,Support,Mizuki,3,0,3,0.0,3,0,3,0.0
tournament,China - Stage 1,Support,Zenyatta,3,1,2,0.3333,3,1,2,0.3333
tournament,China - Stage 1,Support,Lifeweaver,3,3,0,1.0,3,3,0,1.0
tournament,China - Stage 1,Tank,D.Va,91,43,48,0.4725,39,17,22,0.4359
tournament,China - Stage 1,Tank,Zarya,78,40,38,0.5128,38,20,18,0.5263
tournament,China - Stage 1,Tank,Orisa,39,15,24,0.3846,33,12,21,0.3636
tournament,China - Stage 1,Tank,Hazard,38,18,20,0.4737,30,14,16,0.4667
tournament,China - Stage 1,Tank,Mauga,33,16,17,0.4848,19,9,10,0.4737
tournament,China - Stage 1,Tank,Ramattra,29,10,19,0.3448,27,9,18,0.3333
tournament,China - Stage 1,Tank,Doomfist,25,6,19,0.24,23,5,18,0.2174
tournament,China - Stage 1,Tank,Wrecking Ball,23,13,10,0.5652,21,12,9,0.5714
tournament,China - Stage 1,Tank,Sigma,22,5,17,0.2273,16,2,14,0.125
tournament,China - Stage 1,Tank,Winston,21,12,9,0.5714,17,10,7,0.5882
tournament,China - Stage 1,Tank,Reinhardt,9,6,3,0.6667,9,6,3,0.6667
tournament,China - Stage 1,Tank,Junker Queen,6,1,5,0.1667,6,1,5,0.1667
tournament,China - Stage 1,Tank,Roadhog,4,0,4,0.0,4,0,4,0.0
tournament,EMEA - Stage 1,DPS,Emre,138,70,68,0.5072,6,4,2,0.6667
tournament,EMEA - Stage 1,DPS,Tracer,91,41,50,0.4505,15,3,12,0.2
tournament,EMEA - Stage 1,DPS,Vendetta,91,43,48,0.4725,15,5,10,0.3333
tournament,EMEA - Stage 1,DPS,Symmetra,41,18,23,0.439,19,7,12,0.3684
tournament,EMEA - Stage 1,DPS,Pharah,37,21,16,0.5676,23,14,9,0.6087
tournament,EMEA - Stage 1,DPS,Widowmaker,35,18,17,0.5143,15,8,7,0.5333
tournament,EMEA - Stage 1,DPS,Sojourn,30,8,22,0.2667,16,1,15,0.0625
tournament,EMEA - Stage 1,DPS,Echo,9,2,7,0.2222,9,2,7,0.2222
tournament,EMEA - Stage 1,DPS,Genji,3,1,2,0.3333,1,0,1,0.0
tournament,EMEA - Stage 1,DPS,Bastion,2,2,0,1.0,2,2,0,1.0
tournament,EMEA - Stage 1,DPS,Cassidy,2,2,0,1.0,2,2,0,1.0
tournament,EMEA - Stage 1,DPS,Sombra,1,1,0,1.0,1,1,0,1.0
tournament,EMEA - Stage 1,DPS,Hanzo,1,1,0,1.0,1,1,0,1.0
tournament,EMEA - Stage 1,DPS,Soldier: 76,1,0,1,0.0,1,0,1,0.0
tournament,EMEA - Stage 1,DPS,Freja,1,0,1,0.0,1,0,1,0.0
tournament,EMEA - Stage 1,DPS,Reaper,1,0,1,0.0,1,0,1,0.0
tournament,EMEA - Stage 1,Support,Kiriko,126,64,62,0.5079,8,5,3,0.625
tournament,EMEA - Stage 1,Support,Lúcio,116,60,56,0.5172,6,5,1,0.8333
tournament,EMEA - Stage 1,Support,Juno,86,39,47,0.4535,18,5,13,0.2778
tournament,EMEA - Stage 1,Support,Brigitte,38,16,22,0.4211,8,1,7,0.125
tournament,EMEA - Stage 1,Support,Jetpack Cat,15,6,9,0.4,13,5,8,0.3846
tournament,EMEA - Stage 1,Support,Illari,12,6,6,0.5,10,5,5,0.5
tournament,EMEA - Stage 1,Support,Ana,11,7,4,0.6364,9,6,3,0.6667
tournament,EMEA - Stage 1,Support,Zenyatta,6,3,3,0.5,6,3,3,0.5
tournament,EMEA - Stage 1,Support,Baptiste,5,3,2,0.6,3,2,1,0.6667
tournament,EMEA - Stage 1,Support,Wuyang,5,1,4,0.2,3,0,3,0.0
tournament,EMEA - Stage 1,Support,Lifeweaver,4,2,2,0.5,4,2,2,0.5
tournament,EMEA - Stage 1,Support,Mercy,3,3,0,1.0,3,3,0,1.0
tournament,EMEA - Stage 1,Support,Mizuki,1,0,1,0.0,1,0,1,0.0
tournament,EMEA - Stage 1,Tank,Zarya,104,51,53,0.4904,16,7,9,0.4375
tournament,EMEA - Stage 1,Tank,D.Va,50,25,25,0.5,18,9,9,0.5
tournament,EMEA - Stage 1,Tank,Mauga,26,10,16,0.3846,14,4,10,0.2857
tournament,EMEA - Stage 1,Tank,Wrecking Ball,23,8,15,0.3478,19,6,13,0.3158
tournament,EMEA - Stage 1,Tank,Hazard,13,4,9,0.3077,11,3,8,0.2727
tournament,EMEA - Stage 1,Tank,Doomfist,8,1,7,0.125,8,1,7,0.125
tournament,EMEA - Stage 1,Tank,Orisa,6,4,2,0.6667,6,4,2,0.6667
tournament,EMEA - Stage 1,Tank,Winston,5,0,5,0.0,5,0,5,0.0
tournament,EMEA - Stage 1,Tank,Sigma,4,2,2,0.5,2,1,1,0.5
tournament,EMEA - Stage 1,Tank,Ramattra,3,2,1,0.6667,3,2,1,0.6667
tournament,EMEA - Stage 1,Tank,Domina,3,1,2,0.3333,3,1,2,0.3333
tournament,Japan - Stage 1,DPS,Emre,140,69,71,0.4929,36,18,18,0.5
tournament,Japan - Stage 1,DPS,Tracer,133,56,77,0.4211,39,12,27,0.3077
tournament,Japan - Stage 1,DPS,Symmetra,130,58,72,0.4462,24,9,15,0.375
tournament,Japan - Stage 1,DPS,Vendetta,94,47,47,0.5,46,23,23,0.5
tournament,Japan - Stage 1,DPS,Cassidy,78,31,47,0.3974,50,19,31,0.38
tournament,Japan - Stage 1,DPS,Sojourn,65,17,48,0.2615,49,9,40,0.1837
tournament,Japan - Stage 1,DPS,Widowmaker,39,16,23,0.4103,21,8,13,0.381
tournament,Japan - Stage 1,DPS,Echo,29,14,15,0.4828,21,10,11,0.4762
tournament,Japan - Stage 1,DPS,Mei,18,4,14,0.2222,18,4,14,0.2222
tournament,Japan - Stage 1,DPS,Genji,14,8,6,0.5714,12,8,4,0.6667
tournament,Japan - Stage 1,DPS,Pharah,11,7,4,0.6364,11,7,4,0.6364
tournament,Japan - Stage 1,DPS,Bastion,11,1,10,0.0909,11,1,10,0.0909
tournament,Japan - Stage 1,DPS,Ashe,6,2,4,0.3333,2,0,2,0.0
tournament,Japan - Stage 1,DPS,Freja,5,1,4,0.2,5,1,4,0.2
tournament,Japan - Stage 1,DPS,Hanzo,5,3,2,0.6,5,3,2,0.6
tournament,Japan - Stage 1,DPS,Torbjörn,5,2,3,0.4,5,2,3,0.4
tournament,Japan - Stage 1,DPS,Venture,4,2,2,0.5,4,2,2,0.5
tournament,Japan - Stage 1,DPS,Reaper,3,0,3,0.0,3,0,3,0.0
tournament,Japan - Stage 1,DPS,Soldier: 76,3,0,3,0.0,3,0,3,0.0
tournament,Japan - Stage 1,DPS,Sombra,3,0,3,0.0,3,0,3,0.0
tournament,Japan - Stage 1,DPS,Anran,1,1,0,1.0,1,1,0,1.0
tournament,Japan - Stage 1,Support,Kiriko,163,72,91,0.4417,27,8,19,0.2963
tournament,Japan - Stage 1,Support,Lúcio,99,33,66,0.3333,35,5,30,0.1429
tournament,Japan - Stage 1,Support,Juno,80,31,49,0.3875,26,6,20,0.2308
tournament,Japan - Stage 1,Support,Brigitte,67,21,46,0.3134,47,11,36,0.234
tournament,Japan - Stage 1,Support,Ana,57,28,29,0.4912,23,11,12,0.4783
tournament,Japan - Stage 1,Support,Wuyang,54,24,30,0.4444,34,14,20,0.4118
tournament,Japan - Stage 1,Support,Baptiste,34,10,24,0.2941,24,8,16,0.3333
tournament,Japan - Stage 1,Support,Jetpack Cat,34,20,14,0.5882,22,14,8,0.6364
tournament,Japan - Stage 1,Support,Illari,26,15,11,0.5769,22,13,9,0.5909
tournament,Japan - Stage 1,Support,Mizuki,18,8,10,0.4444,16,7,9,0.4375
tournament,Japan - Stage 1,Support,Lifeweaver,10,4,6,0.4,10,4,6,0.4
tournament,Japan - Stage 1,Support,Moira,6,0,6,0.0,6,0,6,0.0
tournament,Japan - Stage 1,Support,Mercy,5,1,4,0.2,5,1,4,0.2
tournament,Japan - Stage 1,Support,Zenyatta,2,0,2,0.0,2,0,2,0.0
tournament,Japan - Stage 1,Tank,D.Va,96,45,51,0.4688,40,17,23,0.425
tournament,Japan - Stage 1,Tank,Zarya,50,19,31,0.38,28,8,20,0.2857
tournament,Japan - Stage 1,Tank,Hazard,44,25,19,0.5682,30,18,12,0.6
tournament,Japan - Stage 1,Tank,Orisa,42,25,17,0.5952,24,16,8,0.6667
tournament,Japan - Stage 1,Tank,Ramattra,40,16,24,0.4,32,13,19,0.4062
tournament,Japan - Stage 1,Tank,Winston,36,15,21,0.4167,24,9,15,0.375
tournament,Japan - Stage 1,Tank,Sigma,24,6,18,0.25,18,4,14,0.2222
tournament,Japan - Stage 1,Tank,Wrecking Ball,22,11,11,0.5,18,9,9,0.5
tournament,Japan - Stage 1,Tank,Mauga,18,6,12,0.3333,10,2,8,0.2
tournament,Japan - Stage 1,Tank,Doomfist,10,3,7,0.3,10,3,7,0.3
tournament,Japan - Stage 1,Tank,Roadhog,7,2,5,0.2857,7,2,5,0.2857
tournament,Japan - Stage 1,Tank,Reinhardt,6,1,5,0.1667,6,1,5,0.1667
tournament,Japan - Stage 1,Tank,Domina,2,1,1,0.5,2,1,1,0.5
tournament,Japan - Stage 1,Tank,Junker Queen,1,0,1,0.0,1,0,1,0.0
tournament,Korea - Stage 1,DPS,Tracer,183,88,95,0.4809,35,14,21,0.4
tournament,Korea - Stage 1,DPS,Symmetra,171,91,80,0.5322,47,29,18,0.617
tournament,Korea - Stage 1,DPS,Emre,163,80,83,0.4908,39,18,21,0.4615
tournament,Korea - Stage 1,DPS,Sojourn,120,52,68,0.4333,46,15,31,0.3261
tournament,Korea - Stage 1,DPS,Vendetta,119,57,62,0.479,25,10,15,0.4
tournament,Korea - Stage 1,DPS,Pharah,53,34,19,0.6415,27,21,6,0.7778
tournament,Korea - Stage 1,DPS,Widowmaker,52,22,30,0.4231,30,11,19,0.3667
tournament,Korea - Stage 1,DPS,Cassidy,48,20,28,0.4167,26,9,17,0.3462
tournament,Korea - Stage 1,DPS,Bastion,47,27,20,0.5745,11,9,2,0.8182
tournament,Korea - Stage 1,DPS,Genji,36,17,19,0.4722,22,10,12,0.4545
tournament,Korea - Stage 1,DPS,Mei,28,16,12,0.5714,20,12,8,0.6
tournament,Korea - Stage 1,DPS,Echo,24,13,11,0.5417,20,11,9,0.55
tournament,Korea - Stage 1,DPS,Venture,17,5,12,0.2941,13,3,10,0.2308
tournament,Korea - Stage 1,DPS,Hanzo,13,7,6,0.5385,13,7,6,0.5385
tournament,Korea - Stage 1,DPS,Reaper,13,6,7,0.4615,11,5,6,0.4545
tournament,Korea - Stage 1,DPS,Sombra,10,5,5,0.5,6,3,3,0.5
tournament,Korea - Stage 1,DPS,Sierra,7,4,3,0.5714,7,4,3,0.5714
tournament,Korea - Stage 1,DPS,Anran,5,1,4,0.2,3,0,3,0.0
tournament,Korea - Stage 1,DPS,Torbjörn,4,1,3,0.25,2,0,2,0.0
tournament,Korea - Stage 1,DPS,Freja,2,1,1,0.5,2,1,1,0.5
tournament,Korea - Stage 1,DPS,Ashe,2,2,0,1.0,2,2,0,1.0
tournament,Korea - Stage 1,DPS,Soldier: 76,1,0,1,0.0,1,0,1,0.0
tournament,Korea - Stage 1,Support,Kiriko,223,104,119,0.4664,25,5,20,0.2
tournament,Korea - Stage 1,Support,Lúcio,204,95,109,0.4657,42,14,28,0.3333
tournament,Korea - Stage 1,Support,Juno,113,63,50,0.5575,63,38,25,0.6032
tournament,Korea - Stage 1,Support,Ana,90,49,41,0.5444,26,17,9,0.6538
tournament,Korea - Stage 1,Support,Jetpack Cat,72,41,31,0.5694,26,18,8,0.6923
tournament,Korea - Stage 1,Support,Brigitte,67,25,42,0.3731,35,9,26,0.2571
tournament,Korea - Stage 1,Support,Wuyang,31,15,16,0.4839,19,9,10,0.4737
tournament,Korea - Stage 1,Support,Illari,24,15,9,0.625,22,14,8,0.6364
tournament,Korea - Stage 1,Support,Baptiste,20,8,12,0.4,14,5,9,0.3571
tournament,Korea - Stage 1,Support,Lifeweaver,7,3,4,0.4286,5,2,3,0.4
tournament,Korea - Stage 1,Support,Zenyatta,6,2,4,0.3333,4,1,3,0.25
tournament,Korea - Stage 1,Support,Mercy,4,3,1,0.75,4,3,1,0.75
tournament,Korea - Stage 1,Support,Mizuki,3,2,1,0.6667,3,2,1,0.6667
tournament,Korea - Stage 1,Support,Moira,2,1,1,0.5,2,1,1,0.5
tournament,Korea - Stage 1,Tank,D.Va,131,70,61,0.5344,47,28,19,0.5957
tournament,Korea - Stage 1,Tank,Zarya,108,50,58,0.463,32,12,20,0.375
tournament,Korea - Stage 1,Tank,Hazard,49,20,29,0.4082,27,9,18,0.3333
tournament,Korea - Stage 1,Tank,Wrecking Ball,43,19,24,0.4419,25,10,15,0.4
tournament,Korea - Stage 1,Tank,Mauga,38,18,20,0.4737,24,11,13,0.4583
tournament,Korea - Stage 1,Tank,Orisa,31,13,18,0.4194,23,9,14,0.3913
tournament,Korea - Stage 1,Tank,Doomfist,31,10,21,0.3226,29,9,20,0.3103
tournament,Korea - Stage 1,Tank,Winston,29,13,16,0.4483,15,6,9,0.4
tournament,Korea - Stage 1,Tank,Ramattra,26,14,12,0.5385,18,10,8,0.5556
tournament,Korea - Stage 1,Tank,Sigma,15,7,8,0.4667,9,4,5,0.4444
tournament,Korea - Stage 1,Tank,Domina,6,3,3,0.5,4,2,2,0.5
tournament,Korea - Stage 1,Tank,Reinhardt,4,2,2,0.5,4,2,2,0.5
tournament,Korea - Stage 1,Tank,Roadhog,4,3,1,0.75,4,3,1,0.75
tournament,Korea - Stage 1,Tank,Junker Queen,2,1,1,0.5,2,1,1,0.5
tournament,Non-Partner Team Index,DPS,Tracer,27,6,21,0.2222,0,0,0,0.0
tournament,Non-Partner Team Index,DPS,Genji,27,6,21,0.2222,0,0,0,0.0
tournament,Non-Partner Team Index,Support,Lúcio,27,6,21,0.2222,0,0,0,0.0
tournament,Non-Partner Team Index,Support,Ana,27,6,21,0.2222,0,0,0,0.0
tournament,Non-Partner Team Index,Tank,Winston,27,6,21,0.2222,0,0,0,0.0
tournament,North America - Stage 1,DPS,Tracer,110,47,63,0.4273,20,2,18,0.1
tournament,North America - Stage 1,DPS,Emre,94,41,53,0.4362,24,6,18,0.25
tournament,North America - Stage 1,DPS,Symmetra,75,37,38,0.4933,19,9,10,0.4737
tournament,North America - Stage 1,DPS,Sojourn,64,33,31,0.5156,36,19,17,0.5278
tournament,North America - Stage 1,DPS,Vendetta,53,25,28,0.4717,29,13,16,0.4483
tournament,North America - Stage 1,DPS,Cassidy,42,20,22,0.4762,32,15,17,0.4688
tournament,North America - Stage 1,DPS,Widowmaker,36,19,17,0.5278,14,8,6,0.5714
tournament,North America - Stage 1,DPS,Pharah,19,10,9,0.5263,15,8,7,0.5333
tournament,North America - Stage 1,DPS,Echo,11,4,7,0.3636,9,3,6,0.3333
tournament,North America - Stage 1,DPS,Genji,11,5,6,0.4545,9,4,5,0.4444
tournament,North America - Stage 1,DPS,Hanzo,7,5,2,0.7143,7,5,2,0.7143
tournament,North America - Stage 1,DPS,Venture,7,5,2,0.7143,5,4,1,0.8
tournament,North America - Stage 1,DPS,Freja,6,1,5,0.1667,6,1,5,0.1667
tournament,North America - Stage 1,DPS,Reaper,5,2,3,0.4,5,2,3,0.4
tournament,North America - Stage 1,DPS,Ashe,4,2,2,0.5,4,2,2,0.5
tournament,North America - Stage 1,DPS,Sombra,3,2,1,0.6667,3,2,1,0.6667
tournament,North America - Stage 1,DPS,Bastion,2,2,0,1.0,2,2,0,1.0
tournament,North America - Stage 1,DPS,Soldier: 76,1,0,1,0.0,1,0,1,0.0
tournament,North America - Stage 1,DPS,Torbjörn,1,1,0,1.0,1,1,0,1.0
tournament,North America - Stage 1,DPS,Junkrat,1,1,0,1.0,1,1,0,1.0
tournament,North America - Stage 1,DPS,Anran,1,1,0,1.0,1,1,0,1.0
tournament,North America - Stage 1,DPS,Mei,1,0,1,0.0,1,0,1,0.0
tournament,North America - Stage 1,Support,Kiriko,119,58,61,0.4874,15,6,9,0.4
tournament,North America - Stage 1,Support,Lúcio,99,44,55,0.4444,25,7,18,0.28
tournament,North America - Stage 1,Support,Juno,73,33,40,0.4521,19,6,13,0.3158
tournament,North America - Stage 1,Support,Brigitte,51,25,26,0.4902,21,10,11,0.4762
tournament,North America - Stage 1,Support,Jetpack Cat,29,11,18,0.3793,19,6,13,0.3158
tournament,North America - Stage 1,Support,Wuyang,21,15,6,0.7143,15,12,3,0.8
tournament,North America - Stage 1,Support,Ana,21,14,7,0.6667,15,11,4,0.7333
tournament,North America - Stage 1,Support,Illari,17,10,7,0.5882,13,8,5,0.6154
tournament,North America - Stage 1,Support,Baptiste,13,5,8,0.3846,7,2,5,0.2857
tournament,North America - Stage 1,Support,Zenyatta,4,1,3,0.25,4,1,3,0.25
tournament,North America - Stage 1,Support,Mercy,4,4,0,1.0,4,4,0,1.0
tournament,North America - Stage 1,Support,Mizuki,3,2,1,0.6667,1,1,0,1.0
tournament,North America - Stage 1,Support,Moira,3,1,2,0.3333,1,0,1,0.0
tournament,North America - Stage 1,Support,Lifeweaver,1,0,1,0.0,1,0,1,0.0
tournament,North America - Stage 1,Tank,D.Va,69,30,39,0.4348,31,11,20,0.3548
tournament,North America - Stage 1,Tank,Zarya,35,15,20,0.4286,25,10,15,0.4
tournament,North America - Stage 1,Tank,Orisa,32,12,20,0.375,16,4,12,0.25
tournament,North America - Stage 1,Tank,Wrecking Ball,25,13,12,0.52,23,12,11,0.5217
tournament,North America - Stage 1,Tank,Ramattra,22,10,12,0.4545,16,7,9,0.4375
tournament,North America - Stage 1,Tank,Winston,19,13,6,0.6842,19,13,6,0.6842
tournament,North America - Stage 1,Tank,Mauga,13,5,8,0.3846,9,3,6,0.3333
tournament,North America - Stage 1,Tank,Sigma,11,7,4,0.6364,11,7,4,0.6364
tournament,North America - Stage 1,Tank,Doomfist,11,2,9,0.1818,9,1,8,0.1111
tournament,North America - Stage 1,Tank,Domina,6,4,2,0.6667,6,4,2,0.6667
tournament,North America - Stage 1,Tank,Hazard,4,2,2,0.5,4,2,2,0.5
tournament,North America - Stage 1,Tank,Reinhardt,4,2,2,0.5,4,2,2,0.5
tournament,North America - Stage 1,Tank,Roadhog,1,0,1,0.0,1,0,1,0.0
tournament,Pacific - Stage 1,DPS,Tracer,75,37,38,0.4933,11,5,6,0.4545
tournament,Pacific - Stage 1,DPS,Emre,55,28,27,0.5091,19,10,9,0.5263
tournament,Pacific - Stage 1,DPS,Symmetra,51,28,23,0.549,11,8,3,0.7273
tournament,Pacific - Stage 1,DPS,Sojourn,46,18,28,0.3913,20,5,15,0.25
tournament,Pacific - Stage 1,DPS,Vendetta,21,8,13,0.381,13,4,9,0.3077
tournament,Pacific - Stage 1,DPS,Cassidy,20,11,9,0.55,8,5,3,0.625
tournament,Pacific - Stage 1,DPS,Reaper,18,10,8,0.5556,16,9,7,0.5625
tournament,Pacific - Stage 1,DPS,Widowmaker,17,7,10,0.4118,9,3,6,0.3333
tournament,Pacific - Stage 1,DPS,Echo,14,6,8,0.4286,12,5,7,0.4167
tournament,Pacific - Stage 1,DPS,Pharah,11,3,8,0.2727,9,2,7,0.2222
tournament,Pacific - Stage 1,DPS,Hanzo,9,3,6,0.3333,5,1,4,0.2
tournament,Pacific - Stage 1,DPS,Genji,5,4,1,0.8,5,4,1,0.8
tournament,Pacific - Stage 1,DPS,Anran,5,4,1,0.8,5,4,1,0.8
tournament,Pacific - Stage 1,DPS,Sombra,4,0,4,0.0,4,0,4,0.0
tournament,Pacific - Stage 1,DPS,Bastion,4,0,4,0.0,4,0,4,0.0
tournament,Pacific - Stage 1,DPS,Ashe,3,2,1,0.6667,3,2,1,0.6667
tournament,Pacific - Stage 1,DPS,Venture,3,1,2,0.3333,3,1,2,0.3333
tournament,Pacific - Stage 1,DPS,Soldier: 76,2,1,1,0.5,2,1,1,0.5
tournament,Pacific - Stage 1,DPS,Torbjörn,2,0,2,0.0,2,0,2,0.0
tournament,Pacific - Stage 1,DPS,Mei,2,1,1,0.5,2,1,1,0.5
tournament,Pacific - Stage 1,DPS,Sierra,1,1,0,1.0,1,1,0,1.0
tournament,Pacific - Stage 1,Support,Kiriko,79,36,43,0.4557,13,3,10,0.2308
tournament,Pacific - Stage 1,Support,Lúcio,50,21,29,0.42,18,5,13,0.2778
tournament,Pacific - Stage 1,Support,Ana,36,20,16,0.5556,14,9,5,0.6429
tournament,Pacific - Stage 1,Support,Illari,34,22,12,0.6471,22,16,6,0.7273
tournament,Pacific - Stage 1,Support,Juno,21,11,10,0.5238,15,8,7,0.5333
tournament,Pacific - Stage 1,Support,Brigitte,20,9,11,0.45,14,6,8,0.4286
tournament,Pacific - Stage 1,Support,Mizuki,15,8,7,0.5333,5,3,2,0.6
tournament,Pacific - Stage 1,Support,Baptiste,13,9,4,0.6923,9,7,2,0.7778
tournament,Pacific - Stage 1,Support,Jetpack Cat,13,4,9,0.3077,11,3,8,0.2727
tournament,Pacific - Stage 1,Support,Wuyang,9,4,5,0.4444,9,4,5,0.4444
tournament,Pacific - Stage 1,Support,Mercy,2,1,1,0.5,2,1,1,0.5
tournament,Pacific - Stage 1,Support,Zenyatta,2,1,1,0.5,2,1,1,0.5
tournament,Pacific - Stage 1,Support,Moira,1,1,0,1.0,1,1,0,1.0
tournament,Pacific - Stage 1,Tank,D.Va,60,27,33,0.45,18,6,12,0.3333
tournament,Pacific - Stage 1,Tank,Zarya,28,13,15,0.4643,16,7,9,0.4375
tournament,Pacific - Stage 1,Tank,Wrecking Ball,16,10,6,0.625,14,9,5,0.6429
tournament,Pacific - Stage 1,Tank,Winston,12,5,7,0.4167,8,3,5,0.375
tournament,Pacific - Stage 1,Tank,Ramattra,9,2,7,0.2222,9,2,7,0.2222
tournament,Pacific - Stage 1,Tank,Orisa,8,1,7,0.125,8,1,7,0.125
tournament,Pacific - Stage 1,Tank,Hazard,6,5,1,0.8333,6,5,1,0.8333
tournament,Pacific - Stage 1,Tank,Mauga,6,2,4,0.3333,4,1,3,0.25
tournament,Pacific - Stage 1,Tank,Doomfist,5,1,4,0.2,5,1,4,0.2
tournament,Pacific - Stage 1,Tank,Reinhardt,2,2,0,1.0,2,2,0,1.0
tournament,Pacific - Stage 1,Tank,Domina,2,1,1,0.5,2,1,1,0.5
tournament,Pacific - Stage 1,Tank,Roadhog,1,1,0,1.0,1,1,0,1.0
tournament,Pacific - Stage 1,Tank,Sigma,1,0,1,0.0,1,0,1,0.0
tournament,Partner Team Index,DPS,Tracer,14,4,10,0.2857,0,0,0,0.0
tournament,Partner Team Index,DPS,Genji,14,4,10,0.2857,0,0,0,0.0
tournament,Partner Team Index,Support,Lúcio,14,4,10,0.2857,0,0,0,0.0
tournament,Partner Team Index,Support,Ana,14,4,10,0.2857,0,0,0,0.0
tournament,Partner Team Index,Tank,Winston,14,4,10,0.2857,0,0,0,0.0
tournament,Pre-Season Bootcamp,DPS,Sojourn,63,31,32,0.4921,5,2,3,0.4
tournament,Pre-Season Bootcamp,DPS,Tracer,41,20,21,0.4878,5,2,3,0.4
tournament,Pre-Season Bootcamp,DPS,Vendetta,33,15,18,0.4545,11,4,7,0.3636
tournament,Pre-Season Bootcamp,DPS,Emre,23,11,12,0.4783,1,0,1,0.0
tournament,Pre-Season Bootcamp,DPS,Anran,23,11,12,0.4783,1,0,1,0.0
tournament,Pre-Season Bootcamp,DPS,Widowmaker,18,9,9,0.5,12,6,6,0.5
tournament,Pre-Season Bootcamp,DPS,Symmetra,15,8,7,0.5333,7,4,3,0.5714
tournament,Pre-Season Bootcamp,DPS,Cassidy,14,6,8,0.4286,4,1,3,0.25
tournament,Pre-Season Bootcamp,DPS,Echo,8,4,4,0.5,4,2,2,0.5
tournament,Pre-Season Bootcamp,DPS,Genji,6,3,3,0.5,2,1,1,0.5
tournament,Pre-Season Bootcamp,DPS,Ashe,5,2,3,0.4,3,1,2,0.3333
tournament,Pre-Season Bootcamp,DPS,Freja,5,2,3,0.4,5,2,3,0.4
tournament,Pre-Season Bootcamp,DPS,Hanzo,5,3,2,0.6,3,2,1,0.6667
tournament,Pre-Season Bootcamp,DPS,Pharah,5,3,2,0.6,5,3,2,0.6
tournament,Pre-Season Bootcamp,DPS,Venture,2,1,1,0.5,2,1,1,0.5
tournament,Pre-Season Bootcamp,DPS,Sombra,2,0,2,0.0,2,0,2,0.0
tournament,Pre-Season Bootcamp,DPS,Torbjörn,2,1,1,0.5,0,0,0,0.0
tournament,Pre-Season Bootcamp,DPS,Bastion,1,0,1,0.0,1,0,1,0.0
tournament,Pre-Season Bootcamp,DPS,Mei,1,0,1,0.0,1,0,1,0.0
tournament,Pre-Season Bootcamp,Support,Kiriko,60,31,29,0.5167,4,3,1,0.75
tournament,Pre-Season Bootcamp,Support,Jetpack Cat,47,22,25,0.4681,13,5,8,0.3846
tournament,Pre-Season Bootcamp,Support,Lúcio,47,25,22,0.5319,7,5,2,0.7143
tournament,Pre-Season Bootcamp,Support,Mizuki,23,11,12,0.4783,1,0,1,0.0
tournament,Pre-Season Bootcamp,Support,Wuyang,17,7,10,0.4118,5,1,4,0.2
tournament,Pre-Season Bootcamp,Support,Juno,15,9,6,0.6,11,7,4,0.6364
tournament,Pre-Season Bootcamp,Support,Baptiste,11,3,8,0.2727,9,2,7,0.2222
tournament,Pre-Season Bootcamp,Support,Ana,9,3,6,0.3333,5,1,4,0.2
tournament,Pre-Season Bootcamp,Support,Illari,8,4,4,0.5,4,2,2,0.5
tournament,Pre-Season Bootcamp,Support,Brigitte,7,3,4,0.4286,3,1,2,0.3333
tournament,Pre-Season Bootcamp,Support,Zenyatta,4,1,3,0.25,4,1,3,0.25
tournament,Pre-Season Bootcamp,Support,Mercy,2,1,1,0.5,2,1,1,0.5
tournament,Pre-Season Bootcamp,Support,Lifeweaver,2,2,0,1.0,2,2,0,1.0
tournament,Pre-Season Bootcamp,Tank,Domina,57,26,31,0.4561,11,3,8,0.2727
tournament,Pre-Season Bootcamp,Tank,D.Va,33,17,16,0.5152,7,4,3,0.5714
tournament,Pre-Season Bootcamp,Tank,Zarya,16,8,8,0.5,8,4,4,0.5
tournament,Pre-Season Bootcamp,Tank,Sigma,8,4,4,0.5,6,3,3,0.5
tournament,Pre-Season Bootcamp,Tank,Wrecking Ball,7,4,3,0.5714,7,4,3,0.5714
tournament,Pre-Season Bootcamp,Tank,Ramattra,4,0,4,0.0,4,0,4,0.0
tournament,Pre-Season Bootcamp,Tank,Winston,3,1,2,0.3333,1,0,1,0.0
tournament,Pre-Season Bootcamp,Tank,Reinhardt,2,1,1,0.5,2,1,1,0.5
team,99DIVINE,DPS,Tracer,30,11,19,0.3667,5,0,5,0.0
team,99DIVINE,DPS,Emre,26,10,16,0.3846,5,2,3,0.4
team,99DIVINE,DPS,Symmetra,12,4,8,0.3333,1,1,0,1.0
team,99DIVINE,DPS,Cassidy,10,3,7,0.3,5,0,5,0.0
team,99DIVINE,DPS,Vendetta,8,3,5,0.375,4,3,1,0.75
team,99DIVINE,DPS,Echo,7,4,3,0.5714,5,3,2,0.6
team,99DIVINE,DPS,Sojourn,7,1,6,0.1429,6,1,5,0.1667
team,99DIVINE,DPS,Genji,6,1,5,0.1667,0,0,0,0.0
team,99DIVINE,DPS,Widowmaker,3,0,3,0.0,1,0,1,0.0
team,99DIVINE,DPS,Pharah,3,2,1,0.6667,3,2,1,0.6667
team,99DIVINE,DPS,Venture,1,0,1,0.0,1,0,1,0.0
team,99DIVINE,DPS,Sombra,1,0,1,0.0,1,0,1,0.0
team,99DIVINE,DPS,Soldier: 76,1,0,1,0.0,1,0,1,0.0
team,99DIVINE,Support,Kiriko,28,12,16,0.4286,4,0,4,0.0
team,99DIVINE,Support,Ana,20,8,12,0.4,4,2,2,0.5
team,99DIVINE,Support,Lúcio,19,4,15,0.2105,6,1,5,0.1667
team,99DIVINE,Support,Juno,13,3,10,0.2308,7,1,6,0.1429
team,99DIVINE,Support,Wuyang,9,4,5,0.4444,7,3,4,0.4286
team,99DIVINE,Support,Brigitte,9,1,8,0.1111,6,1,5,0.1667
team,99DIVINE,Support,Jetpack Cat,7,2,5,0.2857,5,1,4,0.2
team,99DIVINE,Support,Mizuki,4,2,2,0.5,4,2,2,0.5
team,99DIVINE,Support,Baptiste,1,0,1,0.0,1,0,1,0.0
team,99DIVINE,Support,Zenyatta,1,0,1,0.0,1,0,1,0.0
team,99DIVINE,Tank,Winston,18,7,11,0.3889,10,4,6,0.4
team,99DIVINE,Tank,D.Va,13,4,9,0.3077,3,2,1,0.6667
team,99DIVINE,Tank,Hazard,10,2,8,0.2,7,1,6,0.1429
team,99DIVINE,Tank,Zarya,7,0,7,0.0,4,0,4,0.0
team,99DIVINE,Tank,Wrecking Ball,6,2,4,0.3333,5,2,3,0.4
team,99DIVINE,Tank,Orisa,4,2,2,0.5,3,2,1,0.6667
team,99DIVINE,Tank,Mauga,4,1,3,0.25,3,0,3,0.0
team,99DIVINE,Tank,Roadhog,1,1,0,1.0,1,1,0,1.0
team,99DIVINE,Tank,Sigma,1,0,1,0.0,1,0,1,0.0
team,Al Qadsiah,DPS,Emre,24,9,15,0.375,0,0,0,0.0
team,Al Qadsiah,DPS,Vendetta,18,8,10,0.4444,3,0,3,0.0
team,Al Qadsiah,DPS,Tracer,15,3,12,0.2,3,1,2,0.3333
team,Al Qadsiah,DPS,Symmetra,12,3,9,0.25,7,2,5,0.2857
team,Al Qadsiah,DPS,Pharah,10,4,6,0.4,6,4,2,0.6667
team,Al Qadsiah,DPS,Widowmaker,9,3,6,0.3333,4,2,2,0.5
team,Al Qadsiah,DPS,Sojourn,7,1,6,0.1429,4,0,4,0.0
team,Al Qadsiah,DPS,Genji,4,1,3,0.25,0,0,0,0.0
team,Al Qadsiah,DPS,Echo,2,0,2,0.0,2,0,2,0.0
team,Al Qadsiah,DPS,Bastion,1,1,0,1.0,1,1,0,1.0
team,Al Qadsiah,DPS,Sombra,1,1,0,1.0,1,1,0,1.0
team,Al Qadsiah,Support,Lúcio,21,10,11,0.4762,1,1,0,1.0
team,Al Qadsiah,Support,Kiriko,20,9,11,0.45,0,0,0,0.0
team,Al Qadsiah,Support,Juno,18,5,13,0.2778,4,1,3,0.25
team,Al Qadsiah,Support,Brigitte,7,2,5,0.2857,2,0,2,0.0
team,Al Qadsiah,Support,Illari,7,1,6,0.1429,6,1,5,0.1667
team,Al Qadsiah,Support,Zenyatta,5,3,2,0.6,5,3,2,0.6
team,Al Qadsiah,Support,Ana,5,3,2,0.6,1,1,0,1.0
team,Al Qadsiah,Support,Jetpack Cat,2,0,2,0.0,2,0,2,0.0
team,Al Qadsiah,Support,Baptiste,1,1,0,1.0,0,0,0,0.0
team,Al Qadsiah,Tank,Zarya,17,6,11,0.3529,3,0,3,0.0
team,Al Qadsiah,Tank,D.Va,8,5,3,0.625,2,1,1,0.5
team,Al Qadsiah,Tank,Mauga,7,0,7,0.0,7,0,7,0.0
team,Al Qadsiah,Tank,Orisa,4,3,1,0.75,4,3,1,0.75
team,Al Qadsiah,Tank,Domina,3,1,2,0.3333,3,1,2,0.3333
team,Al Qadsiah,Tank,Winston,3,1,2,0.3333,0,0,0,0.0
team,Al Qadsiah,Tank,Sigma,2,0,2,0.0,1,0,1,0.0
team,Al Qadsiah,Tank,Wrecking Ball,1,0,1,0.0,1,0,1,0.0
team,All Gamers,DPS,Tracer,38,21,17,0.5526,8,5,3,0.625
team,All Gamers,DPS,Emre,32,20,12,0.625,9,4,5,0.4444
team,All Gamers,DPS,Symmetra,29,18,11,0.6207,8,3,5,0.375
team,All Gamers,DPS,Widowmaker,17,11,6,0.6471,14,9,5,0.6429
team,All Gamers,DPS,Cassidy,12,6,6,0.5,8,4,4,0.5
team,All Gamers,DPS,Vendetta,12,9,3,0.75,2,0,2,0.0
team,All Gamers,DPS,Bastion,12,6,6,0.5,0,0,0,0.0
team,All Gamers,DPS,Sojourn,9,4,5,0.4444,4,3,1,0.75
team,All Gamers,DPS,Pharah,8,4,4,0.5,5,2,3,0.4
team,All Gamers,DPS,Soldier: 76,7,3,4,0.4286,7,3,4,0.4286
team,All Gamers,DPS,Mei,6,1,5,0.1667,5,1,4,0.2
team,All Gamers,DPS,Reaper,6,3,3,0.5,2,1,1,0.5
team,All Gamers,DPS,Genji,6,4,2,0.6667,3,3,0,1.0
team,All Gamers,DPS,Echo,5,2,3,0.4,4,2,2,0.5
team,All Gamers,DPS,Venture,4,1,3,0.25,3,1,2,0.3333
team,All Gamers,DPS,Hanzo,4,2,2,0.5,4,2,2,0.5
team,All Gamers,DPS,Anran,2,0,2,0.0,1,0,1,0.0
team,All Gamers,Support,Kiriko,40,24,16,0.6,2,0,2,0.0
team,All Gamers,Support,Lúcio,34,21,13,0.6176,6,5,1,0.8333
team,All Gamers,Support,Juno,24,16,8,0.6667,11,7,4,0.6364
team,All Gamers,Support,Jetpack Cat,21,10,11,0.4762,6,4,2,0.6667
team,All Gamers,Support,Ana,16,10,6,0.625,5,4,1,0.8
team,All Gamers,Support,Brigitte,12,8,4,0.6667,5,4,1,0.8
team,All Gamers,Support,Baptiste,7,4,3,0.5714,5,3,2,0.6
team,All Gamers,Support,Illari,3,1,2,0.3333,1,1,0,1.0
team,All Gamers,Support,Lifeweaver,3,3,0,1.0,3,3,0,1.0
team,All Gamers,Support,Mercy,3,1,2,0.3333,3,1,2,0.3333
team,All Gamers,Support,Mizuki,2,0,2,0.0,1,0,1,0.0
team,All Gamers,Support,Wuyang,2,2,0,1.0,1,1,0,1.0
team,All Gamers,Tank,D.Va,24,17,7,0.7083,10,5,5,0.5
team,All Gamers,Tank,Mauga,17,7,10,0.4118,11,5,6,0.4545
team,All Gamers,Tank,Zarya,11,8,3,0.7273,5,4,1,0.8
team,All Gamers,Tank,Wrecking Ball,6,3,3,0.5,5,3,2,0.6
team,All Gamers,Tank,Ramattra,5,1,4,0.2,4,0,4,0.0
team,All Gamers,Tank,Reinhardt,5,3,2,0.6,5,3,2,0.6
team,All Gamers,Tank,Winston,4,2,2,0.5,1,1,0,1.0
team,All Gamers,Tank,Domina,3,0,3,0.0,0,0,0,0.0
team,All Gamers,Tank,Sigma,3,1,2,0.3333,2,0,2,0.0
team,All Gamers,Tank,Orisa,2,2,0,1.0,2,2,0,1.0
team,All Gamers,Tank,Hazard,2,0,2,0.0,1,0,1,0.0
team,All Gamers,Tank,Doomfist,1,0,1,0.0,1,0,1,0.0
team,Anyone's Legend,DPS,Emre,13,3,10,0.2308,0,0,0,0.0
team,Anyone's Legend,DPS,Tracer,11,3,8,0.2727,1,0,1,0.0
team,Anyone's Legend,DPS,Vendetta,9,1,8,0.1111,2,0,2,0.0
team,Anyone's Legend,DPS,Sojourn,7,2,5,0.2857,4,0,4,0.0
team,Anyone's Legend,DPS,Widowmaker,5,2,3,0.4,3,2,1,0.6667
team,Anyone's Legend,DPS,Echo,5,0,5,0.0,5,0,5,0.0
team,Anyone's Legend,DPS,Pharah,4,1,3,0.25,3,1,2,0.3333
team,Anyone's Legend,DPS,Freja,1,0,1,0.0,1,0,1,0.0
team,Anyone's Legend,DPS,Symmetra,1,1,0,1.0,0,0,0,0.0
team,Anyone's Legend,DPS,Reaper,1,0,1,0.0,1,0,1,0.0
team,Anyone's Legend,Support,Kiriko,17,4,13,0.2353,1,1,0,1.0
team,Anyone's Legend,Support,Lúcio,15,3,12,0.2,0,0,0,0.0
team,Anyone's Legend,Support,Juno,10,2,8,0.2,3,0,3,0.0
team,Anyone's Legend,Support,Brigitte,3,1,2,0.3333,0,0,0,0.0
team,Anyone's Legend,Support,Lifeweaver,2,1,1,0.5,2,1,1,0.5
team,Anyone's Legend,Support,Ana,2,0,2,0.0,1,0,1,0.0
team,Anyone's Legend,Support,Illari,1,1,0,1.0,1,1,0,1.0
team,Anyone's Legend,Support,Jetpack Cat,1,0,1,0.0,1,0,1,0.0
team,Anyone's Legend,Tank,Zarya,7,0,7,0.0,0,0,0,0.0
team,Anyone's Legend,Tank,Mauga,7,4,3,0.5714,3,1,2,0.3333
team,Anyone's Legend,Tank,Winston,5,0,5,0.0,5,0,5,0.0
team,Anyone's Legend,Tank,Wrecking Ball,5,1,4,0.2,4,1,3,0.25
team,Anyone's Legend,Tank,D.Va,4,2,2,0.5,2,0,2,0.0
team,Anyone's Legend,Tank,Doomfist,2,0,2,0.0,2,0,2,0.0
team,Anyone's Legend,Tank,Orisa,1,0,1,0.0,1,0,1,0.0
team,Cheeseburger,DPS,Tracer,28,6,22,0.2143,5,0,5,0.0
team,Cheeseburger,DPS,Symmetra,14,2,12,0.1429,5,1,4,0.2
team,Cheeseburger,DPS,Sojourn,12,1,11,0.0833,6,0,6,0.0
team,Cheeseburger,DPS,Emre,12,1,11,0.0833,3,1,2,0.3333
team,Cheeseburger,DPS,Vendetta,9,0,9,0.0,1,0,1,0.0
team,Cheeseburger,DPS,Widowmaker,8,1,7,0.125,5,1,4,0.2
team,Cheeseburger,DPS,Genji,7,1,6,0.1429,0,0,0,0.0
team,Cheeseburger,DPS,Cassidy,6,1,5,0.1667,3,0,3,0.0
team,Cheeseburger,DPS,Pharah,6,1,5,0.1667,2,1,1,0.5
team,Cheeseburger,DPS,Bastion,6,3,3,0.5,0,0,0,0.0
team,Cheeseburger,DPS,Echo,4,1,3,0.25,3,0,3,0.0
team,Cheeseburger,DPS,Freja,2,1,1,0.5,2,1,1,0.5
team,Cheeseburger,DPS,Anran,2,0,2,0.0,2,0,2,0.0
team,Cheeseburger,DPS,Hanzo,2,0,2,0.0,2,0,2,0.0
team,Cheeseburger,DPS,Mei,2,1,1,0.5,1,0,1,0.0
team,Cheeseburger,DPS,Reaper,1,0,1,0.0,1,0,1,0.0
team,Cheeseburger,Support,Lúcio,24,2,22,0.0833,4,1,3,0.25
team,Cheeseburger,Support,Ana,20,5,15,0.25,3,1,2,0.3333
team,Cheeseburger,Support,Kiriko,18,2,16,0.1111,1,1,0,1.0
team,Cheeseburger,Support,Brigitte,9,2,7,0.2222,5,0,5,0.0
team,Cheeseburger,Support,Jetpack Cat,9,3,6,0.3333,1,0,1,0.0
team,Cheeseburger,Support,Juno,8,1,7,0.125,5,1,4,0.2
team,Cheeseburger,Support,Wuyang,4,0,4,0.0,2,0,2,0.0
team,Cheeseburger,Support,Zenyatta,2,1,1,0.5,1,0,1,0.0
team,Cheeseburger,Support,Lifeweaver,1,0,1,0.0,0,0,0,0.0
team,Cheeseburger,Tank,Winston,12,3,9,0.25,4,1,3,0.25
team,Cheeseburger,Tank,Zarya,10,1,9,0.1,3,0,3,0.0
team,Cheeseburger,Tank,D.Va,8,2,6,0.25,3,2,1,0.6667
team,Cheeseburger,Tank,Hazard,7,0,7,0.0,3,0,3,0.0
team,Cheeseburger,Tank,Doomfist,6,0,6,0.0,6,0,6,0.0
team,Cheeseburger,Tank,Mauga,6,1,5,0.1667,5,0,5,0.0
team,Cheeseburger,Tank,Orisa,3,0,3,0.0,3,0,3,0.0
team,Cheeseburger,Tank,Sigma,3,0,3,0.0,2,0,2,0.0
team,Cheeseburger,Tank,Ramattra,1,0,1,0.0,1,0,1,0.0
team,Cheeseburger,Tank,Roadhog,1,0,1,0.0,1,0,1,0.0
team,Crazy Raccoon,DPS,Tracer,41,25,16,0.6098,8,7,1,0.875
team,Crazy Raccoon,DPS,Symmetra,30,18,12,0.6,7,4,3,0.5714
team,Crazy Raccoon,DPS,Sojourn,23,10,13,0.4348,8,3,5,0.375
team,Crazy Raccoon,DPS,Vendetta,20,12,8,0.6,6,3,3,0.5
team,Crazy Raccoon,DPS,Emre,19,13,6,0.6842,1,1,0,1.0
team,Crazy Raccoon,DPS,Pharah,12,11,1,0.9167,8,7,1,0.875
team,Crazy Raccoon,DPS,Cassidy,8,3,5,0.375,3,0,3,0.0
team,Crazy Raccoon,DPS,Genji,8,4,4,0.5,3,2,1,0.6667
team,Crazy Raccoon,DPS,Bastion,7,5,2,0.7143,2,2,0,1.0
team,Crazy Raccoon,DPS,Widowmaker,6,5,1,0.8333,4,3,1,0.75
team,Crazy Raccoon,DPS,Mei,5,4,1,0.8,3,2,1,0.6667
team,Crazy Raccoon,DPS,Anran,3,2,1,0.6667,0,0,0,0.0
team,Crazy Raccoon,DPS,Ashe,3,2,1,0.6667,3,2,1,0.6667
team,Crazy Raccoon,DPS,Sombra,3,1,2,0.3333,2,1,1,0.5
team,Crazy Raccoon,DPS,Reaper,3,2,1,0.6667,3,2,1,0.6667
team,Crazy Raccoon,DPS,Hanzo,2,2,0,1.0,1,1,0,1.0
team,Crazy Raccoon,DPS,Echo,2,2,0,1.0,2,2,0,1.0
team,Crazy Raccoon,DPS,Torbjörn,1,0,1,0.0,0,0,0,0.0
team,Crazy Raccoon,DPS,Venture,1,1,0,1.0,0,0,0,0.0
team,Crazy Raccoon,DPS,Soldier: 76,1,0,1,0.0,1,0,1,0.0
team,Crazy Raccoon,DPS,Sierra,1,1,0,1.0,1,1,0,1.0
team,Crazy Raccoon,Support,Kiriko,38,25,13,0.6579,3,0,3,0.0
team,Crazy Raccoon,Support,Lúcio,37,22,15,0.5946,5,3,2,0.6
team,Crazy Raccoon,Support,Jetpack Cat,22,13,9,0.5909,11,6,5,0.5455
team,Crazy Raccoon,Support,Ana,16,8,8,0.5,5,3,2,0.6
team,Crazy Raccoon,Support,Juno,15,12,3,0.8,7,5,2,0.7143
team,Crazy Raccoon,Support,Brigitte,8,5,3,0.625,2,1,1,0.5
team,Crazy Raccoon,Support,Wuyang,7,4,3,0.5714,4,3,1,0.75
team,Crazy Raccoon,Support,Mizuki,4,3,1,0.75,1,1,0,1.0
team,Crazy Raccoon,Support,Baptiste,4,1,3,0.25,4,1,3,0.25
team,Crazy Raccoon,Support,Illari,2,0,2,0.0,2,0,2,0.0
team,Crazy Raccoon,Support,Lifeweaver,1,0,1,0.0,1,0,1,0.0
team,Crazy Raccoon,Tank,D.Va,25,16,9,0.64,11,8,3,0.7273
team,Crazy Raccoon,Tank,Zarya,14,13,1,0.9286,4,3,1,0.75
team,Crazy Raccoon,Tank,Mauga,9,6,3,0.6667,6,5,1,0.8333
team,Crazy Raccoon,Tank,Winston,8,1,7,0.125,3,0,3,0.0
team,Crazy Raccoon,Tank,Domina,7,3,4,0.4286,2,0,2,0.0
team,Crazy Raccoon,Tank,Wrecking Ball,7,3,4,0.4286,3,2,1,0.6667
team,Crazy Raccoon,Tank,Ramattra,6,6,0,1.0,5,5,0,1.0
team,Crazy Raccoon,Tank,Orisa,5,3,2,0.6,4,3,1,0.75
team,Crazy Raccoon,Tank,Sigma,4,2,2,0.5,3,1,2,0.3333
team,Crazy Raccoon,Tank,Hazard,4,2,2,0.5,4,2,2,0.5
team,Crazy Raccoon,Tank,Reinhardt,1,0,1,0.0,1,0,1,0.0
team,Crazy Raccoon,Tank,Roadhog,1,1,0,1.0,1,1,0,1.0
team,DEG,DPS,Tracer,11,1,10,0.0909,1,0,1,0.0
team,DEG,DPS,Symmetra,8,1,7,0.125,2,0,2,0.0
team,DEG,DPS,Vendetta,8,1,7,0.125,1,0,1,0.0
team,DEG,DPS,Genji,5,1,4,0.2,0,0,0,0.0
team,DEG,DPS,Sojourn,4,0,4,0.0,1,0,1,0.0
team,DEG,DPS,Cassidy,4,0,4,0.0,4,0,4,0.0
team,DEG,DPS,Emre,3,1,2,0.3333,1,0,1,0.0
team,DEG,DPS,Venture,2,0,2,0.0,2,0,2,0.0
team,DEG,DPS,Anran,2,0,2,0.0,2,0,2,0.0
team,DEG,DPS,Widowmaker,1,0,1,0.0,1,0,1,0.0
team,DEG,Support,Brigitte,10,1,9,0.1,7,0,7,0.0
team,DEG,Support,Kiriko,7,0,7,0.0,3,0,3,0.0
team,DEG,Support,Ana,7,1,6,0.1429,2,0,2,0.0
team,DEG,Support,Lúcio,5,1,4,0.2,0,0,0,0.0
team,DEG,Support,Wuyang,3,0,3,0.0,3,0,3,0.0
team,DEG,Support,Baptiste,2,0,2,0.0,2,0,2,0.0
team,DEG,Support,Juno,2,1,1,0.5,0,0,0,0.0
team,DEG,Tank,Doomfist,7,0,7,0.0,7,0,7,0.0
team,DEG,Tank,Winston,6,1,5,0.1667,1,0,1,0.0
team,DEG,Tank,Hazard,3,1,2,0.3333,3,1,2,0.3333
team,DEG,Tank,Zarya,1,0,1,0.0,0,0,0,0.0
team,Dallas Fuel,DPS,Tracer,24,16,8,0.6667,2,1,1,0.5
team,Dallas Fuel,DPS,Sojourn,23,16,7,0.6957,12,11,1,0.9167
team,Dallas Fuel,DPS,Symmetra,13,10,3,0.7692,1,1,0,1.0
team,Dallas Fuel,DPS,Widowmaker,10,8,2,0.8,2,2,0,1.0
team,Dallas Fuel,DPS,Cassidy,10,8,2,0.8,7,6,1,0.8571
team,Dallas Fuel,DPS,Vendetta,9,5,4,0.5556,5,3,2,0.6
team,Dallas Fuel,DPS,Emre,8,6,2,0.75,1,1,0,1.0
team,Dallas Fuel,DPS,Genji,7,3,4,0.4286,1,1,0,1.0
team,Dallas Fuel,DPS,Pharah,7,4,3,0.5714,6,4,2,0.6667
team,Dallas Fuel,DPS,Echo,5,2,3,0.4,4,2,2,0.5
team,Dallas Fuel,DPS,Ashe,3,2,1,0.6667,3,2,1,0.6667
team,Dallas Fuel,DPS,Anran,2,1,1,0.5,1,1,0,1.0
team,Dallas Fuel,DPS,Hanzo,2,2,0,1.0,2,2,0,1.0
team,Dallas Fuel,DPS,Bastion,1,0,1,0.0,1,0,1,0.0
team,Dallas Fuel,DPS,Torbjörn,1,1,0,1.0,1,1,0,1.0
team,Dallas Fuel,DPS,Sombra,1,1,0,1.0,1,1,0,1.0
team,Dallas Fuel,DPS,Junkrat,1,1,0,1.0,1,1,0,1.0
team,Dallas Fuel,DPS,Freja,1,1,0,1.0,1,1,0,1.0
team,Dallas Fuel,DPS,Mei,1,0,1,0.0,1,0,1,0.0
team,Dallas Fuel,Support,Kiriko,23,16,7,0.6957,2,1,1,0.5
team,Dallas Fuel,Support,Ana,20,13,7,0.65,12,9,3,0.75
team,Dallas Fuel,Support,Lúcio,16,8,8,0.5,1,1,0,1.0
team,Dallas Fuel,Support,Illari,13,9,4,0.6923,11,7,4,0.6364
team,Dallas Fuel,Support,Juno,12,9,3,0.75,5,3,2,0.6
team,Dallas Fuel,Support,Jetpack Cat,11,7,4,0.6364,7,4,3,0.5714
team,Dallas Fuel,Support,Brigitte,11,9,2,0.8182,6,5,1,0.8333
team,Dallas Fuel,Support,Wuyang,9,7,2,0.7778,8,7,1,0.875
team,Dallas Fuel,Support,Mercy,5,5,0,1.0,5,5,0,1.0
team,Dallas Fuel,Support,Mizuki,3,1,2,0.3333,1,0,1,0.0
team,Dallas Fuel,Support,Baptiste,3,2,1,0.6667,1,1,0,1.0
team,Dallas Fuel,Support,Moira,1,1,0,1.0,0,0,0,0.0
team,Dallas Fuel,Tank,Winston,17,10,7,0.5882,13,9,4,0.6923
team,Dallas Fuel,Tank,Wrecking Ball,13,10,3,0.7692,13,10,3,0.7692
team,Dallas Fuel,Tank,D.Va,6,4,2,0.6667,1,0,1,0.0
team,Dallas Fuel,Tank,Ramattra,6,4,2,0.6667,5,4,1,0.8
team,Dallas Fuel,Tank,Sigma,5,5,0,1.0,4,4,0,1.0
team,Dallas Fuel,Tank,Domina,3,0,3,0.0,0,0,0,0.0
team,Dallas Fuel,Tank,Zarya,3,2,1,0.6667,2,1,1,0.5
team,Dallas Fuel,Tank,Reinhardt,2,1,1,0.5,2,1,1,0.5
team,Disguised,DPS,Emre,20,9,11,0.45,8,2,6,0.25
team,Disguised,DPS,Tracer,16,5,11,0.3125,5,1,4,0.2
team,Disguised,DPS,Vendetta,13,5,8,0.3846,7,3,4,0.4286
team,Disguised,DPS,Cassidy,10,3,7,0.3,9,2,7,0.2222
team,Disguised,DPS,Symmetra,10,3,7,0.3,2,1,1,0.5
team,Disguised,DPS,Sojourn,9,5,4,0.5556,4,3,1,0.75
team,Disguised,DPS,Widowmaker,7,3,4,0.4286,4,2,2,0.5
team,Disguised,DPS,Venture,4,3,1,0.75,3,2,1,0.6667
team,Disguised,DPS,Hanzo,2,1,1,0.5,2,1,1,0.5
team,Disguised,DPS,Ashe,1,0,1,0.0,0,0,0,0.0
team,Disguised,DPS,Anran,1,1,0,1.0,0,0,0,0.0
team,Disguised,DPS,Soldier: 76,1,0,1,0.0,1,0,1,0.0
team,Disguised,DPS,Bastion,1,1,0,1.0,1,1,0,1.0
team,Disguised,DPS,Genji,1,0,1,0.0,1,0,1,0.0
team,Disguised,Support,Kiriko,16,6,10,0.375,1,0,1,0.0
team,Disguised,Support,Lúcio,16,8,8,0.5,1,0,1,0.0
team,Disguised,Support,Juno,11,2,9,0.1818,4,1,3,0.25
team,Disguised,Support,Jetpack Cat,6,1,5,0.1667,2,0,2,0.0
team,Disguised,Support,Brigitte,6,2,4,0.3333,3,2,1,0.6667
team,Disguised,Support,Baptiste,4,2,2,0.5,2,0,2,0.0
team,Disguised,Support,Mizuki,2,2,0,1.0,1,1,0,1.0
team,Disguised,Support,Zenyatta,1,0,1,0.0,1,0,1,0.0
team,Disguised,Tank,D.Va,15,5,10,0.3333,5,3,2,0.6
team,Disguised,Tank,Ramattra,10,3,7,0.3,7,0,7,0.0
team,Disguised,Tank,Zarya,6,3,3,0.5,2,2,0,1.0
team,Disguised,Tank,Domina,4,2,2,0.5,1,0,1,0.0
team,Disguised,Tank,Wrecking Ball,3,0,3,0.0,3,0,3,0.0
team,Disguised,Tank,Doomfist,3,1,2,0.3333,2,0,2,0.0
team,Disguised,Tank,Hazard,1,1,0,1.0,1,1,0,1.0
team,Disguised,Tank,Winston,1,1,0,1.0,1,1,0,1.0
team,ENTER FORCE.36,DPS,Emre,24,16,8,0.6667,7,5,2,0.7143
team,ENTER FORCE.36,DPS,Tracer,21,15,6,0.7143,5,4,1,0.8
team,ENTER FORCE.36,DPS,Vendetta,18,13,5,0.7222,9,6,3,0.6667
team,ENTER FORCE.36,DPS,Symmetra,15,10,5,0.6667,2,1,1,0.5
team,ENTER FORCE.36,DPS,Sojourn,12,7,5,0.5833,7,3,4,0.4286
team,ENTER FORCE.36,DPS,Widowmaker,9,8,1,0.8889,7,6,1,0.8571
team,ENTER FORCE.36,DPS,Genji,7,5,2,0.7143,7,5,2,0.7143
team,ENTER FORCE.36,DPS,Echo,6,2,4,0.3333,5,2,3,0.4
team,ENTER FORCE.36,DPS,Pharah,4,3,1,0.75,4,3,1,0.75
team,ENTER FORCE.36,DPS,Hanzo,1,1,0,1.0,1,1,0,1.0
team,ENTER FORCE.36,DPS,Torbjörn,1,1,0,1.0,1,1,0,1.0
team,ENTER FORCE.36,DPS,Reaper,1,0,1,0.0,1,0,1,0.0
team,ENTER FORCE.36,DPS,Sombra,1,0,1,0.0,1,0,1,0.0
team,ENTER FORCE.36,DPS,Mei,1,0,1,0.0,1,0,1,0.0
team,ENTER FORCE.36,Support,Kiriko,21,15,6,0.7143,3,2,1,0.6667
team,ENTER FORCE.36,Support,Juno,17,14,3,0.8235,5,2,3,0.4
team,ENTER FORCE.36,Support,Lúcio,15,11,4,0.7333,4,2,2,0.5
team,ENTER FORCE.36,Support,Wuyang,10,5,5,0.5,6,2,4,0.3333
team,ENTER FORCE.36,Support,Brigitte,10,7,3,0.7,6,3,3,0.5
team,ENTER FORCE.36,Support,Ana,7,3,4,0.4286,3,2,1,0.6667
team,ENTER FORCE.36,Support,Jetpack Cat,2,0,2,0.0,1,0,1,0.0
team,ENTER FORCE.36,Support,Mizuki,2,0,2,0.0,2,0,2,0.0
team,ENTER FORCE.36,Support,Baptiste,2,0,2,0.0,1,0,1,0.0
team,ENTER FORCE.36,Support,Lifeweaver,2,2,0,1.0,2,2,0,1.0
team,ENTER FORCE.36,Support,Illari,2,0,2,0.0,1,0,1,0.0
team,ENTER FORCE.36,Tank,D.Va,14,7,7,0.5,5,1,4,0.2
team,ENTER FORCE.36,Tank,Zarya,10,6,4,0.6,4,2,2,0.5
team,ENTER FORCE.36,Tank,Hazard,9,7,2,0.7778,7,6,1,0.8571
team,ENTER FORCE.36,Tank,Orisa,8,7,1,0.875,5,4,1,0.8
team,ENTER FORCE.36,Tank,Wrecking Ball,6,3,3,0.5,5,2,3,0.4
team,ENTER FORCE.36,Tank,Winston,6,3,3,0.5,3,2,1,0.6667
team,ENTER FORCE.36,Tank,Sigma,4,2,2,0.5,2,1,1,0.5
team,ENTER FORCE.36,Tank,Mauga,4,4,0,1.0,1,1,0,1.0
team,ENTER FORCE.36,Tank,Ramattra,2,1,1,0.5,2,1,1,0.5
team,ENTER FORCE.36,Tank,Domina,2,1,1,0.5,2,1,1,0.5
team,ENTER FORCE.36,Tank,Doomfist,2,2,0,1.0,2,2,0,1.0
team,ENTER FORCE.36,Tank,Roadhog,1,1,0,1.0,1,1,0,1.0
team,Extinction,DPS,Tracer,16,5,11,0.3125,6,0,6,0.0
team,Extinction,DPS,Sojourn,10,3,7,0.3,7,2,5,0.2857
team,Extinction,DPS,Symmetra,9,3,6,0.3333,4,0,4,0.0
team,Extinction,DPS,Emre,8,2,6,0.25,2,0,2,0.0
team,Extinction,DPS,Cassidy,3,0,3,0.0,2,0,2,0.0
team,Extinction,DPS,Vendetta,3,1,2,0.3333,0,0,0,0.0
team,Extinction,DPS,Widowmaker,3,1,2,0.3333,0,0,0,0.0
team,Extinction,DPS,Echo,2,0,2,0.0,2,0,2,0.0
team,Extinction,DPS,Genji,2,1,1,0.5,0,0,0,0.0
team,Extinction,DPS,Freja,1,0,1,0.0,1,0,1,0.0
team,Extinction,DPS,Ashe,1,0,1,0.0,1,0,1,0.0
team,Extinction,DPS,Hanzo,1,0,1,0.0,1,0,1,0.0
team,Extinction,Support,Kiriko,14,3,11,0.2143,3,0,3,0.0
team,Extinction,Support,Lúcio,13,4,9,0.3077,2,0,2,0.0
team,Extinction,Support,Juno,10,5,5,0.5,2,1,1,0.5
team,Extinction,Support,Wuyang,4,2,2,0.5,2,2,0,1.0
team,Extinction,Support,Jetpack Cat,4,1,3,0.25,1,0,1,0.0
team,Extinction,Support,Brigitte,3,2,1,0.6667,1,0,1,0.0
team,Extinction,Support,Ana,3,2,1,0.6667,1,1,0,1.0
team,Extinction,Support,Moira,2,0,2,0.0,1,0,1,0.0
team,Extinction,Support,Mizuki,1,0,1,0.0,0,0,0,0.0
team,Extinction,Support,Lifeweaver,1,0,1,0.0,1,0,1,0.0
team,Extinction,Support,Zenyatta,1,0,1,0.0,1,0,1,0.0
team,Extinction,Support,Baptiste,1,0,1,0.0,1,0,1,0.0
team,Extinction,Tank,D.Va,15,5,10,0.3333,10,2,8,0.2
team,Extinction,Tank,Wrecking Ball,2,0,2,0.0,2,0,2,0.0
team,Extinction,Tank,Sigma,2,0,2,0.0,2,0,2,0.0
team,Extinction,Tank,Winston,2,1,1,0.5,0,0,0,0.0
team,Extinction,Tank,Domina,1,0,1,0.0,1,0,1,0.0
team,Extinction,Tank,Zarya,1,0,1,0.0,0,0,0,0.0
team,Extinction,Tank,Doomfist,1,0,1,0.0,1,0,1,0.0
team,Extinction,Tank,Roadhog,1,0,1,0.0,1,0,1,0.0
team,Extinction,Tank,Reinhardt,1,0,1,0.0,1,0,1,0.0
team,Extinction,Tank,Mauga,1,0,1,0.0,1,0,1,0.0
team,Extinction,Tank,Orisa,1,0,1,0.0,1,0,1,0.0
team,FURY,DPS,Tracer,17,4,13,0.2353,0,0,0,0.0
team,FURY,DPS,Emre,11,2,9,0.1818,6,2,4,0.3333
team,FURY,DPS,Sojourn,8,2,6,0.25,3,0,3,0.0
team,FURY,DPS,Vendetta,7,1,6,0.1429,4,0,4,0.0
team,FURY,DPS,Genji,6,1,5,0.1667,0,0,0,0.0
team,FURY,DPS,Symmetra,5,1,4,0.2,0,0,0,0.0
team,FURY,DPS,Sombra,4,0,4,0.0,4,0,4,0.0
team,FURY,DPS,Widowmaker,3,1,2,0.3333,1,0,1,0.0
team,FURY,DPS,Venture,2,0,2,0.0,2,0,2,0.0
team,FURY,DPS,Pharah,2,1,1,0.5,2,1,1,0.5
team,FURY,DPS,Cassidy,1,0,1,0.0,1,0,1,0.0
team,FURY,Support,Lúcio,19,4,15,0.2105,6,0,6,0.0
team,FURY,Support,Kiriko,14,4,10,0.2857,2,0,2,0.0
team,FURY,Support,Ana,8,2,6,0.25,0,0,0,0.0
team,FURY,Support,Wuyang,5,2,3,0.4,5,2,3,0.4
team,FURY,Support,Juno,3,0,3,0.0,2,0,2,0.0
team,FURY,Support,Brigitte,3,0,3,0.0,3,0,3,0.0
team,FURY,Support,Mercy,1,0,1,0.0,1,0,1,0.0
team,FURY,Tank,D.Va,10,1,9,0.1,2,0,2,0.0
team,FURY,Tank,Winston,9,3,6,0.3333,3,2,1,0.6667
team,FURY,Tank,Zarya,8,2,6,0.25,4,0,4,0.0
team,FURY,Tank,Wrecking Ball,4,0,4,0.0,3,0,3,0.0
team,FURY,Tank,Orisa,2,0,2,0.0,2,0,2,0.0
team,FURY,Tank,Doomfist,1,0,1,0.0,1,0,1,0.0
team,FURY,Tank,Sigma,1,0,1,0.0,1,0,1,0.0
team,Geekay Esports,DPS,Emre,28,12,16,0.4286,0,0,0,0.0
team,Geekay Esports,DPS,Tracer,19,8,11,0.4211,3,1,2,0.3333
team,Geekay Esports,DPS,Vendetta,17,7,10,0.4118,4,1,3,0.25
team,Geekay Esports,DPS,Symmetra,14,6,8,0.4286,8,2,6,0.25
team,Geekay Esports,DPS,Pharah,7,4,3,0.5714,5,2,3,0.4
team,Geekay Esports,DPS,Sojourn,6,3,3,0.5,4,1,3,0.25
team,Geekay Esports,DPS,Widowmaker,2,2,0,1.0,1,1,0,1.0
team,Geekay Esports,DPS,Genji,1,0,1,0.0,1,0,1,0.0
team,Geekay Esports,DPS,Echo,1,1,0,1.0,1,1,0,1.0
team,Geekay Esports,Support,Kiriko,28,12,16,0.4286,4,1,3,0.25
team,Geekay Esports,Support,Lúcio,25,11,14,0.44,2,2,0,1.0
team,Geekay Esports,Support,Juno,16,8,8,0.5,2,0,2,0.0
team,Geekay Esports,Support,Brigitte,7,3,4,0.4286,1,0,1,0.0
team,Geekay Esports,Support,Jetpack Cat,6,2,4,0.3333,6,2,4,0.3333
team,Geekay Esports,Support,Ana,4,2,2,0.5,4,2,2,0.5
team,Geekay Esports,Support,Wuyang,3,1,2,0.3333,2,0,2,0.0
team,Geekay Esports,Support,Lifeweaver,1,1,0,1.0,1,1,0,1.0
team,Geekay Esports,Support,Illari,1,1,0,1.0,1,1,0,1.0
team,Geekay Esports,Tank,Zarya,29,14,15,0.4828,5,3,2,0.6
team,Geekay Esports,Tank,D.Va,10,3,7,0.3,4,1,3,0.25
team,Geekay Esports,Tank,Wrecking Ball,8,4,4,0.5,6,2,4,0.3333
team,Geekay Esports,Tank,Doomfist,1,0,1,0.0,1,0,1,0.0
team,Homie E,DPS,Vendetta,11,2,9,0.1818,2,0,2,0.0
team,Homie E,DPS,Sojourn,9,2,7,0.2222,2,0,2,0.0
team,Homie E,DPS,Tracer,8,2,6,0.25,7,1,6,0.1429
team,Homie E,DPS,Emre,5,1,4,0.2,3,0,3,0.0
team,Homie E,DPS,Symmetra,4,1,3,0.25,1,0,1,0.0
team,Homie E,DPS,Venture,2,0,2,0.0,2,0,2,0.0
team,Homie E,DPS,Genji,1,0,1,0.0,0,0,0,0.0
team,Homie E,DPS,Widowmaker,1,0,1,0.0,0,0,0,0.0
team,Homie E,DPS,Pharah,1,0,1,0.0,1,0,1,0.0
team,Homie E,Support,Kiriko,13,3,10,0.2308,0,0,0,0.0
team,Homie E,Support,Juno,11,2,9,0.1818,3,0,3,0.0
team,Homie E,Support,Lúcio,10,1,9,0.1,1,0,1,0.0
team,Homie E,Support,Wuyang,4,2,2,0.5,3,1,2,0.3333
team,Homie E,Support,Ana,1,0,1,0.0,0,0,0,0.0
team,Homie E,Support,Baptiste,1,0,1,0.0,1,0,1,0.0
team,Homie E,Support,Brigitte,1,0,1,0.0,0,0,0,0.0
team,Homie E,Tank,Zarya,9,3,6,0.3333,2,1,1,0.5
team,Homie E,Tank,Hazard,5,1,4,0.2,4,0,4,0.0
team,Homie E,Tank,Orisa,3,0,3,0.0,3,0,3,0.0
team,Homie E,Tank,Ramattra,1,0,1,0.0,1,0,1,0.0
team,Homie E,Tank,Sigma,1,0,1,0.0,0,0,0,0.0
team,Homie E,Tank,Doomfist,1,0,1,0.0,1,0,1,0.0
team,Homie E,Tank,D.Va,1,0,1,0.0,0,0,0,0.0
team,JD Gaming,DPS,Tracer,30,17,13,0.5667,6,3,3,0.5
team,JD Gaming,DPS,Emre,24,15,9,0.625,5,4,1,0.8
team,JD Gaming,DPS,Symmetra,19,11,8,0.5789,3,3,0,1.0
team,JD Gaming,DPS,Sojourn,15,8,7,0.5333,7,2,5,0.2857
team,JD Gaming,DPS,Vendetta,11,5,6,0.4545,2,1,1,0.5
team,JD Gaming,DPS,Bastion,10,4,6,0.4,5,3,2,0.6
team,JD Gaming,DPS,Widowmaker,6,5,1,0.8333,2,2,0,1.0
team,JD Gaming,DPS,Pharah,5,1,4,0.2,4,1,3,0.25
team,JD Gaming,DPS,Reaper,5,1,4,0.2,4,1,3,0.25
team,JD Gaming,DPS,Cassidy,4,2,2,0.5,2,1,1,0.5
team,JD Gaming,DPS,Hanzo,3,2,1,0.6667,2,1,1,0.5
team,JD Gaming,DPS,Venture,3,3,0,1.0,2,2,0,1.0
team,JD Gaming,DPS,Mei,3,2,1,0.6667,1,0,1,0.0
team,JD Gaming,DPS,Genji,3,0,3,0.0,3,0,3,0.0
team,JD Gaming,DPS,Echo,2,1,1,0.5,2,1,1,0.5
team,JD Gaming,DPS,Freja,2,1,1,0.5,2,1,1,0.5
team,JD Gaming,DPS,Anran,1,0,1,0.0,1,0,1,0.0
team,JD Gaming,Support,Kiriko,31,18,13,0.5806,1,1,0,1.0
team,JD Gaming,Support,Lúcio,27,15,12,0.5556,3,1,2,0.3333
team,JD Gaming,Support,Ana,12,6,6,0.5,4,2,2,0.5
team,JD Gaming,Support,Brigitte,9,5,4,0.5556,4,3,1,0.75
team,JD Gaming,Support,Jetpack Cat,9,5,4,0.5556,4,4,0,1.0
team,JD Gaming,Support,Wuyang,8,4,4,0.5,5,1,4,0.2
team,JD Gaming,Support,Juno,6,3,3,0.5,4,2,2,0.5
team,JD Gaming,Support,Zenyatta,2,1,1,0.5,2,1,1,0.5
team,JD Gaming,Support,Baptiste,2,1,1,0.5,1,0,1,0.0
team,JD Gaming,Support,Illari,1,1,0,1.0,0,0,0,0.0
team,JD Gaming,Support,Mercy,1,1,0,1.0,1,1,0,1.0
team,JD Gaming,Support,Mizuki,1,0,1,0.0,1,0,1,0.0
team,JD Gaming,Tank,D.Va,16,8,8,0.5,1,0,1,0.0
team,JD Gaming,Tank,Wrecking Ball,12,8,4,0.6667,11,7,4,0.6364
team,JD Gaming,Tank,Hazard,12,8,4,0.6667,9,5,4,0.5556
team,JD Gaming,Tank,Winston,11,5,6,0.4545,9,5,4,0.5556
team,JD Gaming,Tank,Doomfist,8,2,6,0.25,7,2,5,0.2857
team,JD Gaming,Tank,Ramattra,8,3,5,0.375,8,3,5,0.375
team,JD Gaming,Tank,Orisa,5,3,2,0.6,3,2,1,0.6667
team,JD Gaming,Tank,Sigma,3,1,2,0.3333,2,0,2,0.0
team,JD Gaming,Tank,Reinhardt,2,2,0,1.0,2,2,0,1.0
team,JD Gaming,Tank,Junker Queen,1,1,0,1.0,1,1,0,1.0
team,Lazuli,DPS,Sojourn,15,5,10,0.3333,12,2,10,0.1667
team,Lazuli,DPS,Symmetra,13,4,9,0.3077,3,0,3,0.0
team,Lazuli,DPS,Tracer,12,2,10,0.1667,5,0,5,0.0
team,Lazuli,DPS,Vendetta,12,5,7,0.4167,6,1,5,0.1667
team,Lazuli,DPS,Emre,10,2,8,0.2,5,1,4,0.2
team,Lazuli,DPS,Cassidy,10,2,8,0.2,4,1,3,0.25
team,Lazuli,DPS,Widowmaker,6,1,5,0.1667,2,0,2,0.0
team,Lazuli,DPS,Freja,3,0,3,0.0,3,0,3,0.0
team,Lazuli,DPS,Hanzo,2,0,2,0.0,2,0,2,0.0
team,Lazuli,DPS,Sombra,1,0,1,0.0,1,0,1,0.0
team,Lazuli,DPS,Genji,1,1,0,1.0,1,1,0,1.0
team,Lazuli,Support,Brigitte,16,6,10,0.375,13,5,8,0.3846
team,Lazuli,Support,Juno,16,6,10,0.375,9,3,6,0.3333
team,Lazuli,Support,Kiriko,11,1,10,0.0909,3,0,3,0.0
team,Lazuli,Support,Lúcio,6,0,6,0.0,4,0,4,0.0
team,Lazuli,Support,Baptiste,5,1,4,0.2,3,1,2,0.3333
team,Lazuli,Support,Ana,4,1,3,0.25,2,1,1,0.5
team,Lazuli,Support,Wuyang,4,1,3,0.25,2,1,1,0.5
team,Lazuli,Support,Jetpack Cat,3,1,2,0.3333,2,1,1,0.5
team,Lazuli,Support,Mizuki,2,0,2,0.0,2,0,2,0.0
team,Lazuli,Support,Moira,2,0,2,0.0,2,0,2,0.0
team,Lazuli,Support,Lifeweaver,1,0,1,0.0,1,0,1,0.0
team,Lazuli,Support,Illari,1,0,1,0.0,0,0,0,0.0
team,Lazuli,Support,Mercy,1,0,1,0.0,1,0,1,0.0
team,Lazuli,Tank,Ramattra,15,6,9,0.4,12,4,8,0.3333
team,Lazuli,Tank,Orisa,9,1,8,0.1111,2,1,1,0.5
team,Lazuli,Tank,Doomfist,5,0,5,0.0,5,0,5,0.0
team,Lazuli,Tank,Winston,3,1,2,0.3333,2,1,1,0.5
team,Lazuli,Tank,Reinhardt,3,0,3,0.0,3,0,3,0.0
team,Lazuli,Tank,Roadhog,1,0,1,0.0,1,0,1,0.0
team,Lazuli,Tank,Wrecking Ball,1,0,1,0.0,0,0,0,0.0
team,Lazuli,Tank,Sigma,1,0,1,0.0,0,0,0,0.0
team,Lazuli,Tank,Hazard,1,0,1,0.0,0,0,0,0.0
team,LuneX Gaming,DPS,Tracer,17,4,13,0.2353,5,1,4,0.2
team,LuneX Gaming,DPS,Sojourn,12,5,7,0.4167,5,2,3,0.4
team,LuneX Gaming,DPS,Emre,11,3,8,0.2727,2,0,2,0.0
team,LuneX Gaming,DPS,Vendetta,10,5,5,0.5,8,3,5,0.375
team,LuneX Gaming,DPS,Symmetra,10,3,7,0.3,2,1,1,0.5
team,LuneX Gaming,DPS,Reaper,5,2,3,0.4,5,2,3,0.4
team,LuneX Gaming,DPS,Freja,4,0,4,0.0,4,0,4,0.0
team,LuneX Gaming,DPS,Cassidy,2,0,2,0.0,1,0,1,0.0
team,LuneX Gaming,DPS,Widowmaker,1,0,1,0.0,0,0,0,0.0
team,LuneX Gaming,DPS,Pharah,1,0,1,0.0,0,0,0,0.0
team,LuneX Gaming,Support,Kiriko,21,8,13,0.381,3,2,1,0.6667
team,LuneX Gaming,Support,Lúcio,20,8,12,0.4,9,3,6,0.3333
team,LuneX Gaming,Support,Juno,10,4,6,0.4,2,0,2,0.0
team,LuneX Gaming,Support,Brigitte,8,1,7,0.125,3,0,3,0.0
team,LuneX Gaming,Support,Jetpack Cat,4,0,4,0.0,4,0,4,0.0
team,LuneX Gaming,Support,Illari,2,0,2,0.0,1,0,1,0.0
team,LuneX Gaming,Support,Zenyatta,1,0,1,0.0,1,0,1,0.0
team,LuneX Gaming,Support,Baptiste,1,0,1,0.0,1,0,1,0.0
team,LuneX Gaming,Tank,Orisa,13,4,9,0.3077,9,3,6,0.3333
team,LuneX Gaming,Tank,Zarya,7,3,4,0.4286,5,1,4,0.2
team,LuneX Gaming,Tank,Domina,4,3,1,0.75,4,3,1,0.75
team,LuneX Gaming,Tank,Doomfist,3,0,3,0.0,2,0,2,0.0
team,LuneX Gaming,Tank,Wrecking Ball,2,0,2,0.0,1,0,1,0.0
team,MieMieYang,DPS,Tracer,15,3,12,0.2,2,0,2,0.0
team,MieMieYang,DPS,Sojourn,11,3,8,0.2727,7,1,6,0.1429
team,MieMieYang,DPS,Symmetra,10,3,7,0.3,2,1,1,0.5
team,MieMieYang,DPS,Emre,9,1,8,0.1111,1,1,0,1.0
team,MieMieYang,DPS,Widowmaker,7,0,7,0.0,4,0,4,0.0
team,MieMieYang,DPS,Pharah,5,0,5,0.0,4,0,4,0.0
team,MieMieYang,DPS,Echo,5,0,5,0.0,4,0,4,0.0
team,MieMieYang,DPS,Hanzo,4,0,4,0.0,4,0,4,0.0
team,MieMieYang,DPS,Reaper,1,0,1,0.0,1,0,1,0.0
team,MieMieYang,DPS,Torbjörn,1,0,1,0.0,1,0,1,0.0
team,MieMieYang,DPS,Bastion,1,0,1,0.0,1,0,1,0.0
team,MieMieYang,Support,Kiriko,13,2,11,0.1538,3,0,3,0.0
team,MieMieYang,Support,Lúcio,8,0,8,0.0,2,0,2,0.0
team,MieMieYang,Support,Illari,8,3,5,0.375,3,1,2,0.3333
team,MieMieYang,Support,Ana,7,1,6,0.1429,1,1,0,1.0
team,MieMieYang,Support,Jetpack Cat,4,0,4,0.0,4,0,4,0.0
team,MieMieYang,Support,Brigitte,2,0,2,0.0,2,0,2,0.0
team,MieMieYang,Support,Baptiste,2,0,2,0.0,1,0,1,0.0
team,MieMieYang,Support,Mizuki,1,0,1,0.0,0,0,0,0.0
team,MieMieYang,Tank,D.Va,12,2,10,0.1667,4,0,4,0.0
team,MieMieYang,Tank,Orisa,5,1,4,0.2,5,1,4,0.2
team,MieMieYang,Tank,Zarya,4,0,4,0.0,2,0,2,0.0
team,MieMieYang,Tank,Ramattra,3,0,3,0.0,3,0,3,0.0
team,MieMieYang,Tank,Winston,1,0,1,0.0,0,0,0,0.0
team,MieMieYang,Tank,Wrecking Ball,1,1,0,1.0,1,1,0,1.0
team,MieMieYang,Tank,Doomfist,1,0,1,0.0,1,0,1,0.0
team,Milk Tea,DPS,Symmetra,16,3,13,0.1875,6,0,6,0.0
team,Milk Tea,DPS,Sojourn,15,6,9,0.4,8,5,3,0.625
team,Milk Tea,DPS,Emre,15,4,11,0.2667,1,0,1,0.0
team,Milk Tea,DPS,Cassidy,15,3,12,0.2,13,3,10,0.2308
team,Milk Tea,DPS,Mei,13,5,8,0.3846,11,4,7,0.3636
team,Milk Tea,DPS,Vendetta,10,2,8,0.2,0,0,0,0.0
team,Milk Tea,DPS,Tracer,7,1,6,0.1429,1,0,1,0.0
team,Milk Tea,DPS,Freja,3,1,2,0.3333,3,1,2,0.3333
team,Milk Tea,DPS,Echo,3,1,2,0.3333,3,1,2,0.3333
team,Milk Tea,DPS,Ashe,3,0,3,0.0,3,0,3,0.0
team,Milk Tea,DPS,Pharah,3,0,3,0.0,3,0,3,0.0
team,Milk Tea,DPS,Bastion,3,0,3,0.0,3,0,3,0.0
team,Milk Tea,DPS,Widowmaker,2,1,1,0.5,0,0,0,0.0
team,Milk Tea,DPS,Reaper,2,1,1,0.5,1,1,0,1.0
team,Milk Tea,DPS,Venture,2,0,2,0.0,2,0,2,0.0
team,Milk Tea,DPS,Sierra,2,0,2,0.0,0,0,0,0.0
team,Milk Tea,DPS,Genji,1,1,0,1.0,0,0,0,0.0
team,Milk Tea,DPS,Soldier: 76,1,0,1,0.0,1,0,1,0.0
team,Milk Tea,Support,Kiriko,32,10,22,0.3125,5,0,5,0.0
team,Milk Tea,Support,Lúcio,24,9,15,0.375,6,2,4,0.3333
team,Milk Tea,Support,Juno,23,7,16,0.3043,6,1,5,0.1667
team,Milk Tea,Support,Ana,6,2,4,0.3333,0,0,0,0.0
team,Milk Tea,Support,Illari,5,1,4,0.2,3,1,2,0.3333
team,Milk Tea,Support,Jetpack Cat,4,0,4,0.0,2,0,2,0.0
team,Milk Tea,Support,Brigitte,4,0,4,0.0,2,0,2,0.0
team,Milk Tea,Support,Baptiste,3,1,2,0.3333,3,1,2,0.3333
team,Milk Tea,Support,Wuyang,3,0,3,0.0,1,0,1,0.0
team,Milk Tea,Support,Mercy,2,0,2,0.0,2,0,2,0.0
team,Milk Tea,Support,Mizuki,1,0,1,0.0,1,0,1,0.0
team,Milk Tea,Tank,Zarya,11,3,8,0.2727,4,1,3,0.25
team,Milk Tea,Tank,Ramattra,11,5,6,0.4545,10,5,5,0.5
team,Milk Tea,Tank,Sigma,10,3,7,0.3,8,2,6,0.25
team,Milk Tea,Tank,D.Va,8,1,7,0.125,5,1,4,0.2
team,Milk Tea,Tank,Orisa,5,0,5,0.0,4,0,4,0.0
team,Milk Tea,Tank,Doomfist,5,1,4,0.2,5,1,4,0.2
team,Milk Tea,Tank,Hazard,4,1,3,0.25,3,1,2,0.3333
team,Milk Tea,Tank,Wrecking Ball,4,1,3,0.25,4,1,3,0.25
team,Milk Tea,Tank,Mauga,3,0,3,0.0,3,0,3,0.0
team,Milk Tea,Tank,Roadhog,2,0,2,0.0,2,0,2,0.0
team,Milk Tea,Tank,Winston,1,0,1,0.0,1,0,1,0.0
team,Naive Piggy,DPS,Vendetta,24,11,13,0.4583,7,3,4,0.4286
team,Naive Piggy,DPS,Emre,21,6,15,0.2857,4,2,2,0.5
team,Naive Piggy,DPS,Tracer,19,7,12,0.3684,6,1,5,0.1667
team,Naive Piggy,DPS,Sojourn,18,8,10,0.4444,9,1,8,0.1111
team,Naive Piggy,DPS,Symmetra,18,4,14,0.2222,3,0,3,0.0
team,Naive Piggy,DPS,Cassidy,8,2,6,0.25,8,2,6,0.25
team,Naive Piggy,DPS,Pharah,6,1,5,0.1667,4,1,3,0.25
team,Naive Piggy,DPS,Reaper,5,2,3,0.4,4,2,2,0.5
team,Naive Piggy,DPS,Ashe,3,0,3,0.0,3,0,3,0.0
team,Naive Piggy,DPS,Bastion,2,1,1,0.5,2,1,1,0.5
team,Naive Piggy,DPS,Genji,2,0,2,0.0,1,0,1,0.0
team,Naive Piggy,DPS,Widowmaker,2,1,1,0.5,1,1,0,1.0
team,Naive Piggy,Support,Kiriko,24,8,16,0.3333,2,1,1,0.5
team,Naive Piggy,Support,Juno,23,10,13,0.4348,8,2,6,0.25
team,Naive Piggy,Support,Lúcio,17,5,12,0.2941,3,1,2,0.3333
team,Naive Piggy,Support,Brigitte,16,6,10,0.375,7,2,5,0.2857
team,Naive Piggy,Support,Illari,7,2,5,0.2857,5,1,4,0.2
team,Naive Piggy,Support,Baptiste,5,3,2,0.6,5,3,2,0.6
team,Naive Piggy,Support,Ana,4,1,3,0.25,0,0,0,0.0
team,Naive Piggy,Support,Wuyang,3,1,2,0.3333,3,1,2,0.3333
team,Naive Piggy,Support,Zenyatta,1,0,1,0.0,1,0,1,0.0
team,Naive Piggy,Tank,D.Va,18,6,12,0.3333,14,5,9,0.3571
team,Naive Piggy,Tank,Orisa,16,9,7,0.5625,15,8,7,0.5333
team,Naive Piggy,Tank,Zarya,14,4,10,0.2857,7,2,5,0.2857
team,Naive Piggy,Tank,Hazard,3,0,3,0.0,1,0,1,0.0
team,Naive Piggy,Tank,Reinhardt,1,1,0,1.0,1,1,0,1.0
team,Naive Piggy,Tank,Winston,1,0,1,0.0,1,0,1,0.0
team,Naive Piggy,Tank,Ramattra,1,1,0,1.0,1,1,0,1.0
team,Naive Piggy,Tank,Sigma,1,0,1,0.0,1,0,1,0.0
team,New Era,DPS,Tracer,15,0,15,0.0,5,0,5,0.0
team,New Era,DPS,Emre,14,0,14,0.0,5,0,5,0.0
team,New Era,DPS,Sojourn,11,0,11,0.0,6,0,6,0.0
team,New Era,DPS,Vendetta,9,0,9,0.0,4,0,4,0.0
team,New Era,DPS,Symmetra,9,0,9,0.0,2,0,2,0.0
team,New Era,DPS,Genji,8,0,8,0.0,4,0,4,0.0
team,New Era,DPS,Cassidy,6,0,6,0.0,3,0,3,0.0
team,New Era,DPS,Widowmaker,6,0,6,0.0,3,0,3,0.0
team,New Era,DPS,Venture,2,0,2,0.0,2,0,2,0.0
team,New Era,DPS,Anran,1,0,1,0.0,0,0,0,0.0
team,New Era,DPS,Hanzo,1,0,1,0.0,1,0,1,0.0
team,New Era,Support,Kiriko,15,0,15,0.0,5,0,5,0.0
team,New Era,Support,Brigitte,13,0,13,0.0,8,0,8,0.0
team,New Era,Support,Lúcio,11,0,11,0.0,5,0,5,0.0
team,New Era,Support,Ana,10,0,10,0.0,2,0,2,0.0
team,New Era,Support,Juno,8,0,8,0.0,2,0,2,0.0
team,New Era,Support,Wuyang,4,0,4,0.0,1,0,1,0.0
team,New Era,Support,Illari,3,0,3,0.0,3,0,3,0.0
team,New Era,Support,Zenyatta,2,0,2,0.0,1,0,1,0.0
team,New Era,Support,Mercy,1,0,1,0.0,1,0,1,0.0
team,New Era,Support,Jetpack Cat,1,0,1,0.0,1,0,1,0.0
team,New Era,Support,Baptiste,1,0,1,0.0,1,0,1,0.0
team,New Era,Support,Mizuki,1,0,1,0.0,1,0,1,0.0
team,New Era,Tank,D.Va,9,0,9,0.0,3,0,3,0.0
team,New Era,Tank,Zarya,6,0,6,0.0,2,0,2,0.0
team,New Era,Tank,Orisa,4,0,4,0.0,3,0,3,0.0
team,New Era,Tank,Hazard,4,0,4,0.0,4,0,4,0.0
team,New Era,Tank,Wrecking Ball,4,0,4,0.0,3,0,3,0.0
team,New Era,Tank,Domina,1,0,1,0.0,0,0,0,0.0
team,New Era,Tank,Winston,1,0,1,0.0,0,0,0,0.0
team,New Era,Tank,Doomfist,1,0,1,0.0,1,0,1,0.0
team,Nyam Gaming,DPS,Emre,20,8,12,0.4,7,3,4,0.4286
team,Nyam Gaming,DPS,Vendetta,19,7,12,0.3684,7,2,5,0.2857
team,Nyam Gaming,DPS,Symmetra,16,4,12,0.25,3,1,2,0.3333
team,Nyam Gaming,DPS,Tracer,15,6,9,0.4,4,1,3,0.25
team,Nyam Gaming,DPS,Sojourn,7,1,6,0.1429,5,1,4,0.2
team,Nyam Gaming,DPS,Widowmaker,6,2,4,0.3333,4,1,3,0.25
team,Nyam Gaming,DPS,Echo,4,0,4,0.0,3,0,3,0.0
team,Nyam Gaming,DPS,Venture,2,1,1,0.5,2,1,1,0.5
team,Nyam Gaming,DPS,Cassidy,2,1,1,0.5,1,0,1,0.0
team,Nyam Gaming,DPS,Pharah,1,0,1,0.0,1,0,1,0.0
team,Nyam Gaming,DPS,Torbjörn,1,0,1,0.0,1,0,1,0.0
team,Nyam Gaming,DPS,Freja,1,1,0,1.0,1,1,0,1.0
team,Nyam Gaming,Support,Kiriko,22,8,14,0.3636,6,3,3,0.5
team,Nyam Gaming,Support,Lúcio,15,4,11,0.2667,5,0,5,0.0
team,Nyam Gaming,Support,Wuyang,11,2,9,0.1818,7,1,6,0.1429
team,Nyam Gaming,Support,Brigitte,8,3,5,0.375,3,0,3,0.0
team,Nyam Gaming,Support,Juno,7,2,5,0.2857,0,0,0,0.0
team,Nyam Gaming,Support,Ana,6,1,5,0.1667,2,0,2,0.0
team,Nyam Gaming,Support,Mizuki,2,2,0,1.0,2,2,0,1.0
team,Nyam Gaming,Support,Lifeweaver,2,0,2,0.0,2,0,2,0.0
team,Nyam Gaming,Support,Mercy,1,0,1,0.0,1,0,1,0.0
team,Nyam Gaming,Support,Jetpack Cat,1,0,1,0.0,1,0,1,0.0
team,Nyam Gaming,Tank,Zarya,16,5,11,0.3125,11,3,8,0.2727
team,Nyam Gaming,Tank,D.Va,13,5,8,0.3846,11,4,7,0.3636
team,Nyam Gaming,Tank,Hazard,6,2,4,0.3333,3,1,2,0.3333
team,Nyam Gaming,Tank,Orisa,2,1,1,0.5,2,1,1,0.5
team,Nyam Gaming,Tank,Sigma,2,1,1,0.5,2,1,1,0.5
team,Nyam Gaming,Tank,Wrecking Ball,1,1,0,1.0,1,1,0,1.0
team,Please Not Hero Ban,DPS,Symmetra,25,16,9,0.64,8,5,3,0.625
team,Please Not Hero Ban,DPS,Cassidy,24,15,9,0.625,18,10,8,0.5556
team,Please Not Hero Ban,DPS,Emre,17,7,10,0.4118,4,2,2,0.5
team,Please Not Hero Ban,DPS,Tracer,12,4,8,0.3333,7,4,3,0.5714
team,Please Not Hero Ban,DPS,Vendetta,9,5,4,0.5556,7,3,4,0.4286
team,Please Not Hero Ban,DPS,Sojourn,4,0,4,0.0,3,0,3,0.0
team,Please Not Hero Ban,DPS,Echo,3,1,2,0.3333,2,0,2,0.0
team,Please Not Hero Ban,DPS,Torbjörn,3,1,2,0.3333,3,1,2,0.3333
team,Please Not Hero Ban,DPS,Reaper,2,0,2,0.0,2,0,2,0.0
team,Please Not Hero Ban,DPS,Widowmaker,2,1,1,0.5,0,0,0,0.0
team,Please Not Hero Ban,DPS,Ashe,1,1,0,1.0,0,0,0,0.0
team,Please Not Hero Ban,DPS,Mei,1,0,1,0.0,1,0,1,0.0
team,Please Not Hero Ban,Support,Kiriko,27,17,10,0.6296,4,1,3,0.25
team,Please Not Hero Ban,Support,Lúcio,17,10,7,0.5882,3,1,2,0.3333
team,Please Not Hero Ban,Support,Illari,8,5,3,0.625,8,5,3,0.625
team,Please Not Hero Ban,Support,Baptiste,7,4,3,0.5714,6,3,3,0.5
team,Please Not Hero Ban,Support,Juno,7,1,6,0.1429,0,0,0,0.0
team,Please Not Hero Ban,Support,Mizuki,5,3,2,0.6,4,3,1,0.75
team,Please Not Hero Ban,Support,Ana,5,3,2,0.6,3,1,2,0.3333
team,Please Not Hero Ban,Support,Brigitte,4,1,3,0.25,2,1,1,0.5
team,Please Not Hero Ban,Support,Jetpack Cat,3,2,1,0.6667,2,1,1,0.5
team,Please Not Hero Ban,Support,Wuyang,1,1,0,1.0,1,1,0,1.0
team,Please Not Hero Ban,Tank,D.Va,18,8,10,0.4444,11,6,5,0.5455
team,Please Not Hero Ban,Tank,Orisa,11,7,4,0.6364,7,4,3,0.5714
team,Please Not Hero Ban,Tank,Zarya,5,3,2,0.6,3,2,1,0.6667
team,Please Not Hero Ban,Tank,Mauga,4,1,3,0.25,1,1,0,1.0
team,Please Not Hero Ban,Tank,Ramattra,3,1,2,0.3333,2,0,2,0.0
team,Please Not Hero Ban,Tank,Wrecking Ball,3,2,1,0.6667,2,1,1,0.5
team,Please Not Hero Ban,Tank,Winston,2,2,0,1.0,2,2,0,1.0
team,Please Not Hero Ban,Tank,Hazard,2,2,0,1.0,2,2,0,1.0
team,Please Not Hero Ban,Tank,Sigma,1,1,0,1.0,1,1,0,1.0
team,Poker Face,DPS,Emre,18,5,13,0.2778,6,2,4,0.3333
team,Poker Face,DPS,Symmetra,15,4,11,0.2667,2,2,0,1.0
team,Poker Face,DPS,Tracer,15,2,13,0.1333,2,0,2,0.0
team,Poker Face,DPS,Widowmaker,14,4,10,0.2857,10,2,8,0.2
team,Poker Face,DPS,Vendetta,12,5,7,0.4167,2,0,2,0.0
team,Poker Face,DPS,Sojourn,8,1,7,0.125,3,0,3,0.0
team,Poker Face,DPS,Hanzo,4,2,2,0.5,4,2,2,0.5
team,Poker Face,DPS,Echo,4,1,3,0.25,2,1,1,0.5
team,Poker Face,DPS,Pharah,4,1,3,0.25,2,0,2,0.0
team,Poker Face,DPS,Bastion,4,1,3,0.25,0,0,0,0.0
team,Poker Face,DPS,Cassidy,3,0,3,0.0,2,0,2,0.0
team,Poker Face,DPS,Mei,2,1,1,0.5,1,1,0,1.0
team,Poker Face,DPS,Sierra,2,0,2,0.0,2,0,2,0.0
team,Poker Face,DPS,Venture,1,0,1,0.0,1,0,1,0.0
team,Poker Face,DPS,Reaper,1,0,1,0.0,1,0,1,0.0
team,Poker Face,Support,Kiriko,22,6,16,0.2727,4,0,4,0.0
team,Poker Face,Support,Lúcio,22,6,16,0.2727,7,2,5,0.2857
team,Poker Face,Support,Juno,8,2,6,0.25,5,1,4,0.2
team,Poker Face,Support,Ana,6,2,4,0.3333,1,0,1,0.0
team,Poker Face,Support,Jetpack Cat,6,2,4,0.3333,1,1,0,1.0
team,Poker Face,Support,Wuyang,5,2,3,0.4,3,0,3,0.0
team,Poker Face,Support,Illari,2,0,2,0.0,1,0,1,0.0
team,Poker Face,Support,Brigitte,2,0,2,0.0,0,0,0,0.0
team,Poker Face,Support,Baptiste,1,1,0,1.0,1,1,0,1.0
team,Poker Face,Support,Zenyatta,1,0,1,0.0,1,0,1,0.0
team,Poker Face,Tank,Zarya,12,3,9,0.25,6,3,3,0.5
team,Poker Face,Tank,Hazard,10,1,9,0.1,6,1,5,0.1667
team,Poker Face,Tank,D.Va,9,5,4,0.5556,3,1,2,0.3333
team,Poker Face,Tank,Wrecking Ball,5,1,4,0.2,5,1,4,0.2
team,Poker Face,Tank,Mauga,5,0,5,0.0,3,0,3,0.0
team,Poker Face,Tank,Ramattra,3,1,2,0.3333,3,1,2,0.3333
team,Poker Face,Tank,Winston,2,0,2,0.0,1,0,1,0.0
team,Poker Face,Tank,Orisa,1,0,1,0.0,0,0,0,0.0
team,Poker Face,Tank,Doomfist,1,0,1,0.0,1,0,1,0.0
team,Quasar Esports,DPS,Tracer,17,7,10,0.4118,6,2,4,0.3333
team,Quasar Esports,DPS,Sojourn,13,6,7,0.4615,7,2,5,0.2857
team,Quasar Esports,DPS,Symmetra,10,3,7,0.3,3,1,2,0.3333
team,Quasar Esports,DPS,Cassidy,9,4,5,0.4444,3,2,1,0.6667
team,Quasar Esports,DPS,Emre,8,4,4,0.5,4,2,2,0.5
team,Quasar Esports,DPS,Vendetta,3,0,3,0.0,2,0,2,0.0
team,Quasar Esports,DPS,Hanzo,2,1,1,0.5,0,0,0,0.0
team,Quasar Esports,DPS,Widowmaker,2,1,1,0.5,2,1,1,0.5
team,Quasar Esports,DPS,Genji,2,1,1,0.5,2,1,1,0.5
team,Quasar Esports,DPS,Ashe,2,2,0,1.0,2,2,0,1.0
team,Quasar Esports,DPS,Mei,2,1,1,0.5,2,1,1,0.5
team,Quasar Esports,DPS,Bastion,2,0,2,0.0,2,0,2,0.0
team,Quasar Esports,DPS,Soldier: 76,1,1,0,1.0,1,1,0,1.0
team,Quasar Esports,DPS,Reaper,1,0,1,0.0,1,0,1,0.0
team,Quasar Esports,Support,Kiriko,17,7,10,0.4118,5,2,3,0.4
team,Quasar Esports,Support,Lúcio,11,3,8,0.2727,4,1,3,0.25
team,Quasar Esports,Support,Ana,8,5,3,0.625,3,1,2,0.3333
team,Quasar Esports,Support,Mizuki,5,2,3,0.4,2,1,1,0.5
team,Quasar Esports,Support,Juno,4,1,3,0.25,3,1,2,0.3333
team,Quasar Esports,Support,Jetpack Cat,3,0,3,0.0,2,0,2,0.0
team,Quasar Esports,Support,Baptiste,3,2,1,0.6667,1,1,0,1.0
team,Quasar Esports,Support,Illari,1,1,0,1.0,1,1,0,1.0
team,Quasar Esports,Support,Wuyang,1,0,1,0.0,1,0,1,0.0
team,Quasar Esports,Tank,D.Va,11,4,7,0.3636,3,0,3,0.0
team,Quasar Esports,Tank,Winston,6,3,3,0.5,4,1,3,0.25
team,Quasar Esports,Tank,Zarya,2,0,2,0.0,0,0,0,0.0
team,Quasar Esports,Tank,Ramattra,2,1,1,0.5,2,1,1,0.5
team,Quasar Esports,Tank,Domina,2,1,1,0.5,2,1,1,0.5
team,Quasar Esports,Tank,Roadhog,1,1,0,1.0,1,1,0,1.0
team,Quasar Esports,Tank,Orisa,1,0,1,0.0,1,0,1,0.0
team,Quasar Esports,Tank,Mauga,1,0,1,0.0,1,0,1,0.0
team,Rankers,DPS,Reaper,14,8,6,0.5714,13,8,5,0.6154
team,Rankers,DPS,Tracer,10,7,3,0.7,1,1,0,1.0
team,Rankers,DPS,Symmetra,9,7,2,0.7778,1,1,0,1.0
team,Rankers,DPS,Echo,7,4,3,0.5714,7,4,3,0.5714
team,Rankers,DPS,Sojourn,6,3,3,0.5,0,0,0,0.0
team,Rankers,DPS,Emre,5,3,2,0.6,2,1,1,0.5
team,Rankers,DPS,Cassidy,5,3,2,0.6,0,0,0,0.0
team,Rankers,DPS,Pharah,2,1,1,0.5,1,0,1,0.0
team,Rankers,DPS,Ashe,1,0,1,0.0,1,0,1,0.0
team,Rankers,DPS,Torbjörn,1,0,1,0.0,1,0,1,0.0
team,Rankers,DPS,Hanzo,1,0,1,0.0,0,0,0,0.0
team,Rankers,Support,Kiriko,16,9,7,0.5625,1,0,1,0.0
team,Rankers,Support,Illari,13,8,5,0.6154,8,5,3,0.625
team,Rankers,Support,Ana,10,6,4,0.6,7,4,3,0.5714
team,Rankers,Support,Brigitte,7,4,3,0.5714,4,2,2,0.5
team,Rankers,Support,Wuyang,3,2,1,0.6667,3,2,1,0.6667
team,Rankers,Support,Mizuki,3,1,2,0.3333,0,0,0,0.0
team,Rankers,Support,Baptiste,3,2,1,0.6667,3,2,1,0.6667
team,Rankers,Support,Lúcio,2,2,0,1.0,1,1,0,1.0
team,Rankers,Support,Juno,1,0,1,0.0,1,0,1,0.0
team,Rankers,Tank,D.Va,12,8,4,0.6667,4,2,2,0.5
team,Rankers,Tank,Zarya,11,8,3,0.7273,8,5,3,0.625
team,Rankers,Tank,Mauga,4,2,2,0.5,3,1,2,0.3333
team,Rankers,Tank,Winston,1,0,1,0.0,0,0,0,0.0
team,RØDE ONSIDE GAMING,DPS,Emre,31,17,14,0.5484,12,5,7,0.4167
team,RØDE ONSIDE GAMING,DPS,Symmetra,27,16,11,0.5926,9,6,3,0.6667
team,RØDE ONSIDE GAMING,DPS,Tracer,26,12,14,0.4615,3,1,2,0.3333
team,RØDE ONSIDE GAMING,DPS,Sojourn,19,11,8,0.5789,5,2,3,0.4
team,RØDE ONSIDE GAMING,DPS,Vendetta,16,8,8,0.5,4,2,2,0.5
team,RØDE ONSIDE GAMING,DPS,Pharah,12,7,5,0.5833,9,7,2,0.7778
team,RØDE ONSIDE GAMING,DPS,Genji,7,5,2,0.7143,4,3,1,0.75
team,RØDE ONSIDE GAMING,DPS,Widowmaker,7,3,4,0.4286,4,1,3,0.25
team,RØDE ONSIDE GAMING,DPS,Bastion,6,1,5,0.1667,2,1,1,0.5
team,RØDE ONSIDE GAMING,DPS,Mei,5,1,4,0.2,3,1,2,0.3333
team,RØDE ONSIDE GAMING,DPS,Cassidy,3,1,2,0.3333,2,1,1,0.5
team,RØDE ONSIDE GAMING,DPS,Venture,2,0,2,0.0,2,0,2,0.0
team,RØDE ONSIDE GAMING,DPS,Torbjörn,2,1,1,0.5,1,0,1,0.0
team,RØDE ONSIDE GAMING,DPS,Sierra,2,1,1,0.5,2,1,1,0.5
team,RØDE ONSIDE GAMING,DPS,Reaper,2,0,2,0.0,2,0,2,0.0
team,RØDE ONSIDE GAMING,DPS,Sombra,2,0,2,0.0,2,0,2,0.0
team,RØDE ONSIDE GAMING,DPS,Anran,1,0,1,0.0,1,0,1,0.0
team,RØDE ONSIDE GAMING,Support,Kiriko,37,17,20,0.4595,4,1,3,0.25
team,RØDE ONSIDE GAMING,Support,Lúcio,31,15,16,0.4839,4,1,3,0.25
team,RØDE ONSIDE GAMING,Support,Brigitte,12,8,4,0.6667,6,2,4,0.3333
team,RØDE ONSIDE GAMING,Support,Ana,9,5,4,0.5556,2,0,2,0.0
team,RØDE ONSIDE GAMING,Support,Juno,8,5,3,0.625,6,4,2,0.6667
team,RØDE ONSIDE GAMING,Support,Wuyang,7,4,3,0.5714,7,4,3,0.5714
team,RØDE ONSIDE GAMING,Support,Jetpack Cat,6,2,4,0.3333,2,2,0,1.0
team,RØDE ONSIDE GAMING,Support,Mercy,2,2,0,1.0,2,2,0,1.0
team,RØDE ONSIDE GAMING,Support,Baptiste,2,0,2,0.0,1,0,1,0.0
team,RØDE ONSIDE GAMING,Support,Mizuki,1,1,0,1.0,1,1,0,1.0
team,RØDE ONSIDE GAMING,Tank,D.Va,22,13,9,0.5909,6,3,3,0.5
team,RØDE ONSIDE GAMING,Tank,Zarya,18,5,13,0.2778,4,0,4,0.0
team,RØDE ONSIDE GAMING,Tank,Hazard,10,7,3,0.7,6,3,3,0.5
team,RØDE ONSIDE GAMING,Tank,Doomfist,4,1,3,0.25,3,1,2,0.3333
team,RØDE ONSIDE GAMING,Tank,Winston,4,2,2,0.5,1,1,0,1.0
team,RØDE ONSIDE GAMING,Tank,Mauga,4,1,3,0.25,3,1,2,0.3333
team,RØDE ONSIDE GAMING,Tank,Ramattra,3,1,2,0.3333,0,0,0,0.0
team,RØDE ONSIDE GAMING,Tank,Orisa,2,1,1,0.5,0,0,0,0.0
team,RØDE ONSIDE GAMING,Tank,Wrecking Ball,1,0,1,0.0,1,0,1,0.0
team,RØDE ONSIDE GAMING,Tank,Reinhardt,1,0,1,0.0,1,0,1,0.0
team,SV,DPS,Emre,24,8,16,0.3333,6,4,2,0.6667
team,SV,DPS,Vendetta,19,10,9,0.5263,8,4,4,0.5
team,SV,DPS,Symmetra,17,7,10,0.4118,4,3,1,0.75
team,SV,DPS,Tracer,16,2,14,0.125,3,1,2,0.3333
team,SV,DPS,Sojourn,12,5,7,0.4167,6,3,3,0.5
team,SV,DPS,Widowmaker,7,1,6,0.1429,4,1,3,0.25
team,SV,DPS,Pharah,4,1,3,0.25,3,1,2,0.3333
team,SV,DPS,Hanzo,3,1,2,0.3333,2,1,1,0.5
team,SV,DPS,Mei,3,0,3,0.0,2,0,2,0.0
team,SV,DPS,Bastion,3,0,3,0.0,1,0,1,0.0
team,SV,DPS,Cassidy,2,0,2,0.0,2,0,2,0.0
team,SV,DPS,Freja,1,1,0,1.0,1,1,0,1.0
team,SV,DPS,Reaper,1,0,1,0.0,1,0,1,0.0
team,SV,DPS,Genji,1,0,1,0.0,1,0,1,0.0
team,SV,DPS,Sierra,1,0,1,0.0,1,0,1,0.0
team,SV,Support,Kiriko,28,10,18,0.3571,3,1,2,0.3333
team,SV,Support,Lúcio,23,8,15,0.3478,3,1,2,0.3333
team,SV,Support,Wuyang,9,4,5,0.4444,6,4,2,0.6667
team,SV,Support,Juno,8,2,6,0.25,4,1,3,0.25
team,SV,Support,Illari,6,0,6,0.0,6,0,6,0.0
team,SV,Support,Baptiste,4,0,4,0.0,3,0,3,0.0
team,SV,Support,Ana,4,1,3,0.25,1,1,0,1.0
team,SV,Support,Brigitte,2,1,1,0.5,1,0,1,0.0
team,SV,Support,Jetpack Cat,2,0,2,0.0,0,0,0,0.0
team,SV,Support,Mercy,1,0,1,0.0,1,0,1,0.0
team,SV,Tank,D.Va,18,7,11,0.3889,10,6,4,0.6
team,SV,Tank,Zarya,17,8,9,0.4706,11,4,7,0.3636
team,SV,Tank,Orisa,6,0,6,0.0,5,0,5,0.0
team,SV,Tank,Junker Queen,5,0,5,0.0,5,0,5,0.0
team,SV,Tank,Sigma,2,0,2,0.0,1,0,1,0.0
team,SV,Tank,Ramattra,2,0,2,0.0,2,0,2,0.0
team,SV,Tank,Mauga,2,0,2,0.0,1,0,1,0.0
team,SV,Tank,Roadhog,2,0,2,0.0,2,0,2,0.0
team,SV,Tank,Reinhardt,1,0,1,0.0,1,0,1,0.0
team,SV,Tank,Hazard,1,0,1,0.0,1,0,1,0.0
team,Spacestation Gaming,DPS,Emre,27,14,13,0.5185,6,3,3,0.5
team,Spacestation Gaming,DPS,Tracer,26,13,13,0.5,2,0,2,0.0
team,Spacestation Gaming,DPS,Symmetra,21,14,7,0.6667,8,6,2,0.75
team,Spacestation Gaming,DPS,Cassidy,11,6,5,0.5455,9,5,4,0.5556
team,Spacestation Gaming,DPS,Sojourn,10,4,6,0.4,6,1,5,0.1667
team,Spacestation Gaming,DPS,Widowmaker,10,4,6,0.4,4,1,3,0.25
team,Spacestation Gaming,DPS,Vendetta,9,5,4,0.5556,4,2,2,0.5
team,Spacestation Gaming,DPS,Pharah,4,2,2,0.5,3,1,2,0.3333
team,Spacestation Gaming,DPS,Echo,4,2,2,0.5,3,1,2,0.3333
team,Spacestation Gaming,DPS,Genji,3,1,2,0.3333,2,0,2,0.0
team,Spacestation Gaming,DPS,Hanzo,1,1,0,1.0,1,1,0,1.0
team,Spacestation Gaming,DPS,Venture,1,0,1,0.0,0,0,0,0.0
team,Spacestation Gaming,Support,Lúcio,30,14,16,0.4667,12,4,8,0.3333
team,Spacestation Gaming,Support,Kiriko,28,15,13,0.5357,4,3,1,0.75
team,Spacestation Gaming,Support,Juno,16,9,7,0.5625,3,0,3,0.0
team,Spacestation Gaming,Support,Brigitte,9,6,3,0.6667,2,2,0,1.0
team,Spacestation Gaming,Support,Wuyang,5,3,2,0.6,4,3,1,0.75
team,Spacestation Gaming,Support,Baptiste,4,2,2,0.5,2,1,1,0.5
team,Spacestation Gaming,Support,Ana,4,1,3,0.25,1,0,1,0.0
team,Spacestation Gaming,Support,Jetpack Cat,4,2,2,0.5,3,2,1,0.6667
team,Spacestation Gaming,Support,Zenyatta,1,1,0,1.0,1,1,0,1.0
team,Spacestation Gaming,Tank,D.Va,25,13,12,0.52,14,6,8,0.4286
team,Spacestation Gaming,Tank,Zarya,16,7,9,0.4375,14,6,8,0.4286
team,Spacestation Gaming,Tank,Orisa,6,4,2,0.6667,2,1,1,0.5
team,Spacestation Gaming,Tank,Ramattra,5,3,2,0.6,3,3,0,1.0
team,Spacestation Gaming,Tank,Mauga,4,2,2,0.5,2,1,1,0.5
team,Spacestation Gaming,Tank,Doomfist,4,1,3,0.25,4,1,3,0.25
team,Spacestation Gaming,Tank,Hazard,3,1,2,0.3333,3,1,2,0.3333
team,Spacestation Gaming,Tank,Sigma,2,2,0,1.0,2,2,0,1.0
team,T1,DPS,Vendetta,21,13,8,0.619,2,2,0,1.0
team,T1,DPS,Emre,20,13,7,0.65,3,2,1,0.6667
team,T1,DPS,Symmetra,20,15,5,0.75,4,3,1,0.75
team,T1,DPS,Sojourn,18,9,9,0.5,4,2,2,0.5
team,T1,DPS,Tracer,17,11,6,0.6471,2,1,1,0.5
team,T1,DPS,Echo,5,4,1,0.8,5,4,1,0.8
team,T1,DPS,Widowmaker,4,3,1,0.75,1,1,0,1.0
team,T1,DPS,Genji,3,1,2,0.3333,2,1,1,0.5
team,T1,DPS,Pharah,3,3,0,1.0,0,0,0,0.0
team,T1,DPS,Venture,3,1,2,0.3333,2,1,1,0.5
team,T1,DPS,Anran,2,1,1,0.5,0,0,0,0.0
team,T1,DPS,Sombra,2,1,1,0.5,0,0,0,0.0
team,T1,DPS,Bastion,2,2,0,1.0,0,0,0,0.0
team,T1,DPS,Reaper,1,1,0,1.0,1,1,0,1.0
team,T1,Support,Kiriko,29,19,10,0.6552,2,1,1,0.5
team,T1,Support,Lúcio,29,20,9,0.6897,4,2,2,0.5
team,T1,Support,Juno,13,7,6,0.5385,7,5,2,0.7143
team,T1,Support,Ana,9,5,4,0.5556,1,1,0,1.0
team,T1,Support,Wuyang,8,5,3,0.625,3,1,2,0.3333
team,T1,Support,Jetpack Cat,6,5,1,0.8333,0,0,0,0.0
team,T1,Support,Baptiste,4,1,3,0.25,4,1,3,0.25
team,T1,Support,Brigitte,4,0,4,0.0,1,0,1,0.0
team,T1,Support,Mizuki,2,1,1,0.5,0,0,0,0.0
team,T1,Support,Mercy,1,1,0,1.0,1,1,0,1.0
team,T1,Support,Moira,1,0,1,0.0,1,0,1,0.0
team,T1,Support,Illari,1,0,1,0.0,1,0,1,0.0
team,T1,Support,Lifeweaver,1,1,0,1.0,1,1,0,1.0
team,T1,Tank,D.Va,14,6,8,0.4286,5,2,3,0.4
team,T1,Tank,Zarya,14,8,6,0.5714,3,1,2,0.3333
team,T1,Tank,Wrecking Ball,9,6,3,0.6667,3,1,2,0.3333
team,T1,Tank,Domina,7,4,3,0.5714,2,0,2,0.0
team,T1,Tank,Sigma,5,3,2,0.6,3,2,1,0.6667
team,T1,Tank,Orisa,5,2,3,0.4,5,2,3,0.4
team,T1,Tank,Mauga,5,4,1,0.8,2,2,0,1.0
team,T1,Tank,Hazard,4,4,0,1.0,1,1,0,1.0
team,T1,Tank,Doomfist,2,2,0,1.0,2,2,0,1.0
team,T1,Tank,Ramattra,2,2,0,1.0,2,2,0,1.0
team,T1,Tank,Roadhog,2,2,0,1.0,2,2,0,1.0
team,T1,Tank,Junker Queen,2,1,1,0.5,2,1,1,0.5
team,T1,Tank,Reinhardt,1,1,0,1.0,1,1,0,1.0
team,T1,Tank,Winston,1,0,1,0.0,0,0,0,0.0
team,TOKYO TAIYOs,DPS,Symmetra,19,1,18,0.0526,5,0,5,0.0
team,TOKYO TAIYOs,DPS,Cassidy,18,2,16,0.1111,12,1,11,0.0833
team,TOKYO TAIYOs,DPS,Tracer,17,1,16,0.0588,8,1,7,0.125
team,TOKYO TAIYOs,DPS,Mei,11,2,9,0.1818,11,2,9,0.1818
team,TOKYO TAIYOs,DPS,Bastion,10,0,10,0.0,10,0,10,0.0
team,TOKYO TAIYOs,DPS,Widowmaker,9,2,7,0.2222,5,1,4,0.2
team,TOKYO TAIYOs,DPS,Emre,7,1,6,0.1429,1,0,1,0.0
team,TOKYO TAIYOs,DPS,Sojourn,4,1,3,0.25,4,1,3,0.25
team,TOKYO TAIYOs,DPS,Vendetta,3,0,3,0.0,1,0,1,0.0
team,TOKYO TAIYOs,DPS,Ashe,2,0,2,0.0,1,0,1,0.0
team,TOKYO TAIYOs,DPS,Soldier: 76,2,0,2,0.0,2,0,2,0.0
team,TOKYO TAIYOs,DPS,Hanzo,1,1,0,1.0,1,1,0,1.0
team,TOKYO TAIYOs,DPS,Pharah,1,0,1,0.0,1,0,1,0.0
team,TOKYO TAIYOs,DPS,Genji,1,0,1,0.0,0,0,0,0.0
team,TOKYO TAIYOs,Support,Kiriko,22,3,19,0.1364,3,0,3,0.0
team,TOKYO TAIYOs,Support,Lúcio,19,3,16,0.1579,9,1,8,0.1111
team,TOKYO TAIYOs,Support,Baptiste,10,0,10,0.0,6,0,6,0.0
team,TOKYO TAIYOs,Support,Wuyang,6,0,6,0.0,3,0,3,0.0
team,TOKYO TAIYOs,Support,Juno,6,1,5,0.1667,2,0,2,0.0
team,TOKYO TAIYOs,Support,Lifeweaver,5,2,3,0.4,5,2,3,0.4
team,TOKYO TAIYOs,Support,Illari,4,0,4,0.0,4,0,4,0.0
team,TOKYO TAIYOs,Support,Brigitte,4,0,4,0.0,4,0,4,0.0
team,TOKYO TAIYOs,Support,Jetpack Cat,3,0,3,0.0,0,0,0,0.0
team,TOKYO TAIYOs,Support,Ana,3,0,3,0.0,1,0,1,0.0
team,TOKYO TAIYOs,Support,Mercy,3,1,2,0.3333,3,1,2,0.3333
team,TOKYO TAIYOs,Support,Mizuki,1,0,1,0.0,1,0,1,0.0
team,TOKYO TAIYOs,Support,Zenyatta,1,0,1,0.0,1,0,1,0.0
team,TOKYO TAIYOs,Tank,D.Va,12,2,10,0.1667,3,0,3,0.0
team,TOKYO TAIYOs,Tank,Sigma,12,0,12,0.0,10,0,10,0.0
team,TOKYO TAIYOs,Tank,Ramattra,9,3,6,0.3333,7,3,4,0.4286
team,TOKYO TAIYOs,Tank,Roadhog,4,0,4,0.0,4,0,4,0.0
team,TOKYO TAIYOs,Tank,Mauga,4,0,4,0.0,4,0,4,0.0
team,TOKYO TAIYOs,Tank,Zarya,2,0,2,0.0,1,0,1,0.0
team,TOKYO TAIYOs,Tank,Doomfist,2,1,1,0.5,2,1,1,0.5
team,TOKYO TAIYOs,Tank,Hazard,2,0,2,0.0,2,0,2,0.0
team,TOKYO TAIYOs,Tank,Winston,1,0,1,0.0,0,0,0,0.0
team,TOKYO TAIYOs,Tank,Wrecking Ball,1,0,1,0.0,1,0,1,0.0
team,Team Falcons,DPS,Symmetra,32,20,12,0.625,14,10,4,0.7143
team,Team Falcons,DPS,Emre,22,14,8,0.6364,3,2,1,0.6667
team,Team Falcons,DPS,Sojourn,20,9,11,0.45,4,1,3,0.25
team,Team Falcons,DPS,Vendetta,18,13,5,0.7222,2,0,2,0.0
team,Team Falcons,DPS,Tracer,18,9,9,0.5,4,1,3,0.25
team,Team Falcons,DPS,Cassidy,15,8,7,0.5333,11,5,6,0.4545
team,Team Falcons,DPS,Bastion,8,5,3,0.625,3,3,0,1.0
team,Team Falcons,DPS,Widowmaker,7,3,4,0.4286,5,2,3,0.4
team,Team Falcons,DPS,Pharah,6,3,3,0.5,1,1,0,1.0
team,Team Falcons,DPS,Hanzo,5,4,1,0.8,5,4,1,0.8
team,Team Falcons,DPS,Mei,4,1,3,0.25,3,1,2,0.3333
team,Team Falcons,DPS,Genji,4,2,2,0.5,3,1,2,0.3333
team,Team Falcons,DPS,Anran,3,2,1,0.6667,0,0,0,0.0
team,Team Falcons,DPS,Torbjörn,3,1,2,0.3333,1,0,1,0.0
team,Team Falcons,DPS,Reaper,2,0,2,0.0,1,0,1,0.0
team,Team Falcons,DPS,Echo,2,1,1,0.5,1,0,1,0.0
team,Team Falcons,DPS,Venture,1,0,1,0.0,1,0,1,0.0
team,Team Falcons,Support,Kiriko,44,26,18,0.5909,5,2,3,0.4
team,Team Falcons,Support,Lúcio,35,21,14,0.6,9,4,5,0.4444
team,Team Falcons,Support,Juno,33,21,12,0.6364,21,14,7,0.6667
team,Team Falcons,Support,Jetpack Cat,18,9,9,0.5,7,4,3,0.5714
team,Team Falcons,Support,Brigitte,10,6,4,0.6,4,3,1,0.75
team,Team Falcons,Support,Ana,5,2,3,0.4,1,0,1,0.0
team,Team Falcons,Support,Baptiste,4,1,3,0.25,2,1,1,0.5
team,Team Falcons,Support,Mizuki,3,2,1,0.6667,0,0,0,0.0
team,Team Falcons,Support,Wuyang,2,1,1,0.5,0,0,0,0.0
team,Team Falcons,Support,Lifeweaver,2,2,0,1.0,2,2,0,1.0
team,Team Falcons,Support,Illari,1,1,0,1.0,0,0,0,0.0
team,Team Falcons,Support,Moira,1,1,0,1.0,1,1,0,1.0
team,Team Falcons,Tank,D.Va,27,16,11,0.5926,9,6,3,0.6667
team,Team Falcons,Tank,Zarya,16,10,6,0.625,6,3,3,0.5
team,Team Falcons,Tank,Domina,9,5,4,0.5556,4,2,2,0.5
team,Team Falcons,Tank,Ramattra,6,3,3,0.5,3,2,1,0.6667
team,Team Falcons,Tank,Mauga,3,1,2,0.3333,2,0,2,0.0
team,Team Falcons,Tank,Winston,2,2,0,1.0,0,0,0,0.0
team,Team Falcons,Tank,Sigma,2,0,2,0.0,2,0,2,0.0
team,Team Falcons,Tank,Orisa,2,1,1,0.5,1,0,1,0.0
team,Team Falcons,Tank,Wrecking Ball,1,0,1,0.0,1,0,1,0.0
team,Team Falcons,Tank,Reinhardt,1,1,0,1.0,1,1,0,1.0
team,Team Falcons,Tank,Doomfist,1,1,0,1.0,0,0,0,0.0
team,Team Liquid,DPS,Tracer,26,9,17,0.3462,3,0,3,0.0
team,Team Liquid,DPS,Emre,24,10,14,0.4167,5,0,5,0.0
team,Team Liquid,DPS,Vendetta,17,6,11,0.3529,6,3,3,0.5
team,Team Liquid,DPS,Symmetra,14,5,9,0.3571,3,1,2,0.3333
team,Team Liquid,DPS,Sojourn,13,5,8,0.3846,2,0,2,0.0
team,Team Liquid,DPS,Widowmaker,12,7,5,0.5833,10,6,4,0.6
team,Team Liquid,DPS,Genji,7,4,3,0.5714,6,4,2,0.6667
team,Team Liquid,DPS,Pharah,7,4,3,0.5714,6,3,3,0.5
team,Team Liquid,DPS,Cassidy,7,3,4,0.4286,5,2,3,0.4
team,Team Liquid,DPS,Echo,3,1,2,0.3333,2,0,2,0.0
team,Team Liquid,DPS,Anran,2,2,0,1.0,0,0,0,0.0
team,Team Liquid,DPS,Sombra,2,1,1,0.5,2,1,1,0.5
team,Team Liquid,DPS,Venture,2,2,0,1.0,2,2,0,1.0
team,Team Liquid,DPS,Hanzo,1,1,0,1.0,1,1,0,1.0
team,Team Liquid,DPS,Bastion,1,1,0,1.0,1,1,0,1.0
team,Team Liquid,Support,Kiriko,29,13,16,0.4483,2,0,2,0.0
team,Team Liquid,Support,Lúcio,20,8,12,0.4,1,0,1,0.0
team,Team Liquid,Support,Juno,16,5,11,0.3125,5,2,3,0.4
team,Team Liquid,Support,Brigitte,15,5,10,0.3333,7,1,6,0.1429
team,Team Liquid,Support,Jetpack Cat,8,4,4,0.5,4,0,4,0.0
team,Team Liquid,Support,Wuyang,5,4,1,0.8,1,0,1,0.0
team,Team Liquid,Support,Illari,4,2,2,0.5,3,2,1,0.6667
team,Team Liquid,Support,Ana,3,2,1,0.6667,3,2,1,0.6667
team,Team Liquid,Support,Mizuki,2,2,0,1.0,0,0,0,0.0
team,Team Liquid,Support,Lifeweaver,1,1,0,1.0,1,1,0,1.0
team,Team Liquid,Support,Baptiste,1,0,1,0.0,0,0,0,0.0
team,Team Liquid,Tank,D.Va,12,5,7,0.4167,1,0,1,0.0
team,Team Liquid,Tank,Orisa,12,4,8,0.3333,4,0,4,0.0
team,Team Liquid,Tank,Wrecking Ball,10,6,4,0.6,9,5,4,0.5556
team,Team Liquid,Tank,Mauga,8,3,5,0.375,6,2,4,0.3333
team,Team Liquid,Tank,Domina,7,5,2,0.7143,2,2,0,1.0
team,Team Liquid,Tank,Zarya,5,1,4,0.2,4,1,3,0.25
team,Team Liquid,Tank,Winston,5,3,2,0.6,5,3,2,0.6
team,Team Liquid,Tank,Sigma,4,1,3,0.25,4,1,3,0.25
team,Team Liquid,Tank,Ramattra,2,0,2,0.0,2,0,2,0.0
team,Team Liquid,Tank,Reinhardt,1,1,0,1.0,1,1,0,1.0
team,Team Peps,DPS,Vendetta,20,5,15,0.25,5,2,3,0.4
team,Team Peps,DPS,Emre,18,2,16,0.1111,3,1,2,0.3333
team,Team Peps,DPS,Tracer,18,5,13,0.2778,3,0,3,0.0
team,Team Peps,DPS,Sojourn,14,5,9,0.3571,3,1,2,0.3333
team,Team Peps,DPS,Widowmaker,4,0,4,0.0,2,0,2,0.0
team,Team Peps,DPS,Freja,3,1,2,0.3333,3,1,2,0.3333
team,Team Peps,DPS,Symmetra,3,1,2,0.3333,1,1,0,1.0
team,Team Peps,DPS,Pharah,3,1,2,0.3333,3,1,2,0.3333
team,Team Peps,DPS,Genji,3,1,2,0.3333,0,0,0,0.0
team,Team Peps,DPS,Hanzo,2,0,2,0.0,1,0,1,0.0
team,Team Peps,DPS,Anran,2,0,2,0.0,0,0,0,0.0
team,Team Peps,DPS,Ashe,1,1,0,1.0,0,0,0,0.0
team,Team Peps,DPS,Soldier: 76,1,0,1,0.0,1,0,1,0.0
team,Team Peps,Support,Lúcio,22,6,16,0.2727,2,1,1,0.5
team,Team Peps,Support,Kiriko,20,6,14,0.3,1,1,0,1.0
team,Team Peps,Support,Juno,13,1,12,0.0769,3,0,3,0.0
team,Team Peps,Support,Brigitte,8,1,7,0.125,1,0,1,0.0
team,Team Peps,Support,Jetpack Cat,7,1,6,0.1429,3,0,3,0.0
team,Team Peps,Support,Ana,4,1,3,0.25,1,0,1,0.0
team,Team Peps,Support,Mizuki,3,0,3,0.0,1,0,1,0.0
team,Team Peps,Support,Baptiste,3,0,3,0.0,1,0,1,0.0
team,Team Peps,Support,Zenyatta,3,0,3,0.0,3,0,3,0.0
team,Team Peps,Support,Wuyang,2,0,2,0.0,1,0,1,0.0
team,Team Peps,Support,Mercy,1,0,1,0.0,1,0,1,0.0
team,Team Peps,Support,Lifeweaver,1,0,1,0.0,1,0,1,0.0
team,Team Peps,Tank,Zarya,13,2,11,0.1538,6,1,5,0.1667
team,Team Peps,Tank,D.Va,10,1,9,0.1,2,0,2,0.0
team,Team Peps,Tank,Hazard,8,1,7,0.125,8,1,7,0.125
team,Team Peps,Tank,Mauga,7,2,5,0.2857,1,1,0,1.0
team,Team Peps,Tank,Wrecking Ball,6,0,6,0.0,5,0,5,0.0
team,Team Peps,Tank,Domina,5,1,4,0.2,1,0,1,0.0
team,Team Peps,Tank,Winston,3,1,2,0.3333,0,0,0,0.0
team,Team Peps,Tank,Ramattra,2,0,2,0.0,2,0,2,0.0
team,Team Secret,DPS,Tracer,13,10,3,0.7692,2,2,0,1.0
team,Team Secret,DPS,Emre,10,8,2,0.8,1,0,1,0.0
team,Team Secret,DPS,Symmetra,10,9,1,0.9,2,2,0,1.0
team,Team Secret,DPS,Sojourn,4,3,1,0.75,3,2,1,0.6667
team,Team Secret,DPS,Vendetta,4,2,2,0.5,3,2,1,0.6667
team,Team Secret,DPS,Widowmaker,3,3,0,1.0,2,2,0,1.0
team,Team Secret,DPS,Cassidy,2,2,0,1.0,1,1,0,1.0
team,Team Secret,DPS,Genji,2,2,0,1.0,2,2,0,1.0
team,Team Secret,DPS,Echo,2,2,0,1.0,1,1,0,1.0
team,Team Secret,DPS,Reaper,1,1,0,1.0,0,0,0,0.0
team,Team Secret,DPS,Sierra,1,1,0,1.0,1,1,0,1.0
team,Team Secret,DPS,Hanzo,1,1,0,1.0,0,0,0,0.0
team,Team Secret,Support,Kiriko,7,5,2,0.7143,1,0,1,0.0
team,Team Secret,Support,Juno,7,5,2,0.7143,5,4,1,0.8
team,Team Secret,Support,Illari,7,6,1,0.8571,6,6,0,1.0
team,Team Secret,Support,Brigitte,6,5,1,0.8333,5,4,1,0.8
team,Team Secret,Support,Lúcio,6,5,1,0.8333,2,2,0,1.0
team,Team Secret,Support,Mizuki,5,4,1,0.8,2,1,1,0.5
team,Team Secret,Support,Baptiste,5,5,0,1.0,4,4,0,1.0
team,Team Secret,Support,Ana,4,3,1,0.75,2,2,0,1.0
team,Team Secret,Support,Jetpack Cat,2,1,1,0.5,1,0,1,0.0
team,Team Secret,Support,Zenyatta,2,1,1,0.5,2,1,1,0.5
team,Team Secret,Support,Moira,1,1,0,1.0,1,1,0,1.0
team,Team Secret,Support,Mercy,1,1,0,1.0,1,1,0,1.0
team,Team Secret,Tank,Wrecking Ball,11,9,2,0.8182,10,8,2,0.8
team,Team Secret,Tank,D.Va,3,2,1,0.6667,0,0,0,0.0
team,Team Secret,Tank,Hazard,2,2,0,1.0,2,2,0,1.0
team,Team Secret,Tank,Ramattra,1,1,0,1.0,1,1,0,1.0
team,Team Secret,Tank,Doomfist,1,0,1,0.0,1,0,1,0.0
team,Team Secret,Tank,Winston,1,0,1,0.0,1,0,1,0.0
team,Telomere,DPS,Tracer,16,2,14,0.125,4,1,3,0.25
team,Telomere,DPS,Sojourn,13,0,13,0.0,11,0,11,0.0
team,Telomere,DPS,Symmetra,12,1,11,0.0833,1,0,1,0.0
team,Telomere,DPS,Vendetta,11,1,10,0.0909,4,0,4,0.0
team,Telomere,DPS,Emre,11,1,10,0.0909,1,0,1,0.0
team,Telomere,DPS,Cassidy,9,3,6,0.3333,5,2,3,0.4
team,Telomere,DPS,Mei,4,1,3,0.25,4,1,3,0.25
team,Telomere,DPS,Genji,3,0,3,0.0,2,0,2,0.0
team,Telomere,DPS,Ashe,2,0,2,0.0,1,0,1,0.0
team,Telomere,DPS,Echo,2,0,2,0.0,1,0,1,0.0
team,Telomere,DPS,Widowmaker,2,0,2,0.0,2,0,2,0.0
team,Telomere,Support,Kiriko,15,0,15,0.0,2,0,2,0.0
team,Telomere,Support,Brigitte,14,2,12,0.1429,11,0,11,0.0
team,Telomere,Support,Lúcio,13,1,12,0.0769,4,0,4,0.0
team,Telomere,Support,Juno,11,2,9,0.1818,3,0,3,0.0
team,Telomere,Support,Ana,6,1,5,0.1667,4,1,3,0.25
team,Telomere,Support,Baptiste,5,1,4,0.2,4,1,3,0.25
team,Telomere,Support,Moira,4,0,4,0.0,4,0,4,0.0
team,Telomere,Support,Wuyang,2,0,2,0.0,2,0,2,0.0
team,Telomere,Support,Mizuki,1,0,1,0.0,1,0,1,0.0
team,Telomere,Support,Illari,1,0,1,0.0,1,0,1,0.0
team,Telomere,Tank,Winston,9,0,9,0.0,7,0,7,0.0
team,Telomere,Tank,D.Va,8,1,7,0.125,4,1,3,0.25
team,Telomere,Tank,Ramattra,8,2,6,0.25,6,2,4,0.3333
team,Telomere,Tank,Zarya,4,0,4,0.0,3,0,3,0.0
team,Telomere,Tank,Reinhardt,3,1,2,0.3333,3,1,2,0.3333
team,Telomere,Tank,Hazard,2,0,2,0.0,1,0,1,0.0
team,Telomere,Tank,Mauga,2,0,2,0.0,1,0,1,0.0
team,Telomere,Tank,Sigma,1,0,1,0.0,1,0,1,0.0
team,Telomere,Tank,Doomfist,1,0,1,0.0,1,0,1,0.0
team,Telomere,Tank,Wrecking Ball,1,0,1,0.0,1,0,1,0.0
team,Telomere,Tank,Orisa,1,0,1,0.0,1,0,1,0.0
team,Telomere,Tank,Junker Queen,1,0,1,0.0,1,0,1,0.0
team,The Gatos Guapos,DPS,Emre,12,10,2,0.8333,5,4,1,0.8
team,The Gatos Guapos,DPS,Tracer,9,7,2,0.7778,0,0,0,0.0
team,The Gatos Guapos,DPS,Vendetta,7,5,2,0.7143,4,2,2,0.5
team,The Gatos Guapos,DPS,Symmetra,7,5,2,0.7143,3,3,0,1.0
team,The Gatos Guapos,DPS,Anran,5,4,1,0.8,5,4,1,0.8
team,The Gatos Guapos,DPS,Sojourn,4,1,3,0.25,0,0,0,0.0
team,The Gatos Guapos,DPS,Cassidy,3,2,1,0.6667,3,2,1,0.6667
team,The Gatos Guapos,DPS,Widowmaker,2,2,0,1.0,0,0,0,0.0
team,The Gatos Guapos,DPS,Pharah,2,1,1,0.5,2,1,1,0.5
team,The Gatos Guapos,DPS,Hanzo,1,1,0,1.0,1,1,0,1.0
team,The Gatos Guapos,DPS,Venture,1,1,0,1.0,1,1,0,1.0
team,The Gatos Guapos,DPS,Reaper,1,1,0,1.0,1,1,0,1.0
team,The Gatos Guapos,DPS,Genji,1,1,0,1.0,1,1,0,1.0
team,The Gatos Guapos,DPS,Bastion,1,0,1,0.0,1,0,1,0.0
team,The Gatos Guapos,DPS,Soldier: 76,1,0,1,0.0,1,0,1,0.0
team,The Gatos Guapos,Support,Kiriko,12,9,3,0.75,1,1,0,1.0
team,The Gatos Guapos,Support,Lúcio,10,8,2,0.8,3,1,2,0.3333
team,The Gatos Guapos,Support,Juno,6,5,1,0.8333,4,3,1,0.75
team,The Gatos Guapos,Support,Ana,5,4,1,0.8,1,1,0,1.0
team,The Gatos Guapos,Support,Illari,5,4,1,0.8,4,3,1,0.75
team,The Gatos Guapos,Support,Jetpack Cat,4,3,1,0.75,4,3,1,0.75
team,The Gatos Guapos,Support,Brigitte,2,0,2,0.0,0,0,0,0.0
team,The Gatos Guapos,Support,Mizuki,1,1,0,1.0,1,1,0,1.0
team,The Gatos Guapos,Tank,D.Va,12,10,2,0.8333,5,4,1,0.8
team,The Gatos Guapos,Tank,Hazard,4,3,1,0.75,4,3,1,0.75
team,The Gatos Guapos,Tank,Zarya,3,3,0,1.0,2,2,0,1.0
team,The Gatos Guapos,Tank,Ramattra,3,0,3,0.0,3,0,3,0.0
team,The Gatos Guapos,Tank,Reinhardt,2,2,0,1.0,2,2,0,1.0
team,The Gatos Guapos,Tank,Doomfist,2,1,1,0.5,2,1,1,0.5
team,The Gatos Guapos,Tank,Mauga,1,0,1,0.0,0,0,0,0.0
team,Twisted Minds,DPS,Emre,28,27,1,0.9643,3,3,0,1.0
team,Twisted Minds,DPS,Tracer,23,20,3,0.8696,1,1,0,1.0
team,Twisted Minds,DPS,Vendetta,17,16,1,0.9412,3,3,0,1.0
team,Twisted Minds,DPS,Sojourn,11,8,3,0.7273,1,0,1,0.0
team,Twisted Minds,DPS,Pharah,7,7,0,1.0,3,3,0,1.0
team,Twisted Minds,DPS,Widowmaker,7,6,1,0.8571,2,2,0,1.0
team,Twisted Minds,DPS,Anran,3,2,1,0.6667,0,0,0,0.0
team,Twisted Minds,DPS,Symmetra,3,3,0,1.0,0,0,0,0.0
team,Twisted Minds,DPS,Genji,2,2,0,1.0,0,0,0,0.0
team,Twisted Minds,DPS,Cassidy,1,1,0,1.0,0,0,0,0.0
team,Twisted Minds,DPS,Sombra,1,0,1,0.0,1,0,1,0.0
team,Twisted Minds,DPS,Echo,1,1,0,1.0,1,1,0,1.0
team,Twisted Minds,DPS,Hanzo,1,1,0,1.0,1,1,0,1.0
team,Twisted Minds,Support,Kiriko,29,26,3,0.8966,2,2,0,1.0
team,Twisted Minds,Support,Lúcio,28,25,3,0.8929,2,2,0,1.0
team,Twisted Minds,Support,Juno,23,21,2,0.913,8,7,1,0.875
team,Twisted Minds,Support,Jetpack Cat,4,3,1,0.75,1,1,0,1.0
team,Twisted Minds,Support,Brigitte,4,4,0,1.0,0,0,0,0.0
team,Twisted Minds,Support,Mizuki,3,2,1,0.6667,0,0,0,0.0
team,Twisted Minds,Support,Ana,3,3,0,1.0,2,2,0,1.0
team,Twisted Minds,Support,Illari,3,3,0,1.0,2,2,0,1.0
team,Twisted Minds,Support,Wuyang,2,2,0,1.0,0,0,0,0.0
team,Twisted Minds,Support,Mercy,2,2,0,1.0,2,2,0,1.0
team,Twisted Minds,Support,Baptiste,2,2,0,1.0,2,2,0,1.0
team,Twisted Minds,Support,Zenyatta,1,0,1,0.0,1,0,1,0.0
team,Twisted Minds,Tank,Zarya,19,18,1,0.9474,4,3,1,0.75
team,Twisted Minds,Tank,D.Va,17,15,2,0.8824,6,6,0,1.0
team,Twisted Minds,Tank,Domina,5,4,1,0.8,0,0,0,0.0
team,Twisted Minds,Tank,Wrecking Ball,2,2,0,1.0,2,2,0,1.0
team,Twisted Minds,Tank,Sigma,2,2,0,1.0,1,1,0,1.0
team,Twisted Minds,Tank,Orisa,1,1,0,1.0,1,1,0,1.0
team,Twisted Minds,Tank,Ramattra,1,1,0,1.0,1,1,0,1.0
team,Twisted Minds,Tank,Mauga,1,1,0,1.0,1,1,0,1.0
team,Twisted Minds,Tank,Hazard,1,1,0,1.0,0,0,0,0.0
team,VARREL,DPS,Emre,26,24,2,0.9231,6,5,1,0.8333
team,VARREL,DPS,Symmetra,18,18,0,1.0,1,1,0,1.0
team,VARREL,DPS,Tracer,17,16,1,0.9412,2,1,1,0.5
team,VARREL,DPS,Vendetta,15,13,2,0.8667,8,8,0,1.0
team,VARREL,DPS,Echo,7,7,0,1.0,5,5,0,1.0
team,VARREL,DPS,Cassidy,6,5,1,0.8333,5,5,0,1.0
team,VARREL,DPS,Sojourn,5,2,3,0.4,2,1,1,0.5
team,VARREL,DPS,Widowmaker,3,2,1,0.6667,0,0,0,0.0
team,VARREL,DPS,Freja,2,0,2,0.0,2,0,2,0.0
team,VARREL,DPS,Anran,2,1,1,0.5,1,1,0,1.0
team,VARREL,DPS,Venture,2,1,1,0.5,2,1,1,0.5
team,VARREL,DPS,Genji,2,2,0,1.0,2,2,0,1.0
team,VARREL,DPS,Pharah,2,2,0,1.0,2,2,0,1.0
team,VARREL,DPS,Ashe,1,1,0,1.0,0,0,0,0.0
team,VARREL,DPS,Bastion,1,1,0,1.0,1,1,0,1.0
team,VARREL,DPS,Mei,1,1,0,1.0,1,1,0,1.0
team,VARREL,DPS,Hanzo,1,1,0,1.0,1,1,0,1.0
team,VARREL,Support,Kiriko,18,16,2,0.8889,2,2,0,1.0
team,VARREL,Support,Jetpack Cat,17,15,2,0.8824,11,11,0,1.0
team,VARREL,Support,Wuyang,13,11,2,0.8462,7,6,1,0.8571
team,VARREL,Support,Ana,12,12,0,1.0,4,4,0,1.0
team,VARREL,Support,Illari,11,10,1,0.9091,8,8,0,1.0
team,VARREL,Support,Baptiste,5,4,1,0.8,4,3,1,0.75
team,VARREL,Support,Brigitte,3,1,2,0.3333,3,1,2,0.3333
team,VARREL,Support,Juno,3,2,1,0.6667,0,0,0,0.0
team,VARREL,Support,Mizuki,2,1,1,0.5,0,0,0,0.0
team,VARREL,Support,Lúcio,1,1,0,1.0,0,0,0,0.0
team,VARREL,Tank,D.Va,19,18,1,0.9474,3,3,0,1.0
team,VARREL,Tank,Hazard,12,12,0,1.0,8,8,0,1.0
team,VARREL,Tank,Zarya,7,5,2,0.7143,3,1,2,0.3333
team,VARREL,Tank,Orisa,7,7,0,1.0,4,4,0,1.0
team,VARREL,Tank,Ramattra,4,3,1,0.75,4,3,1,0.75
team,VARREL,Tank,Winston,3,3,0,1.0,0,0,0,0.0
team,VARREL,Tank,Wrecking Ball,3,3,0,1.0,3,3,0,1.0
team,VARREL,Tank,Domina,2,0,2,0.0,1,0,1,0.0
team,VARREL,Tank,Sigma,2,2,0,1.0,1,1,0,1.0
team,Virtus.pro,DPS,Emre,34,20,14,0.5882,0,0,0,0.0
team,Virtus.pro,DPS,Tracer,27,15,12,0.5556,5,1,4,0.2
team,Virtus.pro,DPS,Vendetta,20,13,7,0.65,2,1,1,0.5
team,Virtus.pro,DPS,Symmetra,9,5,4,0.5556,3,2,1,0.6667
team,Virtus.pro,DPS,Widowmaker,9,5,4,0.5556,3,1,2,0.3333
team,Virtus.pro,DPS,Pharah,7,5,2,0.7143,4,4,0,1.0
team,Virtus.pro,DPS,Sojourn,6,3,3,0.5,2,1,1,0.5
team,Virtus.pro,DPS,Cassidy,4,4,0,1.0,2,2,0,1.0
team,Virtus.pro,DPS,Echo,3,2,1,0.6667,1,1,0,1.0
team,Virtus.pro,DPS,Anran,2,1,1,0.5,0,0,0,0.0
team,Virtus.pro,DPS,Hanzo,1,1,0,1.0,1,1,0,1.0
team,Virtus.pro,DPS,Bastion,1,1,0,1.0,1,1,0,1.0
team,Virtus.pro,Support,Kiriko,31,20,11,0.6452,2,2,0,1.0
team,Virtus.pro,Support,Lúcio,28,18,10,0.6429,2,2,0,1.0
team,Virtus.pro,Support,Juno,11,6,5,0.5455,1,0,1,0.0
team,Virtus.pro,Support,Brigitte,11,7,4,0.6364,4,1,3,0.25
team,Virtus.pro,Support,Jetpack Cat,10,7,3,0.7,4,3,1,0.75
team,Virtus.pro,Support,Baptiste,3,1,2,0.3333,3,1,2,0.3333
team,Virtus.pro,Support,Mizuki,2,1,1,0.5,0,0,0,0.0
team,Virtus.pro,Support,Zenyatta,1,1,0,1.0,1,1,0,1.0
team,Virtus.pro,Support,Illari,1,1,0,1.0,0,0,0,0.0
team,Virtus.pro,Support,Wuyang,1,0,1,0.0,0,0,0,0.0
team,Virtus.pro,Support,Mercy,1,1,0,1.0,1,1,0,1.0
team,Virtus.pro,Support,Ana,1,1,0,1.0,1,1,0,1.0
team,Virtus.pro,Tank,Zarya,25,14,11,0.56,1,1,0,1.0
team,Virtus.pro,Tank,D.Va,13,6,7,0.4615,5,3,2,0.6
team,Virtus.pro,Tank,Domina,7,4,3,0.5714,1,0,1,0.0
team,Virtus.pro,Tank,Doomfist,5,1,4,0.2,5,1,4,0.2
team,Virtus.pro,Tank,Hazard,4,2,2,0.5,3,2,1,0.6667
team,Virtus.pro,Tank,Mauga,4,3,1,0.75,2,1,1,0.5
team,Virtus.pro,Tank,Wrecking Ball,3,2,1,0.6667,3,2,1,0.6667
team,Virtus.pro,Tank,Reinhardt,1,1,0,1.0,1,1,0,1.0
team,Virtus.pro,Tank,Ramattra,1,1,0,1.0,1,1,0,1.0
team,Weibo Gaming,DPS,Emre,22,18,4,0.8182,3,3,0,1.0
team,Weibo Gaming,DPS,Symmetra,21,19,2,0.9048,5,5,0,1.0
team,Weibo Gaming,DPS,Sojourn,19,15,4,0.7895,8,6,2,0.75
team,Weibo Gaming,DPS,Tracer,19,16,3,0.8421,2,2,0,1.0
team,Weibo Gaming,DPS,Vendetta,14,12,2,0.8571,3,2,1,0.6667
team,Weibo Gaming,DPS,Pharah,10,8,2,0.8,7,5,2,0.7143
team,Weibo Gaming,DPS,Bastion,10,8,2,0.8,1,1,0,1.0
team,Weibo Gaming,DPS,Widowmaker,4,4,0,1.0,2,2,0,1.0
team,Weibo Gaming,DPS,Sierra,4,3,1,0.75,2,1,1,0.5
team,Weibo Gaming,DPS,Venture,3,1,2,0.3333,3,1,2,0.3333
team,Weibo Gaming,DPS,Genji,3,2,1,0.6667,2,1,1,0.5
team,Weibo Gaming,DPS,Reaper,3,3,0,1.0,0,0,0,0.0
team,Weibo Gaming,DPS,Anran,2,1,1,0.5,1,1,0,1.0
team,Weibo Gaming,DPS,Mei,2,1,1,0.5,2,1,1,0.5
team,Weibo Gaming,DPS,Cassidy,2,2,0,1.0,2,2,0,1.0
team,Weibo Gaming,DPS,Ashe,1,0,1,0.0,1,0,1,0.0
team,Weibo Gaming,DPS,Freja,1,1,0,1.0,1,1,0,1.0
team,Weibo Gaming,DPS,Hanzo,1,1,0,1.0,1,1,0,1.0
team,Weibo Gaming,DPS,Echo,1,1,0,1.0,1,1,0,1.0
team,Weibo Gaming,Support,Kiriko,32,26,6,0.8125,2,2,0,1.0
team,Weibo Gaming,Support,Lúcio,25,21,4,0.84,4,3,1,0.75
team,Weibo Gaming,Support,Jetpack Cat,19,14,5,0.7368,7,5,2,0.7143
team,Weibo Gaming,Support,Ana,15,12,3,0.8,5,4,1,0.8
team,Weibo Gaming,Support,Juno,14,12,2,0.8571,5,5,0,1.0
team,Weibo Gaming,Support,Brigitte,8,7,1,0.875,2,2,0,1.0
team,Weibo Gaming,Support,Illari,7,6,1,0.8571,5,4,1,0.8
team,Weibo Gaming,Support,Baptiste,6,3,3,0.5,4,2,2,0.5
team,Weibo Gaming,Support,Wuyang,4,2,2,0.5,1,0,1,0.0
team,Weibo Gaming,Support,Mizuki,1,0,1,0.0,0,0,0,0.0
team,Weibo Gaming,Support,Mercy,1,1,0,1.0,1,1,0,1.0
team,Weibo Gaming,Tank,Zarya,16,15,1,0.9375,9,8,1,0.8889
team,Weibo Gaming,Tank,Mauga,11,9,2,0.8182,4,4,0,1.0
team,Weibo Gaming,Tank,D.Va,9,5,4,0.5556,0,0,0,0.0
team,Weibo Gaming,Tank,Hazard,8,7,1,0.875,8,7,1,0.875
team,Weibo Gaming,Tank,Winston,6,6,0,1.0,4,4,0,1.0
team,Weibo Gaming,Tank,Sigma,4,2,2,0.5,4,2,2,0.5
team,Weibo Gaming,Tank,Doomfist,3,3,0,1.0,2,2,0,1.0
team,Weibo Gaming,Tank,Domina,2,0,2,0.0,0,0,0,0.0
team,Weibo Gaming,Tank,Orisa,2,1,1,0.5,1,0,1,0.0
team,Weibo Gaming,Tank,Ramattra,2,0,2,0.0,2,0,2,0.0
team,Weibo Gaming,Tank,Wrecking Ball,1,1,0,1.0,1,1,0,1.0
team,ZAN Esports,DPS,Vendetta,17,6,11,0.3529,7,3,4,0.4286
team,ZAN Esports,DPS,Sojourn,16,9,7,0.5625,5,2,3,0.4
team,ZAN Esports,DPS,Emre,16,6,10,0.375,2,2,0,1.0
team,ZAN Esports,DPS,Tracer,15,8,7,0.5333,0,0,0,0.0
team,ZAN Esports,DPS,Symmetra,12,4,8,0.3333,5,1,4,0.2
team,ZAN Esports,DPS,Bastion,7,4,3,0.5714,3,2,1,0.6667
team,ZAN Esports,DPS,Pharah,6,4,2,0.6667,2,2,0,1.0
team,ZAN Esports,DPS,Genji,3,0,3,0.0,3,0,3,0.0
team,ZAN Esports,DPS,Cassidy,3,1,2,0.3333,1,1,0,1.0
team,ZAN Esports,DPS,Mei,3,1,2,0.3333,3,1,2,0.3333
team,ZAN Esports,DPS,Widowmaker,3,2,1,0.6667,1,1,0,1.0
team,ZAN Esports,DPS,Venture,2,0,2,0.0,2,0,2,0.0
team,ZAN Esports,DPS,Echo,1,0,1,0.0,1,0,1,0.0
team,ZAN Esports,DPS,Anran,1,1,0,1.0,0,0,0,0.0
team,ZAN Esports,Support,Kiriko,27,11,16,0.4074,3,1,2,0.3333
team,ZAN Esports,Support,Lúcio,26,10,16,0.3846,4,1,3,0.25
team,ZAN Esports,Support,Juno,14,7,7,0.5,7,4,3,0.5714
team,ZAN Esports,Support,Ana,6,4,2,0.6667,1,1,0,1.0
team,ZAN Esports,Support,Brigitte,5,2,3,0.4,3,1,2,0.3333
team,ZAN Esports,Support,Jetpack Cat,5,3,2,0.6,1,1,0,1.0
team,ZAN Esports,Support,Lifeweaver,2,0,2,0.0,2,0,2,0.0
team,ZAN Esports,Support,Illari,2,2,0,1.0,1,1,0,1.0
team,ZAN Esports,Support,Wuyang,1,1,0,1.0,1,1,0,1.0
team,ZAN Esports,Support,Baptiste,1,0,1,0.0,1,0,1,0.0
team,ZAN Esports,Tank,D.Va,15,9,6,0.6,8,6,2,0.75
team,ZAN Esports,Tank,Zarya,12,4,8,0.3333,2,1,1,0.5
team,ZAN Esports,Tank,Doomfist,11,1,10,0.0909,11,1,10,0.0909
team,ZAN Esports,Tank,Hazard,9,5,4,0.5556,2,1,1,0.5
team,ZAN Esports,Tank,Wrecking Ball,5,0,5,0.0,2,0,2,0.0
team,ZAN Esports,Tank,Orisa,3,2,1,0.6667,2,1,1,0.5
team,ZAN Esports,Tank,Ramattra,2,0,2,0.0,2,0,2,0.0
team,ZAN Esports,Tank,Winston,2,1,1,0.5,2,1,1,0.5
team,ZAN Esports,Tank,Sigma,2,1,1,0.5,1,1,0,1.0
team,ZAN Esports,Tank,Reinhardt,1,0,1,0.0,1,0,1,0.0
team,ZAN Esports,Tank,Mauga,1,0,1,0.0,0,0,0,0.0
team,ZETA DIVISION,DPS,Tracer,30,23,7,0.7667,6,4,2,0.6667
team,ZETA DIVISION,DPS,Symmetra,24,18,6,0.75,5,5,0,1.0
team,ZETA DIVISION,DPS,Emre,19,16,3,0.8421,4,3,1,0.75
team,ZETA DIVISION,DPS,Sojourn,15,12,3,0.8,6,5,1,0.8333
team,ZETA DIVISION,DPS,Cassidy,11,9,2,0.8182,4,3,1,0.75
team,ZETA DIVISION,DPS,Vendetta,8,5,3,0.625,2,1,1,0.5
team,ZETA DIVISION,DPS,Mei,8,7,1,0.875,7,6,1,0.8571
team,ZETA DIVISION,DPS,Pharah,7,6,1,0.8571,6,5,1,0.8333
team,ZETA DIVISION,DPS,Echo,7,5,2,0.7143,7,5,2,0.7143
team,ZETA DIVISION,DPS,Genji,7,6,1,0.8571,4,3,1,0.75
team,ZETA DIVISION,DPS,Bastion,7,6,1,0.8571,1,1,0,1.0
team,ZETA DIVISION,DPS,Widowmaker,6,6,0,1.0,3,3,0,1.0
team,ZETA DIVISION,DPS,Venture,5,3,2,0.6,3,2,1,0.6667
team,ZETA DIVISION,DPS,Sombra,4,3,1,0.75,3,2,1,0.6667
team,ZETA DIVISION,DPS,Reaper,3,3,0,1.0,2,2,0,1.0
team,ZETA DIVISION,DPS,Sierra,2,2,0,1.0,2,2,0,1.0
team,ZETA DIVISION,DPS,Hanzo,1,1,0,1.0,1,1,0,1.0
team,ZETA DIVISION,DPS,Ashe,1,1,0,1.0,1,1,0,1.0
team,ZETA DIVISION,Support,Ana,22,20,2,0.9091,12,11,1,0.9167
team,ZETA DIVISION,Support,Kiriko,16,11,5,0.6875,0,0,0,0.0
team,ZETA DIVISION,Support,Jetpack Cat,16,14,2,0.875,8,7,1,0.875
team,ZETA DIVISION,Support,Illari,15,13,2,0.8667,15,13,2,0.8667
team,ZETA DIVISION,Support,Lúcio,14,9,5,0.6429,2,1,1,0.5
team,ZETA DIVISION,Support,Juno,14,12,2,0.8571,9,7,2,0.7778
team,ZETA DIVISION,Support,Brigitte,7,3,4,0.4286,7,3,4,0.4286
team,ZETA DIVISION,Support,Baptiste,6,4,2,0.6667,3,1,2,0.3333
team,ZETA DIVISION,Support,Wuyang,1,1,0,1.0,1,1,0,1.0
team,ZETA DIVISION,Support,Zenyatta,1,1,0,1.0,1,1,0,1.0
team,ZETA DIVISION,Support,Lifeweaver,1,1,0,1.0,0,0,0,0.0
team,ZETA DIVISION,Tank,D.Va,15,10,5,0.6667,2,2,0,1.0
team,ZETA DIVISION,Tank,Zarya,11,9,2,0.8182,4,3,1,0.75
team,ZETA DIVISION,Tank,Wrecking Ball,11,9,2,0.8182,7,6,1,0.8571
team,ZETA DIVISION,Tank,Winston,9,7,2,0.7778,5,3,2,0.6
team,ZETA DIVISION,Tank,Orisa,6,4,2,0.6667,5,3,2,0.6
team,ZETA DIVISION,Tank,Doomfist,5,5,0,1.0,5,5,0,1.0
team,ZETA DIVISION,Tank,Mauga,5,5,0,1.0,3,3,0,1.0
team,ZETA DIVISION,Tank,Sigma,3,2,1,0.6667,1,1,0,1.0
team,ZETA DIVISION,Tank,Ramattra,3,1,2,0.3333,2,0,2,0.0
team,ZETA DIVISION,Tank,Domina,2,2,0,1.0,2,2,0,1.0
team,ZETA DIVISION,Tank,Hazard,1,1,0,1.0,1,1,0,1.0
map,Aatlis,DPS,Vendetta,68,32,36,0.4706,16,6,10,0.375
map,Aatlis,DPS,Symmetra,66,32,34,0.4848,12,5,7,0.4167
map,Aatlis,DPS,Emre,61,29,32,0.4754,15,6,9,0.4
map,Aatlis,DPS,Tracer,53,24,29,0.4528,11,4,7,0.3636
map,Aatlis,DPS,Sojourn,45,18,27,0.4,17,4,13,0.2353
map,Aatlis,DPS,Cassidy,23,8,15,0.3478,17,6,11,0.3529
map,Aatlis,DPS,Mei,5,2,3,0.4,5,2,3,0.4
map,Aatlis,DPS,Venture,5,1,4,0.2,3,0,3,0.0
map,Aatlis,DPS,Echo,5,3,2,0.6,3,2,1,0.6667
map,Aatlis,DPS,Pharah,5,0,5,0.0,5,0,5,0.0
map,Aatlis,DPS,Reaper,4,1,3,0.25,4,1,3,0.25
map,Aatlis,DPS,Genji,3,0,3,0.0,1,0,1,0.0
map,Aatlis,DPS,Bastion,2,0,2,0.0,2,0,2,0.0
map,Aatlis,DPS,Sierra,1,0,1,0.0,1,0,1,0.0
map,Aatlis,DPS,Soldier: 76,1,0,1,0.0,1,0,1,0.0
map,Aatlis,DPS,Anran,1,0,1,0.0,1,0,1,0.0
map,Aatlis,Support,Kiriko,91,44,47,0.4835,7,2,5,0.2857
map,Aatlis,Support,Lúcio,83,41,42,0.494,5,3,2,0.6
map,Aatlis,Support,Juno,59,23,36,0.3898,17,2,15,0.1176
map,Aatlis,Support,Brigitte,24,7,17,0.2917,10,0,10,0.0
map,Aatlis,Support,Baptiste,9,4,5,0.4444,3,2,1,0.6667
map,Aatlis,Support,Wuyang,5,2,3,0.4,3,1,2,0.3333
map,Aatlis,Support,Jetpack Cat,4,2,2,0.5,4,2,2,0.5
map,Aatlis,Support,Illari,3,3,0,1.0,3,3,0,1.0
map,Aatlis,Support,Ana,2,2,0,1.0,2,2,0,1.0
map,Aatlis,Support,Mizuki,2,1,1,0.5,0,0,0,0.0
map,Aatlis,Support,Moira,1,1,0,1.0,1,1,0,1.0
map,Aatlis,Tank,Zarya,54,24,30,0.4444,14,4,10,0.2857
map,Aatlis,Tank,D.Va,23,10,13,0.4348,11,4,7,0.3636
map,Aatlis,Tank,Hazard,21,10,11,0.4762,11,5,6,0.4545
map,Aatlis,Tank,Mauga,13,4,9,0.3077,7,1,6,0.1429
map,Aatlis,Tank,Ramattra,12,5,7,0.4167,10,4,6,0.4
map,Aatlis,Tank,Orisa,11,4,7,0.3636,11,4,7,0.3636
map,Aatlis,Tank,Wrecking Ball,7,3,4,0.4286,7,3,4,0.4286
map,Aatlis,Tank,Reinhardt,4,2,2,0.5,4,2,2,0.5
map,Aatlis,Tank,Doomfist,4,1,3,0.25,4,1,3,0.25
map,Aatlis,Tank,Junker Queen,3,0,3,0.0,3,0,3,0.0
map,Aatlis,Tank,Winston,2,2,0,1.0,2,2,0,1.0
map,Aatlis,Tank,Sigma,2,0,2,0.0,2,0,2,0.0
map,Blizzard World,DPS,Tracer,89,42,47,0.4719,11,4,7,0.3636
map,Blizzard World,DPS,Emre,65,31,34,0.4769,13,6,7,0.4615
map,Blizzard World,DPS,Symmetra,61,31,30,0.5082,19,11,8,0.5789
map,Blizzard World,DPS,Sojourn,58,26,32,0.4483,24,9,15,0.375
map,Blizzard World,DPS,Widowmaker,40,23,17,0.575,24,15,9,0.625
map,Blizzard World,DPS,Vendetta,28,15,13,0.5357,16,9,7,0.5625
map,Blizzard World,DPS,Cassidy,23,8,15,0.3478,13,3,10,0.2308
map,Blizzard World,DPS,Genji,13,6,7,0.4615,9,4,5,0.4444
map,Blizzard World,DPS,Pharah,10,8,2,0.8,8,7,1,0.875
map,Blizzard World,DPS,Mei,7,3,4,0.4286,5,2,3,0.4
map,Blizzard World,DPS,Hanzo,4,2,2,0.5,4,2,2,0.5
map,Blizzard World,DPS,Bastion,4,1,3,0.25,2,0,2,0.0
map,Blizzard World,DPS,Echo,3,1,2,0.3333,3,1,2,0.3333
map,Blizzard World,DPS,Reaper,3,2,1,0.6667,3,2,1,0.6667
map,Blizzard World,DPS,Ashe,2,2,0,1.0,2,2,0,1.0
map,Blizzard World,DPS,Venture,2,1,1,0.5,2,1,1,0.5
map,Blizzard World,DPS,Sombra,2,1,1,0.5,0,0,0,0.0
map,Blizzard World,DPS,Freja,1,0,1,0.0,1,0,1,0.0
map,Blizzard World,DPS,Torbjörn,1,0,1,0.0,1,0,1,0.0
map,Blizzard World,Support,Kiriko,68,32,36,0.4706,10,4,6,0.4
map,Blizzard World,Support,Lúcio,62,25,37,0.4032,16,2,14,0.125
map,Blizzard World,Support,Ana,47,26,21,0.5532,15,10,5,0.6667
map,Blizzard World,Support,Brigitte,38,15,23,0.3947,16,4,12,0.25
map,Blizzard World,Support,Juno,33,20,13,0.6061,21,14,7,0.6667
map,Blizzard World,Support,Wuyang,30,15,15,0.5,16,8,8,0.5
map,Blizzard World,Support,Jetpack Cat,29,15,14,0.5172,19,10,9,0.5263
map,Blizzard World,Support,Illari,20,10,10,0.5,14,7,7,0.5
map,Blizzard World,Support,Lifeweaver,12,6,6,0.5,10,5,5,0.5
map,Blizzard World,Support,Mercy,11,7,4,0.6364,11,7,4,0.6364
map,Blizzard World,Support,Baptiste,10,4,6,0.4,8,3,5,0.375
map,Blizzard World,Support,Mizuki,2,1,1,0.5,2,1,1,0.5
map,Blizzard World,Support,Moira,1,0,1,0.0,1,0,1,0.0
map,Blizzard World,Support,Zenyatta,1,0,1,0.0,1,0,1,0.0
map,Blizzard World,Tank,D.Va,45,22,23,0.4889,13,6,7,0.4615
map,Blizzard World,Tank,Zarya,30,14,16,0.4667,16,7,9,0.4375
map,Blizzard World,Tank,Winston,27,13,14,0.4815,17,8,9,0.4706
map,Blizzard World,Tank,Wrecking Ball,20,12,8,0.6,18,11,7,0.6111
map,Blizzard World,Tank,Orisa,18,7,11,0.3889,10,3,7,0.3
map,Blizzard World,Tank,Mauga,17,11,6,0.6471,7,6,1,0.8571
map,Blizzard World,Tank,Sigma,14,8,6,0.5714,10,6,4,0.6
map,Blizzard World,Tank,Hazard,10,5,5,0.5,10,5,5,0.5
map,Blizzard World,Tank,Ramattra,8,4,4,0.5,8,4,4,0.5
map,Blizzard World,Tank,Doomfist,8,4,4,0.5,6,3,3,0.5
map,Blizzard World,Tank,Domina,7,3,4,0.4286,5,2,3,0.4
map,Blizzard World,Tank,Reinhardt,4,2,2,0.5,4,2,2,0.5
map,Blizzard World,Tank,Roadhog,3,2,1,0.6667,3,2,1,0.6667
map,Blizzard World,Tank,Junker Queen,2,1,1,0.5,2,1,1,0.5
map,Busan,DPS,Symmetra,73,36,37,0.4932,5,2,3,0.4
map,Busan,DPS,Emre,59,31,28,0.5254,15,9,6,0.6
map,Busan,DPS,Tracer,58,30,28,0.5172,6,4,2,0.6667
map,Busan,DPS,Vendetta,37,15,22,0.4054,11,2,9,0.1818
map,Busan,DPS,Sojourn,32,14,18,0.4375,20,8,12,0.4
map,Busan,DPS,Cassidy,18,9,9,0.5,12,6,6,0.5
map,Busan,DPS,Bastion,11,5,6,0.4545,3,1,2,0.3333
map,Busan,DPS,Anran,8,4,4,0.5,0,0,0,0.0
map,Busan,DPS,Widowmaker,7,1,6,0.1429,5,0,5,0.0
map,Busan,DPS,Soldier: 76,6,2,4,0.3333,6,2,4,0.3333
map,Busan,DPS,Reaper,6,2,4,0.3333,6,2,4,0.3333
map,Busan,DPS,Sombra,3,2,1,0.6667,3,2,1,0.6667
map,Busan,DPS,Venture,2,1,1,0.5,2,1,1,0.5
map,Busan,DPS,Genji,2,0,2,0.0,2,0,2,0.0
map,Busan,DPS,Mei,2,1,1,0.5,2,1,1,0.5
map,Busan,DPS,Ashe,2,2,0,1.0,2,2,0,1.0
map,Busan,DPS,Echo,1,1,0,1.0,1,1,0,1.0
map,Busan,DPS,Pharah,1,1,0,1.0,1,1,0,1.0
map,Busan,DPS,Freja,1,0,1,0.0,1,0,1,0.0
map,Busan,Support,Kiriko,76,35,41,0.4605,6,0,6,0.0
map,Busan,Support,Lúcio,49,22,27,0.449,11,3,8,0.2727
map,Busan,Support,Juno,38,18,20,0.4737,20,9,11,0.45
map,Busan,Support,Jetpack Cat,34,17,17,0.5,8,4,4,0.5
map,Busan,Support,Ana,21,13,8,0.619,11,8,3,0.7273
map,Busan,Support,Wuyang,18,10,8,0.5556,14,8,6,0.5714
map,Busan,Support,Brigitte,18,8,10,0.4444,10,4,6,0.4
map,Busan,Support,Mizuki,17,8,9,0.4706,3,1,2,0.3333
map,Busan,Support,Illari,7,6,1,0.8571,7,6,1,0.8571
map,Busan,Support,Baptiste,5,3,2,0.6,5,3,2,0.6
map,Busan,Support,Moira,2,0,2,0.0,2,0,2,0.0
map,Busan,Support,Zenyatta,1,0,1,0.0,1,0,1,0.0
map,Busan,Support,Mercy,1,1,0,1.0,1,1,0,1.0
map,Busan,Tank,D.Va,52,24,28,0.4615,20,8,12,0.4
map,Busan,Tank,Zarya,22,11,11,0.5,12,6,6,0.5
map,Busan,Tank,Wrecking Ball,19,10,9,0.5263,17,9,8,0.5294
map,Busan,Tank,Orisa,13,5,8,0.3846,9,3,6,0.3333
map,Busan,Tank,Ramattra,10,5,5,0.5,10,5,5,0.5
map,Busan,Tank,Doomfist,9,2,7,0.2222,9,2,7,0.2222
map,Busan,Tank,Mauga,9,4,5,0.4444,7,3,4,0.4286
map,Busan,Tank,Domina,8,4,4,0.5,0,0,0,0.0
map,Busan,Tank,Winston,7,4,3,0.5714,7,4,3,0.5714
map,Busan,Tank,Hazard,6,2,4,0.3333,6,2,4,0.3333
map,Busan,Tank,Sigma,3,1,2,0.3333,3,1,2,0.3333
map,Busan,Tank,Roadhog,1,0,1,0.0,1,0,1,0.0
map,Colosseo,DPS,Tracer,4,2,2,0.5,0,0,0,0.0
map,Colosseo,DPS,Sojourn,2,1,1,0.5,0,0,0,0.0
map,Colosseo,DPS,Cassidy,2,1,1,0.5,0,0,0,0.0
map,Colosseo,DPS,Echo,1,0,1,0.0,1,0,1,0.0
map,Colosseo,Support,Lúcio,4,2,2,0.5,0,0,0,0.0
map,Colosseo,Support,Kiriko,4,2,2,0.5,0,0,0,0.0
map,Colosseo,Support,Juno,2,1,1,0.5,0,0,0,0.0
map,Colosseo,Support,Jetpack Cat,1,0,1,0.0,1,0,1,0.0
map,Colosseo,Support,Baptiste,1,0,1,0.0,1,0,1,0.0
map,Colosseo,Tank,Domina,4,2,2,0.5,0,0,0,0.0
map,Eichenwalde,DPS,Sojourn,5,3,2,0.6,1,1,0,1.0
map,Eichenwalde,DPS,Echo,4,2,2,0.5,2,1,1,0.5
map,Eichenwalde,DPS,Vendetta,4,2,2,0.5,0,0,0,0.0
map,Eichenwalde,DPS,Cassidy,2,1,1,0.5,0,0,0,0.0
map,Eichenwalde,DPS,Tracer,2,1,1,0.5,0,0,0,0.0
map,Eichenwalde,DPS,Widowmaker,2,1,1,0.5,2,1,1,0.5
map,Eichenwalde,DPS,Anran,1,0,1,0.0,1,0,1,0.0
map,Eichenwalde,DPS,Pharah,1,1,0,1.0,1,1,0,1.0
map,Eichenwalde,Support,Kiriko,6,3,3,0.5,0,0,0,0.0
map,Eichenwalde,Support,Jetpack Cat,5,2,3,0.4,1,0,1,0.0
map,Eichenwalde,Support,Lúcio,5,3,2,0.6,1,1,0,1.0
map,Eichenwalde,Support,Baptiste,1,1,0,1.0,1,1,0,1.0
map,Eichenwalde,Support,Lifeweaver,1,1,0,1.0,1,1,0,1.0
map,Eichenwalde,Tank,D.Va,5,2,3,0.4,1,0,1,0.0
map,Eichenwalde,Tank,Domina,3,1,2,0.3333,1,0,1,0.0
map,Eichenwalde,Tank,Zarya,2,1,1,0.5,2,1,1,0.5
map,Eichenwalde,Tank,Wrecking Ball,1,1,0,1.0,1,1,0,1.0
map,Esperança,DPS,Tracer,59,24,35,0.4068,29,9,20,0.3103
map,Esperança,DPS,Sojourn,58,27,31,0.4655,14,5,9,0.3571
map,Esperança,DPS,Emre,54,27,27,0.5,14,7,7,0.5
map,Esperança,DPS,Vendetta,50,24,26,0.48,20,9,11,0.45
map,Esperança,DPS,Symmetra,43,18,25,0.4186,23,8,15,0.3478
map,Esperança,DPS,Cassidy,28,11,17,0.3929,20,7,13,0.35
map,Esperança,DPS,Pharah,18,9,9,0.5,12,6,6,0.5
map,Esperança,DPS,Echo,9,5,4,0.5556,9,5,4,0.5556
map,Esperança,DPS,Bastion,8,4,4,0.5,4,2,2,0.5
map,Esperança,DPS,Mei,6,2,4,0.3333,4,1,3,0.25
map,Esperança,DPS,Widowmaker,3,0,3,0.0,3,0,3,0.0
map,Esperança,DPS,Reaper,3,1,2,0.3333,1,0,1,0.0
map,Esperança,DPS,Sombra,2,0,2,0.0,2,0,2,0.0
map,Esperança,DPS,Freja,2,1,1,0.5,2,1,1,0.5
map,Esperança,DPS,Venture,2,0,2,0.0,2,0,2,0.0
map,Esperança,DPS,Anran,2,1,1,0.5,2,1,1,0.5
map,Esperança,DPS,Genji,2,1,1,0.5,2,1,1,0.5
map,Esperança,DPS,Ashe,1,0,1,0.0,1,0,1,0.0
map,Esperança,Support,Kiriko,104,48,56,0.4615,10,2,8,0.2
map,Esperança,Support,Lúcio,86,40,46,0.4651,14,5,9,0.3571
map,Esperança,Support,Juno,43,21,22,0.4884,15,7,8,0.4667
map,Esperança,Support,Brigitte,24,12,12,0.5,14,7,7,0.5
map,Esperança,Support,Ana,17,7,10,0.4118,7,2,5,0.2857
map,Esperança,Support,Jetpack Cat,12,5,7,0.4167,6,2,4,0.3333
map,Esperança,Support,Baptiste,10,4,6,0.4,10,4,6,0.4
map,Esperança,Support,Illari,8,6,2,0.75,4,4,0,1.0
map,Esperança,Support,Wuyang,7,3,4,0.4286,7,3,4,0.4286
map,Esperança,Support,Mizuki,5,2,3,0.4,3,1,2,0.3333
map,Esperança,Support,Lifeweaver,1,0,1,0.0,1,0,1,0.0
map,Esperança,Tank,D.Va,56,25,31,0.4464,28,11,17,0.3929
map,Esperança,Tank,Zarya,33,13,20,0.3939,21,7,14,0.3333
map,Esperança,Tank,Ramattra,13,8,5,0.6154,9,6,3,0.6667
map,Esperança,Tank,Hazard,12,7,5,0.5833,8,5,3,0.625
map,Esperança,Tank,Orisa,11,6,5,0.5455,9,5,4,0.5556
map,Esperança,Tank,Wrecking Ball,10,6,4,0.6,6,4,2,0.6667
map,Esperança,Tank,Winston,8,4,4,0.5,8,4,4,0.5
map,Esperança,Tank,Doomfist,7,0,7,0.0,7,0,7,0.0
map,Esperança,Tank,Mauga,7,2,5,0.2857,5,1,4,0.2
map,Esperança,Tank,Sigma,4,0,4,0.0,4,0,4,0.0
map,Esperança,Tank,Domina,3,2,1,0.6667,3,2,1,0.6667
map,Esperança,Tank,Reinhardt,3,1,2,0.3333,3,1,2,0.3333
map,Havana,DPS,Emre,63,30,33,0.4762,11,4,7,0.3636
map,Havana,DPS,Widowmaker,54,28,26,0.5185,24,13,11,0.5417
map,Havana,DPS,Tracer,54,24,30,0.4444,12,3,9,0.25
map,Havana,DPS,Sojourn,43,20,23,0.4651,21,9,12,0.4286
map,Havana,DPS,Vendetta,39,18,21,0.4615,13,5,8,0.3846
map,Havana,DPS,Genji,28,15,13,0.5357,12,7,5,0.5833
map,Havana,DPS,Symmetra,25,10,15,0.4,13,4,9,0.3077
map,Havana,DPS,Bastion,19,12,7,0.6316,7,6,1,0.8571
map,Havana,DPS,Mei,18,7,11,0.3889,14,5,9,0.3571
map,Havana,DPS,Venture,15,6,9,0.4,11,4,7,0.3636
map,Havana,DPS,Cassidy,10,5,5,0.5,4,2,2,0.5
map,Havana,DPS,Hanzo,8,5,3,0.625,8,5,3,0.625
map,Havana,DPS,Pharah,7,4,3,0.5714,7,4,3,0.5714
map,Havana,DPS,Freja,4,3,1,0.75,4,3,1,0.75
map,Havana,DPS,Anran,4,2,2,0.5,2,1,1,0.5
map,Havana,DPS,Echo,3,1,2,0.3333,3,1,2,0.3333
map,Havana,DPS,Reaper,3,3,0,1.0,3,3,0,1.0
map,Havana,DPS,Sierra,3,1,2,0.3333,3,1,2,0.3333
map,Havana,DPS,Ashe,2,1,1,0.5,2,1,1,0.5
map,Havana,DPS,Torbjörn,1,1,0,1.0,1,1,0,1.0
map,Havana,DPS,Sombra,1,0,1,0.0,1,0,1,0.0
map,Havana,Support,Kiriko,58,24,34,0.4138,14,2,12,0.1429
map,Havana,Support,Lúcio,50,25,25,0.5,18,9,9,0.5
map,Havana,Support,Ana,46,25,21,0.5435,14,9,5,0.6429
map,Havana,Support,Juno,42,25,17,0.5952,16,12,4,0.75
map,Havana,Support,Brigitte,30,14,16,0.4667,12,5,7,0.4167
map,Havana,Support,Illari,27,13,14,0.4815,19,9,10,0.4737
map,Havana,Support,Jetpack Cat,25,14,11,0.56,13,8,5,0.6154
map,Havana,Support,Baptiste,24,10,14,0.4167,16,6,10,0.375
map,Havana,Support,Wuyang,23,11,12,0.4783,11,5,6,0.4545
map,Havana,Support,Zenyatta,6,1,5,0.1667,6,1,5,0.1667
map,Havana,Support,Mercy,3,2,1,0.6667,3,2,1,0.6667
map,Havana,Support,Lifeweaver,2,2,0,1.0,2,2,0,1.0
map,Havana,Support,Moira,1,0,1,0.0,1,0,1,0.0
map,Havana,Support,Mizuki,1,0,1,0.0,1,0,1,0.0
map,Havana,Tank,D.Va,46,24,22,0.5217,16,9,7,0.5625
map,Havana,Tank,Zarya,45,22,23,0.4889,7,3,4,0.4286
map,Havana,Tank,Sigma,34,13,21,0.3824,20,6,14,0.3
map,Havana,Tank,Orisa,15,6,9,0.4,9,3,6,0.3333
map,Havana,Tank,Doomfist,15,6,9,0.4,15,6,9,0.4
map,Havana,Tank,Mauga,12,5,7,0.4167,8,3,5,0.375
map,Havana,Tank,Ramattra,11,3,8,0.2727,11,3,8,0.2727
map,Havana,Tank,Wrecking Ball,10,7,3,0.7,8,6,2,0.75
map,Havana,Tank,Domina,5,3,2,0.6,3,2,1,0.6667
map,Havana,Tank,Reinhardt,5,2,3,0.4,5,2,3,0.4
map,Havana,Tank,Roadhog,2,2,0,1.0,2,2,0,1.0
map,Havana,Tank,Hazard,2,0,2,0.0,2,0,2,0.0
map,Havana,Tank,Winston,2,1,1,0.5,2,1,1,0.5
map,Havana,Tank,Junker Queen,1,0,1,0.0,1,0,1,0.0
map,Ilios,DPS,Emre,6,3,3,0.5,0,0,0,0.0
map,Ilios,DPS,Anran,6,3,3,0.5,0,0,0,0.0
map,Ilios,Support,Mizuki,6,3,3,0.5,0,0,0,0.0
map,Ilios,Support,Jetpack Cat,6,3,3,0.5,0,0,0,0.0
map,Ilios,Tank,Domina,6,3,3,0.5,0,0,0,0.0
map,Lijiang Tower,DPS,Tracer,148,58,90,0.3919,25,7,18,0.28
map,Lijiang Tower,DPS,Symmetra,131,67,64,0.5115,23,13,10,0.5652
map,Lijiang Tower,DPS,Emre,112,59,53,0.5268,16,11,5,0.6875
map,Lijiang Tower,DPS,Vendetta,80,38,42,0.475,26,11,15,0.4231
map,Lijiang Tower,DPS,Pharah,63,33,30,0.5238,31,17,14,0.5484
map,Lijiang Tower,DPS,Sojourn,54,17,37,0.3148,32,6,26,0.1875
map,Lijiang Tower,DPS,Genji,52,16,36,0.3077,9,5,4,0.5556
map,Lijiang Tower,DPS,Cassidy,27,12,15,0.4444,17,7,10,0.4118
map,Lijiang Tower,DPS,Bastion,21,8,13,0.381,11,3,8,0.2727
map,Lijiang Tower,DPS,Echo,14,2,12,0.1429,14,2,12,0.1429
map,Lijiang Tower,DPS,Reaper,13,6,7,0.4615,13,6,7,0.4615
map,Lijiang Tower,DPS,Anran,10,5,5,0.5,2,1,1,0.5
map,Lijiang Tower,DPS,Mei,8,3,5,0.375,6,2,4,0.3333
map,Lijiang Tower,DPS,Widowmaker,7,1,6,0.1429,5,0,5,0.0
map,Lijiang Tower,DPS,Venture,5,3,2,0.6,5,3,2,0.6
map,Lijiang Tower,DPS,Sombra,3,0,3,0.0,3,0,3,0.0
map,Lijiang Tower,DPS,Sierra,3,2,1,0.6667,1,1,0,1.0
map,Lijiang Tower,DPS,Freja,2,0,2,0.0,2,0,2,0.0
map,Lijiang Tower,DPS,Soldier: 76,2,0,2,0.0,2,0,2,0.0
map,Lijiang Tower,DPS,Torbjörn,1,0,1,0.0,1,0,1,0.0
map,Lijiang Tower,DPS,Ashe,1,0,1,0.0,1,0,1,0.0
map,Lijiang Tower,Support,Lúcio,150,57,93,0.38,15,1,14,0.0667
map,Lijiang Tower,Support,Kiriko,135,64,71,0.4741,13,3,10,0.2308
map,Lijiang Tower,Support,Juno,93,44,49,0.4731,27,12,15,0.4444
map,Lijiang Tower,Support,Ana,66,25,41,0.3788,13,9,4,0.6923
map,Lijiang Tower,Support,Jetpack Cat,51,25,26,0.4902,23,11,12,0.4783
map,Lijiang Tower,Support,Brigitte,38,17,21,0.4474,18,7,11,0.3889
map,Lijiang Tower,Support,Illari,15,7,8,0.4667,11,5,6,0.4545
map,Lijiang Tower,Support,Wuyang,14,5,9,0.3571,10,3,7,0.3
map,Lijiang Tower,Support,Mizuki,13,6,7,0.4615,3,1,2,0.3333
map,Lijiang Tower,Support,Baptiste,13,3,10,0.2308,9,2,7,0.2222
map,Lijiang Tower,Support,Moira,1,0,1,0.0,1,0,1,0.0
map,Lijiang Tower,Support,Mercy,1,0,1,0.0,1,0,1,0.0
map,Lijiang Tower,Support,Lifeweaver,1,0,1,0.0,1,0,1,0.0
map,Lijiang Tower,Tank,Zarya,74,36,38,0.4865,24,11,13,0.4583
map,Lijiang Tower,Tank,D.Va,68,32,36,0.4706,28,12,16,0.4286
map,Lijiang Tower,Tank,Winston,51,12,39,0.2353,10,2,8,0.2
map,Lijiang Tower,Tank,Mauga,32,11,21,0.3438,14,2,12,0.1429
map,Lijiang Tower,Tank,Wrecking Ball,25,10,15,0.4,19,7,12,0.3684
map,Lijiang Tower,Tank,Ramattra,23,10,13,0.4348,19,8,11,0.4211
map,Lijiang Tower,Tank,Hazard,23,11,12,0.4783,17,8,9,0.4706
map,Lijiang Tower,Tank,Orisa,21,10,11,0.4762,15,7,8,0.4667
map,Lijiang Tower,Tank,Domina,14,6,8,0.4286,4,1,3,0.25
map,Lijiang Tower,Tank,Doomfist,12,5,7,0.4167,10,4,6,0.4
map,Lijiang Tower,Tank,Sigma,4,0,4,0.0,4,0,4,0.0
map,Lijiang Tower,Tank,Roadhog,1,0,1,0.0,1,0,1,0.0
map,Lijiang Tower,Tank,Reinhardt,1,1,0,1.0,1,1,0,1.0
map,Lijiang Tower,Tank,Junker Queen,1,0,1,0.0,1,0,1,0.0
map,Midtown,DPS,Vendetta,30,15,15,0.5,6,3,3,0.5
map,Midtown,DPS,Emre,30,16,14,0.5333,4,3,1,0.75
map,Midtown,DPS,Sojourn,21,10,11,0.4762,7,3,4,0.4286
map,Midtown,DPS,Widowmaker,21,11,10,0.5238,13,7,6,0.5385
map,Midtown,DPS,Tracer,17,6,11,0.3529,9,2,7,0.2222
map,Midtown,DPS,Symmetra,15,9,6,0.6,9,6,3,0.6667
map,Midtown,DPS,Cassidy,8,3,5,0.375,6,2,4,0.3333
map,Midtown,DPS,Hanzo,7,6,1,0.8571,5,5,0,1.0
map,Midtown,DPS,Echo,5,4,1,0.8,5,4,1,0.8
map,Midtown,DPS,Bastion,4,2,2,0.5,4,2,2,0.5
map,Midtown,DPS,Mei,4,2,2,0.5,4,2,2,0.5
map,Midtown,DPS,Venture,3,0,3,0.0,3,0,3,0.0
map,Midtown,DPS,Genji,3,1,2,0.3333,3,1,2,0.3333
map,Midtown,DPS,Pharah,3,2,1,0.6667,3,2,1,0.6667
map,Midtown,DPS,Torbjörn,1,1,0,1.0,1,1,0,1.0
map,Midtown,DPS,Sombra,1,1,0,1.0,1,1,0,1.0
map,Midtown,DPS,Sierra,1,1,0,1.0,1,1,0,1.0
map,Midtown,Support,Kiriko,38,19,19,0.5,2,1,1,0.5
map,Midtown,Support,Lúcio,29,15,14,0.5172,3,2,1,0.6667
map,Midtown,Support,Wuyang,19,8,11,0.4211,7,2,5,0.2857
map,Midtown,Support,Juno,15,7,8,0.4667,7,3,4,0.4286
map,Midtown,Support,Ana,13,9,4,0.6923,7,6,1,0.8571
map,Midtown,Support,Brigitte,12,4,8,0.3333,8,2,6,0.25
map,Midtown,Support,Illari,8,4,4,0.5,6,3,3,0.5
map,Midtown,Support,Baptiste,6,4,2,0.6667,6,4,2,0.6667
map,Midtown,Support,Zenyatta,5,3,2,0.6,5,3,2,0.6
map,Midtown,Support,Jetpack Cat,4,1,3,0.25,4,1,3,0.25
map,Midtown,Support,Mizuki,2,0,2,0.0,2,0,2,0.0
map,Midtown,Support,Lifeweaver,2,2,0,1.0,2,2,0,1.0
map,Midtown,Support,Mercy,1,0,1,0.0,1,0,1,0.0
map,Midtown,Tank,D.Va,30,13,17,0.4333,6,1,5,0.1667
map,Midtown,Tank,Zarya,25,12,13,0.48,5,2,3,0.4
map,Midtown,Tank,Domina,6,3,3,0.5,4,2,2,0.5
map,Midtown,Tank,Sigma,6,4,2,0.6667,6,4,2,0.6667
map,Midtown,Tank,Orisa,6,2,4,0.3333,6,2,4,0.3333
map,Midtown,Tank,Ramattra,5,2,3,0.4,3,1,2,0.3333
map,Midtown,Tank,Hazard,5,3,2,0.6,5,3,2,0.6
map,Midtown,Tank,Doomfist,4,1,3,0.25,4,1,3,0.25
map,Midtown,Tank,Wrecking Ball,3,3,0,1.0,3,3,0,1.0
map,Midtown,Tank,Winston,2,2,0,1.0,2,2,0,1.0
map,Midtown,Tank,Reinhardt,1,1,0,1.0,1,1,0,1.0
map,New Junk City,DPS,Sojourn,8,4,4,0.5,0,0,0,0.0
map,New Junk City,DPS,Vendetta,8,4,4,0.5,0,0,0,0.0
map,New Junk City,DPS,Tracer,4,1,3,0.25,2,0,2,0.0
map,New Junk City,DPS,Symmetra,2,1,1,0.5,0,0,0,0.0
map,New Junk City,Support,Kiriko,8,4,4,0.5,0,0,0,0.0
map,New Junk City,Support,Lúcio,8,4,4,0.5,0,0,0,0.0
map,New Junk City,Support,Juno,1,0,1,0.0,1,0,1,0.0
map,New Junk City,Tank,Domina,5,2,3,0.4,1,0,1,0.0
map,New Junk City,Tank,Zarya,4,2,2,0.5,0,0,0,0.0
map,New Junk City,Tank,Wrecking Ball,3,1,2,0.3333,3,1,2,0.3333
map,New Junk City,Tank,Ramattra,1,0,1,0.0,1,0,1,0.0
map,Numbani,DPS,Emre,37,19,18,0.5135,7,4,3,0.5714
map,Numbani,DPS,Tracer,33,15,18,0.4545,7,2,5,0.2857
map,Numbani,DPS,Vendetta,27,13,14,0.4815,5,2,3,0.4
map,Numbani,DPS,Symmetra,20,8,12,0.4,8,3,5,0.375
map,Numbani,DPS,Cassidy,14,4,10,0.2857,6,1,5,0.1667
map,Numbani,DPS,Sojourn,14,5,9,0.3571,6,1,5,0.1667
map,Numbani,DPS,Bastion,13,6,7,0.4615,1,0,1,0.0
map,Numbani,DPS,Echo,12,6,6,0.5,6,3,3,0.5
map,Numbani,DPS,Widowmaker,11,5,6,0.4545,7,3,4,0.4286
map,Numbani,DPS,Mei,9,3,6,0.3333,7,2,5,0.2857
map,Numbani,DPS,Reaper,6,3,3,0.5,2,1,1,0.5
map,Numbani,DPS,Ashe,3,0,3,0.0,3,0,3,0.0
map,Numbani,DPS,Genji,3,1,2,0.3333,3,1,2,0.3333
map,Numbani,DPS,Freja,3,2,1,0.6667,3,2,1,0.6667
map,Numbani,DPS,Hanzo,3,1,2,0.3333,3,1,2,0.3333
map,Numbani,DPS,Pharah,3,3,0,1.0,3,3,0,1.0
map,Numbani,DPS,Soldier: 76,3,1,2,0.3333,3,1,2,0.3333
map,Numbani,DPS,Venture,2,1,1,0.5,2,1,1,0.5
map,Numbani,DPS,Anran,2,1,1,0.5,2,1,1,0.5
map,Numbani,DPS,Sombra,2,1,1,0.5,2,1,1,0.5
map,Numbani,DPS,Sierra,1,0,1,0.0,1,0,1,0.0
map,Numbani,DPS,Torbjörn,1,1,0,1.0,1,1,0,1.0
map,Numbani,Support,Kiriko,47,24,23,0.5106,3,2,1,0.6667
map,Numbani,Support,Lúcio,32,13,19,0.4062,10,2,8,0.2
map,Numbani,Support,Jetpack Cat,20,11,9,0.55,6,4,2,0.6667
map,Numbani,Support,Ana,17,9,8,0.5294,5,3,2,0.6
map,Numbani,Support,Juno,14,9,5,0.6429,10,7,3,0.7
map,Numbani,Support,Brigitte,10,4,6,0.4,10,4,6,0.4
map,Numbani,Support,Baptiste,9,1,8,0.1111,7,1,6,0.1429
map,Numbani,Support,Wuyang,7,5,2,0.7143,3,3,0,1.0
map,Numbani,Support,Mizuki,5,3,2,0.6,3,2,1,0.6667
map,Numbani,Support,Mercy,4,3,1,0.75,4,3,1,0.75
map,Numbani,Support,Illari,3,2,1,0.6667,3,2,1,0.6667
map,Numbani,Support,Moira,3,1,2,0.3333,1,0,1,0.0
map,Numbani,Support,Lifeweaver,1,0,1,0.0,1,0,1,0.0
map,Numbani,Support,Zenyatta,1,0,1,0.0,1,0,1,0.0
map,Numbani,Tank,D.Va,28,16,12,0.5714,12,8,4,0.6667
map,Numbani,Tank,Zarya,21,13,8,0.619,9,7,2,0.7778
map,Numbani,Tank,Hazard,10,4,6,0.4,8,3,5,0.375
map,Numbani,Tank,Ramattra,9,1,8,0.1111,7,0,7,0.0
map,Numbani,Tank,Orisa,8,3,5,0.375,6,2,4,0.3333
map,Numbani,Tank,Mauga,8,3,5,0.375,4,1,3,0.25
map,Numbani,Tank,Winston,5,2,3,0.4,3,1,2,0.3333
map,Numbani,Tank,Wrecking Ball,4,1,3,0.25,4,1,3,0.25
map,Numbani,Tank,Reinhardt,4,1,3,0.25,4,1,3,0.25
map,Numbani,Tank,Sigma,3,0,3,0.0,3,0,3,0.0
map,Numbani,Tank,Doomfist,3,0,3,0.0,3,0,3,0.0
map,Numbani,Tank,Roadhog,1,0,1,0.0,1,0,1,0.0
map,Oasis,DPS,Symmetra,59,30,29,0.5085,5,3,2,0.6
map,Oasis,DPS,Tracer,50,25,25,0.5,8,4,4,0.5
map,Oasis,DPS,Emre,43,20,23,0.4651,11,4,7,0.3636
map,Oasis,DPS,Sojourn,27,12,15,0.4444,17,7,10,0.4118
map,Oasis,DPS,Vendetta,26,10,16,0.3846,8,1,7,0.125
map,Oasis,DPS,Cassidy,16,9,7,0.5625,10,6,4,0.6
map,Oasis,DPS,Pharah,13,8,5,0.6154,11,7,4,0.6364
map,Oasis,DPS,Echo,8,3,5,0.375,8,3,5,0.375
map,Oasis,DPS,Mei,3,1,2,0.3333,3,1,2,0.3333
map,Oasis,DPS,Genji,3,1,2,0.3333,1,0,1,0.0
map,Oasis,DPS,Reaper,3,0,3,0.0,3,0,3,0.0
map,Oasis,DPS,Widowmaker,2,1,1,0.5,0,0,0,0.0
map,Oasis,DPS,Sierra,1,1,0,1.0,1,1,0,1.0
map,Oasis,DPS,Venture,1,0,1,0.0,1,0,1,0.0
map,Oasis,DPS,Sombra,1,0,1,0.0,1,0,1,0.0
map,Oasis,Support,Kiriko,64,32,32,0.5,6,3,3,0.5
map,Oasis,Support,Lúcio,52,25,27,0.4808,6,2,4,0.3333
map,Oasis,Support,Juno,46,23,23,0.5,14,7,7,0.5
map,Oasis,Support,Brigitte,15,7,8,0.4667,9,4,5,0.4444
map,Oasis,Support,Jetpack Cat,7,2,5,0.2857,5,1,4,0.2
map,Oasis,Support,Illari,7,5,2,0.7143,5,4,1,0.8
map,Oasis,Support,Wuyang,5,3,2,0.6,3,2,1,0.6667
map,Oasis,Support,Baptiste,2,1,1,0.5,2,1,1,0.5
map,Oasis,Support,Lifeweaver,1,0,1,0.0,1,0,1,0.0
map,Oasis,Support,Moira,1,1,0,1.0,1,1,0,1.0
map,Oasis,Tank,D.Va,27,16,11,0.5926,13,9,4,0.6923
map,Oasis,Tank,Hazard,22,9,13,0.4091,10,3,7,0.3
map,Oasis,Tank,Zarya,21,7,14,0.3333,11,2,9,0.1818
map,Oasis,Tank,Orisa,15,5,10,0.3333,11,3,8,0.2727
map,Oasis,Tank,Wrecking Ball,11,4,7,0.3636,9,3,6,0.3333
map,Oasis,Tank,Mauga,6,3,3,0.5,6,3,3,0.5
map,Oasis,Tank,Winston,5,1,4,0.2,5,1,4,0.2
map,Oasis,Tank,Ramattra,5,2,3,0.4,5,2,3,0.4
map,Oasis,Tank,Doomfist,4,0,4,0.0,4,0,4,0.0
map,Oasis,Tank,Roadhog,1,1,0,1.0,1,1,0,1.0
map,Oasis,Tank,Junker Queen,1,1,0,1.0,1,1,0,1.0
map,Rialto,DPS,Emre,56,28,28,0.5,8,4,4,0.5
map,Rialto,DPS,Tracer,48,23,25,0.4792,10,4,6,0.4
map,Rialto,DPS,Widowmaker,44,18,26,0.4091,12,2,10,0.1667
map,Rialto,DPS,Echo,23,11,12,0.4783,15,7,8,0.4667
map,Rialto,DPS,Pharah,21,12,9,0.5714,11,7,4,0.6364
map,Rialto,DPS,Sojourn,19,6,13,0.3158,9,1,8,0.1111
map,Rialto,DPS,Vendetta,17,7,10,0.4118,13,5,8,0.3846
map,Rialto,DPS,Cassidy,16,6,10,0.375,14,5,9,0.3571
map,Rialto,DPS,Symmetra,16,10,6,0.625,10,7,3,0.7
map,Rialto,DPS,Hanzo,7,3,4,0.4286,7,3,4,0.4286
map,Rialto,DPS,Bastion,6,3,3,0.5,2,1,1,0.5
map,Rialto,DPS,Reaper,6,3,3,0.5,4,2,2,0.5
map,Rialto,DPS,Genji,4,2,2,0.5,4,2,2,0.5
map,Rialto,DPS,Mei,4,2,2,0.5,2,1,1,0.5
map,Rialto,DPS,Venture,3,1,2,0.3333,3,1,2,0.3333
map,Rialto,DPS,Ashe,3,1,2,0.3333,3,1,2,0.3333
map,Rialto,DPS,Freja,1,0,1,0.0,1,0,1,0.0
map,Rialto,DPS,Sierra,1,1,0,1.0,1,1,0,1.0
map,Rialto,DPS,Anran,1,1,0,1.0,1,1,0,1.0
map,Rialto,DPS,Torbjörn,1,0,1,0.0,1,0,1,0.0
map,Rialto,Support,Kiriko,55,25,30,0.4545,7,1,6,0.1429
map,Rialto,Support,Ana,39,19,20,0.4872,11,5,6,0.4545
map,Rialto,Support,Lúcio,34,14,20,0.4118,18,6,12,0.3333
map,Rialto,Support,Brigitte,21,8,13,0.381,11,3,8,0.2727
map,Rialto,Support,Jetpack Cat,18,11,7,0.6111,12,8,4,0.6667
map,Rialto,Support,Illari,15,8,7,0.5333,11,6,5,0.5455
map,Rialto,Support,Baptiste,12,6,6,0.5,6,3,3,0.5
map,Rialto,Support,Wuyang,10,3,7,0.3,10,3,7,0.3
map,Rialto,Support,Juno,10,4,6,0.4,8,3,5,0.375
map,Rialto,Support,Mizuki,3,2,1,0.6667,3,2,1,0.6667
map,Rialto,Support,Zenyatta,3,1,2,0.3333,3,1,2,0.3333
map,Rialto,Support,Mercy,2,2,0,1.0,2,2,0,1.0
map,Rialto,Tank,D.Va,39,20,19,0.5128,13,7,6,0.5385
map,Rialto,Tank,Winston,16,6,10,0.375,12,4,8,0.3333
map,Rialto,Tank,Orisa,14,9,5,0.6429,10,7,3,0.7
map,Rialto,Tank,Zarya,14,6,8,0.4286,8,3,5,0.375
map,Rialto,Tank,Hazard,12,7,5,0.5833,12,7,5,0.5833
map,Rialto,Tank,Ramattra,11,4,7,0.3636,9,3,6,0.3333
map,Rialto,Tank,Sigma,5,1,4,0.2,5,1,4,0.2
map,Rialto,Tank,Doomfist,5,0,5,0.0,5,0,5,0.0
map,Rialto,Tank,Wrecking Ball,3,2,1,0.6667,3,2,1,0.6667
map,Rialto,Tank,Mauga,3,2,1,0.6667,3,2,1,0.6667
map,Rialto,Tank,Reinhardt,2,2,0,1.0,2,2,0,1.0
map,Runasapi,DPS,Emre,64,32,32,0.5,12,6,6,0.5
map,Runasapi,DPS,Tracer,52,24,28,0.4615,10,3,7,0.3
map,Runasapi,DPS,Vendetta,46,22,24,0.4783,10,4,6,0.4
map,Runasapi,DPS,Sojourn,37,15,22,0.4054,19,6,13,0.3158
map,Runasapi,DPS,Pharah,18,9,9,0.5,14,7,7,0.5
map,Runasapi,DPS,Symmetra,17,9,8,0.5294,7,4,3,0.5714
map,Runasapi,DPS,Cassidy,7,3,4,0.4286,7,3,4,0.4286
map,Runasapi,DPS,Echo,5,3,2,0.6,5,3,2,0.6
map,Runasapi,DPS,Bastion,5,3,2,0.6,1,1,0,1.0
map,Runasapi,DPS,Genji,4,2,2,0.5,4,2,2,0.5
map,Runasapi,DPS,Mei,3,1,2,0.3333,3,1,2,0.3333
map,Runasapi,DPS,Widowmaker,3,0,3,0.0,3,0,3,0.0
map,Runasapi,DPS,Sierra,1,0,1,0.0,1,0,1,0.0
map,Runasapi,DPS,Reaper,1,1,0,1.0,1,1,0,1.0
map,Runasapi,Support,Kiriko,74,39,35,0.527,8,6,2,0.75
map,Runasapi,Support,Lúcio,61,30,31,0.4918,13,6,7,0.4615
map,Runasapi,Support,Juno,47,20,27,0.4255,17,5,12,0.2941
map,Runasapi,Support,Brigitte,23,8,15,0.3478,13,3,10,0.2308
map,Runasapi,Support,Jetpack Cat,7,4,3,0.5714,3,2,1,0.6667
map,Runasapi,Support,Illari,6,2,4,0.3333,6,2,4,0.3333
map,Runasapi,Support,Wuyang,5,4,1,0.8,5,4,1,0.8
map,Runasapi,Support,Baptiste,5,4,1,0.8,3,3,0,1.0
map,Runasapi,Support,Ana,5,1,4,0.2,3,0,3,0.0
map,Runasapi,Support,Moira,1,0,1,0.0,1,0,1,0.0
map,Runasapi,Support,Zenyatta,1,1,0,1.0,1,1,0,1.0
map,Runasapi,Tank,Zarya,42,20,22,0.4762,12,5,7,0.4167
map,Runasapi,Tank,D.Va,31,16,15,0.5161,13,7,6,0.5385
map,Runasapi,Tank,Ramattra,16,6,10,0.375,10,3,7,0.3
map,Runasapi,Tank,Orisa,13,5,8,0.3846,7,2,5,0.2857
map,Runasapi,Tank,Mauga,13,7,6,0.5385,7,4,3,0.5714
map,Runasapi,Tank,Wrecking Ball,8,2,6,0.25,8,2,6,0.25
map,Runasapi,Tank,Hazard,4,1,3,0.25,2,0,2,0.0
map,Runasapi,Tank,Doomfist,4,1,3,0.25,4,1,3,0.25
map,Runasapi,Tank,Domina,1,0,1,0.0,1,0,1,0.0
map,Runasapi,Tank,Winston,1,1,0,1.0,1,1,0,1.0
map,Shambali Monastery,DPS,Sojourn,10,4,6,0.4,2,0,2,0.0
map,Shambali Monastery,DPS,Tracer,7,4,3,0.5714,1,1,0,1.0
map,Shambali Monastery,DPS,Vendetta,7,4,3,0.5714,3,2,1,0.6667
map,Shambali Monastery,DPS,Widowmaker,5,4,1,0.8,3,3,0,1.0
map,Shambali Monastery,DPS,Hanzo,5,3,2,0.6,3,2,1,0.6667
map,Shambali Monastery,DPS,Cassidy,5,3,2,0.6,1,1,0,1.0
map,Shambali Monastery,DPS,Echo,3,2,1,0.6667,1,1,0,1.0
map,Shambali Monastery,DPS,Freja,2,0,2,0.0,2,0,2,0.0
map,Shambali Monastery,DPS,Emre,1,0,1,0.0,1,0,1,0.0
map,Shambali Monastery,DPS,Ashe,1,0,1,0.0,1,0,1,0.0
map,Shambali Monastery,DPS,Pharah,1,0,1,0.0,1,0,1,0.0
map,Shambali Monastery,DPS,Sombra,1,0,1,0.0,1,0,1,0.0
map,Shambali Monastery,Support,Kiriko,9,5,4,0.5556,1,1,0,1.0
map,Shambali Monastery,Support,Lúcio,8,4,4,0.5,2,1,1,0.5
map,Shambali Monastery,Support,Jetpack Cat,7,3,4,0.4286,3,1,2,0.3333
map,Shambali Monastery,Support,Baptiste,4,1,3,0.25,2,0,2,0.0
map,Shambali Monastery,Support,Zenyatta,4,1,3,0.25,4,1,3,0.25
map,Shambali Monastery,Support,Juno,3,2,1,0.6667,1,1,0,1.0
map,Shambali Monastery,Support,Wuyang,2,0,2,0.0,2,0,2,0.0
map,Shambali Monastery,Support,Illari,2,1,1,0.5,0,0,0,0.0
map,Shambali Monastery,Support,Ana,1,0,1,0.0,1,0,1,0.0
map,Shambali Monastery,Support,Mercy,1,0,1,0.0,1,0,1,0.0
map,Shambali Monastery,Support,Lifeweaver,1,1,0,1.0,1,1,0,1.0
map,Shambali Monastery,Tank,Domina,8,4,4,0.5,2,1,1,0.5
map,Shambali Monastery,Tank,Zarya,5,2,3,0.4,3,1,2,0.3333
map,Shambali Monastery,Tank,D.Va,5,3,2,0.6,1,1,0,1.0
map,Shambali Monastery,Tank,Reinhardt,1,1,0,1.0,1,1,0,1.0
map,Shambali Monastery,Tank,Ramattra,1,0,1,0.0,1,0,1,0.0
map,Suravasa,DPS,Symmetra,66,34,32,0.5152,12,9,3,0.75
map,Suravasa,DPS,Tracer,64,29,35,0.4531,10,2,8,0.2
map,Suravasa,DPS,Emre,56,22,34,0.3929,16,2,14,0.125
map,Suravasa,DPS,Sojourn,37,19,18,0.5135,15,8,7,0.5333
map,Suravasa,DPS,Vendetta,36,17,19,0.4722,8,3,5,0.375
map,Suravasa,DPS,Cassidy,13,5,8,0.3846,13,5,8,0.3846
map,Suravasa,DPS,Bastion,8,4,4,0.5,2,1,1,0.5
map,Suravasa,DPS,Echo,7,3,4,0.4286,7,3,4,0.4286
map,Suravasa,DPS,Pharah,7,2,5,0.2857,7,2,5,0.2857
map,Suravasa,DPS,Mei,5,2,3,0.4,5,2,3,0.4
map,Suravasa,DPS,Sombra,5,2,3,0.4,3,1,2,0.3333
map,Suravasa,DPS,Reaper,5,2,3,0.4,3,1,2,0.3333
map,Suravasa,DPS,Soldier: 76,2,0,2,0.0,2,0,2,0.0
map,Suravasa,DPS,Sierra,2,1,1,0.5,0,0,0,0.0
map,Suravasa,DPS,Torbjörn,1,0,1,0.0,1,0,1,0.0
map,Suravasa,DPS,Ashe,1,0,1,0.0,1,0,1,0.0
map,Suravasa,DPS,Genji,1,0,1,0.0,1,0,1,0.0
map,Suravasa,DPS,Junkrat,1,1,0,1.0,1,1,0,1.0
map,Suravasa,DPS,Anran,1,1,0,1.0,1,1,0,1.0
map,Suravasa,DPS,Venture,1,1,0,1.0,1,1,0,1.0
map,Suravasa,Support,Kiriko,69,31,38,0.4493,15,5,10,0.3333
map,Suravasa,Support,Lúcio,60,30,30,0.5,12,7,5,0.5833
map,Suravasa,Support,Juno,46,18,28,0.3913,16,4,12,0.25
map,Suravasa,Support,Brigitte,22,7,15,0.3182,12,2,10,0.1667
map,Suravasa,Support,Jetpack Cat,16,9,7,0.5625,6,4,2,0.6667
map,Suravasa,Support,Ana,15,9,6,0.6,11,7,4,0.6364
map,Suravasa,Support,Illari,10,7,3,0.7,10,7,3,0.7
map,Suravasa,Support,Wuyang,8,3,5,0.375,6,2,4,0.3333
map,Suravasa,Support,Baptiste,4,0,4,0.0,4,0,4,0.0
map,Suravasa,Support,Mercy,2,1,1,0.5,2,1,1,0.5
map,Suravasa,Support,Lifeweaver,1,0,1,0.0,1,0,1,0.0
map,Suravasa,Support,Zenyatta,1,0,1,0.0,1,0,1,0.0
map,Suravasa,Support,Mizuki,1,0,1,0.0,1,0,1,0.0
map,Suravasa,Tank,D.Va,40,15,25,0.375,18,4,14,0.2222
map,Suravasa,Tank,Zarya,19,10,9,0.5263,11,6,5,0.5455
map,Suravasa,Tank,Wrecking Ball,19,8,11,0.4211,11,4,7,0.3636
map,Suravasa,Tank,Hazard,13,7,6,0.5385,9,5,4,0.5556
map,Suravasa,Tank,Orisa,11,6,5,0.5455,5,3,2,0.6
map,Suravasa,Tank,Mauga,10,3,7,0.3,8,2,6,0.25
map,Suravasa,Tank,Doomfist,6,2,4,0.3333,6,2,4,0.3333
map,Suravasa,Tank,Winston,6,3,3,0.5,4,2,2,0.5
map,Suravasa,Tank,Ramattra,5,2,3,0.4,3,2,1,0.6667
map,Suravasa,Tank,Sigma,5,1,4,0.2,3,1,2,0.3333
map,Suravasa,Tank,Domina,3,1,2,0.3333,3,1,2,0.3333
map,Suravasa,Tank,Junker Queen,1,0,1,0.0,1,0,1,0.0
map,Suravasa,Tank,Roadhog,1,0,1,0.0,1,0,1,0.0
map,Watchpoint: Gibraltar,DPS,Tracer,70,32,38,0.4571,8,2,6,0.25
map,Watchpoint: Gibraltar,DPS,Emre,49,25,24,0.5102,13,7,6,0.5385
map,Watchpoint: Gibraltar,DPS,Widowmaker,38,21,17,0.5526,24,15,9,0.625
map,Watchpoint: Gibraltar,DPS,Cassidy,37,17,20,0.4595,21,9,12,0.4286
map,Watchpoint: Gibraltar,DPS,Symmetra,21,9,12,0.4286,13,5,8,0.3846
map,Watchpoint: Gibraltar,DPS,Hanzo,17,8,9,0.4706,13,6,7,0.4615
map,Watchpoint: Gibraltar,DPS,Sojourn,14,4,10,0.2857,12,3,9,0.25
map,Watchpoint: Gibraltar,DPS,Vendetta,14,10,4,0.7143,8,7,1,0.875
map,Watchpoint: Gibraltar,DPS,Genji,12,9,3,0.75,10,8,2,0.8
map,Watchpoint: Gibraltar,DPS,Ashe,10,4,6,0.4,4,1,3,0.25
map,Watchpoint: Gibraltar,DPS,Freja,9,2,7,0.2222,9,2,7,0.2222
map,Watchpoint: Gibraltar,DPS,Reaper,9,4,5,0.4444,5,2,3,0.4
map,Watchpoint: Gibraltar,DPS,Torbjörn,7,2,5,0.2857,3,0,3,0.0
map,Watchpoint: Gibraltar,DPS,Venture,7,3,4,0.4286,5,2,3,0.4
map,Watchpoint: Gibraltar,DPS,Bastion,6,3,3,0.5,4,2,2,0.5
map,Watchpoint: Gibraltar,DPS,Mei,3,1,2,0.3333,3,1,2,0.3333
map,Watchpoint: Gibraltar,DPS,Anran,3,1,2,0.3333,3,1,2,0.3333
map,Watchpoint: Gibraltar,DPS,Soldier: 76,2,1,1,0.5,2,1,1,0.5
map,Watchpoint: Gibraltar,DPS,Echo,2,1,1,0.5,2,1,1,0.5
map,Watchpoint: Gibraltar,DPS,Sombra,2,1,1,0.5,2,1,1,0.5
map,Watchpoint: Gibraltar,DPS,Sierra,1,1,0,1.0,1,1,0,1.0
map,Watchpoint: Gibraltar,DPS,Pharah,1,1,0,1.0,1,1,0,1.0
map,Watchpoint: Gibraltar,Support,Kiriko,66,31,35,0.4697,8,3,5,0.375
map,Watchpoint: Gibraltar,Support,Brigitte,37,16,21,0.4324,13,4,9,0.3077
map,Watchpoint: Gibraltar,Support,Lúcio,36,15,21,0.4167,14,4,10,0.2857
map,Watchpoint: Gibraltar,Support,Ana,33,17,16,0.5152,9,5,4,0.5556
map,Watchpoint: Gibraltar,Support,Wuyang,18,8,10,0.4444,10,4,6,0.4
map,Watchpoint: Gibraltar,Support,Illari,17,8,9,0.4706,13,6,7,0.4615
map,Watchpoint: Gibraltar,Support,Jetpack Cat,14,8,6,0.5714,8,5,3,0.625
map,Watchpoint: Gibraltar,Support,Baptiste,9,3,6,0.3333,5,1,4,0.2
map,Watchpoint: Gibraltar,Support,Mizuki,9,5,4,0.5556,9,5,4,0.5556
map,Watchpoint: Gibraltar,Support,Juno,7,4,3,0.5714,3,2,1,0.6667
map,Watchpoint: Gibraltar,Support,Lifeweaver,4,2,2,0.5,4,2,2,0.5
map,Watchpoint: Gibraltar,Support,Zenyatta,4,2,2,0.5,2,1,1,0.5
map,Watchpoint: Gibraltar,Support,Mercy,2,0,2,0.0,2,0,2,0.0
map,Watchpoint: Gibraltar,Support,Moira,1,0,1,0.0,1,0,1,0.0
map,Watchpoint: Gibraltar,Tank,D.Va,35,19,16,0.5429,7,5,2,0.7143
map,Watchpoint: Gibraltar,Tank,Winston,34,18,16,0.5294,16,9,7,0.5625
map,Watchpoint: Gibraltar,Tank,Wrecking Ball,16,8,8,0.5,10,5,5,0.5
map,Watchpoint: Gibraltar,Tank,Hazard,14,8,6,0.5714,8,5,3,0.625
map,Watchpoint: Gibraltar,Tank,Doomfist,9,1,8,0.1111,7,0,7,0.0
map,Watchpoint: Gibraltar,Tank,Zarya,8,3,5,0.375,8,3,5,0.375
map,Watchpoint: Gibraltar,Tank,Roadhog,7,1,6,0.1429,7,1,6,0.1429
map,Watchpoint: Gibraltar,Tank,Sigma,5,3,2,0.6,3,2,1,0.6667
map,Watchpoint: Gibraltar,Tank,Mauga,4,2,2,0.5,4,2,2,0.5
map,Watchpoint: Gibraltar,Tank,Domina,3,2,1,0.6667,1,1,0,1.0
map,Watchpoint: Gibraltar,Tank,Ramattra,3,2,1,0.6667,3,2,1,0.6667
map,Watchpoint: Gibraltar,Tank,Orisa,2,2,0,1.0,2,2,0,1.0
map,Watchpoint: Gibraltar,Tank,Reinhardt,2,1,1,0.5,2,1,1,0.5
player,9TRIBEZ,Tank,Zarya,9,3,6,0.3333,2,1,1,0.5
player,9TRIBEZ,Tank,Hazard,5,1,4,0.2,4,0,4,0.0
player,9TRIBEZ,Tank,Orisa,3,0,3,0.0,3,0,3,0.0
player,9TRIBEZ,Tank,Ramattra,1,0,1,0.0,1,0,1,0.0
player,9TRIBEZ,Tank,Sigma,1,0,1,0.0,0,0,0,0.0
player,9TRIBEZ,Tank,Doomfist,1,0,1,0.0,1,0,1,0.0
player,9TRIBEZ,Tank,D.Va,1,0,1,0.0,0,0,0,0.0
player,A1IEN,DPS,Sojourn,14,7,7,0.5,4,1,3,0.25
player,A1IEN,DPS,Emre,11,4,7,0.3636,1,1,0,1.0
player,A1IEN,DPS,Bastion,7,4,3,0.5714,3,2,1,0.6667
player,A1IEN,DPS,Genji,3,0,3,0.0,3,0,3,0.0
player,A1IEN,DPS,Cassidy,3,1,2,0.3333,1,1,0,1.0
player,A1IEN,DPS,Symmetra,1,0,1,0.0,0,0,0,0.0
player,A1IEN,DPS,Vendetta,1,0,1,0.0,0,0,0,0.0
player,A1IEN,DPS,Widowmaker,1,1,0,1.0,0,0,0,0.0
player,A1WAYS,Support,Lúcio,23,8,15,0.3478,3,1,2,0.3333
player,A1WAYS,Support,Wuyang,9,4,5,0.4444,6,4,2,0.6667
player,A1WAYS,Support,Baptiste,4,0,4,0.0,3,0,3,0.0
player,A1WAYS,Support,Ana,3,0,3,0.0,0,0,0,0.0
player,A1WAYS,Support,Kiriko,2,0,2,0.0,2,0,2,0.0
player,A1WAYS,Support,Juno,1,1,0,1.0,1,1,0,1.0
player,APDO,DPS,Vendetta,19,7,12,0.3684,7,2,5,0.2857
player,APDO,DPS,Tracer,14,6,8,0.4286,4,1,3,0.25
player,APDO,DPS,Symmetra,11,2,9,0.1818,3,1,2,0.3333
player,APDO,DPS,Echo,3,0,3,0.0,2,0,2,0.0
player,APDO,DPS,Venture,1,1,0,1.0,1,1,0,1.0
player,APDO,DPS,Torbjörn,1,0,1,0.0,1,0,1,0.0
player,APDO,DPS,Emre,1,0,1,0.0,0,0,0,0.0
player,APDO,DPS,Cassidy,1,0,1,0.0,1,0,1,0.0
player,APDO,DPS,Widowmaker,1,0,1,0.0,1,0,1,0.0
player,ATTACK,Tank,D.Va,22,13,9,0.5909,6,3,3,0.5
player,ATTACK,Tank,Zarya,18,5,13,0.2778,4,0,4,0.0
player,ATTACK,Tank,Hazard,10,7,3,0.7,6,3,3,0.5
player,ATTACK,Tank,Doomfist,4,1,3,0.25,3,1,2,0.3333
player,ATTACK,Tank,Winston,4,2,2,0.5,1,1,0,1.0
player,ATTACK,Tank,Mauga,4,1,3,0.25,3,1,2,0.3333
player,ATTACK,Tank,Ramattra,3,1,2,0.3333,0,0,0,0.0
player,ATTACK,Tank,Orisa,2,1,1,0.5,0,0,0,0.0
player,ATTACK,Tank,Wrecking Ball,1,0,1,0.0,1,0,1,0.0
player,ATTACK,Tank,Reinhardt,1,0,1,0.0,1,0,1,0.0
player,Ackyy,Support,Kiriko,11,8,3,0.7273,0,0,0,0.0
player,Ackyy,Support,Ana,5,4,1,0.8,1,1,0,1.0
player,Ackyy,Support,Juno,4,4,0,1.0,2,2,0,1.0
player,Ackyy,Support,Lúcio,1,1,0,1.0,0,0,0,0.0
player,Ade,DPS,Emre,24,9,15,0.375,0,0,0,0.0
player,Ade,DPS,Sojourn,7,1,6,0.1429,4,0,4,0.0
player,Ade,DPS,Tracer,5,1,4,0.2,1,0,1,0.0
player,Ade,DPS,Widowmaker,5,2,3,0.4,3,2,1,0.6667
player,Ade,DPS,Vendetta,5,1,4,0.2,2,0,2,0.0
player,Ade,DPS,Symmetra,2,0,2,0.0,1,0,1,0.0
player,Ade,DPS,Echo,1,0,1,0.0,1,0,1,0.0
player,Ade,DPS,Bastion,1,1,0,1.0,1,1,0,1.0
player,Admiral,Support,Lúcio,30,14,16,0.4667,12,4,8,0.3333
player,Admiral,Support,Brigitte,9,6,3,0.6667,2,2,0,1.0
player,Admiral,Support,Jetpack Cat,4,2,2,0.5,3,2,1,0.6667
player,Admiral,Support,Kiriko,3,3,0,1.0,0,0,0,0.0
player,Admiral,Support,Juno,2,0,2,0.0,1,0,1,0.0
player,Akraken,Support,Kiriko,4,1,3,0.25,0,0,0,0.0
player,Akraken,Support,Juno,1,0,1,0.0,1,0,1,0.0
player,AlphaYi,DPS,Tracer,19,8,11,0.4211,3,1,2,0.3333
player,AlphaYi,DPS,Vendetta,17,7,10,0.4118,4,1,3,0.25
player,AlphaYi,DPS,Symmetra,13,5,8,0.3846,7,1,6,0.1429
player,AlphaYi,DPS,Pharah,7,4,3,0.5714,5,2,3,0.4
player,AlphaYi,DPS,Widowmaker,2,2,0,1.0,1,1,0,1.0
player,AlphaYi,DPS,Genji,1,0,1,0.0,1,0,1,0.0
player,AlphaYi,DPS,Echo,1,1,0,1.0,1,1,0,1.0
player,Alphari,DPS,Tracer,21,15,6,0.7143,5,4,1,0.8
player,Alphari,DPS,Symmetra,20,14,6,0.7,3,1,2,0.3333
player,Alphari,DPS,Vendetta,12,9,3,0.75,2,0,2,0.0
player,Alphari,DPS,Genji,4,2,2,0.5,1,1,0,1.0
player,Alphari,DPS,Reaper,4,2,2,0.5,2,1,1,0.5
player,Alphari,DPS,Mei,3,0,3,0.0,2,0,2,0.0
player,Alphari,DPS,Hanzo,3,1,2,0.3333,3,1,2,0.3333
player,Alphari,DPS,Venture,2,0,2,0.0,1,0,1,0.0
player,Alphari,DPS,Echo,2,1,1,0.5,2,1,1,0.5
player,Alphari,DPS,Pharah,2,1,1,0.5,1,0,1,0.0
player,Alphari,DPS,Emre,1,0,1,0.0,1,0,1,0.0
player,Argon,DPS,Tracer,28,6,22,0.2143,5,0,5,0.0
player,Argon,DPS,Symmetra,13,2,11,0.1538,5,1,4,0.2
player,Argon,DPS,Vendetta,7,0,7,0.0,0,0,0,0.0
player,Argon,DPS,Pharah,6,1,5,0.1667,2,1,1,0.5
player,Argon,DPS,Echo,4,1,3,0.25,3,0,3,0.0
player,Argon,DPS,Widowmaker,2,0,2,0.0,1,0,1,0.0
player,Argon,DPS,Emre,1,0,1,0.0,1,0,1,0.0
player,Argon,DPS,Hanzo,1,0,1,0.0,1,0,1,0.0
player,Argon,DPS,Genji,1,0,1,0.0,0,0,0,0.0
player,Argon,DPS,Mei,1,1,0,1.0,0,0,0,0.0
player,Argon,DPS,Freja,1,1,0,1.0,1,1,0,1.0
player,BABAYAGA,DPS,Vendetta,19,10,9,0.5263,8,4,4,0.5
player,BABAYAGA,DPS,Tracer,13,2,11,0.1538,3,1,2,0.3333
player,BABAYAGA,DPS,Symmetra,6,0,6,0.0,1,0,1,0.0
player,BABAYAGA,DPS,Pharah,4,1,3,0.25,3,1,2,0.3333
player,BABAYAGA,DPS,Widowmaker,3,0,3,0.0,2,0,2,0.0
player,BABAYAGA,DPS,Mei,2,0,2,0.0,1,0,1,0.0
player,BABAYAGA,DPS,Bastion,2,0,2,0.0,0,0,0,0.0
player,BABAYAGA,DPS,Emre,1,0,1,0.0,0,0,0,0.0
player,BABAYAGA,DPS,Hanzo,1,1,0,1.0,1,1,0,1.0
player,BABAYAGA,DPS,Reaper,1,0,1,0.0,1,0,1,0.0
player,BABAYAGA,DPS,Genji,1,0,1,0.0,1,0,1,0.0
player,BABAYAGA,DPS,Sierra,1,0,1,0.0,1,0,1,0.0
player,BABYAGA,DPS,Tracer,3,0,3,0.0,0,0,0,0.0
player,BABYAGA,DPS,Symmetra,1,0,1,0.0,0,0,0,0.0
player,BERNAR,Tank,D.Va,9,6,3,0.6667,1,1,0,1.0
player,BERNAR,Tank,Orisa,6,4,2,0.6667,5,3,2,0.6
player,BERNAR,Tank,Zarya,5,4,1,0.8,2,1,1,0.5
player,BERNAR,Tank,Winston,3,3,0,1.0,2,2,0,1.0
player,BERNAR,Tank,Wrecking Ball,3,3,0,1.0,3,3,0,1.0
player,BERNAR,Tank,Sigma,2,1,1,0.5,0,0,0,0.0
player,BERNAR,Tank,Domina,2,2,0,1.0,2,2,0,1.0
player,BERNAR,Tank,Doomfist,1,1,0,1.0,1,1,0,1.0
player,BERNAR,Tank,Mauga,1,1,0,1.0,0,0,0,0.0
player,BERNAR,Tank,Hazard,1,1,0,1.0,1,1,0,1.0
player,Becky,DPS,Vendetta,16,6,10,0.375,7,3,4,0.4286
player,Becky,DPS,Tracer,15,8,7,0.5333,0,0,0,0.0
player,Becky,DPS,Symmetra,10,4,6,0.4,4,1,3,0.25
player,Becky,DPS,Pharah,6,4,2,0.6667,2,2,0,1.0
player,Becky,DPS,Mei,3,1,2,0.3333,3,1,2,0.3333
player,Becky,DPS,Venture,2,0,2,0.0,2,0,2,0.0
player,Becky,DPS,Echo,1,0,1,0.0,1,0,1,0.0
player,Becky,DPS,Anran,1,1,0,1.0,0,0,0,0.0
player,Beeple,Support,Lúcio,11,3,8,0.2727,4,1,3,0.25
player,Beeple,Support,Kiriko,6,5,1,0.8333,2,2,0,1.0
player,Beeple,Support,Mizuki,5,2,3,0.4,2,1,1,0.5
player,Beeple,Support,Jetpack Cat,3,0,3,0.0,2,0,2,0.0
player,Beeple,Support,Baptiste,3,2,1,0.6667,1,1,0,1.0
player,Beeple,Support,Juno,2,0,2,0.0,1,0,1,0.0
player,Beeple,Support,Wuyang,1,0,1,0.0,1,0,1,0.0
player,Belosrea,Tank,D.Va,16,8,8,0.5,1,0,1,0.0
player,Belosrea,Tank,Wrecking Ball,12,8,4,0.6667,11,7,4,0.6364
player,Belosrea,Tank,Hazard,12,8,4,0.6667,9,5,4,0.5556
player,Belosrea,Tank,Winston,11,5,6,0.4545,9,5,4,0.5556
player,Belosrea,Tank,Doomfist,8,2,6,0.25,7,2,5,0.2857
player,Belosrea,Tank,Ramattra,8,3,5,0.375,8,3,5,0.375
player,Belosrea,Tank,Orisa,5,3,2,0.6,3,2,1,0.6667
player,Belosrea,Tank,Sigma,3,1,2,0.3333,2,0,2,0.0
player,Belosrea,Tank,Reinhardt,2,2,0,1.0,2,2,0,1.0
player,Belosrea,Tank,Junker Queen,1,1,0,1.0,1,1,0,1.0
player,Bliss,Support,Lúcio,29,20,9,0.6897,4,2,2,0.5
player,Bliss,Support,Wuyang,8,5,3,0.625,3,1,2,0.3333
player,Bliss,Support,Jetpack Cat,6,5,1,0.8333,0,0,0,0.0
player,Bliss,Support,Brigitte,3,0,3,0.0,1,0,1,0.0
player,Bliss,Support,Mercy,1,1,0,1.0,1,1,0,1.0
player,Breadturtle,DPS,Tracer,15,2,13,0.1333,4,1,3,0.25
player,Breadturtle,DPS,Vendetta,11,1,10,0.0909,4,0,4,0.0
player,Breadturtle,DPS,Symmetra,10,1,9,0.1,1,0,1,0.0
player,Breadturtle,DPS,Mei,4,1,3,0.25,4,1,3,0.25
player,Breadturtle,DPS,Echo,2,0,2,0.0,1,0,1,0.0
player,Breadturtle,DPS,Sojourn,1,0,1,0.0,1,0,1,0.0
player,Breadturtle,DPS,Genji,1,0,1,0.0,1,0,1,0.0
player,CARU,Support,Kiriko,22,6,16,0.2727,4,0,4,0.0
player,CARU,Support,Juno,8,2,6,0.25,5,1,4,0.2
player,CARU,Support,Ana,6,2,4,0.3333,1,0,1,0.0
player,CARU,Support,Baptiste,1,1,0,1.0,1,1,0,1.0
player,CARU,Support,Zenyatta,1,0,1,0.0,1,0,1,0.0
player,CH0R0NG,Support,Lúcio,18,10,8,0.5556,3,1,2,0.3333
player,CH0R0NG,Support,Jetpack Cat,6,3,3,0.5,1,0,1,0.0
player,CH0R0NG,Support,Wuyang,2,2,0,1.0,1,1,0,1.0
player,CH0R0NG,Support,Brigitte,2,0,2,0.0,1,0,1,0.0
player,CH0R0NG,Support,Kiriko,1,0,1,0.0,1,0,1,0.0
player,CH0R0NG,Support,Illari,1,0,1,0.0,1,0,1,0.0
player,CH0R0NG,Support,Juno,1,1,0,1.0,1,1,0,1.0
player,CH0R0NG,Support,Ana,1,1,0,1.0,1,1,0,1.0
player,Ch0r0ng,Support,Lúcio,19,12,7,0.6316,2,2,0,1.0
player,Ch0r0ng,Support,Jetpack Cat,14,10,4,0.7143,8,6,2,0.75
player,Ch0r0ng,Support,Brigitte,6,5,1,0.8333,1,1,0,1.0
player,Ch0r0ng,Support,Wuyang,4,2,2,0.5,3,2,1,0.6667
player,Ch0r0ng,Support,Kiriko,2,1,1,0.5,0,0,0,0.0
player,Ch0r0ng,Support,Illari,1,0,1,0.0,1,0,1,0.0
player,Ch0r0ng,Support,Lifeweaver,1,0,1,0.0,1,0,1,0.0
player,Ch0r0ng,Support,Juno,1,1,0,1.0,0,0,0,0.0
player,Checkmate,DPS,Symmetra,26,14,12,0.5385,11,7,4,0.6364
player,Checkmate,DPS,Vendetta,18,13,5,0.7222,2,0,2,0.0
player,Checkmate,DPS,Tracer,16,8,8,0.5,3,1,2,0.3333
player,Checkmate,DPS,Pharah,6,3,3,0.5,1,1,0,1.0
player,Checkmate,DPS,Genji,4,2,2,0.5,3,1,2,0.3333
player,Checkmate,DPS,Anran,3,2,1,0.6667,0,0,0,0.0
player,Checkmate,DPS,Mei,3,1,2,0.3333,3,1,2,0.3333
player,Checkmate,DPS,Torbjörn,3,1,2,0.3333,1,0,1,0.0
player,Checkmate,DPS,Widowmaker,2,1,1,0.5,2,1,1,0.5
player,Checkmate,DPS,Echo,2,1,1,0.5,1,0,1,0.0
player,Checkmate,DPS,Venture,1,0,1,0.0,1,0,1,0.0
player,Checkmate,DPS,Reaper,1,0,1,0.0,0,0,0,0.0
player,ChiYo,Support,Lúcio,34,20,14,0.5882,8,3,5,0.375
player,ChiYo,Support,Jetpack Cat,16,9,7,0.5625,6,4,2,0.6667
player,ChiYo,Support,Brigitte,10,6,4,0.6,4,3,1,0.75
player,ChiYo,Support,Juno,9,6,3,0.6667,6,6,0,1.0
player,ChiYo,Support,Wuyang,2,1,1,0.5,0,0,0,0.0
player,ChiYo,Support,Illari,1,1,0,1.0,0,0,0,0.0
player,ChiYo,Support,Lifeweaver,1,1,0,1.0,1,1,0,1.0
player,Cjay,Support,Kiriko,16,12,4,0.75,2,1,1,0.5
player,Cjay,Support,Ana,13,9,4,0.6923,10,7,3,0.7
player,Cjay,Support,Juno,9,7,2,0.7778,3,2,1,0.6667
player,Cjay,Support,Lúcio,6,2,4,0.3333,1,1,0,1.0
player,Cjay,Support,Mizuki,3,1,2,0.3333,1,0,1,0.0
player,Cjay,Support,Jetpack Cat,3,3,0,1.0,1,1,0,1.0
player,Cjay,Support,Illari,2,1,1,0.5,2,1,1,0.5
player,Cjay,Support,Baptiste,2,1,1,0.5,0,0,0,0.0
player,Cjay,Support,Wuyang,1,0,1,0.0,0,0,0,0.0
player,Cjay,Support,Mercy,1,1,0,1.0,1,1,0,1.0
player,Cjay,Support,Moira,1,1,0,1.0,0,0,0,0.0
player,Coldj,Support,Lúcio,17,5,12,0.2941,3,1,2,0.3333
player,Coldj,Support,Brigitte,16,6,10,0.375,7,2,5,0.2857
player,Coldj,Support,Illari,7,2,5,0.2857,5,1,4,0.2
player,Coldj,Support,Kiriko,7,4,3,0.5714,2,1,1,0.5
player,Coldj,Support,Wuyang,3,1,2,0.3333,3,1,2,0.3333
player,Coldj,Support,Baptiste,1,0,1,0.0,1,0,1,0.0
player,Coldj,Support,Ana,1,1,0,1.0,0,0,0,0.0
player,Coldj,Support,Zenyatta,1,0,1,0.0,1,0,1,0.0
player,Colourhex,DPS,Emre,7,7,0,1.0,2,2,0,1.0
player,Colourhex,DPS,Widowmaker,2,2,0,1.0,0,0,0,0.0
player,Colourhex,DPS,Cassidy,2,2,0,1.0,2,2,0,1.0
player,Colourhex,DPS,Vendetta,2,2,0,1.0,1,1,0,1.0
player,Colourhex,DPS,Sojourn,1,1,0,1.0,0,0,0,0.0
player,Colourhex,DPS,Symmetra,1,1,0,1.0,1,1,0,1.0
player,Colourhex,Tank,Hazard,2,2,0,1.0,2,2,0,1.0
player,Colourhex,Tank,D.Va,2,2,0,1.0,2,2,0,1.0
player,Colourhex,Tank,Zarya,1,1,0,1.0,1,1,0,1.0
player,Coluge,Tank,D.Va,4,0,4,0.0,1,0,1,0.0
player,Coluge,Tank,Zarya,3,0,3,0.0,2,0,2,0.0
player,Coluge,Tank,Ramattra,1,0,1,0.0,1,0,1,0.0
player,Coluge,Tank,Sigma,1,0,1,0.0,1,0,1,0.0
player,Coluge,Tank,Winston,1,0,1,0.0,1,0,1,0.0
player,D0D0,DPS,Tracer,15,0,15,0.0,5,0,5,0.0
player,D0D0,DPS,Vendetta,9,0,9,0.0,4,0,4,0.0
player,D0D0,DPS,Genji,8,0,8,0.0,4,0,4,0.0
player,D0D0,DPS,Symmetra,7,0,7,0.0,2,0,2,0.0
player,D0D0,DPS,Venture,2,0,2,0.0,2,0,2,0.0
player,D0D0,DPS,Anran,1,0,1,0.0,0,0,0,0.0
player,D0D0,DPS,Hanzo,1,0,1,0.0,1,0,1,0.0
player,D4IJIN,Support,Kiriko,28,12,16,0.4286,4,0,4,0.0
player,D4IJIN,Support,Juno,10,3,7,0.3,4,1,3,0.25
player,D4IJIN,Support,Ana,6,1,5,0.1667,0,0,0,0.0
player,D4IJIN,Support,Mizuki,4,2,2,0.5,4,2,2,0.5
player,D4RT,DPS,Tracer,15,2,13,0.1333,2,0,2,0.0
player,D4RT,DPS,Vendetta,12,5,7,0.4167,2,0,2,0.0
player,D4RT,DPS,Symmetra,8,0,8,0.0,0,0,0,0.0
player,D4RT,DPS,Widowmaker,6,3,3,0.5,4,2,2,0.5
player,D4RT,DPS,Echo,4,1,3,0.25,2,1,1,0.5
player,D4RT,DPS,Pharah,4,1,3,0.25,2,0,2,0.0
player,D4RT,DPS,Hanzo,3,1,2,0.3333,3,1,2,0.3333
player,D4RT,DPS,Mei,2,1,1,0.5,1,1,0,1.0
player,D4RT,DPS,Venture,1,0,1,0.0,1,0,1,0.0
player,D4RT,DPS,Sierra,1,0,1,0.0,1,0,1,0.0
player,DONGHAK,Tank,Domina,6,3,3,0.5,2,0,2,0.0
player,DONGHAK,Tank,D.Va,6,2,4,0.3333,4,2,2,0.5
player,DONGHAK,Tank,Wrecking Ball,6,4,2,0.6667,1,0,1,0.0
player,DONGHAK,Tank,Sigma,4,2,2,0.5,2,1,1,0.5
player,DONGHAK,Tank,Zarya,3,2,1,0.6667,0,0,0,0.0
player,DONGHAK,Tank,Orisa,3,2,1,0.6667,3,2,1,0.6667
player,DONGHAK,Tank,Hazard,3,3,0,1.0,0,0,0,0.0
player,DONGHAK,Tank,Mauga,3,3,0,1.0,2,2,0,1.0
player,DONGHAK,Tank,Ramattra,2,2,0,1.0,2,2,0,1.0
player,DONGHAK,Tank,Roadhog,2,2,0,1.0,2,2,0,1.0
player,DONGHAK,Tank,Junker Queen,2,1,1,0.5,2,1,1,0.5
player,DONGHAK,Tank,Winston,1,0,1,0.0,0,0,0,0.0
player,DOX,Tank,Ramattra,15,6,9,0.4,12,4,8,0.3333
player,DOX,Tank,Orisa,9,1,8,0.1111,2,1,1,0.5
player,DOX,Tank,Doomfist,5,0,5,0.0,5,0,5,0.0
player,DOX,Tank,Winston,3,1,2,0.3333,2,1,1,0.5
player,DOX,Tank,Reinhardt,3,0,3,0.0,3,0,3,0.0
player,DOX,Tank,Roadhog,1,0,1,0.0,1,0,1,0.0
player,DOX,Tank,Wrecking Ball,1,0,1,0.0,0,0,0,0.0
player,DOX,Tank,Sigma,1,0,1,0.0,0,0,0,0.0
player,DOX,Tank,Hazard,1,0,1,0.0,0,0,0,0.0
player,Daisy,DPS,Emre,18,8,10,0.4444,7,3,4,0.4286
player,Daisy,DPS,Sojourn,7,1,6,0.1429,5,1,4,0.2
player,Daisy,DPS,Widowmaker,6,2,4,0.3333,4,1,3,0.25
player,Daisy,DPS,Symmetra,5,3,2,0.6,1,1,0,1.0
player,Daisy,DPS,Pharah,1,0,1,0.0,1,0,1,0.0
player,Daisy,DPS,Tracer,1,0,1,0.0,0,0,0,0.0
player,Daisy,DPS,Freja,1,1,0,1.0,1,1,0,1.0
player,Daisy,DPS,Cassidy,1,1,0,1.0,0,0,0,0.0
player,Despair,Tank,D.Va,12,8,4,0.6667,4,2,2,0.5
player,Despair,Tank,Zarya,11,8,3,0.7273,8,5,3,0.625
player,Despair,Tank,Mauga,4,2,2,0.5,3,1,2,0.3333
player,Despair,Tank,Winston,1,0,1,0.0,0,0,0,0.0
player,Dip,DPS,Vendetta,20,5,15,0.25,5,2,3,0.4
player,Dip,DPS,Tracer,15,4,11,0.2667,3,0,3,0.0
player,Dip,DPS,Widowmaker,3,0,3,0.0,1,0,1,0.0
player,Dip,DPS,Symmetra,3,1,2,0.3333,1,1,0,1.0
player,Dip,DPS,Pharah,3,1,2,0.3333,3,1,2,0.3333
player,Dip,DPS,Genji,3,1,2,0.3333,0,0,0,0.0
player,Dip,DPS,Anran,2,0,2,0.0,0,0,0,0.0
player,Diya,DPS,Emre,3,1,2,0.3333,0,0,0,0.0
player,Diya,DPS,Cassidy,3,0,3,0.0,3,0,3,0.0
player,Diya,DPS,Bastion,1,0,1,0.0,1,0,1,0.0
player,Diya,DPS,Soldier: 76,1,0,1,0.0,1,0,1,0.0
player,Diya,Support,Kiriko,28,9,19,0.3214,4,0,4,0.0
player,Diya,Support,Juno,16,7,9,0.4375,3,1,2,0.3333
player,Diya,Support,Ana,4,1,3,0.25,0,0,0,0.0
player,Diya,Support,Illari,3,1,2,0.3333,1,1,0,1.0
player,Diya,Support,Baptiste,2,0,2,0.0,2,0,2,0.0
player,Diya,Support,Jetpack Cat,1,0,1,0.0,0,0,0,0.0
player,Diya,Support,Mercy,1,0,1,0.0,1,0,1,0.0
player,Edison,DPS,Tracer,20,14,6,0.7,5,4,1,0.8
player,Edison,DPS,Vendetta,18,13,5,0.7222,9,6,3,0.6667
player,Edison,DPS,Symmetra,12,7,5,0.5833,2,1,1,0.5
player,Edison,DPS,Echo,6,2,4,0.3333,5,2,3,0.4
player,Edison,DPS,Genji,6,4,2,0.6667,6,4,2,0.6667
player,Edison,DPS,Pharah,4,3,1,0.75,4,3,1,0.75
player,Edison,DPS,Widowmaker,4,4,0,1.0,3,3,0,1.0
player,Edison,DPS,Reaper,1,0,1,0.0,1,0,1,0.0
player,Edison,DPS,Sombra,1,0,1,0.0,1,0,1,0.0
player,Edison,DPS,Mei,1,0,1,0.0,1,0,1,0.0
player,Eileen,DPS,Mei,13,5,8,0.3846,11,4,7,0.3636
player,Eileen,DPS,Vendetta,10,2,8,0.2,0,0,0,0.0
player,Eileen,DPS,Symmetra,8,2,6,0.25,2,0,2,0.0
player,Eileen,DPS,Sojourn,4,2,2,0.5,3,2,1,0.6667
player,Eileen,DPS,Pharah,3,0,3,0.0,3,0,3,0.0
player,Eileen,DPS,Cassidy,3,0,3,0.0,3,0,3,0.0
player,Eileen,DPS,Freja,2,1,1,0.5,2,1,1,0.5
player,Eileen,DPS,Tracer,2,0,2,0.0,0,0,0,0.0
player,Eileen,DPS,Reaper,2,1,1,0.5,1,1,0,1.0
player,Eileen,DPS,Venture,2,0,2,0.0,2,0,2,0.0
player,Eileen,DPS,Genji,1,1,0,1.0,0,0,0,0.0
player,Eileen,DPS,Echo,1,0,1,0.0,1,0,1,0.0
player,Eileen,DPS,Widowmaker,1,1,0,1.0,0,0,0,0.0
player,Eileen,DPS,Bastion,1,0,1,0.0,1,0,1,0.0
player,Eileen,DPS,Emre,1,1,0,1.0,0,0,0,0.0
player,Eileen,DPS,Sierra,1,0,1,0.0,0,0,0,0.0
player,Elva,DPS,Tracer,14,3,11,0.2143,2,0,2,0.0
player,Elva,DPS,Symmetra,8,3,5,0.375,2,1,1,0.5
player,Elva,DPS,Pharah,5,0,5,0.0,4,0,4,0.0
player,Elva,DPS,Echo,5,0,5,0.0,4,0,4,0.0
player,Elva,DPS,Hanzo,4,0,4,0.0,4,0,4,0.0
player,Elva,DPS,Widowmaker,1,0,1,0.0,0,0,0,0.0
player,Elva,DPS,Sojourn,1,0,1,0.0,0,0,0,0.0
player,Elva,DPS,Reaper,1,0,1,0.0,1,0,1,0.0
player,Elva,DPS,Torbjörn,1,0,1,0.0,1,0,1,0.0
player,Elysia,Support,Kiriko,11,0,11,0.0,1,0,1,0.0
player,Elysia,Support,Juno,11,2,9,0.1818,3,0,3,0.0
player,Elysia,Support,Ana,6,1,5,0.1667,4,1,3,0.25
player,Elysia,Support,Baptiste,5,1,4,0.2,4,1,3,0.25
player,Elysia,Support,Wuyang,2,0,2,0.0,2,0,2,0.0
player,Elysia,Support,Moira,2,0,2,0.0,2,0,2,0.0
player,Elysia,Support,Mizuki,1,0,1,0.0,1,0,1,0.0
player,Escanor,Support,Kiriko,19,10,9,0.5263,1,0,1,0.0
player,Escanor,Support,Juno,14,4,10,0.2857,4,1,3,0.25
player,Escanor,Support,Jetpack Cat,4,1,3,0.25,3,0,3,0.0
player,Escanor,Support,Ana,1,1,0,1.0,1,1,0,1.0
player,Escanor,Support,Baptiste,1,0,1,0.0,0,0,0,0.0
player,Escanor,Support,Lúcio,1,0,1,0.0,0,0,0,0.0
player,Exrai,Support,Kiriko,10,3,7,0.3,2,0,2,0.0
player,Exrai,Support,Ana,2,1,1,0.5,0,0,0,0.0
player,Exrai,Support,Juno,2,0,2,0.0,1,0,1,0.0
player,Ezhan,DPS,Emre,28,20,8,0.7143,7,4,3,0.5714
player,Ezhan,DPS,Widowmaker,17,11,6,0.6471,14,9,5,0.6429
player,Ezhan,DPS,Bastion,10,6,4,0.6,0,0,0,0.0
player,Ezhan,DPS,Cassidy,9,5,4,0.5556,7,3,4,0.4286
player,Ezhan,DPS,Sojourn,8,4,4,0.5,4,3,1,0.75
player,Ezhan,DPS,Tracer,7,2,5,0.2857,1,0,1,0.0
player,Ezhan,DPS,Soldier: 76,6,3,3,0.5,6,3,3,0.5
player,Ezhan,DPS,Symmetra,4,1,3,0.25,1,0,1,0.0
player,Ezhan,DPS,Mei,3,1,2,0.3333,3,1,2,0.3333
player,Ezhan,DPS,Reaper,3,2,1,0.6667,1,1,0,1.0
player,Ezhan,DPS,Pharah,2,1,1,0.5,1,1,0,1.0
player,Ezhan,DPS,Genji,1,1,0,1.0,1,1,0,1.0
player,Ezhan,DPS,Echo,1,0,1,0.0,1,0,1,0.0
player,Ezrai,Support,Lúcio,6,1,5,0.1667,0,0,0,0.0
player,FARMER,Tank,Zarya,7,0,7,0.0,2,0,2,0.0
player,FARMER,Tank,Hazard,6,0,6,0.0,3,0,3,0.0
player,FARMER,Tank,Winston,4,0,4,0.0,3,0,3,0.0
player,FARMER,Tank,Mauga,3,0,3,0.0,3,0,3,0.0
player,FARMER,Tank,Sigma,3,0,3,0.0,2,0,2,0.0
player,FARMER,Tank,Doomfist,2,0,2,0.0,2,0,2,0.0
player,FARMER,Tank,Orisa,1,0,1,0.0,1,0,1,0.0
player,FARMER,Tank,Roadhog,1,0,1,0.0,1,0,1,0.0
player,FDGod,Support,Lúcio,22,6,16,0.2727,2,1,1,0.5
player,FDGod,Support,Brigitte,8,1,7,0.125,1,0,1,0.0
player,FDGod,Support,Jetpack Cat,7,1,6,0.1429,3,0,3,0.0
player,FDGod,Support,Juno,2,0,2,0.0,1,0,1,0.0
player,FDGod,Support,Mercy,1,0,1,0.0,1,0,1,0.0
player,FDGod,Support,Wuyang,1,0,1,0.0,1,0,1,0.0
player,FDGod,Support,Mizuki,1,0,1,0.0,1,0,1,0.0
player,FEI,Support,Illari,10,7,3,0.7,6,4,2,0.6667
player,FEI,Support,Kiriko,8,2,6,0.25,1,0,1,0.0
player,FEI,Support,Brigitte,4,3,1,0.75,1,1,0,1.0
player,FEI,Support,Baptiste,2,1,1,0.5,2,1,1,0.5
player,FEI,Support,Lúcio,2,2,0,1.0,1,1,0,1.0
player,FEI,Support,Wuyang,2,2,0,1.0,2,2,0,1.0
player,FEI,Support,Ana,2,2,0,1.0,1,1,0,1.0
player,FEI,Support,Juno,1,0,1,0.0,1,0,1,0.0
player,Faith,Support,Lúcio,17,1,16,0.0588,2,1,1,0.5
player,Faith,Support,Brigitte,9,2,7,0.2222,5,0,5,0.0
player,Faith,Support,Jetpack Cat,9,3,6,0.3333,1,0,1,0.0
player,Faith,Support,Ana,6,1,5,0.1667,1,0,1,0.0
player,Faith,Support,Wuyang,4,0,4,0.0,2,0,2,0.0
player,Faith,Support,Zenyatta,2,1,1,0.5,1,0,1,0.0
player,Faith,Support,Juno,1,1,0,1.0,1,1,0,1.0
player,Fearful,Tank,D.Va,3,1,2,0.3333,3,1,2,0.3333
player,Fearful,Tank,Ramattra,2,1,1,0.5,2,1,1,0.5
player,Fearful,Tank,Mauga,2,0,2,0.0,1,0,1,0.0
player,Fearful,Tank,Wrecking Ball,1,0,1,0.0,1,0,1,0.0
player,Fearful,Tank,Zarya,1,0,1,0.0,0,0,0,0.0
player,FiNN,Support,Kiriko,28,12,16,0.4286,4,1,3,0.25
player,FiNN,Support,Juno,8,4,4,0.5,2,0,2,0.0
player,FiNN,Support,Jetpack Cat,6,2,4,0.3333,6,2,4,0.3333
player,FiNN,Support,Brigitte,6,2,4,0.3333,1,0,1,0.0
player,FiNN,Support,Ana,4,2,2,0.5,4,2,2,0.5
player,FiNN,Support,Wuyang,3,1,2,0.3333,2,0,2,0.0
player,FiNN,Support,Lifeweaver,1,1,0,1.0,1,1,0,1.0
player,FiNN,Support,Illari,1,1,0,1.0,1,1,0,1.0
player,FiXa,Support,Lúcio,28,18,10,0.6429,2,2,0,1.0
player,FiXa,Support,Brigitte,11,7,4,0.6364,4,1,3,0.25
player,FiXa,Support,Jetpack Cat,10,7,3,0.7,4,3,1,0.75
player,FiXa,Support,Zenyatta,1,1,0,1.0,1,1,0,1.0
player,FiXa,Support,Wuyang,1,0,1,0.0,0,0,0,0.0
player,FiXa,Support,Baptiste,1,0,1,0.0,1,0,1,0.0
player,Fielder,Support,Kiriko,44,26,18,0.5909,5,2,3,0.4
player,Fielder,Support,Juno,25,16,9,0.64,16,9,7,0.5625
player,Fielder,Support,Ana,5,2,3,0.4,1,0,1,0.0
player,Fielder,Support,Baptiste,4,1,3,0.25,2,1,1,0.5
player,Fielder,Support,Mizuki,3,2,1,0.6667,0,0,0,0.0
player,Fielder,Support,Lúcio,2,2,0,1.0,1,1,0,1.0
player,Fielder,Support,Jetpack Cat,2,0,2,0.0,1,0,1,0.0
player,Fielder,Support,Lifeweaver,1,1,0,1.0,1,1,0,1.0
player,Fielder,Support,Moira,1,1,0,1.0,1,1,0,1.0
player,Fielder,Support,Brigitte,1,0,1,0.0,0,0,0,0.0
player,FunnyAstro,Support,Lúcio,28,25,3,0.8929,2,2,0,1.0
player,FunnyAstro,Support,Juno,9,9,0,1.0,2,2,0,1.0
player,FunnyAstro,Support,Jetpack Cat,4,3,1,0.75,1,1,0,1.0
player,FunnyAstro,Support,Wuyang,2,2,0,1.0,0,0,0,0.0
player,FunnyAstro,Support,Mercy,2,2,0,1.0,2,2,0,1.0
player,FunnyAstro,Support,Zenyatta,1,0,1,0.0,1,0,1,0.0
player,FunnyAstro,Support,Baptiste,1,1,0,1.0,1,1,0,1.0
player,Gaisen,Support,Kiriko,18,13,5,0.7222,1,1,0,1.0
player,Gaisen,Support,Juno,15,12,3,0.8,4,1,3,0.25
player,Gaisen,Support,Ana,7,3,4,0.4286,3,2,1,0.6667
player,Gaisen,Support,Mizuki,2,0,2,0.0,2,0,2,0.0
player,Gaisen,Support,Baptiste,2,0,2,0.0,1,0,1,0.0
player,Galaa,Support,Lúcio,17,8,9,0.4706,0,0,0,0.0
player,Galaa,Support,Juno,11,2,9,0.1818,2,1,1,0.5
player,Galaa,Support,Zenyatta,5,3,2,0.6,5,3,2,0.6
player,Galaa,Support,Ana,4,2,2,0.5,0,0,0,0.0
player,Galaa,Support,Jetpack Cat,2,0,2,0.0,2,0,2,0.0
player,Galaa,Support,Baptiste,1,1,0,1.0,0,0,0,0.0
player,Galaa,Support,Illari,1,0,1,0.0,1,0,1,0.0
player,Grapes,Support,Lúcio,12,4,8,0.3333,1,0,1,0.0
player,Grapes,Support,Wuyang,4,2,2,0.5,2,2,0,1.0
player,Grapes,Support,Jetpack Cat,3,1,2,0.3333,1,0,1,0.0
player,Grapes,Support,Brigitte,3,2,1,0.6667,1,0,1,0.0
player,Grapes,Support,Juno,2,0,2,0.0,1,0,1,0.0
player,Grapes,Support,Moira,2,0,2,0.0,1,0,1,0.0
player,Grapes,Support,Zenyatta,1,0,1,0.0,1,0,1,0.0
player,Grapes,Support,Kiriko,1,0,1,0.0,1,0,1,0.0
player,Grapes,Support,Baptiste,1,0,1,0.0,1,0,1,0.0
player,Gur3um,Tank,Zarya,11,3,8,0.2727,6,3,3,0.5
player,Gur3um,Tank,Hazard,10,1,9,0.1,6,1,5,0.1667
player,Gur3um,Tank,D.Va,6,4,2,0.6667,0,0,0,0.0
player,Gur3um,Tank,Wrecking Ball,4,1,3,0.25,4,1,3,0.25
player,Gur3um,Tank,Mauga,3,0,3,0.0,2,0,2,0.0
player,Gur3um,Tank,Winston,2,0,2,0.0,1,0,1,0.0
player,Gur3um,Tank,Orisa,1,0,1,0.0,0,0,0,0.0
player,Gur3um,Tank,Doomfist,1,0,1,0.0,1,0,1,0.0
player,Gur3um,Tank,Ramattra,1,0,1,0.0,1,0,1,0.0
player,Guxue,Tank,Domina,2,0,2,0.0,0,0,0,0.0
player,Guxue,Tank,Sigma,2,2,0,1.0,2,2,0,1.0
player,Guxue,Tank,D.Va,2,1,1,0.5,0,0,0,0.0
player,Guxue,Tank,Zarya,1,1,0,1.0,0,0,0,0.0
player,HEISER,Tank,D.Va,15,9,6,0.6,8,6,2,0.75
player,HEISER,Tank,Zarya,12,4,8,0.3333,2,1,1,0.5
player,HEISER,Tank,Doomfist,11,1,10,0.0909,11,1,10,0.0909
player,HEISER,Tank,Hazard,9,5,4,0.5556,2,1,1,0.5
player,HEISER,Tank,Wrecking Ball,5,0,5,0.0,2,0,2,0.0
player,HEISER,Tank,Orisa,3,2,1,0.6667,2,1,1,0.5
player,HEISER,Tank,Ramattra,2,0,2,0.0,2,0,2,0.0
player,HEISER,Tank,Winston,2,1,1,0.5,2,1,1,0.5
player,HEISER,Tank,Sigma,2,1,1,0.5,1,1,0,1.0
player,HEISER,Tank,Reinhardt,1,0,1,0.0,1,0,1,0.0
player,HEISER,Tank,Mauga,1,0,1,0.0,0,0,0,0.0
player,HRY,DPS,Tracer,15,9,6,0.6,2,0,2,0.0
player,HRY,DPS,Vendetta,8,3,5,0.375,4,3,1,0.75
player,HRY,DPS,Symmetra,7,4,3,0.5714,1,1,0,1.0
player,HRY,DPS,Echo,6,4,2,0.6667,5,3,2,0.6
player,HRY,DPS,Genji,6,1,5,0.1667,0,0,0,0.0
player,HRY,DPS,Pharah,2,2,0,1.0,2,2,0,1.0
player,Haku,Support,Lúcio,25,11,14,0.44,2,2,0,1.0
player,Haku,Support,Juno,8,4,4,0.5,0,0,0,0.0
player,Haku,Support,Brigitte,1,1,0,1.0,0,0,0,0.0
player,Hanbin,Tank,D.Va,22,12,10,0.5455,5,3,2,0.6
player,Hanbin,Tank,Zarya,10,5,5,0.5,3,1,2,0.3333
player,Hanbin,Tank,Domina,9,5,4,0.5556,4,2,2,0.5
player,Hanbin,Tank,Ramattra,5,3,2,0.6,3,2,1,0.6667
player,Hanbin,Tank,Winston,2,2,0,1.0,0,0,0,0.0
player,Hanbin,Tank,Sigma,2,0,2,0.0,2,0,2,0.0
player,Hanbin,Tank,Mauga,2,1,1,0.5,1,0,1,0.0
player,Hanbin,Tank,Orisa,2,1,1,0.5,1,0,1,0.0
player,Hanbin,Tank,Wrecking Ball,1,0,1,0.0,1,0,1,0.0
player,Hanbin,Tank,Doomfist,1,1,0,1.0,0,0,0,0.0
player,Hawk,Tank,D.Va,25,13,12,0.52,14,6,8,0.4286
player,Hawk,Tank,Zarya,16,7,9,0.4375,14,6,8,0.4286
player,Hawk,Tank,Orisa,6,4,2,0.6667,2,1,1,0.5
player,Hawk,Tank,Ramattra,5,3,2,0.6,3,3,0,1.0
player,Hawk,Tank,Mauga,4,2,2,0.5,2,1,1,0.5
player,Hawk,Tank,Doomfist,4,1,3,0.25,4,1,3,0.25
player,Hawk,Tank,Hazard,3,1,2,0.3333,3,1,2,0.3333
player,Hawk,Tank,Sigma,2,2,0,1.0,2,2,0,1.0
player,HeeSang,DPS,Tracer,34,19,15,0.5588,5,5,0,1.0
player,HeeSang,DPS,Symmetra,25,13,12,0.52,5,2,3,0.4
player,HeeSang,DPS,Vendetta,12,8,4,0.6667,3,1,2,0.3333
player,HeeSang,DPS,Pharah,11,10,1,0.9091,7,6,1,0.8571
player,HeeSang,DPS,Anran,3,2,1,0.6667,0,0,0,0.0
player,HeeSang,DPS,Genji,3,2,1,0.6667,3,2,1,0.6667
player,HeeSang,DPS,Cassidy,3,1,2,0.3333,2,0,2,0.0
player,HeeSang,DPS,Mei,3,2,1,0.6667,3,2,1,0.6667
player,HeeSang,DPS,Hanzo,2,2,0,1.0,1,1,0,1.0
player,HeeSang,DPS,Echo,2,2,0,1.0,2,2,0,1.0
player,HeeSang,DPS,Sojourn,2,1,1,0.5,1,1,0,1.0
player,HeeSang,DPS,Torbjörn,1,0,1,0.0,0,0,0,0.0
player,HeeSang,DPS,Venture,1,1,0,1.0,0,0,0,0.0
player,HeeSang,DPS,Soldier: 76,1,0,1,0.0,1,0,1,0.0
player,HeeSang,DPS,Sombra,1,1,0,1.0,1,1,0,1.0
player,HeeSang,DPS,Ashe,1,1,0,1.0,1,1,0,1.0
player,Heesung,Tank,D.Va,14,7,7,0.5,5,1,4,0.2
player,Heesung,Tank,Zarya,10,6,4,0.6,4,2,2,0.5
player,Heesung,Tank,Hazard,9,7,2,0.7778,7,6,1,0.8571
player,Heesung,Tank,Orisa,8,7,1,0.875,5,4,1,0.8
player,Heesung,Tank,Wrecking Ball,6,3,3,0.5,5,2,3,0.4
player,Heesung,Tank,Winston,6,3,3,0.5,3,2,1,0.6667
player,Heesung,Tank,Sigma,4,2,2,0.5,2,1,1,0.5
player,Heesung,Tank,Mauga,4,4,0,1.0,1,1,0,1.0
player,Heesung,Tank,Ramattra,2,1,1,0.5,2,1,1,0.5
player,Heesung,Tank,Domina,2,1,1,0.5,2,1,1,0.5
player,Heesung,Tank,Doomfist,2,2,0,1.0,2,2,0,1.0
player,Heesung,Tank,Roadhog,1,1,0,1.0,1,1,0,1.0
player,Huntin,Support,Kiriko,13,4,9,0.3077,3,0,3,0.0
player,Huntin,Support,Ana,8,5,3,0.625,3,1,2,0.3333
player,Huntin,Support,Juno,2,1,1,0.5,2,1,1,0.5
player,Huntin,Support,Illari,1,1,0,1.0,1,1,0,1.0
player,Huntin,Support,Mizuki,1,1,0,1.0,0,0,0,0.0
player,Hypnos,Support,Lúcio,12,4,8,0.3333,3,1,2,0.3333
player,Hypnos,Support,Juno,6,0,6,0.0,3,0,3,0.0
player,Hypnos,Support,Kiriko,4,2,2,0.5,0,0,0,0.0
player,Hypnos,Support,Illari,3,0,3,0.0,2,0,2,0.0
player,Hypnos,Support,Ana,2,1,1,0.5,0,0,0,0.0
player,Hypnos,Support,Wuyang,2,0,2,0.0,0,0,0,0.0
player,Hypnos,Support,Jetpack Cat,2,0,2,0.0,2,0,2,0.0
player,Hypnos,Support,Brigitte,2,0,2,0.0,1,0,1,0.0
player,Hypnos,Support,Mizuki,1,0,1,0.0,1,0,1,0.0
player,Hypnos,Support,Baptiste,1,1,0,1.0,1,1,0,1.0
player,Hyunjae,Support,Lúcio,8,0,8,0.0,2,0,2,0.0
player,Hyunjae,Support,Illari,6,2,4,0.3333,1,0,1,0.0
player,Hyunjae,Support,Ana,5,1,4,0.2,1,1,0,1.0
player,Hyunjae,Support,Jetpack Cat,4,0,4,0.0,4,0,4,0.0
player,Hyunjae,Support,Brigitte,2,0,2,0.0,2,0,2,0.0
player,Hyunjae,Support,Mizuki,1,0,1,0.0,0,0,0,0.0
player,Hyvision,DPS,Emre,10,8,2,0.8,1,0,1,0.0
player,Hyvision,DPS,Sojourn,4,3,1,0.75,3,2,1,0.6667
player,Hyvision,DPS,Widowmaker,3,3,0,1.0,2,2,0,1.0
player,Hyvision,DPS,Cassidy,2,2,0,1.0,1,1,0,1.0
player,Hyvision,DPS,Hanzo,1,1,0,1.0,0,0,0,0.0
player,ICHI,Tank,Winston,18,7,11,0.3889,10,4,6,0.4
player,ICHI,Tank,D.Va,13,4,9,0.3077,3,2,1,0.6667
player,ICHI,Tank,Hazard,10,2,8,0.2,7,1,6,0.1429
player,ICHI,Tank,Zarya,7,0,7,0.0,4,0,4,0.0
player,ICHI,Tank,Wrecking Ball,6,2,4,0.3333,5,2,3,0.4
player,ICHI,Tank,Orisa,4,2,2,0.5,3,2,1,0.6667
player,ICHI,Tank,Mauga,4,1,3,0.25,3,0,3,0.0
player,ICHI,Tank,Roadhog,1,1,0,1.0,1,1,0,1.0
player,ICHI,Tank,Sigma,1,0,1,0.0,1,0,1,0.0
player,Infekted,Tank,Orisa,12,4,8,0.3333,4,0,4,0.0
player,Infekted,Tank,Wrecking Ball,10,6,4,0.6,9,5,4,0.5556
player,Infekted,Tank,D.Va,8,5,3,0.625,0,0,0,0.0
player,Infekted,Tank,Mauga,8,3,5,0.375,6,2,4,0.3333
player,Infekted,Tank,Domina,7,5,2,0.7143,2,2,0,1.0
player,Infekted,Tank,Winston,4,3,1,0.75,4,3,1,0.75
player,Infekted,Tank,Sigma,3,1,2,0.3333,3,1,2,0.3333
player,Infekted,Tank,Zarya,2,1,1,0.5,2,1,1,0.5
player,Infekted,Tank,Ramattra,1,0,1,0.0,1,0,1,0.0
player,Infekted,Tank,Reinhardt,1,1,0,1.0,1,1,0,1.0
player,Insane,DPS,Tracer,8,4,4,0.5,2,1,1,0.5
player,Insane,DPS,Symmetra,6,3,3,0.5,4,2,2,0.5
player,Insane,DPS,Pharah,4,2,2,0.5,3,1,2,0.3333
player,Insane,DPS,Emre,3,0,3,0.0,1,0,1,0.0
player,Insane,DPS,Cassidy,3,1,2,0.3333,1,1,0,1.0
player,Insane,DPS,Bastion,3,1,2,0.3333,0,0,0,0.0
player,Insane,DPS,Venture,2,1,1,0.5,2,1,1,0.5
player,Insane,DPS,Anran,1,0,1,0.0,1,0,1,0.0
player,Insane,DPS,Sojourn,1,0,1,0.0,0,0,0,0.0
player,Insane,DPS,Echo,1,1,0,1.0,1,1,0,1.0
player,Insane,DPS,Hanzo,1,1,0,1.0,1,1,0,1.0
player,Insane,DPS,Reaper,1,1,0,1.0,0,0,0,0.0
player,Insane,DPS,Genji,1,1,0,1.0,1,1,0,1.0
player,Insane,DPS,Soldier: 76,1,0,1,0.0,1,0,1,0.0
player,JAYA,DPS,Vendetta,24,11,13,0.4583,7,3,4,0.4286
player,JAYA,DPS,Tracer,18,6,12,0.3333,5,0,5,0.0
player,JAYA,DPS,Symmetra,10,1,9,0.1,3,0,3,0.0
player,JAYA,DPS,Pharah,6,1,5,0.1667,4,1,3,0.25
player,JAYA,DPS,Reaper,5,2,3,0.4,4,2,2,0.5
player,JAYA,DPS,Genji,2,0,2,0.0,1,0,1,0.0
player,JaeWoo,DPS,Tracer,23,20,3,0.8696,1,1,0,1.0
player,JaeWoo,DPS,Vendetta,17,16,1,0.9412,3,3,0,1.0
player,JaeWoo,DPS,Pharah,7,7,0,1.0,3,3,0,1.0
player,JaeWoo,DPS,Widowmaker,5,4,1,0.8,1,1,0,1.0
player,JaeWoo,DPS,Anran,3,2,1,0.6667,0,0,0,0.0
player,JaeWoo,DPS,Symmetra,3,3,0,1.0,0,0,0,0.0
player,JaeWoo,DPS,Genji,2,2,0,1.0,0,0,0,0.0
player,JaeWoo,DPS,Hanzo,1,1,0,1.0,1,1,0,1.0
player,Jamelgong,DPS,Vendetta,2,0,2,0.0,1,0,1,0.0
player,Jamelgong,DPS,Tracer,1,0,1,0.0,0,0,0,0.0
player,Jamelgong,DPS,Mei,1,0,1,0.0,1,0,1,0.0
player,Jamelgong,DPS,Genji,1,0,1,0.0,0,0,0,0.0
player,Jamelgong,DPS,Symmetra,1,0,1,0.0,0,0,0,0.0
player,Jasm1ne,Tank,Zarya,11,6,5,0.5455,3,1,2,0.3333
player,Jasm1ne,Tank,D.Va,8,4,4,0.5,1,0,1,0.0
player,Jasm1ne,Tank,Wrecking Ball,3,2,1,0.6667,2,1,1,0.5
player,Jasm1ne,Tank,Orisa,2,0,2,0.0,2,0,2,0.0
player,Jasm1ne,Tank,Mauga,2,1,1,0.5,0,0,0,0.0
player,Jasm1ne,Tank,Doomfist,2,2,0,1.0,2,2,0,1.0
player,Jasm1ne,Tank,Sigma,1,1,0,1.0,1,1,0,1.0
player,Jasm1ne,Tank,Domina,1,1,0,1.0,0,0,0,0.0
player,Jasm1ne,Tank,Reinhardt,1,1,0,1.0,1,1,0,1.0
player,Jasm1ne,Tank,Hazard,1,1,0,1.0,1,1,0,1.0
player,JunBin,Tank,D.Va,13,9,4,0.6923,3,3,0,1.0
player,JunBin,Tank,Zarya,9,8,1,0.8889,4,3,1,0.75
player,JunBin,Tank,Mauga,7,5,2,0.7143,5,4,1,0.8
player,JunBin,Tank,Domina,6,3,3,0.5,1,0,1,0.0
player,JunBin,Tank,Wrecking Ball,6,3,3,0.5,2,2,0,1.0
player,JunBin,Tank,Ramattra,6,6,0,1.0,5,5,0,1.0
player,JunBin,Tank,Hazard,4,2,2,0.5,4,2,2,0.5
player,JunBin,Tank,Winston,3,0,3,0.0,2,0,2,0.0
player,JunBin,Tank,Sigma,2,1,1,0.5,2,1,1,0.5
player,JunBin,Tank,Orisa,2,2,0,1.0,2,2,0,1.0
player,JunBin,Tank,Reinhardt,1,0,1,0.0,1,0,1,0.0
player,JunBin,Tank,Roadhog,1,1,0,1.0,1,1,0,1.0
player,KILO,DPS,Emre,31,17,14,0.5484,12,5,7,0.4167
player,KILO,DPS,Sojourn,19,11,8,0.5789,5,2,3,0.4
player,KILO,DPS,Bastion,6,1,5,0.1667,2,1,1,0.5
player,KILO,DPS,Widowmaker,5,2,3,0.4,3,0,3,0.0
player,KILO,DPS,Symmetra,4,1,3,0.25,3,1,2,0.3333
player,KILO,DPS,Cassidy,3,1,2,0.3333,2,1,1,0.5
player,KILO,DPS,Tracer,2,1,1,0.5,1,0,1,0.0
player,KILO,DPS,Mei,1,1,0,1.0,1,1,0,1.0
player,KILO,DPS,Sierra,1,0,1,0.0,1,0,1,0.0
player,KILO,DPS,Venture,1,0,1,0.0,1,0,1,0.0
player,KILO,DPS,Sombra,1,0,1,0.0,1,0,1,0.0
player,KIVIS,Support,Kiriko,27,11,16,0.4074,3,1,2,0.3333
player,KIVIS,Support,Juno,11,5,6,0.4545,6,3,3,0.5
player,KIVIS,Support,Ana,5,3,2,0.6,0,0,0,0.0
player,KIVIS,Support,Jetpack Cat,1,1,0,1.0,1,1,0,1.0
player,KIVIS,Support,Baptiste,1,0,1,0.0,1,0,1,0.0
player,KIVIS,Support,Illari,1,1,0,1.0,1,1,0,1.0
player,KSAA,Tank,Zarya,2,2,0,1.0,1,1,0,1.0
player,KSAA,Tank,Ramattra,1,1,0,1.0,1,1,0,1.0
player,KSAA,Tank,D.Va,1,1,0,1.0,0,0,0,0.0
player,KSG,Tank,D.Va,19,18,1,0.9474,3,3,0,1.0
player,KSG,Tank,Hazard,12,12,0,1.0,8,8,0,1.0
player,KSG,Tank,Zarya,7,5,2,0.7143,3,1,2,0.3333
player,KSG,Tank,Orisa,7,7,0,1.0,4,4,0,1.0
player,KSG,Tank,Ramattra,4,3,1,0.75,4,3,1,0.75
player,KSG,Tank,Winston,3,3,0,1.0,0,0,0,0.0
player,KSG,Tank,Wrecking Ball,3,3,0,1.0,3,3,0,1.0
player,KSG,Tank,Domina,2,0,2,0.0,1,0,1,0.0
player,KSG,Tank,Sigma,2,2,0,1.0,1,1,0,1.0
player,Kai,DPS,Emre,13,3,10,0.2308,0,0,0,0.0
player,Kai,DPS,Sojourn,7,2,5,0.2857,4,0,4,0.0
player,Kai,DPS,Widowmaker,5,2,3,0.4,3,2,1,0.6667
player,Kai,DPS,Freja,1,0,1,0.0,1,0,1,0.0
player,Kairen,Tank,D.Va,10,2,8,0.2,3,0,3,0.0
player,Kairen,Tank,Orisa,5,1,4,0.2,5,1,4,0.2
player,Kairen,Tank,Ramattra,3,0,3,0.0,3,0,3,0.0
player,Kairen,Tank,Zarya,2,0,2,0.0,1,0,1,0.0
player,Kairen,Tank,Winston,1,0,1,0.0,0,0,0,0.0
player,Kairen,Tank,Wrecking Ball,1,1,0,1.0,1,1,0,1.0
player,Kairen,Tank,Doomfist,1,0,1,0.0,1,0,1,0.0
player,Kaneki,DPS,Tracer,28,17,11,0.6071,5,3,2,0.6
player,Kaneki,DPS,Symmetra,17,11,6,0.6471,3,3,0,1.0
player,Kaneki,DPS,Vendetta,11,5,6,0.4545,2,1,1,0.5
player,Kaneki,DPS,Pharah,5,1,4,0.2,4,1,3,0.25
player,Kaneki,DPS,Venture,3,3,0,1.0,2,2,0,1.0
player,Kaneki,DPS,Mei,3,2,1,0.6667,1,0,1,0.0
player,Kaneki,DPS,Reaper,3,1,2,0.3333,2,1,1,0.5
player,Kaneki,DPS,Echo,2,1,1,0.5,2,1,1,0.5
player,Kaneki,DPS,Freja,1,1,0,1.0,1,1,0,1.0
player,Kaneki,DPS,Anran,1,0,1,0.0,1,0,1,0.0
player,Kellan,Tank,Winston,17,10,7,0.5882,13,9,4,0.6923
player,Kellan,Tank,Wrecking Ball,13,10,3,0.7692,13,10,3,0.7692
player,Kellan,Tank,D.Va,6,4,2,0.6667,1,0,1,0.0
player,Kellan,Tank,Ramattra,6,4,2,0.6667,5,4,1,0.8
player,Kellan,Tank,Sigma,5,5,0,1.0,4,4,0,1.0
player,Kellan,Tank,Domina,3,0,3,0.0,0,0,0,0.0
player,Kellan,Tank,Zarya,3,2,1,0.6667,2,1,1,0.5
player,Kellan,Tank,Reinhardt,2,1,1,0.5,2,1,1,0.5
player,Kevster,DPS,Emre,34,20,14,0.5882,0,0,0,0.0
player,Kevster,DPS,Widowmaker,7,4,3,0.5714,2,1,1,0.5
player,Kevster,DPS,Sojourn,6,3,3,0.5,2,1,1,0.5
player,Kevster,DPS,Tracer,5,2,3,0.4,2,0,2,0.0
player,Kevster,DPS,Cassidy,4,4,0,1.0,2,2,0,1.0
player,Kevster,DPS,Hanzo,1,1,0,1.0,1,1,0,1.0
player,Khenail,Support,Kiriko,17,4,13,0.2353,1,1,0,1.0
player,Khenail,Support,Juno,6,0,6,0.0,3,0,3,0.0
player,Khenail,Support,Brigitte,3,1,2,0.3333,0,0,0,0.0
player,Khenail,Support,Ana,2,0,2,0.0,1,0,1,0.0
player,Khenail,Support,Illari,1,1,0,1.0,1,1,0,1.0
player,Khenail,Support,Lifeweaver,1,1,0,1.0,1,1,0,1.0
player,Khenail,Support,Jetpack Cat,1,0,1,0.0,1,0,1,0.0
player,Kivis,Support,Mizuki,1,0,1,0.0,0,0,0,0.0
player,Kivis,Support,Kiriko,1,0,1,0.0,0,0,0,0.0
player,Kivis,Support,Illari,1,0,1,0.0,0,0,0,0.0
player,Kronik,DPS,Sojourn,23,16,7,0.6957,12,11,1,0.9167
player,Kronik,DPS,Cassidy,10,8,2,0.8,7,6,1,0.8571
player,Kronik,DPS,Emre,8,6,2,0.75,1,1,0,1.0
player,Kronik,DPS,Widowmaker,8,6,2,0.75,1,1,0,1.0
player,Kronik,DPS,Tracer,4,1,3,0.25,0,0,0,0.0
player,Kronik,DPS,Ashe,3,2,1,0.6667,3,2,1,0.6667
player,Kronik,DPS,Symmetra,2,2,0,1.0,0,0,0,0.0
player,Kronik,DPS,Hanzo,2,2,0,1.0,2,2,0,1.0
player,Kronik,DPS,Bastion,1,0,1,0.0,1,0,1,0.0
player,Kronik,DPS,Freja,1,1,0,1.0,1,1,0,1.0
player,Kronik,DPS,Anran,1,1,0,1.0,1,1,0,1.0
player,Ky0n,DPS,Cassidy,24,15,9,0.625,18,10,8,0.5556
player,Ky0n,DPS,Emre,17,7,10,0.4118,4,2,2,0.5
player,Ky0n,DPS,Tracer,9,3,6,0.3333,5,3,2,0.6
player,Ky0n,DPS,Sojourn,4,0,4,0.0,3,0,3,0.0
player,Ky0n,DPS,Echo,3,1,2,0.3333,2,0,2,0.0
player,Ky0n,DPS,Widowmaker,2,1,1,0.5,0,0,0,0.0
player,Ky0n,DPS,Ashe,1,1,0,1.0,0,0,0,0.0
player,LBBD7,DPS,Emre,28,12,16,0.4286,0,0,0,0.0
player,LBBD7,DPS,Sojourn,6,3,3,0.5,4,1,3,0.25
player,LBBD7,DPS,Symmetra,1,1,0,1.0,1,1,0,1.0
player,LIP,DPS,Sojourn,10,5,5,0.5,1,0,1,0.0
player,LIP,DPS,Emre,3,2,1,0.6667,0,0,0,0.0
player,LIP,DPS,Widowmaker,3,2,1,0.6667,2,1,1,0.5
player,LIP,DPS,Ashe,2,1,1,0.5,2,1,1,0.5
player,LIP,DPS,Cassidy,2,0,2,0.0,0,0,0,0.0
player,LIP,DPS,Sombra,1,0,1,0.0,1,0,1,0.0
player,Landon,Support,Kiriko,31,20,11,0.6452,2,2,0,1.0
player,Landon,Support,Juno,11,6,5,0.5455,1,0,1,0.0
player,Landon,Support,Mizuki,2,1,1,0.5,0,0,0,0.0
player,Landon,Support,Baptiste,2,1,1,0.5,2,1,1,0.5
player,Landon,Support,Illari,1,1,0,1.0,0,0,0,0.0
player,Landon,Support,Mercy,1,1,0,1.0,1,1,0,1.0
player,Landon,Support,Ana,1,1,0,1.0,1,1,0,1.0
player,Lateyoung,Tank,D.Va,18,6,12,0.3333,14,5,9,0.3571
player,Lateyoung,Tank,Orisa,16,9,7,0.5625,15,8,7,0.5333
player,Lateyoung,Tank,Zarya,14,4,10,0.2857,7,2,5,0.2857
player,Lateyoung,Tank,Hazard,3,0,3,0.0,1,0,1,0.0
player,Lateyoung,Tank,Reinhardt,1,1,0,1.0,1,1,0,1.0
player,Lateyoung,Tank,Winston,1,0,1,0.0,1,0,1,0.0
player,Lateyoung,Tank,Ramattra,1,1,0,1.0,1,1,0,1.0
player,Lateyoung,Tank,Sigma,1,0,1,0.0,1,0,1,0.0
player,Leave,DPS,Tracer,19,16,3,0.8421,2,2,0,1.0
player,Leave,DPS,Symmetra,18,17,1,0.9444,5,5,0,1.0
player,Leave,DPS,Vendetta,14,12,2,0.8571,3,2,1,0.6667
player,Leave,DPS,Pharah,10,8,2,0.8,7,5,2,0.7143
player,Leave,DPS,Venture,3,1,2,0.3333,3,1,2,0.3333
player,Leave,DPS,Genji,3,2,1,0.6667,2,1,1,0.5
player,Leave,DPS,Sierra,3,2,1,0.6667,2,1,1,0.5
player,Leave,DPS,Reaper,3,3,0,1.0,0,0,0,0.0
player,Leave,DPS,Anran,2,1,1,0.5,1,1,0,1.0
player,Leave,DPS,Emre,2,2,0,1.0,0,0,0,0.0
player,Leave,DPS,Mei,2,1,1,0.5,2,1,1,0.5
player,Leave,DPS,Freja,1,1,0,1.0,1,1,0,1.0
player,Leave,DPS,Hanzo,1,1,0,1.0,1,1,0,1.0
player,Leave,DPS,Bastion,1,1,0,1.0,1,1,0,1.0
player,Leave,DPS,Echo,1,1,0,1.0,1,1,0,1.0
player,Leave,DPS,Widowmaker,1,1,0,1.0,1,1,0,1.0
player,LeeSooMin,Support,Lúcio,23,19,4,0.8261,2,1,1,0.5
player,LeeSooMin,Support,Jetpack Cat,14,11,3,0.7857,4,3,1,0.75
player,LeeSooMin,Support,Brigitte,8,7,1,0.875,2,2,0,1.0
player,LeeSooMin,Support,Kiriko,7,6,1,0.8571,1,1,0,1.0
player,LeeSooMin,Support,Illari,6,5,1,0.8333,4,3,1,0.75
player,LeeSooMin,Support,Wuyang,3,2,1,0.6667,0,0,0,0.0
player,LeeSooMin,Support,Mizuki,1,0,1,0.0,0,0,0,0.0
player,LeeSooMin,Support,Baptiste,1,0,1,0.0,1,0,1,0.0
player,LeeSooMin,Support,Ana,1,1,0,1.0,0,0,0,0.0
player,Lengsa,Support,Lúcio,31,20,11,0.6452,6,5,1,0.8333
player,Lengsa,Support,Jetpack Cat,21,10,11,0.4762,6,4,2,0.6667
player,Lengsa,Support,Brigitte,12,8,4,0.6667,5,4,1,0.8
player,Lengsa,Support,Mercy,3,1,2,0.3333,3,1,2,0.3333
player,Lengsa,Support,Ana,3,1,2,0.3333,0,0,0,0.0
player,Lengsa,Support,Illari,2,1,1,0.5,1,1,0,1.0
player,Lengsa,Support,Wuyang,2,2,0,1.0,1,1,0,1.0
player,Lengsa,Support,Lifeweaver,2,2,0,1.0,2,2,0,1.0
player,Lengsa,Support,Juno,1,1,0,1.0,0,0,0,0.0
player,Lengsa,Support,Kiriko,1,1,0,1.0,0,0,0,0.0
player,Leonopteryx,Tank,Winston,3,0,3,0.0,3,0,3,0.0
player,Leonopteryx,Tank,Reinhardt,2,1,1,0.5,2,1,1,0.5
player,Leonopteryx,Tank,Sigma,1,0,1,0.0,1,0,1,0.0
player,Lep,Support,Lúcio,16,8,8,0.5,1,0,1,0.0
player,Lep,Support,Jetpack Cat,6,1,5,0.1667,2,0,2,0.0
player,Lep,Support,Brigitte,6,2,4,0.3333,3,2,1,0.6667
player,Lep,Support,Juno,4,1,3,0.25,2,1,1,0.5
player,Lethal,DPS,Emre,27,14,13,0.5185,6,3,3,0.5
player,Lethal,DPS,Cassidy,11,6,5,0.5455,9,5,4,0.5556
player,Lethal,DPS,Sojourn,10,4,6,0.4,6,1,5,0.1667
player,Lethal,DPS,Widowmaker,9,3,6,0.3333,3,0,3,0.0
player,Lethal,DPS,Tracer,3,2,1,0.6667,0,0,0,0.0
player,Lethal,DPS,Hanzo,1,1,0,1.0,1,1,0,1.0
player,Lethal,DPS,Venture,1,0,1,0.0,0,0,0,0.0
player,LiGe,Tank,D.Va,24,17,7,0.7083,10,5,5,0.5
player,LiGe,Tank,Mauga,17,7,10,0.4118,11,5,6,0.4545
player,LiGe,Tank,Zarya,10,7,3,0.7,5,4,1,0.8
player,LiGe,Tank,Reinhardt,5,3,2,0.6,5,3,2,0.6
player,LiGe,Tank,Winston,4,2,2,0.5,1,1,0,1.0
player,LiGe,Tank,Domina,3,0,3,0.0,0,0,0,0.0
player,LiGe,Tank,Ramattra,3,1,2,0.3333,2,0,2,0.0
player,LiGe,Tank,Wrecking Ball,3,1,2,0.3333,2,1,1,0.5
player,LiGe,Tank,Sigma,3,1,2,0.3333,2,0,2,0.0
player,LiGe,Tank,Orisa,2,2,0,1.0,2,2,0,1.0
player,LiGe,Tank,Hazard,2,0,2,0.0,1,0,1,0.0
player,Lilko,DPS,Vendetta,11,2,9,0.1818,2,0,2,0.0
player,Lilko,DPS,Tracer,8,2,6,0.25,7,1,6,0.1429
player,Lilko,DPS,Venture,2,0,2,0.0,2,0,2,0.0
player,Lilko,DPS,Symmetra,2,0,2,0.0,0,0,0,0.0
player,Lilko,DPS,Genji,1,0,1,0.0,0,0,0,0.0
player,Lilko,DPS,Pharah,1,0,1,0.0,1,0,1,0.0
player,Limbo,Tank,Doomfist,7,0,7,0.0,7,0,7,0.0
player,Limbo,Tank,Winston,6,1,5,0.1667,1,0,1,0.0
player,Limbo,Tank,Hazard,3,1,2,0.3333,3,1,2,0.3333
player,Limbo,Tank,Zarya,1,0,1,0.0,0,0,0,0.0
player,Littlemoon,DPS,Emre,23,8,15,0.3478,6,4,2,0.6667
player,Littlemoon,DPS,Sojourn,12,5,7,0.4167,6,3,3,0.5
player,Littlemoon,DPS,Symmetra,10,7,3,0.7,3,3,0,1.0
player,Littlemoon,DPS,Widowmaker,6,1,5,0.1667,3,1,2,0.3333
player,Littlemoon,DPS,Hanzo,2,0,2,0.0,1,0,1,0.0
player,Littlemoon,DPS,Cassidy,2,0,2,0.0,2,0,2,0.0
player,Littlemoon,DPS,Freja,1,1,0,1.0,1,1,0,1.0
player,Littlemoon,DPS,Bastion,1,0,1,0.0,1,0,1,0.0
player,Littlemoon,DPS,Mei,1,0,1,0.0,1,0,1,0.0
player,Lukemino,Support,Illari,11,8,3,0.7273,9,6,3,0.6667
player,Lukemino,Support,Brigitte,11,9,2,0.8182,6,5,1,0.8333
player,Lukemino,Support,Lúcio,10,6,4,0.6,0,0,0,0.0
player,Lukemino,Support,Kiriko,9,5,4,0.5556,0,0,0,0.0
player,Lukemino,Support,Jetpack Cat,8,4,4,0.5,6,3,3,0.5
player,Lukemino,Support,Wuyang,8,7,1,0.875,8,7,1,0.875
player,Lukemino,Support,Ana,7,4,3,0.5714,2,2,0,1.0
player,Lukemino,Support,Mercy,4,4,0,1.0,4,4,0,1.0
player,Lukemino,Support,Juno,3,2,1,0.6667,2,1,1,0.5
player,Lukemino,Support,Baptiste,1,1,0,1.0,1,1,0,1.0
player,Lumi,Tank,D.Va,7,3,4,0.4286,2,0,2,0.0
player,Lumi,Tank,Winston,3,2,1,0.6667,2,1,1,0.5
player,Lumi,Tank,Zarya,1,0,1,0.0,0,0,0,0.0
player,Lumi,Tank,Roadhog,1,1,0,1.0,1,1,0,1.0
player,Lumi,Tank,Ramattra,1,1,0,1.0,1,1,0,1.0
player,Lumi,Tank,Domina,1,1,0,1.0,1,1,0,1.0
player,M1NUT2,DPS,Emre,18,5,13,0.2778,6,2,4,0.3333
player,M1NUT2,DPS,Symmetra,8,4,4,0.5,2,2,0,1.0
player,M1NUT2,DPS,Sojourn,8,1,7,0.125,3,0,3,0.0
player,M1NUT2,DPS,Widowmaker,8,1,7,0.125,6,0,6,0.0
player,M1NUT2,DPS,Bastion,4,1,3,0.25,0,0,0,0.0
player,M1NUT2,DPS,Cassidy,3,0,3,0.0,2,0,2,0.0
player,M1NUT2,DPS,Hanzo,1,1,0,1.0,1,1,0,1.0
player,M1NUT2,DPS,Tracer,1,0,1,0.0,1,0,1,0.0
player,M1NUT2,DPS,Reaper,1,0,1,0.0,1,0,1,0.0
player,M1NUT2,DPS,Sierra,1,0,1,0.0,1,0,1,0.0
player,MAKA,Support,Kiriko,28,22,6,0.7857,1,1,0,1.0
player,MAKA,Support,Juno,14,12,2,0.8571,5,5,0,1.0
player,MAKA,Support,Ana,14,11,3,0.7857,5,4,1,0.8
player,MAKA,Support,Jetpack Cat,5,3,2,0.6,3,2,1,0.6667
player,MAKA,Support,Baptiste,5,3,2,0.6,3,2,1,0.6667
player,MAKA,Support,Lúcio,4,3,1,0.75,2,2,0,1.0
player,MAKA,Support,Wuyang,1,0,1,0.0,1,0,1,0.0
player,MAKA,Support,Mercy,1,1,0,1.0,1,1,0,1.0
player,MAKA,Support,Illari,1,1,0,1.0,1,1,0,1.0
player,MAX,Tank,D.Va,12,7,5,0.5833,8,5,3,0.625
player,MAX,Tank,Zarya,5,5,0,1.0,0,0,0,0.0
player,MAX,Tank,Winston,5,1,4,0.2,1,0,1,0.0
player,MAX,Tank,Orisa,3,1,2,0.3333,2,1,1,0.5
player,MAX,Tank,Sigma,2,1,1,0.5,1,0,1,0.0
player,MAX,Tank,Mauga,2,1,1,0.5,1,1,0,1.0
player,MAX,Tank,Domina,1,0,1,0.0,1,0,1,0.0
player,MAX,Tank,Wrecking Ball,1,0,1,0.0,1,0,1,0.0
player,MCD,Support,Ana,9,0,9,0.0,2,0,2,0.0
player,MCD,Support,Kiriko,6,0,6,0.0,3,0,3,0.0
player,MCD,Support,Brigitte,4,0,4,0.0,3,0,3,0.0
player,MCD,Support,Juno,3,0,3,0.0,1,0,1,0.0
player,MCD,Support,Wuyang,2,0,2,0.0,1,0,1,0.0
player,MCD,Support,Lúcio,2,0,2,0.0,0,0,0,0.0
player,MCD,Support,Illari,2,0,2,0.0,2,0,2,0.0
player,MCD,Support,Zenyatta,2,0,2,0.0,1,0,1,0.0
player,MCD,Support,Mercy,1,0,1,0.0,1,0,1,0.0
player,MCD,Tank,Zarya,4,0,4,0.0,2,0,2,0.0
player,MCD,Tank,Orisa,3,0,3,0.0,3,0,3,0.0
player,MCD,Tank,Hazard,1,0,1,0.0,1,0,1,0.0
player,MER1T,DPS,Emre,15,10,5,0.6667,3,2,1,0.6667
player,MER1T,DPS,Sojourn,13,6,7,0.4615,1,0,1,0.0
player,MER1T,DPS,Cassidy,11,6,5,0.5455,8,3,5,0.375
player,MER1T,DPS,Widowmaker,5,2,3,0.4,3,1,2,0.3333
player,MER1T,DPS,Hanzo,3,2,1,0.6667,3,2,1,0.6667
player,MER1T,DPS,Bastion,3,3,0,1.0,3,3,0,1.0
player,MER1T,DPS,Symmetra,3,3,0,1.0,3,3,0,1.0
player,MER1T,DPS,Tracer,1,1,0,1.0,0,0,0,0.0
player,MSCG,Support,Kiriko,13,2,11,0.1538,3,0,3,0.0
player,MSCG,Support,Illari,2,1,1,0.5,2,1,1,0.5
player,MSCG,Support,Ana,2,0,2,0.0,0,0,0,0.0
player,MSCG,Support,Baptiste,2,0,2,0.0,1,0,1,0.0
player,Mag,Tank,Wrecking Ball,3,2,1,0.6667,3,2,1,0.6667
player,Mag,Tank,Ramattra,2,0,2,0.0,2,0,2,0.0
player,Mag,Tank,Doomfist,1,0,1,0.0,1,0,1,0.0
player,Mag,Tank,Zarya,1,1,0,1.0,0,0,0,0.0
player,Mealgaru,Tank,Wrecking Ball,8,6,2,0.75,4,3,1,0.75
player,Mealgaru,Tank,Winston,6,4,2,0.6667,3,1,2,0.3333
player,Mealgaru,Tank,Zarya,6,5,1,0.8333,2,2,0,1.0
player,Mealgaru,Tank,D.Va,6,4,2,0.6667,1,1,0,1.0
player,Mealgaru,Tank,Mauga,4,4,0,1.0,3,3,0,1.0
player,Mealgaru,Tank,Doomfist,4,4,0,1.0,4,4,0,1.0
player,Mealgaru,Tank,Ramattra,3,1,2,0.3333,2,0,2,0.0
player,Mealgaru,Tank,Sigma,1,1,0,1.0,1,1,0,1.0
player,Mer1t,DPS,Sojourn,7,3,4,0.4286,3,1,2,0.3333
player,Mer1t,DPS,Emre,7,4,3,0.5714,0,0,0,0.0
player,Mer1t,DPS,Bastion,5,2,3,0.4,0,0,0,0.0
player,Mer1t,DPS,Cassidy,4,2,2,0.5,3,2,1,0.6667
player,Mer1t,DPS,Symmetra,4,3,1,0.75,1,0,1,0.0
player,Mer1t,DPS,Hanzo,2,2,0,1.0,2,2,0,1.0
player,Mer1t,DPS,Reaper,1,0,1,0.0,1,0,1,0.0
player,Mer1t,DPS,Mei,1,0,1,0.0,0,0,0,0.0
player,Mer1t,DPS,Tracer,1,0,1,0.0,1,0,1,0.0
player,MewTwo,Support,Lúcio,26,14,12,0.5385,3,1,2,0.3333
player,MewTwo,Support,Brigitte,9,5,4,0.5556,4,3,1,0.75
player,MewTwo,Support,Jetpack Cat,9,5,4,0.5556,4,4,0,1.0
player,MewTwo,Support,Wuyang,8,4,4,0.5,5,1,4,0.2
player,MewTwo,Support,Zenyatta,2,1,1,0.5,2,1,1,0.5
player,MewTwo,Support,Juno,1,1,0,1.0,0,0,0,0.0
player,MewTwo,Support,Ana,1,1,0,1.0,0,0,0,0.0
player,MewTwo,Support,Kiriko,1,1,0,1.0,0,0,0,0.0
player,MewTwo,Support,Mercy,1,1,0,1.0,1,1,0,1.0
player,Mihawk,Support,Kiriko,18,3,15,0.1667,3,0,3,0.0
player,Mihawk,Support,Baptiste,10,0,10,0.0,6,0,6,0.0
player,Mihawk,Support,Ana,3,0,3,0.0,1,0,1,0.0
player,Mihawk,Support,Illari,3,0,3,0.0,3,0,3,0.0
player,Mihawk,Support,Juno,3,1,2,0.3333,1,0,1,0.0
player,Mihawk,Support,Mercy,3,1,2,0.3333,3,1,2,0.3333
player,Mihawk,Support,Lifeweaver,1,1,0,1.0,1,1,0,1.0
player,Mihawk,Support,Mizuki,1,0,1,0.0,1,0,1,0.0
player,Mihawk,Support,Wuyang,1,0,1,0.0,0,0,0,0.0
player,Mihawk,Support,Zenyatta,1,0,1,0.0,1,0,1,0.0
player,Mmonk,Support,Kiriko,31,18,13,0.5806,1,1,0,1.0
player,Mmonk,Support,Ana,12,6,6,0.5,4,2,2,0.5
player,Mmonk,Support,Juno,5,2,3,0.4,4,2,2,0.5
player,Mmonk,Support,Baptiste,2,1,1,0.5,1,0,1,0.0
player,Mmonk,Support,Lúcio,1,1,0,1.0,0,0,0,0.0
player,Mmonk,Support,Illari,1,1,0,1.0,0,0,0,0.0
player,Mmonk,Support,Mizuki,1,0,1,0.0,1,0,1,0.0
player,NEIVIS,Support,Lúcio,17,10,7,0.5882,3,1,2,0.3333
player,NEIVIS,Support,Kiriko,8,6,2,0.75,1,0,1,0.0
player,NEIVIS,Support,Baptiste,6,4,2,0.6667,5,3,2,0.6
player,NEIVIS,Support,Brigitte,4,1,3,0.25,2,1,1,0.5
player,NEIVIS,Support,Jetpack Cat,3,2,1,0.6667,2,1,1,0.5
player,NEIVIS,Support,Illari,2,0,2,0.0,2,0,2,0.0
player,NEIVIS,Support,Wuyang,1,1,0,1.0,1,1,0,1.0
player,NEIVIS,Support,Juno,1,1,0,1.0,0,0,0,0.0
player,NHZ,Support,Brigitte,16,6,10,0.375,13,5,8,0.3846
player,NHZ,Support,Lúcio,5,0,5,0.0,3,0,3,0.0
player,NHZ,Support,Kiriko,3,0,3,0.0,2,0,2,0.0
player,NHZ,Support,Wuyang,3,1,2,0.3333,1,1,0,1.0
player,NHZ,Support,Mizuki,2,0,2,0.0,2,0,2,0.0
player,NHZ,Support,Jetpack Cat,2,1,1,0.5,1,1,0,1.0
player,NHZ,Support,Baptiste,2,0,2,0.0,1,0,1,0.0
player,NHZ,Support,Moira,2,0,2,0.0,2,0,2,0.0
player,NHZ,Support,Ana,1,0,1,0.0,0,0,0,0.0
player,NHZ,Support,Lifeweaver,1,0,1,0.0,1,0,1,0.0
player,NHZ,Support,Mercy,1,0,1,0.0,1,0,1,0.0
player,NICO,DPS,Emre,24,23,1,0.9583,6,5,1,0.8333
player,NICO,DPS,Symmetra,5,5,0,1.0,0,0,0,0.0
player,NICO,DPS,Cassidy,5,5,0,1.0,5,5,0,1.0
player,NICO,DPS,Sojourn,3,2,1,0.6667,1,1,0,1.0
player,NICO,DPS,Vendetta,2,2,0,1.0,1,1,0,1.0
player,NICO,DPS,Ashe,1,1,0,1.0,0,0,0,0.0
player,NICO,DPS,Bastion,1,1,0,1.0,1,1,0,1.0
player,NICO,DPS,Tracer,1,1,0,1.0,1,1,0,1.0
player,NICO,DPS,Freja,1,0,1,0.0,1,0,1,0.0
player,NICO,DPS,Genji,1,1,0,1.0,1,1,0,1.0
player,NICO,DPS,Widowmaker,1,1,0,1.0,0,0,0,0.0
player,NICO,DPS,Hanzo,1,1,0,1.0,1,1,0,1.0
player,NenWhy,Support,Lúcio,19,8,11,0.4211,9,3,6,0.3333
player,NenWhy,Support,Brigitte,8,1,7,0.125,3,0,3,0.0
player,NenWhy,Support,Jetpack Cat,4,0,4,0.0,4,0,4,0.0
player,NenWhy,Support,Illari,2,0,2,0.0,1,0,1,0.0
player,NenWhy,Support,Juno,2,0,2,0.0,0,0,0,0.0
player,NenWhy,Support,Kiriko,1,0,1,0.0,0,0,0,0.0
player,NewJ,DPS,Emre,24,16,8,0.6667,7,5,2,0.7143
player,NewJ,DPS,Sojourn,12,7,5,0.5833,7,3,4,0.4286
player,NewJ,DPS,Widowmaker,5,4,1,0.8,4,3,1,0.75
player,NewJ,DPS,Symmetra,4,4,0,1.0,0,0,0,0.0
player,NewJ,DPS,Tracer,3,3,0,1.0,0,0,0,0.0
player,NewJ,DPS,Vendetta,1,1,0,1.0,0,0,0,0.0
player,NewJ,DPS,Hanzo,1,1,0,1.0,1,1,0,1.0
player,NewJ,DPS,Torbjörn,1,1,0,1.0,1,1,0,1.0
player,NewJ,DPS,Genji,1,1,0,1.0,1,1,0,1.0
player,Nico,DPS,Sojourn,2,0,2,0.0,1,0,1,0.0
player,Nico,DPS,Emre,1,0,1,0.0,0,0,0,0.0
player,Nico,DPS,Cassidy,1,0,1,0.0,0,0,0,0.0
player,Nico,DPS,Freja,1,0,1,0.0,1,0,1,0.0
player,Nico,DPS,Widowmaker,1,0,1,0.0,0,0,0,0.0
player,Nico,DPS,Tracer,1,0,1,0.0,1,0,1,0.0
player,Noy,Support,Kiriko,27,10,17,0.3704,2,1,1,0.5
player,Noy,Support,Juno,7,1,6,0.1429,3,0,3,0.0
player,Noy,Support,Illari,6,0,6,0.0,6,0,6,0.0
player,Noy,Support,Brigitte,2,1,1,0.5,1,0,1,0.0
player,Noy,Support,Jetpack Cat,2,0,2,0.0,0,0,0,0.0
player,Noy,Support,Baptiste,1,0,1,0.0,1,0,1,0.0
player,Noy,Support,Mercy,1,0,1,0.0,1,0,1,0.0
player,Noy,Support,Ana,1,1,0,1.0,1,1,0,1.0
player,Nyang,DPS,Emre,5,3,2,0.6,3,2,1,0.6667
player,Nyang,DPS,Sojourn,3,0,3,0.0,0,0,0,0.0
player,Nyang,DPS,Reaper,1,1,0,1.0,1,1,0,1.0
player,Nyang,DPS,Bastion,1,0,1,0.0,1,0,1,0.0
player,Nyang,DPS,Cassidy,1,0,1,0.0,1,0,1,0.0
player,Nyang,DPS,Symmetra,1,0,1,0.0,0,0,0,0.0
player,OPENER,Support,Lúcio,30,14,16,0.4667,4,1,3,0.25
player,OPENER,Support,Brigitte,12,8,4,0.6667,6,2,4,0.3333
player,OPENER,Support,Wuyang,7,4,3,0.5714,7,4,3,0.5714
player,OPENER,Support,Juno,4,3,1,0.75,3,3,0,1.0
player,OPENER,Support,Jetpack Cat,4,0,4,0.0,0,0,0,0.0
player,OPENER,Support,Kiriko,1,1,0,1.0,0,0,0,0.0
player,PEPPI,Tank,D.Va,12,2,10,0.1667,3,0,3,0.0
player,PEPPI,Tank,Sigma,12,0,12,0.0,10,0,10,0.0
player,PEPPI,Tank,Ramattra,9,3,6,0.3333,7,3,4,0.4286
player,PEPPI,Tank,Roadhog,4,0,4,0.0,4,0,4,0.0
player,PEPPI,Tank,Mauga,4,0,4,0.0,4,0,4,0.0
player,PEPPI,Tank,Zarya,2,0,2,0.0,1,0,1,0.0
player,PEPPI,Tank,Doomfist,2,1,1,0.5,2,1,1,0.5
player,PEPPI,Tank,Hazard,2,0,2,0.0,2,0,2,0.0
player,PEPPI,Tank,Winston,1,0,1,0.0,0,0,0,0.0
player,PEPPI,Tank,Wrecking Ball,1,0,1,0.0,1,0,1,0.0
player,PGE,DPS,Emre,20,9,11,0.45,8,2,6,0.25
player,PGE,DPS,Cassidy,10,3,7,0.3,9,2,7,0.2222
player,PGE,DPS,Sojourn,9,5,4,0.5556,4,3,1,0.75
player,PGE,DPS,Widowmaker,7,3,4,0.4286,4,2,2,0.5
player,PGE,DPS,Tracer,3,1,2,0.3333,1,0,1,0.0
player,PGE,DPS,Ashe,1,0,1,0.0,0,0,0,0.0
player,PGE,DPS,Soldier: 76,1,0,1,0.0,1,0,1,0.0
player,PGE,DPS,Bastion,1,1,0,1.0,1,1,0,1.0
player,PGE,DPS,Hanzo,1,1,0,1.0,1,1,0,1.0
player,PKFishy,DPS,Tracer,17,4,13,0.2353,0,0,0,0.0
player,PKFishy,DPS,Vendetta,7,1,6,0.1429,4,0,4,0.0
player,PKFishy,DPS,Symmetra,5,1,4,0.2,0,0,0,0.0
player,PKFishy,DPS,Pharah,2,1,1,0.5,2,1,1,0.5
player,PKFishy,DPS,Sombra,1,0,1,0.0,1,0,1,0.0
player,PKFishy,DPS,Venture,1,0,1,0.0,1,0,1,0.0
player,PaLee,Support,Juno,7,5,2,0.7143,5,4,1,0.8
player,PaLee,Support,Brigitte,6,5,1,0.8333,5,4,1,0.8
player,PaLee,Support,Kiriko,5,5,0,1.0,0,0,0,0.0
player,PaLee,Support,Lúcio,3,3,0,1.0,1,1,0,1.0
player,PaLee,Support,Jetpack Cat,2,1,1,0.5,1,0,1,0.0
player,PaLee,Support,Zenyatta,2,1,1,0.5,2,1,1,0.5
player,PaLee,Support,Illari,2,1,1,0.5,1,1,0,1.0
player,PaLee,Support,Moira,1,1,0,1.0,1,1,0,1.0
player,PaLee,Support,Mercy,1,1,0,1.0,1,1,0,1.0
player,PaLee,Support,Mizuki,1,0,1,0.0,1,0,1,0.0
player,Pineapple,DPS,Emre,24,15,9,0.625,5,4,1,0.8
player,Pineapple,DPS,Sojourn,15,8,7,0.5333,7,2,5,0.2857
player,Pineapple,DPS,Bastion,10,4,6,0.4,5,3,2,0.6
player,Pineapple,DPS,Widowmaker,6,5,1,0.8333,2,2,0,1.0
player,Pineapple,DPS,Cassidy,4,2,2,0.5,2,1,1,0.5
player,Pineapple,DPS,Tracer,3,0,3,0.0,1,0,1,0.0
player,Pineapple,DPS,Hanzo,3,2,1,0.6667,2,1,1,0.5
player,Pineapple,DPS,Reaper,3,0,3,0.0,2,0,2,0.0
player,Pineapple,DPS,Genji,3,0,3,0.0,3,0,3,0.0
player,Pineapple,DPS,Symmetra,2,0,2,0.0,0,0,0,0.0
player,Pineapple,DPS,Freja,1,0,1,0.0,1,0,1,0.0
player,Probe,DPS,Emre,5,2,3,0.4,1,1,0,1.0
player,Probe,DPS,Sojourn,2,2,0,1.0,1,1,0,1.0
player,Probe,DPS,Widowmaker,2,1,1,0.5,1,1,0,1.0
player,Probe,DPS,Symmetra,2,0,2,0.0,1,0,1,0.0
player,Proper,DPS,Tracer,27,22,5,0.8148,4,3,1,0.75
player,Proper,DPS,Symmetra,15,14,1,0.9333,3,3,0,1.0
player,Proper,DPS,Vendetta,7,5,2,0.7143,1,1,0,1.0
player,Proper,DPS,Pharah,7,6,1,0.8571,6,5,1,0.8333
player,Proper,DPS,Echo,7,5,2,0.7143,7,5,2,0.7143
player,Proper,DPS,Genji,5,5,0,1.0,2,2,0,1.0
player,Proper,DPS,Cassidy,4,3,1,0.75,1,1,0,1.0
player,Proper,DPS,Mei,3,2,1,0.6667,3,2,1,0.6667
player,Proper,DPS,Widowmaker,3,3,0,1.0,0,0,0,0.0
player,Proper,DPS,Venture,2,1,1,0.5,0,0,0,0.0
player,Proper,DPS,Emre,1,1,0,1.0,1,1,0,1.0
player,Proper,DPS,Sojourn,1,1,0,1.0,1,1,0,1.0
player,Proper,DPS,Bastion,1,1,0,1.0,1,1,0,1.0
player,Proper,DPS,Sierra,1,1,0,1.0,1,1,0,1.0
player,Proper,DPS,Ashe,1,1,0,1.0,1,1,0,1.0
player,Proper,DPS,Reaper,1,1,0,1.0,0,0,0,0.0
player,Proud,DPS,Emre,20,13,7,0.65,3,2,1,0.6667
player,Proud,DPS,Sojourn,18,9,9,0.5,4,2,2,0.5
player,Proud,DPS,Symmetra,8,8,0,1.0,2,2,0,1.0
player,Proud,DPS,Widowmaker,3,2,1,0.6667,0,0,0,0.0
player,Proud,DPS,Tracer,2,1,1,0.5,1,1,0,1.0
player,Proud,DPS,Bastion,2,2,0,1.0,0,0,0,0.0
player,Proud,DPS,Echo,1,1,0,1.0,1,1,0,1.0
player,Proud,DPS,Venture,1,0,1,0.0,0,0,0,0.0
player,Proud,DPS,Sombra,1,0,1,0.0,0,0,0,0.0
player,Proud,DPS,Reaper,1,1,0,1.0,1,1,0,1.0
player,Pugz,Support,Lúcio,13,3,10,0.2308,6,0,6,0.0
player,Pugz,Support,Ana,6,1,5,0.1667,0,0,0,0.0
player,Pugz,Support,Wuyang,5,2,3,0.4,5,2,3,0.4
player,Pugz,Support,Brigitte,3,0,3,0.0,3,0,3,0.0
player,Pugz,Support,Mercy,1,0,1,0.0,1,0,1,0.0
player,Punk,Tank,D.Va,10,8,2,0.8,3,2,1,0.6667
player,Punk,Tank,Ramattra,3,0,3,0.0,3,0,3,0.0
player,Punk,Tank,Zarya,2,2,0,1.0,1,1,0,1.0
player,Punk,Tank,Reinhardt,2,2,0,1.0,2,2,0,1.0
player,Punk,Tank,Hazard,2,1,1,0.5,2,1,1,0.5
player,Punk,Tank,Doomfist,2,1,1,0.5,2,1,1,0.5
player,Punk,Tank,Mauga,1,0,1,0.0,0,0,0,0.0
player,QLOUD,Support,Kiriko,14,13,1,0.9286,1,1,0,1.0
player,QLOUD,Support,Ana,12,12,0,1.0,4,4,0,1.0
player,QLOUD,Support,Juno,3,2,1,0.6667,0,0,0,0.0
player,QLOUD,Support,Baptiste,3,3,0,1.0,2,2,0,1.0
player,QLOUD,Support,Jetpack Cat,3,3,0,1.0,3,3,0,1.0
player,QLOUD,Support,Wuyang,1,1,0,1.0,1,1,0,1.0
player,QLOUD,Support,Lúcio,1,1,0,1.0,0,0,0,0.0
player,QLOUD,Support,Brigitte,1,1,0,1.0,1,1,0,1.0
player,Qloud,Support,Jetpack Cat,1,0,1,0.0,0,0,0,0.0
player,Qloud,Support,Kiriko,1,0,1,0.0,0,0,0,0.0
player,Qloud,Support,Brigitte,1,0,1,0.0,1,0,1,0.0
player,Qloud,Support,Baptiste,1,0,1,0.0,1,0,1,0.0
player,Quartz,DPS,Emre,28,27,1,0.9643,3,3,0,1.0
player,Quartz,DPS,Sojourn,11,8,3,0.7273,1,0,1,0.0
player,Quartz,DPS,Widowmaker,3,3,0,1.0,1,1,0,1.0
player,Quartz,DPS,Tracer,2,1,1,0.5,0,0,0,0.0
player,Quartz,DPS,Cassidy,1,1,0,1.0,0,0,0,0.0
player,Quartz,DPS,Sombra,1,0,1,0.0,1,0,1,0.0
player,Quartz,DPS,Echo,1,1,0,1.0,1,1,0,1.0
player,Recall,Support,Kiriko,38,23,15,0.6053,2,0,2,0.0
player,Recall,Support,Juno,23,15,8,0.6522,11,7,4,0.6364
player,Recall,Support,Ana,13,9,4,0.6923,5,4,1,0.8
player,Recall,Support,Baptiste,7,4,3,0.5714,5,3,2,0.6
player,Recall,Support,Lúcio,3,1,2,0.3333,0,0,0,0.0
player,Recall,Support,Mizuki,1,0,1,0.0,1,0,1,0.0
player,Recall,Support,Lifeweaver,1,1,0,1.0,1,1,0,1.0
player,Regr3t,DPS,Emre,11,2,9,0.1818,6,2,4,0.3333
player,Regr3t,DPS,Sojourn,8,2,6,0.25,3,0,3,0.0
player,Regr3t,DPS,Genji,6,1,5,0.1667,0,0,0,0.0
player,Regr3t,DPS,Sombra,3,0,3,0.0,3,0,3,0.0
player,Regr3t,DPS,Widowmaker,3,1,2,0.3333,1,0,1,0.0
player,Regr3t,DPS,Venture,1,0,1,0.0,1,0,1,0.0
player,Regr3t,DPS,Cassidy,1,0,1,0.0,1,0,1,0.0
player,Remedy,Support,Kiriko,13,3,10,0.2308,0,0,0,0.0
player,Remedy,Support,Juno,11,2,9,0.1818,3,0,3,0.0
player,Remedy,Support,Ana,1,0,1,0.0,0,0,0,0.0
player,Remedy,Support,Baptiste,1,0,1,0.0,1,0,1,0.0
player,Renaco,Tank,Zarya,2,0,2,0.0,1,0,1,0.0
player,Renaco,Tank,D.Va,2,0,2,0.0,1,0,1,0.0
player,Rokit,DPS,Tracer,15,4,11,0.2667,5,1,4,0.2
player,Rokit,DPS,Vendetta,13,5,8,0.3846,7,3,4,0.4286
player,Rokit,DPS,Symmetra,10,3,7,0.3,2,1,1,0.5
player,Rokit,DPS,Venture,4,3,1,0.75,3,2,1,0.6667
player,Rokit,DPS,Anran,1,1,0,1.0,0,0,0,0.0
player,Rokit,DPS,Hanzo,1,0,1,0.0,1,0,1,0.0
player,Rokit,DPS,Genji,1,0,1,0.0,1,0,1,0.0
player,Roxy,Tank,Zarya,16,5,11,0.3125,11,3,8,0.2727
player,Roxy,Tank,D.Va,13,5,8,0.3846,11,4,7,0.3636
player,Roxy,Tank,Hazard,6,2,4,0.3333,3,1,2,0.3333
player,Roxy,Tank,Orisa,2,1,1,0.5,2,1,1,0.5
player,Roxy,Tank,Sigma,2,1,1,0.5,2,1,1,0.5
player,Roxy,Tank,Wrecking Ball,1,1,0,1.0,1,1,0,1.0
player,Rupal,Support,Kiriko,6,2,4,0.3333,0,0,0,0.0
player,Rupal,Support,Mizuki,2,2,0,1.0,0,0,0,0.0
player,Rupal,Support,Ana,2,1,1,0.5,2,1,1,0.5
player,Rupal,Support,Juno,1,1,0,1.0,1,1,0,1.0
player,Ryan,DPS,Tracer,15,5,10,0.3333,5,0,5,0.0
player,Ryan,DPS,Symmetra,9,3,6,0.3333,4,0,4,0.0
player,Ryan,DPS,Vendetta,3,1,2,0.3333,0,0,0,0.0
player,Ryan,DPS,Echo,2,0,2,0.0,2,0,2,0.0
player,Ryan,DPS,Widowmaker,2,1,1,0.5,0,0,0,0.0
player,Ryan,DPS,Ashe,1,0,1,0.0,1,0,1,0.0
player,SINCE,Support,Kiriko,7,0,7,0.0,3,0,3,0.0
player,SINCE,Support,Lúcio,5,1,4,0.2,0,0,0,0.0
player,SINCE,Support,Ana,2,0,2,0.0,2,0,2,0.0
player,SINCE,Support,Baptiste,2,0,2,0.0,2,0,2,0.0
player,SINCE,Support,Juno,2,1,1,0.5,0,0,0,0.0
player,SLEY,Support,Jetpack Cat,13,13,0,1.0,9,9,0,1.0
player,SLEY,Support,Wuyang,10,10,0,1.0,5,5,0,1.0
player,SLEY,Support,Illari,10,10,0,1.0,8,8,0,1.0
player,SLEY,Support,Kiriko,3,3,0,1.0,1,1,0,1.0
player,SLEY,Support,Mizuki,1,1,0,1.0,0,0,0,0.0
player,SLEY,Support,Baptiste,1,1,0,1.0,1,1,0,1.0
player,SLEY,Support,Juno,1,0,1,0.0,0,0,0,0.0
player,SLEY,Support,Brigitte,1,0,1,0.0,1,0,1,0.0
player,SOMEONE,Tank,Zarya,6,5,1,0.8333,3,2,1,0.6667
player,SOMEONE,Tank,D.Va,5,4,1,0.8,4,3,1,0.75
player,SOMEONE,Tank,Reinhardt,1,1,0,1.0,1,1,0,1.0
player,SOMEONE,Tank,Ramattra,1,0,1,0.0,0,0,0,0.0
player,SOMEONE,Tank,Mauga,1,0,1,0.0,1,0,1,0.0
player,SORI,DPS,Emre,26,10,16,0.3846,5,2,3,0.4
player,SORI,DPS,Cassidy,10,3,7,0.3,5,0,5,0.0
player,SORI,DPS,Tracer,8,3,5,0.375,0,0,0,0.0
player,SORI,DPS,Sojourn,6,1,5,0.1667,5,1,4,0.2
player,SORI,DPS,Widowmaker,3,0,3,0.0,1,0,1,0.0
player,SORI,DPS,Symmetra,2,0,2,0.0,0,0,0,0.0
player,SORI,DPS,Pharah,1,0,1,0.0,1,0,1,0.0
player,SP1NT,DPS,Tracer,25,11,14,0.44,3,1,2,0.3333
player,SP1NT,DPS,Symmetra,23,15,8,0.6522,6,5,1,0.8333
player,SP1NT,DPS,Vendetta,16,8,8,0.5,4,2,2,0.5
player,SP1NT,DPS,Pharah,12,7,5,0.5833,9,7,2,0.7778
player,SP1NT,DPS,Genji,7,5,2,0.7143,4,3,1,0.75
player,SP1NT,DPS,Mei,4,0,4,0.0,2,0,2,0.0
player,SP1NT,DPS,Widowmaker,2,1,1,0.5,1,1,0,1.0
player,SP1NT,DPS,Torbjörn,2,1,1,0.5,1,0,1,0.0
player,SP1NT,DPS,Reaper,2,0,2,0.0,2,0,2,0.0
player,SP1NT,DPS,Venture,1,0,1,0.0,1,0,1,0.0
player,SP1NT,DPS,Sierra,1,1,0,1.0,1,1,0,1.0
player,SP1NT,DPS,Anran,1,0,1,0.0,1,0,1,0.0
player,SP1NT,DPS,Sombra,1,0,1,0.0,1,0,1,0.0
player,STALK3R,DPS,Emre,16,11,5,0.6875,1,1,0,1.0
player,STALK3R,DPS,Sojourn,11,4,7,0.3636,6,2,4,0.3333
player,STALK3R,DPS,Vendetta,9,5,4,0.5556,3,2,1,0.6667
player,STALK3R,DPS,Tracer,8,7,1,0.875,4,3,1,0.75
player,STALK3R,DPS,Bastion,7,5,2,0.7143,2,2,0,1.0
player,STALK3R,DPS,Symmetra,6,6,0,1.0,2,2,0,1.0
player,STALK3R,DPS,Genji,5,2,3,0.4,0,0,0,0.0
player,STALK3R,DPS,Cassidy,4,2,2,0.5,2,0,2,0.0
player,STALK3R,DPS,Widowmaker,3,3,0,1.0,2,2,0,1.0
player,STALK3R,DPS,Reaper,3,2,1,0.6667,3,2,1,0.6667
player,STALK3R,DPS,Mei,2,2,0,1.0,0,0,0,0.0
player,STALK3R,DPS,Sombra,1,0,1,0.0,0,0,0,0.0
player,STALK3R,DPS,Sierra,1,1,0,1.0,1,1,0,1.0
player,STALK3R,DPS,Pharah,1,1,0,1.0,1,1,0,1.0
player,SUNZO,Tank,Zarya,6,6,0,1.0,3,3,0,1.0
player,SUNZO,Tank,D.Va,4,4,0,1.0,0,0,0,0.0
player,SUNZO,Tank,Mauga,1,1,0,1.0,1,1,0,1.0
player,SUNZO,Tank,Orisa,1,1,0,1.0,0,0,0,0.0
player,Sakume,Support,Kiriko,20,12,8,0.6,3,1,2,0.3333
player,Sakume,Support,Illari,6,5,1,0.8333,6,5,1,0.8333
player,Sakume,Support,Juno,6,0,6,0.0,0,0,0,0.0
player,Sakume,Support,Mizuki,5,3,2,0.6,4,3,1,0.75
player,Sakume,Support,Ana,5,3,2,0.6,3,1,2,0.3333
player,Sakume,Support,Baptiste,1,0,1,0.0,1,0,1,0.0
player,Saya,Support,Brigitte,10,1,9,0.1,7,0,7,0.0
player,Saya,Support,Ana,5,1,4,0.2,0,0,0,0.0
player,Saya,Support,Wuyang,3,0,3,0.0,3,0,3,0.0
player,Scorch,Tank,D.Va,10,1,9,0.1,2,0,2,0.0
player,Scorch,Tank,Winston,9,3,6,0.3333,3,2,1,0.6667
player,Scorch,Tank,Zarya,8,2,6,0.25,4,0,4,0.0
player,Scorch,Tank,Wrecking Ball,4,0,4,0.0,3,0,3,0.0
player,Scorch,Tank,Orisa,2,0,2,0.0,2,0,2,0.0
player,Scorch,Tank,Doomfist,1,0,1,0.0,1,0,1,0.0
player,Scorch,Tank,Sigma,1,0,1,0.0,1,0,1,0.0
player,Scyle,Support,Kiriko,16,6,10,0.375,1,0,1,0.0
player,Scyle,Support,Juno,9,2,7,0.2222,3,1,2,0.3333
player,Scyle,Support,Baptiste,4,2,2,0.5,2,0,2,0.0
player,Scyle,Support,Mizuki,2,2,0,1.0,1,1,0,1.0
player,Scyle,Support,Zenyatta,1,0,1,0.0,1,0,1,0.0
player,Secret,Support,Kiriko,9,0,9,0.0,2,0,2,0.0
player,Secret,Support,Brigitte,9,0,9,0.0,5,0,5,0.0
player,Secret,Support,Juno,4,0,4,0.0,1,0,1,0.0
player,Secret,Support,Lúcio,4,0,4,0.0,2,0,2,0.0
player,Secret,Support,Illari,2,0,2,0.0,2,0,2,0.0
player,Secret,Support,Wuyang,2,0,2,0.0,0,0,0,0.0
player,Secret,Support,Ana,2,0,2,0.0,0,0,0,0.0
player,Secret,Support,Jetpack Cat,1,0,1,0.0,1,0,1,0.0
player,Secret,Support,Baptiste,1,0,1,0.0,1,0,1,0.0
player,Secret,Support,Mizuki,1,0,1,0.0,1,0,1,0.0
player,Seicoe,DPS,Tracer,23,14,9,0.6087,3,1,2,0.3333
player,Seicoe,DPS,Vendetta,20,13,7,0.65,2,1,1,0.5
player,Seicoe,DPS,Symmetra,9,5,4,0.5556,3,2,1,0.6667
player,Seicoe,DPS,Pharah,7,5,2,0.7143,4,4,0,1.0
player,Seicoe,DPS,Echo,3,2,1,0.6667,1,1,0,1.0
player,Seicoe,DPS,Anran,2,1,1,0.5,0,0,0,0.0
player,Seicoe,DPS,Widowmaker,2,1,1,0.5,1,0,1,0.0
player,Seicoe,DPS,Bastion,1,1,0,1.0,1,1,0,1.0
player,Seonjun,DPS,Tracer,20,15,5,0.75,2,1,1,0.5
player,Seonjun,DPS,Symmetra,13,10,3,0.7692,1,1,0,1.0
player,Seonjun,DPS,Vendetta,9,5,4,0.5556,5,3,2,0.6
player,Seonjun,DPS,Genji,7,3,4,0.4286,1,1,0,1.0
player,Seonjun,DPS,Pharah,7,4,3,0.5714,6,4,2,0.6667
player,Seonjun,DPS,Echo,5,2,3,0.4,4,2,2,0.5
player,Seonjun,DPS,Widowmaker,2,2,0,1.0,1,1,0,1.0
player,Seonjun,DPS,Anran,1,0,1,0.0,0,0,0,0.0
player,Seonjun,DPS,Torbjörn,1,1,0,1.0,1,1,0,1.0
player,Seonjun,DPS,Sombra,1,1,0,1.0,1,1,0,1.0
player,Seonjun,DPS,Junkrat,1,1,0,1.0,1,1,0,1.0
player,Seonjun,DPS,Mei,1,0,1,0.0,1,0,1,0.0
player,Setsuna,DPS,Sojourn,14,5,9,0.3571,11,2,9,0.1818
player,Setsuna,DPS,Cassidy,10,2,8,0.2,4,1,3,0.25
player,Setsuna,DPS,Emre,6,2,4,0.3333,2,1,1,0.5
player,Setsuna,DPS,Symmetra,6,2,4,0.3333,2,0,2,0.0
player,Setsuna,DPS,Widowmaker,6,1,5,0.1667,2,0,2,0.0
player,Setsuna,DPS,Tracer,4,1,3,0.25,2,0,2,0.0
player,Setsuna,DPS,Freja,2,0,2,0.0,2,0,2,0.0
player,Setsuna,DPS,Sombra,1,0,1,0.0,1,0,1,0.0
player,Setsuna,DPS,Hanzo,1,0,1,0.0,1,0,1,0.0
player,SeungAn,Tank,D.Va,8,2,6,0.25,3,2,1,0.6667
player,SeungAn,Tank,Winston,8,3,5,0.375,1,1,0,1.0
player,SeungAn,Tank,Doomfist,4,0,4,0.0,4,0,4,0.0
player,SeungAn,Tank,Zarya,3,1,2,0.3333,1,0,1,0.0
player,SeungAn,Tank,Mauga,3,1,2,0.3333,2,0,2,0.0
player,SeungAn,Tank,Orisa,2,0,2,0.0,2,0,2,0.0
player,SeungAn,Tank,Ramattra,1,0,1,0.0,1,0,1,0.0
player,SeungAn,Tank,Hazard,1,0,1,0.0,0,0,0,0.0
player,Shy,DPS,Sojourn,10,8,2,0.8,2,1,1,0.5
player,Shy,DPS,Emre,8,7,1,0.875,1,1,0,1.0
player,Shy,DPS,Symmetra,3,3,0,1.0,0,0,0,0.0
player,Shy,DPS,Widowmaker,3,3,0,1.0,1,1,0,1.0
player,Shy,DPS,Bastion,2,2,0,1.0,0,0,0,0.0
player,Shy,DPS,Ashe,1,0,1,0.0,1,0,1,0.0
player,Shy,DPS,Tracer,1,1,0,1.0,0,0,0,0.0
player,Simple,Support,Kiriko,29,26,3,0.8966,2,2,0,1.0
player,Simple,Support,Juno,15,13,2,0.8667,6,5,1,0.8333
player,Simple,Support,Brigitte,4,4,0,1.0,0,0,0,0.0
player,Simple,Support,Mizuki,3,2,1,0.6667,0,0,0,0.0
player,Simple,Support,Ana,3,3,0,1.0,2,2,0,1.0
player,Simple,Support,Illari,3,3,0,1.0,2,2,0,1.0
player,Simple,Support,Lúcio,1,1,0,1.0,1,1,0,1.0
player,Simple,Support,Baptiste,1,1,0,1.0,1,1,0,1.0
player,SirMajed,Support,Kiriko,20,9,11,0.45,0,0,0,0.0
player,SirMajed,Support,Juno,7,3,4,0.4286,2,0,2,0.0
player,SirMajed,Support,Brigitte,7,2,5,0.2857,2,0,2,0.0
player,SirMajed,Support,Illari,6,1,5,0.1667,5,1,4,0.2
player,SirMajed,Support,Lúcio,4,2,2,0.5,1,1,0,1.0
player,SirMajed,Support,Ana,1,1,0,1.0,1,1,0,1.0
player,Sley,Support,Wuyang,2,0,2,0.0,1,0,1,0.0
player,Sley,Support,Mizuki,1,0,1,0.0,0,0,0,0.0
player,Sley,Support,Jetpack Cat,1,0,1,0.0,0,0,0,0.0
player,Sley,Support,Illari,1,0,1,0.0,0,0,0,0.0
player,SoLA,Tank,D.Va,9,0,9,0.0,3,0,3,0.0
player,SoLA,Tank,Zarya,2,0,2,0.0,0,0,0,0.0
player,SoLA,Tank,Domina,1,0,1,0.0,0,0,0,0.0
player,SoLA,Tank,Orisa,1,0,1,0.0,0,0,0,0.0
player,Soae,DPS,Symmetra,25,16,9,0.64,8,5,3,0.625
player,Soae,DPS,Vendetta,9,5,4,0.5556,7,3,4,0.4286
player,Soae,DPS,Torbjörn,3,1,2,0.3333,3,1,2,0.3333
player,Soae,DPS,Tracer,3,1,2,0.3333,2,1,1,0.5
player,Soae,DPS,Reaper,2,0,2,0.0,2,0,2,0.0
player,Soae,DPS,Mei,1,0,1,0.0,1,0,1,0.0
player,Sugarfree,DPS,Tracer,23,11,12,0.4783,2,0,2,0.0
player,Sugarfree,DPS,Symmetra,21,14,7,0.6667,8,6,2,0.75
player,Sugarfree,DPS,Vendetta,9,5,4,0.5556,4,2,2,0.5
player,Sugarfree,DPS,Pharah,4,2,2,0.5,3,1,2,0.3333
player,Sugarfree,DPS,Echo,4,2,2,0.5,3,1,2,0.3333
player,Sugarfree,DPS,Genji,3,1,2,0.3333,2,0,2,0.0
player,Sugarfree,DPS,Widowmaker,1,1,0,1.0,1,1,0,1.0
player,Sunset,DPS,Sojourn,11,3,8,0.2727,7,1,6,0.1429
player,Sunset,DPS,Emre,9,1,8,0.1111,1,1,0,1.0
player,Sunset,DPS,Widowmaker,6,0,6,0.0,4,0,4,0.0
player,Sunset,DPS,Symmetra,2,0,2,0.0,0,0,0,0.0
player,Sunset,DPS,Bastion,1,0,1,0.0,1,0,1,0.0
player,Sunset,DPS,Tracer,1,0,1,0.0,0,0,0,0.0
player,Supreme,Support,Lúcio,19,4,15,0.2105,6,1,5,0.1667
player,Supreme,Support,Ana,14,7,7,0.5,4,2,2,0.5
player,Supreme,Support,Wuyang,9,4,5,0.4444,7,3,4,0.4286
player,Supreme,Support,Brigitte,9,1,8,0.1111,6,1,5,0.1667
player,Supreme,Support,Jetpack Cat,7,2,5,0.2857,5,1,4,0.2
player,Supreme,Support,Juno,4,0,4,0.0,3,0,3,0.0
player,Supreme,Support,Baptiste,1,0,1,0.0,1,0,1,0.0
player,Supreme,Support,Zenyatta,1,0,1,0.0,1,0,1,0.0
player,TCC,Support,Lúcio,12,5,7,0.4167,3,1,2,0.3333
player,TCC,Support,Juno,2,0,2,0.0,1,0,1,0.0
player,TCC,Support,Brigitte,2,0,2,0.0,1,0,1,0.0
player,TCC,Support,Jetpack Cat,2,0,2,0.0,0,0,0,0.0
player,TCC,Support,Mercy,2,0,2,0.0,2,0,2,0.0
player,TCC,Support,Wuyang,1,0,1,0.0,1,0,1,0.0
player,TCC,Support,Ana,1,0,1,0.0,0,0,0,0.0
player,TCC,Support,Kiriko,1,0,1,0.0,1,0,1,0.0
player,TKL,DPS,Sojourn,13,6,7,0.4615,7,2,5,0.2857
player,TKL,DPS,Cassidy,8,3,5,0.375,3,2,1,0.6667
player,TKL,DPS,Emre,8,4,4,0.5,4,2,2,0.5
player,TKL,DPS,Hanzo,2,1,1,0.5,0,0,0,0.0
player,TKL,DPS,Widowmaker,2,1,1,0.5,2,1,1,0.5
player,TKL,DPS,Ashe,2,2,0,1.0,2,2,0,1.0
player,TKL,DPS,Bastion,2,0,2,0.0,2,0,2,0.0
player,TKL,DPS,Tracer,1,0,1,0.0,1,0,1,0.0
player,TKL,DPS,Vendetta,1,0,1,0.0,1,0,1,0.0
player,TOPDRAGON,DPS,Tracer,16,15,1,0.9375,1,0,1,0.0
player,TOPDRAGON,DPS,Vendetta,13,11,2,0.8462,7,7,0,1.0
player,TOPDRAGON,DPS,Symmetra,13,13,0,1.0,1,1,0,1.0
player,TOPDRAGON,DPS,Echo,7,7,0,1.0,5,5,0,1.0
player,TOPDRAGON,DPS,Anran,2,1,1,0.5,1,1,0,1.0
player,TOPDRAGON,DPS,Venture,2,1,1,0.5,2,1,1,0.5
player,TOPDRAGON,DPS,Pharah,2,2,0,1.0,2,2,0,1.0
player,TOPDRAGON,DPS,Emre,1,1,0,1.0,0,0,0,0.0
player,TOPDRAGON,DPS,Mei,1,1,0,1.0,1,1,0,1.0
player,TOPDRAGON,DPS,Genji,1,1,0,1.0,1,1,0,1.0
player,TOPDRAGON,DPS,Widowmaker,1,1,0,1.0,0,0,0,0.0
player,TR33,DPS,Emre,24,10,14,0.4167,5,0,5,0.0
player,TR33,DPS,Sojourn,13,5,8,0.3846,2,0,2,0.0
player,TR33,DPS,Widowmaker,11,7,4,0.6364,9,6,3,0.6667
player,TR33,DPS,Cassidy,7,3,4,0.4286,5,2,3,0.4
player,TR33,DPS,Tracer,5,2,3,0.4,0,0,0,0.0
player,TR33,DPS,Vendetta,3,1,2,0.3333,1,1,0,1.0
player,TR33,DPS,Sombra,2,1,1,0.5,2,1,1,0.5
player,TR33,DPS,Symmetra,2,0,2,0.0,0,0,0,0.0
player,TR33,DPS,Venture,2,2,0,1.0,2,2,0,1.0
player,TR33,DPS,Hanzo,1,1,0,1.0,1,1,0,1.0
player,TR33,DPS,Pharah,1,0,1,0.0,1,0,1,0.0
player,TR33,DPS,Bastion,1,1,0,1.0,1,1,0,1.0
player,TVNT,Tank,Zarya,17,16,1,0.9412,3,2,1,0.6667
player,TVNT,Tank,D.Va,16,14,2,0.875,6,6,0,1.0
player,TVNT,Tank,Domina,5,4,1,0.8,0,0,0,0.0
player,TVNT,Tank,Wrecking Ball,2,2,0,1.0,2,2,0,1.0
player,TVNT,Tank,Sigma,2,2,0,1.0,1,1,0,1.0
player,TVNT,Tank,Orisa,1,1,0,1.0,1,1,0,1.0
player,TVNT,Tank,Mauga,1,1,0,1.0,1,1,0,1.0
player,TVNT,Tank,Hazard,1,1,0,1.0,0,0,0,0.0
player,Taejong,DPS,Vendetta,16,8,8,0.5,2,0,2,0.0
player,Taejong,DPS,Tracer,11,2,9,0.1818,2,1,1,0.5
player,Taejong,DPS,Symmetra,11,3,8,0.2727,6,2,4,0.3333
player,Taejong,DPS,Pharah,10,4,6,0.4,6,4,2,0.6667
player,Taejong,DPS,Widowmaker,4,1,3,0.25,1,0,1,0.0
player,Taejong,DPS,Genji,4,1,3,0.25,0,0,0,0.0
player,Taejong,DPS,Echo,2,0,2,0.0,2,0,2,0.0
player,Taejong,DPS,Sombra,1,1,0,1.0,1,1,0,1.0
player,Taimouren,DPS,Sojourn,11,4,7,0.3636,5,3,2,0.6
player,Taimouren,DPS,Emre,11,2,9,0.1818,1,0,1,0.0
player,Taimouren,DPS,Symmetra,10,2,8,0.2,4,0,4,0.0
player,Taimouren,DPS,Cassidy,10,3,7,0.3,8,3,5,0.375
player,Taimouren,DPS,Tracer,6,1,5,0.1667,1,0,1,0.0
player,Taimouren,DPS,Ashe,3,0,3,0.0,3,0,3,0.0
player,Taimouren,DPS,Widowmaker,2,1,1,0.5,0,0,0,0.0
player,Taimouren,DPS,Echo,2,1,1,0.5,2,1,1,0.5
player,Taimouren,DPS,Bastion,1,0,1,0.0,1,0,1,0.0
player,Taimouren,DPS,Freja,1,0,1,0.0,1,0,1,0.0
player,Taimouren,DPS,Sierra,1,0,1,0.0,0,0,0,0.0
player,Tama,Tank,Zarya,6,0,6,0.0,0,0,0,0.0
player,Tama,Tank,Winston,5,0,5,0.0,5,0,5,0.0
player,Tama,Tank,Orisa,1,0,1,0.0,1,0,1,0.0
player,Tama,Tank,Doomfist,1,0,1,0.0,1,0,1,0.0
player,Tama,Tank,Wrecking Ball,1,0,1,0.0,1,0,1,0.0
player,TenTen,Support,Lúcio,22,6,16,0.2727,7,2,5,0.2857
player,TenTen,Support,Jetpack Cat,6,2,4,0.3333,1,1,0,1.0
player,TenTen,Support,Wuyang,5,2,3,0.4,3,0,3,0.0
player,TenTen,Support,Illari,2,0,2,0.0,1,0,1,0.0
player,TenTen,Support,Brigitte,2,0,2,0.0,0,0,0,0.0
player,Tom4to,Support,Kiriko,9,7,2,0.7778,1,0,1,0.0
player,Tom4to,Support,Ana,8,4,4,0.5,6,3,3,0.5
player,Tom4to,Support,Illari,3,1,2,0.3333,2,1,1,0.5
player,Tom4to,Support,Mizuki,3,1,2,0.3333,0,0,0,0.0
player,Tom4to,Support,Brigitte,3,1,2,0.3333,3,1,2,0.3333
player,Tom4to,Support,Baptiste,2,1,1,0.5,2,1,1,0.5
player,Tom4to,Support,Wuyang,1,0,1,0.0,1,0,1,0.0
player,Tred,Tank,D.Va,15,5,10,0.3333,5,3,2,0.6
player,Tred,Tank,Ramattra,10,3,7,0.3,7,0,7,0.0
player,Tred,Tank,Zarya,6,3,3,0.5,2,2,0,1.0
player,Tred,Tank,Domina,4,2,2,0.5,1,0,1,0.0
player,Tred,Tank,Wrecking Ball,3,0,3,0.0,3,0,3,0.0
player,Tred,Tank,Doomfist,3,1,2,0.3333,2,0,2,0.0
player,Tred,Tank,Hazard,1,1,0,1.0,1,1,0,1.0
player,Tred,Tank,Winston,1,1,0,1.0,1,1,0,1.0
player,UYOU,Tank,Wrecking Ball,11,9,2,0.8182,10,8,2,0.8
player,UYOU,Tank,D.Va,3,2,1,0.6667,0,0,0,0.0
player,UYOU,Tank,Hazard,2,2,0,1.0,2,2,0,1.0
player,UYOU,Tank,Ramattra,1,1,0,1.0,1,1,0,1.0
player,UYOU,Tank,Doomfist,1,0,1,0.0,1,0,1,0.0
player,UYOU,Tank,Winston,1,0,1,0.0,1,0,1,0.0
player,UltraViolet,Support,Kiriko,26,13,13,0.5,4,3,1,0.75
player,UltraViolet,Support,Juno,15,9,6,0.6,2,0,2,0.0
player,UltraViolet,Support,Wuyang,5,3,2,0.6,4,3,1,0.75
player,UltraViolet,Support,Baptiste,4,2,2,0.5,2,1,1,0.5
player,UltraViolet,Support,Ana,4,1,3,0.25,1,0,1,0.0
player,UltraViolet,Support,Zenyatta,1,1,0,1.0,1,1,0,1.0
player,UltraViolet,Support,Lúcio,1,1,0,1.0,0,0,0,0.0
player,Undersea,DPS,Symmetra,2,0,2,0.0,0,0,0,0.0
player,Undersea,DPS,Echo,1,0,1,0.0,1,0,1,0.0
player,Undersea,DPS,Venture,1,0,1,0.0,1,0,1,0.0
player,Undersea,DPS,Emre,1,0,1,0.0,0,0,0,0.0
player,Undersea,DPS,Tracer,1,0,1,0.0,0,0,0,0.0
player,Unkn0w,Support,Lúcio,10,1,9,0.1,1,0,1,0.0
player,Unkn0w,Support,Wuyang,4,2,2,0.5,3,1,2,0.3333
player,Unkn0w,Support,Brigitte,1,0,1,0.0,0,0,0,0.0
player,Vega,Support,Lúcio,19,8,11,0.4211,1,0,1,0.0
player,Vega,Support,Brigitte,15,5,10,0.3333,7,1,6,0.1429
player,Vega,Support,Kiriko,7,2,5,0.2857,1,0,1,0.0
player,Vega,Support,Wuyang,5,4,1,0.8,1,0,1,0.0
player,Vega,Support,Jetpack Cat,4,3,1,0.75,1,0,1,0.0
player,Vega,Support,Illari,4,2,2,0.5,3,2,1,0.6667
player,Vega,Support,Juno,2,0,2,0.0,0,0,0,0.0
player,Vega,Support,Lifeweaver,1,1,0,1.0,1,1,0,1.0
player,Vestola,Tank,Zarya,17,6,11,0.3529,3,0,3,0.0
player,Vestola,Tank,D.Va,8,5,3,0.625,2,1,1,0.5
player,Vestola,Tank,Mauga,7,0,7,0.0,7,0,7,0.0
player,Vestola,Tank,Orisa,4,3,1,0.75,4,3,1,0.75
player,Vestola,Tank,Domina,3,1,2,0.3333,3,1,2,0.3333
player,Vestola,Tank,Winston,3,1,2,0.3333,0,0,0,0.0
player,Vestola,Tank,Sigma,2,0,2,0.0,1,0,1,0.0
player,Vestola,Tank,Wrecking Ball,1,0,1,0.0,1,0,1,0.0
player,Vigilante,Support,Kiriko,36,24,12,0.6667,2,0,2,0.0
player,Vigilante,Support,Ana,15,7,8,0.4667,4,2,2,0.5
player,Vigilante,Support,Juno,14,11,3,0.7857,6,4,2,0.6667
player,Vigilante,Support,Mizuki,4,3,1,0.75,1,1,0,1.0
player,Vigilante,Support,Baptiste,4,1,3,0.25,4,1,3,0.25
player,Vigilante,Support,Jetpack Cat,2,0,2,0.0,2,0,2,0.0
player,Vigilante,Support,Wuyang,1,0,1,0.0,0,0,0,0.0
player,Viol2t,Support,Illari,15,13,2,0.8667,15,13,2,0.8667
player,Viol2t,Support,Jetpack Cat,15,13,2,0.8667,7,6,1,0.8571
player,Viol2t,Support,Lúcio,12,7,5,0.5833,1,0,1,0.0
player,Viol2t,Support,Brigitte,7,3,4,0.4286,7,3,4,0.4286
player,Viol2t,Support,Juno,5,5,0,1.0,3,3,0,1.0
player,Viol2t,Support,Wuyang,1,1,0,1.0,1,1,0,1.0
player,Viol2t,Support,Kiriko,1,1,0,1.0,0,0,0,0.0
player,Viol2t,Support,Zenyatta,1,1,0,1.0,1,1,0,1.0
player,Viper,DPS,Tracer,2,0,2,0.0,0,0,0,0.0
player,Viper,DPS,Anran,1,0,1,0.0,0,0,0,0.0
player,Viper,DPS,Echo,1,0,1,0.0,0,0,0,0.0
player,Vosa1q,Tank,D.Va,8,1,7,0.125,4,1,3,0.25
player,Vosa1q,Tank,Ramattra,8,2,6,0.25,6,2,4,0.3333
player,Vosa1q,Tank,Winston,6,0,6,0.0,4,0,4,0.0
player,Vosa1q,Tank,Zarya,4,0,4,0.0,3,0,3,0.0
player,Vosa1q,Tank,Hazard,2,0,2,0.0,1,0,1,0.0
player,Vosa1q,Tank,Mauga,2,0,2,0.0,1,0,1,0.0
player,Vosa1q,Tank,Doomfist,1,0,1,0.0,1,0,1,0.0
player,Vosa1q,Tank,Wrecking Ball,1,0,1,0.0,1,0,1,0.0
player,Vosa1q,Tank,Orisa,1,0,1,0.0,1,0,1,0.0
player,Vosa1q,Tank,Reinhardt,1,0,1,0.0,1,0,1,0.0
player,Vosa1q,Tank,Junker Queen,1,0,1,0.0,1,0,1,0.0
player,WMaimone,DPS,Tracer,11,3,8,0.2727,1,0,1,0.0
player,WMaimone,DPS,Vendetta,9,1,8,0.1111,2,0,2,0.0
player,WMaimone,DPS,Echo,5,0,5,0.0,5,0,5,0.0
player,WMaimone,DPS,Pharah,4,1,3,0.25,3,1,2,0.3333
player,WMaimone,DPS,Symmetra,1,1,0,1.0,0,0,0,0.0
player,WMaimone,DPS,Reaper,1,0,1,0.0,1,0,1,0.0
player,Wangming,DPS,Vendetta,8,1,7,0.125,1,0,1,0.0
player,Wangming,DPS,Symmetra,7,1,6,0.1429,2,0,2,0.0
player,Wangming,DPS,Genji,5,1,4,0.2,0,0,0,0.0
player,Wangming,DPS,Anran,2,0,2,0.0,2,0,2,0.0
player,Wangming,DPS,Venture,1,0,1,0.0,1,0,1,0.0
player,Wangming,DPS,Sojourn,1,0,1,0.0,0,0,0,0.0
player,Wangming,DPS,Emre,1,0,1,0.0,1,0,1,0.0
player,Willys,Tank,Zarya,13,2,11,0.1538,6,1,5,0.1667
player,Willys,Tank,D.Va,10,1,9,0.1,2,0,2,0.0
player,Willys,Tank,Hazard,8,1,7,0.125,8,1,7,0.125
player,Willys,Tank,Mauga,7,2,5,0.2857,1,1,0,1.0
player,Willys,Tank,Wrecking Ball,6,0,6,0.0,5,0,5,0.0
player,Willys,Tank,Domina,5,1,4,0.2,1,0,1,0.0
player,Willys,Tank,Winston,3,1,2,0.3333,0,0,0,0.0
player,Willys,Tank,Ramattra,2,0,2,0.0,2,0,2,0.0
player,WoochaN,Support,Kiriko,18,2,16,0.1111,1,1,0,1.0
player,WoochaN,Support,Ana,14,4,10,0.2857,2,1,1,0.5
player,WoochaN,Support,Juno,7,0,7,0.0,4,0,4,0.0
player,WoochaN,Support,Lúcio,7,1,6,0.1429,2,0,2,0.0
player,WoochaN,Support,Lifeweaver,1,0,1,0.0,0,0,0,0.0
player,Xerion,Support,Kiriko,20,6,14,0.3,1,1,0,1.0
player,Xerion,Support,Juno,13,1,12,0.0769,3,0,3,0.0
player,Xerion,Support,Ana,4,1,3,0.25,1,0,1,0.0
player,Xerion,Support,Baptiste,3,0,3,0.0,1,0,1,0.0
player,Xerion,Support,Zenyatta,3,0,3,0.0,3,0,3,0.0
player,Xerion,Support,Mizuki,2,0,2,0.0,0,0,0,0.0
player,Xerion,Support,Wuyang,2,0,2,0.0,1,0,1,0.0
player,Xerion,Support,Lifeweaver,1,0,1,0.0,1,0,1,0.0
player,YangJun,Support,Lúcio,22,9,13,0.4091,4,1,3,0.25
player,YangJun,Support,Brigitte,5,2,3,0.4,3,1,2,0.3333
player,YangJun,Support,Jetpack Cat,4,2,2,0.5,0,0,0,0.0
player,YangJun,Support,Juno,3,2,1,0.6667,1,1,0,1.0
player,YangJun,Support,Lifeweaver,2,0,2,0.0,2,0,2,0.0
player,YangJun,Support,Wuyang,1,1,0,1.0,1,1,0,1.0
player,YangJun,Support,Ana,1,1,0,1.0,1,1,0,1.0
player,YangJun,Support,Illari,1,1,0,1.0,0,0,0,0.0
player,Yangjun,Support,Lúcio,4,1,3,0.25,0,0,0,0.0
player,Yate,Support,Lúcio,5,0,5,0.0,3,0,3,0.0
player,Yate,Support,Juno,1,0,1,0.0,0,0,0,0.0
player,Yate,Tank,Wrecking Ball,4,0,4,0.0,3,0,3,0.0
player,Yate,Tank,Hazard,3,0,3,0.0,3,0,3,0.0
player,Yate,Tank,Winston,1,0,1,0.0,0,0,0,0.0
player,Yate,Tank,Doomfist,1,0,1,0.0,1,0,1,0.0
player,Ydot,Support,Lúcio,15,11,4,0.7333,4,2,2,0.5
player,Ydot,Support,Wuyang,10,5,5,0.5,6,2,4,0.3333
player,Ydot,Support,Brigitte,10,7,3,0.7,6,3,3,0.5
player,Ydot,Support,Kiriko,4,2,2,0.5,2,1,1,0.5
player,Ydot,Support,Jetpack Cat,2,0,2,0.0,1,0,1,0.0
player,Ydot,Support,Juno,2,2,0,1.0,1,1,0,1.0
player,Ydot,Support,Lifeweaver,2,2,0,1.0,2,2,0,1.0
player,Ydot,Support,Illari,2,0,2,0.0,1,0,1,0.0
player,Yoko,DPS,Tracer,17,7,10,0.4118,6,2,4,0.3333
player,Yoko,DPS,Symmetra,10,3,7,0.3,3,1,2,0.3333
player,Yoko,DPS,Vendetta,2,0,2,0.0,1,0,1,0.0
player,Yoko,DPS,Genji,2,1,1,0.5,2,1,1,0.5
player,Yoko,DPS,Cassidy,2,2,0,1.0,0,0,0,0.0
player,Yoko,DPS,Mei,2,1,1,0.5,2,1,1,0.5
player,Yoko,DPS,Soldier: 76,1,1,0,1.0,1,1,0,1.0
player,Yoko,DPS,Reaper,1,0,1,0.0,1,0,1,0.0
player,Yoshinori2k,DPS,Tracer,13,10,3,0.7692,2,2,0,1.0
player,Yoshinori2k,DPS,Symmetra,10,9,1,0.9,2,2,0,1.0
player,Yoshinori2k,DPS,Vendetta,4,2,2,0.5,3,2,1,0.6667
player,Yoshinori2k,DPS,Genji,2,2,0,1.0,2,2,0,1.0
player,Yoshinori2k,DPS,Echo,2,2,0,1.0,1,1,0,1.0
player,Yoshinori2k,DPS,Reaper,1,1,0,1.0,0,0,0,0.0
player,Yoshinori2k,DPS,Sierra,1,1,0,1.0,1,1,0,1.0
player,Yot1y,DPS,Vendetta,12,5,7,0.4167,6,1,5,0.1667
player,Yot1y,DPS,Tracer,8,1,7,0.125,3,0,3,0.0
player,Yot1y,DPS,Symmetra,8,3,5,0.375,1,0,1,0.0
player,Yot1y,DPS,Emre,4,0,4,0.0,3,0,3,0.0
player,Yot1y,DPS,Sojourn,1,0,1,0.0,1,0,1,0.0
player,Yot1y,DPS,Freja,1,0,1,0.0,1,0,1,0.0
player,Yot1y,DPS,Hanzo,1,0,1,0.0,1,0,1,0.0
player,Yot1y,DPS,Genji,1,1,0,1.0,1,1,0,1.0
player,Yui,Support,Mizuki,5,4,1,0.8,2,1,1,0.5
player,Yui,Support,Baptiste,5,5,0,1.0,4,4,0,1.0
player,Yui,Support,Illari,5,5,0,1.0,5,5,0,1.0
player,Yui,Support,Ana,4,3,1,0.75,2,2,0,1.0
player,Yui,Support,Lúcio,4,3,1,0.75,1,1,0,1.0
player,Yui,Support,Kiriko,2,0,2,0.0,1,0,1,0.0
player,ZEST,DPS,Vendetta,18,11,7,0.6111,2,2,0,1.0
player,ZEST,DPS,Tracer,15,11,4,0.7333,2,1,1,0.5
player,ZEST,DPS,Symmetra,12,7,5,0.5833,2,1,1,0.5
player,ZEST,DPS,Echo,4,3,1,0.75,4,3,1,0.75
player,ZEST,DPS,Pharah,3,3,0,1.0,0,0,0,0.0
player,ZEST,DPS,Venture,2,1,1,0.5,2,1,1,0.5
player,ZEST,DPS,Genji,2,1,1,0.5,2,1,1,0.5
player,ZEST,DPS,Sombra,1,1,0,1.0,0,0,0,0.0
player,ZIYAD,Tank,Zarya,29,14,15,0.4828,5,3,2,0.6
player,ZIYAD,Tank,D.Va,10,3,7,0.3,4,1,3,0.25
player,ZIYAD,Tank,Wrecking Ball,8,4,4,0.5,6,2,4,0.3333
player,ZIYAD,Tank,Doomfist,1,0,1,0.0,1,0,1,0.0
player,ZeSin,DPS,Sojourn,8,1,7,0.125,3,0,3,0.0
player,ZeSin,DPS,Emre,7,1,6,0.1429,2,1,1,0.5
player,ZeSin,DPS,Bastion,6,3,3,0.5,0,0,0,0.0
player,ZeSin,DPS,Widowmaker,5,1,4,0.2,4,1,3,0.25
player,ZeSin,DPS,Cassidy,5,1,4,0.2,2,0,2,0.0
player,ZeSin,DPS,Anran,2,0,2,0.0,2,0,2,0.0
player,ZeSin,DPS,Freja,1,0,1,0.0,1,0,1,0.0
player,ZeSin,DPS,Reaper,1,0,1,0.0,1,0,1,0.0
player,ZeSin,DPS,Symmetra,1,0,1,0.0,0,0,0,0.0
player,ZeSin,DPS,Hanzo,1,0,1,0.0,1,0,1,0.0
player,Zeb,Tank,Orisa,13,4,9,0.3077,9,3,6,0.3333
player,Zeb,Tank,Zarya,7,3,4,0.4286,5,1,4,0.2
player,Zeb,Tank,Domina,4,3,1,0.75,4,3,1,0.75
player,Zeb,Tank,Doomfist,3,0,3,0.0,2,0,2,0.0
player,Zeb,Tank,Wrecking Ball,2,0,2,0.0,1,0,1,0.0
player,Zephyr,DPS,Tracer,10,7,3,0.7,1,1,0,1.0
player,Zephyr,DPS,Sojourn,6,3,3,0.5,0,0,0,0.0
player,Zephyr,DPS,Emre,5,3,2,0.6,2,1,1,0.5
player,Zephyr,DPS,Cassidy,5,3,2,0.6,0,0,0,0.0
player,Zephyr,DPS,Symmetra,4,3,1,0.75,0,0,0,0.0
player,Zephyr,DPS,Pharah,2,1,1,0.5,1,0,1,0.0
player,Zephyr,DPS,Echo,1,0,1,0.0,1,0,1,0.0
player,Zephyr,DPS,Ashe,1,0,1,0.0,1,0,1,0.0
player,Zephyr,DPS,Torbjörn,1,0,1,0.0,1,0,1,0.0
player,Zephyr,DPS,Hanzo,1,0,1,0.0,0,0,0,0.0
player,Zeruhh,DPS,Tracer,24,9,15,0.375,3,0,3,0.0
player,Zeruhh,DPS,Vendetta,14,5,9,0.3571,5,2,3,0.4
player,Zeruhh,DPS,Symmetra,14,5,9,0.3571,3,1,2,0.3333
player,Zeruhh,DPS,Genji,7,4,3,0.5714,6,4,2,0.6667
player,Zeruhh,DPS,Pharah,6,4,2,0.6667,5,3,2,0.6
player,Zeruhh,DPS,Echo,3,1,2,0.3333,2,0,2,0.0
player,Zeruhh,DPS,Anran,2,2,0,1.0,0,0,0,0.0
player,Zeruhh,DPS,Widowmaker,1,0,1,0.0,1,0,1,0.0
player,Zesin,DPS,Genji,5,1,4,0.2,0,0,0,0.0
player,Zesin,DPS,Sojourn,4,0,4,0.0,3,0,3,0.0
player,Zesin,DPS,Emre,4,0,4,0.0,0,0,0,0.0
player,Zesin,DPS,Symmetra,1,0,1,0.0,0,0,0,0.0
player,Zesin,DPS,Vendetta,1,0,1,0.0,0,0,0,0.0
player,Zesin,DPS,Cassidy,1,0,1,0.0,1,0,1,0.0
player,Zesin,DPS,Widowmaker,1,0,1,0.0,0,0,0,0.0
player,Zest,DPS,Vendetta,3,2,1,0.6667,0,0,0,0.0
player,Zest,DPS,Anran,2,1,1,0.5,0,0,0,0.0
player,Zest,DPS,Widowmaker,1,1,0,1.0,1,1,0,1.0
player,Zest,DPS,Genji,1,0,1,0.0,0,0,0,0.0
player,Zest,DPS,Tracer,1,0,1,0.0,0,0,0,0.0
player,Zorrow,DPS,Emre,18,2,16,0.1111,3,1,2,0.3333
player,Zorrow,DPS,Sojourn,14,5,9,0.3571,3,1,2,0.3333
player,Zorrow,DPS,Tracer,5,1,4,0.2,0,0,0,0.0
player,Zorrow,DPS,Freja,3,1,2,0.3333,3,1,2,0.3333
player,Zorrow,DPS,Hanzo,2,0,2,0.0,1,0,1,0.0
player,Zorrow,DPS,Ashe,1,1,0,1.0,0,0,0,0.0
player,Zorrow,DPS,Soldier: 76,1,0,1,0.0,1,0,1,0.0
player,Zorrow,DPS,Widowmaker,1,0,1,0.0,1,0,1,0.0
player,amdp,Tank,Mauga,7,4,3,0.5714,3,1,2,0.3333
player,amdp,Tank,D.Va,4,2,2,0.5,2,0,2,0.0
player,amdp,Tank,Wrecking Ball,4,1,3,0.25,3,1,2,0.3333
player,amdp,Tank,Doomfist,1,0,1,0.0,1,0,1,0.0
player,amdp,Tank,Zarya,1,0,1,0.0,0,0,0,0.0
player,ans,DPS,Cassidy,17,2,15,0.1176,12,1,11,0.0833
player,ans,DPS,Bastion,9,0,9,0.0,9,0,9,0.0
player,ans,DPS,Widowmaker,8,2,6,0.25,4,1,3,0.25
player,ans,DPS,Emre,5,1,4,0.2,1,0,1,0.0
player,ans,DPS,Sojourn,4,1,3,0.25,4,1,3,0.25
player,ans,DPS,Tracer,3,0,3,0.0,0,0,0,0.0
player,ans,DPS,Ashe,2,0,2,0.0,1,0,1,0.0
player,ans,DPS,Soldier: 76,2,0,2,0.0,2,0,2,0.0
player,ans,DPS,Symmetra,2,0,2,0.0,1,0,1,0.0
player,ans,DPS,Pharah,1,0,1,0.0,1,0,1,0.0
player,ans,DPS,Vendetta,1,0,1,0.0,1,0,1,0.0
player,brysonbtw,DPS,Reaper,14,8,6,0.5714,13,8,5,0.6154
player,brysonbtw,DPS,Symmetra,6,5,1,0.8333,1,1,0,1.0
player,brysonbtw,DPS,Echo,6,4,2,0.6667,6,4,2,0.6667
player,crispy,Support,Lúcio,15,3,12,0.2,0,0,0,0.0
player,crispy,Support,Juno,4,2,2,0.5,0,0,0,0.0
player,crispy,Support,Lifeweaver,1,0,1,0.0,1,0,1,0.0
player,eisgnom,Tank,Zarya,25,14,11,0.56,1,1,0,1.0
player,eisgnom,Tank,D.Va,13,6,7,0.4615,5,3,2,0.6
player,eisgnom,Tank,Domina,7,4,3,0.5714,1,0,1,0.0
player,eisgnom,Tank,Doomfist,5,1,4,0.2,5,1,4,0.2
player,eisgnom,Tank,Hazard,4,2,2,0.5,3,2,1,0.6667
player,eisgnom,Tank,Mauga,4,3,1,0.75,2,1,1,0.5
player,eisgnom,Tank,Wrecking Ball,3,2,1,0.6667,3,2,1,0.6667
player,eisgnom,Tank,Reinhardt,1,1,0,1.0,1,1,0,1.0
player,eisgnom,Tank,Ramattra,1,1,0,1.0,1,1,0,1.0
player,epic,Support,Lúcio,19,3,16,0.1579,9,1,8,0.1111
player,epic,Support,Kiriko,6,0,6,0.0,0,0,0,0.0
player,epic,Support,Wuyang,5,0,5,0.0,3,0,3,0.0
player,epic,Support,Brigitte,4,0,4,0.0,4,0,4,0.0
player,epic,Support,Lifeweaver,4,1,3,0.25,4,1,3,0.25
player,epic,Support,Jetpack Cat,3,0,3,0.0,0,0,0,0.0
player,epic,Support,Juno,3,0,3,0.0,1,0,1,0.0
player,epic,Support,Illari,1,0,1,0.0,1,0,1,0.0
player,fari,DPS,Sojourn,9,2,7,0.2222,2,0,2,0.0
player,fari,DPS,Emre,5,1,4,0.2,3,0,3,0.0
player,fari,DPS,Symmetra,2,1,1,0.5,1,0,1,0.0
player,fari,DPS,Widowmaker,1,0,1,0.0,0,0,0,0.0
player,fari,DPS,Tracer,1,0,1,0.0,1,0,1,0.0
player,feiyang,Tank,Zarya,11,3,8,0.2727,4,1,3,0.25
player,feiyang,Tank,Ramattra,11,5,6,0.4545,10,5,5,0.5
player,feiyang,Tank,Sigma,10,3,7,0.3,8,2,6,0.25
player,feiyang,Tank,D.Va,8,1,7,0.125,5,1,4,0.2
player,feiyang,Tank,Orisa,5,0,5,0.0,4,0,4,0.0
player,feiyang,Tank,Doomfist,5,1,4,0.2,5,1,4,0.2
player,feiyang,Tank,Hazard,4,1,3,0.25,3,1,2,0.3333
player,feiyang,Tank,Wrecking Ball,4,1,3,0.25,4,1,3,0.25
player,feiyang,Tank,Mauga,3,0,3,0.0,3,0,3,0.0
player,feiyang,Tank,Roadhog,2,0,2,0.0,2,0,2,0.0
player,feiyang,Tank,Winston,1,0,1,0.0,1,0,1,0.0
player,guxue,Tank,Mauga,10,8,2,0.8,3,3,0,1.0
player,guxue,Tank,Zarya,9,8,1,0.8889,6,5,1,0.8333
player,guxue,Tank,Hazard,8,7,1,0.875,8,7,1,0.875
player,guxue,Tank,Winston,6,6,0,1.0,4,4,0,1.0
player,guxue,Tank,Doomfist,3,3,0,1.0,2,2,0,1.0
player,guxue,Tank,D.Va,3,0,3,0.0,0,0,0,0.0
player,guxue,Tank,Sigma,2,0,2,0.0,2,0,2,0.0
player,guxue,Tank,Ramattra,2,0,2,0.0,2,0,2,0.0
player,guxue,Tank,Orisa,1,0,1,0.0,1,0,1,0.0
player,guxue,Tank,Wrecking Ball,1,1,0,1.0,1,1,0,1.0
player,harutoon,DPS,Tracer,8,0,8,0.0,3,0,3,0.0
player,harutoon,DPS,Symmetra,4,0,4,0.0,0,0,0,0.0
player,harutoon,DPS,Venture,1,0,1,0.0,1,0,1,0.0
player,harutoon,DPS,Sombra,1,0,1,0.0,1,0,1,0.0
player,harutoon,DPS,Soldier: 76,1,0,1,0.0,1,0,1,0.0
player,harutoon,DPS,Echo,1,0,1,0.0,0,0,0,0.0
player,harutoon,DPS,Sojourn,1,0,1,0.0,1,0,1,0.0
player,homerunball,Tank,D.Va,18,8,10,0.4444,11,6,5,0.5455
player,homerunball,Tank,Orisa,11,7,4,0.6364,7,4,3,0.5714
player,homerunball,Tank,Zarya,5,3,2,0.6,3,2,1,0.6667
player,homerunball,Tank,Mauga,4,1,3,0.25,1,1,0,1.0
player,homerunball,Tank,Ramattra,3,1,2,0.3333,2,0,2,0.0
player,homerunball,Tank,Wrecking Ball,3,2,1,0.6667,2,1,1,0.5
player,homerunball,Tank,Winston,2,2,0,1.0,2,2,0,1.0
player,homerunball,Tank,Hazard,2,2,0,1.0,2,2,0,1.0
player,homerunball,Tank,Sigma,1,1,0,1.0,1,1,0,1.0
player,iRONY,Support,Kiriko,36,16,20,0.4444,4,1,3,0.25
player,iRONY,Support,Ana,9,5,4,0.5556,2,0,2,0.0
player,iRONY,Support,Juno,4,2,2,0.5,3,1,2,0.3333
player,iRONY,Support,Jetpack Cat,2,2,0,1.0,2,2,0,1.0
player,iRONY,Support,Mercy,2,2,0,1.0,2,2,0,1.0
player,iRONY,Support,Baptiste,2,0,2,0.0,1,0,1,0.0
player,iRONY,Support,Mizuki,1,1,0,1.0,1,1,0,1.0
player,iRONY,Support,Lúcio,1,1,0,1.0,0,0,0,0.0
player,jamorant,Tank,D.Va,4,1,3,0.25,1,0,1,0.0
player,jamorant,Tank,Winston,3,1,2,0.3333,2,0,2,0.0
player,jamorant,Tank,Ramattra,1,0,1,0.0,1,0,1,0.0
player,jamorant,Tank,Zarya,1,0,1,0.0,0,0,0,0.0
player,jamorant,Tank,Domina,1,0,1,0.0,1,0,1,0.0
player,jamorant,Tank,Orisa,1,0,1,0.0,1,0,1,0.0
player,jamorant,Tank,Mauga,1,0,1,0.0,1,0,1,0.0
player,kiibo,Support,Brigitte,14,2,12,0.1429,11,0,11,0.0
player,kiibo,Support,Lúcio,13,1,12,0.0769,4,0,4,0.0
player,kiibo,Support,Kiriko,7,0,7,0.0,2,0,2,0.0
player,kiibo,Support,Moira,2,0,2,0.0,2,0,2,0.0
player,kiibo,Support,Wuyang,1,0,1,0.0,1,0,1,0.0
player,kiibo,Support,Illari,1,0,1,0.0,1,0,1,0.0
player,knife,DPS,Emre,18,15,3,0.8333,3,2,1,0.6667
player,knife,DPS,Sojourn,15,12,3,0.8,6,5,1,0.8333
player,knife,DPS,Symmetra,11,6,5,0.5455,2,2,0,1.0
player,knife,DPS,Cassidy,8,7,1,0.875,3,2,1,0.6667
player,knife,DPS,Mei,7,6,1,0.8571,6,5,1,0.8333
player,knife,DPS,Bastion,7,6,1,0.8571,1,1,0,1.0
player,knife,DPS,Tracer,4,2,2,0.5,2,1,1,0.5
player,knife,DPS,Sombra,4,3,1,0.75,3,2,1,0.6667
player,knife,DPS,Widowmaker,4,4,0,1.0,3,3,0,1.0
player,knife,DPS,Venture,3,2,1,0.6667,3,2,1,0.6667
player,knife,DPS,Reaper,2,2,0,1.0,2,2,0,1.0
player,knife,DPS,Genji,2,1,1,0.5,2,1,1,0.5
player,knife,DPS,Hanzo,1,1,0,1.0,1,1,0,1.0
player,knife,DPS,Sierra,1,1,0,1.0,1,1,0,1.0
player,knife,DPS,Vendetta,1,0,1,0.0,1,0,1,0.0
player,mint,Support,Lúcio,14,4,10,0.2857,4,0,4,0.0
player,mint,Support,Wuyang,11,2,9,0.1818,7,1,6,0.1429
player,mint,Support,Brigitte,8,3,5,0.375,3,0,3,0.0
player,mint,Support,Juno,3,1,2,0.3333,0,0,0,0.0
player,mint,Support,Mizuki,2,2,0,1.0,2,2,0,1.0
player,mint,Support,Lifeweaver,1,0,1,0.0,1,0,1,0.0
player,mint,Support,Ana,1,1,0,1.0,0,0,0,0.0
player,orca,Support,Kiriko,22,8,14,0.3636,6,3,3,0.5
player,orca,Support,Juno,6,1,5,0.1667,0,0,0,0.0
player,orca,Support,Ana,6,1,5,0.1667,2,0,2,0.0
player,orca,Support,Lúcio,2,0,2,0.0,2,0,2,0.0
player,orca,Support,Lifeweaver,1,0,1,0.0,1,0,1,0.0
player,orca,Support,Mercy,1,0,1,0.0,1,0,1,0.0
player,orca,Support,Jetpack Cat,1,0,1,0.0,1,0,1,0.0
player,pav2l,DPS,Sojourn,12,0,12,0.0,10,0,10,0.0
player,pav2l,DPS,Emre,11,1,10,0.0909,1,0,1,0.0
player,pav2l,DPS,Cassidy,9,3,6,0.3333,5,2,3,0.4
player,pav2l,DPS,Ashe,2,0,2,0.0,1,0,1,0.0
player,pav2l,DPS,Genji,2,0,2,0.0,1,0,1,0.0
player,pav2l,DPS,Symmetra,2,0,2,0.0,0,0,0,0.0
player,pav2l,DPS,Widowmaker,2,0,2,0.0,2,0,2,0.0
player,pav2l,DPS,Tracer,1,0,1,0.0,0,0,0,0.0
player,pdk,DPS,Sojourn,10,3,7,0.3,7,2,5,0.2857
player,pdk,DPS,Emre,8,2,6,0.25,2,0,2,0.0
player,pdk,DPS,Cassidy,3,0,3,0.0,2,0,2,0.0
player,pdk,DPS,Genji,2,1,1,0.5,0,0,0,0.0
player,pdk,DPS,Freja,1,0,1,0.0,1,0,1,0.0
player,pdk,DPS,Widowmaker,1,0,1,0.0,0,0,0,0.0
player,pdk,DPS,Tracer,1,0,1,0.0,1,0,1,0.0
player,pdk,DPS,Hanzo,1,0,1,0.0,1,0,1,0.0
player,perr,DPS,Emre,14,0,14,0.0,5,0,5,0.0
player,perr,DPS,Sojourn,11,0,11,0.0,6,0,6,0.0
player,perr,DPS,Cassidy,6,0,6,0.0,3,0,3,0.0
player,perr,DPS,Widowmaker,6,0,6,0.0,3,0,3,0.0
player,perr,DPS,Symmetra,3,0,3,0.0,0,0,0,0.0
player,perr,DPS,Hanzo,1,0,1,0.0,1,0,1,0.0
player,prot3ct,DPS,Mei,1,0,1,0.0,0,0,0,0.0
player,prot3ct,Tank,D.Va,18,7,11,0.3889,10,6,4,0.6
player,prot3ct,Tank,Zarya,17,8,9,0.4706,11,4,7,0.3636
player,prot3ct,Tank,Orisa,6,0,6,0.0,5,0,5,0.0
player,prot3ct,Tank,Junker Queen,5,0,5,0.0,5,0,5,0.0
player,prot3ct,Tank,Sigma,2,0,2,0.0,1,0,1,0.0
player,prot3ct,Tank,Ramattra,2,0,2,0.0,2,0,2,0.0
player,prot3ct,Tank,Mauga,2,0,2,0.0,1,0,1,0.0
player,prot3ct,Tank,Roadhog,2,0,2,0.0,2,0,2,0.0
player,prot3ct,Tank,Reinhardt,1,0,1,0.0,1,0,1,0.0
player,prot3ct,Tank,Hazard,1,0,1,0.0,1,0,1,0.0
player,sara,Support,Juno,23,10,13,0.4348,8,2,6,0.25
player,sara,Support,Kiriko,17,4,13,0.2353,0,0,0,0.0
player,sara,Support,Baptiste,5,3,2,0.6,5,3,2,0.6
player,sara,Support,Ana,3,0,3,0.0,0,0,0,0.0
player,scuffed,Support,Kiriko,13,3,10,0.2308,2,0,2,0.0
player,scuffed,Support,Juno,9,5,4,0.5556,2,1,1,0.5
player,scuffed,Support,Ana,3,2,1,0.6667,1,1,0,1.0
player,scuffed,Support,Mizuki,1,0,1,0.0,0,0,0,0.0
player,scuffed,Support,Jetpack Cat,1,0,1,0.0,0,0,0,0.0
player,scuffed,Support,Lifeweaver,1,0,1,0.0,1,0,1,0.0
player,scuffed,Support,Lúcio,1,0,1,0.0,1,0,1,0.0
player,sgy,DPS,Tracer,9,7,2,0.7778,0,0,0,0.0
player,sgy,DPS,Symmetra,6,5,1,0.8333,3,3,0,1.0
player,sgy,DPS,Vendetta,5,3,2,0.6,3,1,2,0.3333
player,sgy,DPS,Anran,5,4,1,0.8,5,4,1,0.8
player,sgy,DPS,Pharah,2,1,1,0.5,2,1,1,0.5
player,sgy,DPS,Hanzo,1,1,0,1.0,1,1,0,1.0
player,sgy,DPS,Venture,1,1,0,1.0,1,1,0,1.0
player,sgy,DPS,Genji,1,1,0,1.0,1,1,0,1.0
player,sgy,DPS,Soldier: 76,1,0,1,0.0,1,0,1,0.0
player,shu,Support,Ana,22,20,2,0.9091,12,11,1,0.9167
player,shu,Support,Kiriko,15,10,5,0.6667,0,0,0,0.0
player,shu,Support,Juno,9,7,2,0.7778,6,4,2,0.6667
player,shu,Support,Baptiste,6,4,2,0.6667,3,1,2,0.3333
player,shu,Support,Lúcio,3,3,0,1.0,1,1,0,1.0
player,shu,Support,Jetpack Cat,1,1,0,1.0,1,1,0,1.0
player,shu,Support,Lifeweaver,1,1,0,1.0,0,0,0,0.0
player,shy,DPS,Emre,12,9,3,0.75,2,2,0,1.0
player,shy,DPS,Sojourn,9,7,2,0.7778,6,5,1,0.8333
player,shy,DPS,Bastion,7,5,2,0.7143,0,0,0,0.0
player,shy,DPS,Cassidy,2,2,0,1.0,2,2,0,1.0
player,shy,DPS,Sierra,1,1,0,1.0,0,0,0,0.0
player,shy,DPS,Symmetra,1,0,1,0.0,0,0,0,0.0
player,skewed,Support,Kiriko,29,19,10,0.6552,2,1,1,0.5
player,skewed,Support,Juno,13,7,6,0.5385,7,5,2,0.7143
player,skewed,Support,Ana,9,5,4,0.5556,1,1,0,1.0
player,skewed,Support,Baptiste,4,1,3,0.25,4,1,3,0.25
player,skewed,Support,Mizuki,2,1,1,0.5,0,0,0,0.0
player,skewed,Support,Brigitte,1,0,1,0.0,0,0,0,0.0
player,skewed,Support,Moira,1,0,1,0.0,1,0,1,0.0
player,skewed,Support,Jetpack Cat,1,1,0,1.0,0,0,0,0.0
player,skewed,Support,Illari,1,0,1,0.0,1,0,1,0.0
player,skewed,Support,Lifeweaver,1,1,0,1.0,1,1,0,1.0
player,skyshow,DPS,Tracer,11,1,10,0.0909,1,0,1,0.0
player,skyshow,DPS,Cassidy,4,0,4,0.0,4,0,4,0.0
player,skyshow,DPS,Sojourn,3,0,3,0.0,1,0,1,0.0
player,skyshow,DPS,Emre,3,1,2,0.3333,1,0,1,0.0
player,skyshow,DPS,Symmetra,2,0,2,0.0,0,0,0,0.0
player,skyshow,DPS,Venture,1,0,1,0.0,1,0,1,0.0
player,skyshow,DPS,Widowmaker,1,0,1,0.0,1,0,1,0.0
player,smash,Support,Kiriko,3,0,3,0.0,0,0,0,0.0
player,sniper,Tank,D.Va,15,5,10,0.3333,10,2,8,0.2
player,sniper,Tank,Wrecking Ball,2,0,2,0.0,2,0,2,0.0
player,sniper,Tank,Sigma,2,0,2,0.0,2,0,2,0.0
player,sniper,Tank,Winston,2,1,1,0.5,0,0,0,0.0
player,sniper,Tank,Domina,1,0,1,0.0,1,0,1,0.0
player,sniper,Tank,Zarya,1,0,1,0.0,0,0,0,0.0
player,sniper,Tank,Doomfist,1,0,1,0.0,1,0,1,0.0
player,sniper,Tank,Roadhog,1,0,1,0.0,1,0,1,0.0
player,sniper,Tank,Reinhardt,1,0,1,0.0,1,0,1,0.0
player,sniper,Tank,Mauga,1,0,1,0.0,1,0,1,0.0
player,sniper,Tank,Orisa,1,0,1,0.0,1,0,1,0.0
player,ta1yo,DPS,Symmetra,17,1,16,0.0588,4,0,4,0.0
player,ta1yo,DPS,Tracer,14,1,13,0.0714,8,1,7,0.125
player,ta1yo,DPS,Mei,11,2,9,0.1818,11,2,9,0.1818
player,ta1yo,DPS,Emre,2,0,2,0.0,0,0,0,0.0
player,ta1yo,DPS,Vendetta,2,0,2,0.0,0,0,0,0.0
player,ta1yo,DPS,Ashe,1,0,1,0.0,0,0,0,0.0
player,ta1yo,DPS,Hanzo,1,1,0,1.0,1,1,0,1.0
player,ta1yo,DPS,Widowmaker,1,0,1,0.0,1,0,1,0.0
player,ta1yo,DPS,Cassidy,1,0,1,0.0,0,0,0,0.0
player,ta1yo,DPS,Bastion,1,0,1,0.0,1,0,1,0.0
player,ta1yo,DPS,Genji,1,0,1,0.0,0,0,0,0.0
player,umi,Support,Juno,16,6,10,0.375,9,3,6,0.3333
player,umi,Support,Kiriko,5,1,4,0.2,1,0,1,0.0
player,umi,Support,Ana,3,1,2,0.3333,2,1,1,0.5
player,umi,Support,Baptiste,3,1,2,0.3333,2,1,1,0.5
player,umi,Support,Illari,1,0,1,0.0,0,0,0,0.0
player,umi,Support,Jetpack Cat,1,0,1,0.0,1,0,1,0.0
player,umi,Support,Lúcio,1,0,1,0.0,1,0,1,0.0
player,umi,Support,Wuyang,1,0,1,0.0,1,0,1,0.0
player,wh4le,DPS,Emre,21,6,15,0.2857,4,2,2,0.5
player,wh4le,DPS,Sojourn,18,8,10,0.4444,9,1,8,0.1111
player,wh4le,DPS,Symmetra,8,3,5,0.375,0,0,0,0.0
player,wh4le,DPS,Cassidy,8,2,6,0.25,8,2,6,0.25
player,wh4le,DPS,Tracer,3,1,2,0.3333,3,1,2,0.3333
player,wh4le,DPS,Ashe,3,0,3,0.0,3,0,3,0.0
player,wh4le,DPS,Bastion,2,1,1,0.5,2,1,1,0.5
player,wh4le,DPS,Widowmaker,2,1,1,0.5,1,1,0,1.0
player,wntr,Support,Lúcio,10,8,2,0.8,3,1,2,0.3333
player,wntr,Support,Illari,5,4,1,0.8,4,3,1,0.75
player,wntr,Support,Jetpack Cat,4,3,1,0.75,4,3,1,0.75
player,wntr,Support,Juno,2,1,1,0.5,2,1,1,0.5
player,wntr,Support,Brigitte,2,0,2,0.0,0,0,0,0.0
player,wntr,Support,Mizuki,1,1,0,1.0,1,1,0,1.0
player,wntr,Support,Kiriko,1,1,0,1.0,1,1,0,1.0
player,xomba,DPS,Tracer,17,4,13,0.2353,5,1,4,0.2
player,xomba,DPS,Vendetta,10,5,5,0.5,8,3,5,0.375
player,xomba,DPS,Symmetra,10,3,7,0.3,2,1,1,0.5
player,xomba,DPS,Pharah,1,0,1,0.0,0,0,0,0.0
player,xten,DPS,Sojourn,12,5,7,0.4167,5,2,3,0.4
player,xten,DPS,Emre,11,3,8,0.2727,2,0,2,0.0
player,xten,DPS,Reaper,5,2,3,0.4,5,2,3,0.4
player,xten,DPS,Freja,4,0,4,0.0,4,0,4,0.0
player,xten,DPS,Cassidy,2,0,2,0.0,1,0,1,0.0
player,xten,DPS,Widowmaker,1,0,1,0.0,0,0,0,0.0
player,zzz,Support,Kiriko,20,8,12,0.4,3,2,1,0.6667
player,zzz,Support,Juno,9,4,5,0.4444,2,0,2,0.0
player,zzz,Support,Lúcio,1,0,1,0.0,0,0,0,0.0
player,zzz,Support,Zenyatta,1,0,1,0.0,1,0,1,0.0
player,zzz,Support,Baptiste,1,0,1,0.0,1,0,1,0.0
