tournament_sheet,map_name,team_name,player_name,position,hero_name,pick_count,total_scope_picks,pick_rate
China - Stage 1,Aatlis,All Gamers,Alphari,DPS,Vendetta,4,7,0.5714
China - Stage 1,Aatlis,All Gamers,Alphari,DPS,Symmetra,1,7,0.1429
China - Stage 1,Aatlis,All Gamers,Alphari,DPS,Tracer,1,7,0.1429
China - Stage 1,Aatlis,All Gamers,Alphari,DPS,Reaper,1,7,0.1429
China - Stage 1,Aatlis,All Gamers,Ezhan,DPS,Emre,4,10,0.4
China - Stage 1,Aatlis,All Gamers,Ezhan,DPS,Sojourn,2,10,0.2
China - Stage 1,Aatlis,All Gamers,Ezhan,DPS,Cassidy,2,10,0.2
China - Stage 1,Aatlis,All Gamers,Ezhan,DPS,Soldier: 76,1,10,0.1
China - Stage 1,Aatlis,All Gamers,Ezhan,DPS,Reaper,1,10,0.1
China - Stage 1,Aatlis,All Gamers,Insane,DPS,Venture,1,2,0.5
China - Stage 1,Aatlis,All Gamers,Insane,DPS,Pharah,1,2,0.5
China - Stage 1,Aatlis,All Gamers,Lengsa,Support,Lúcio,5,7,0.7143
China - Stage 1,Aatlis,All Gamers,Lengsa,Support,Jetpack Cat,1,7,0.1429
China - Stage 1,Aatlis,All Gamers,Lengsa,Support,Brigitte,1,7,0.1429
China - Stage 1,Aatlis,All Gamers,LiGe,Tank,Zarya,6,7,0.8571
China - Stage 1,Aatlis,All Gamers,LiGe,Tank,Mauga,1,7,0.1429
China - Stage 1,Aatlis,All Gamers,Recall,Support,Juno,6,11,0.5455
China - Stage 1,Aatlis,All Gamers,Recall,Support,Kiriko,5,11,0.4545
China - Stage 1,Aatlis,DEG,Limbo,Tank,Hazard,1,2,0.5
China - Stage 1,Aatlis,DEG,Limbo,Tank,Doomfist,1,2,0.5
China - Stage 1,Aatlis,DEG,SINCE,Support,Kiriko,2,2,1.0
China - Stage 1,Aatlis,DEG,Saya,Support,Brigitte,2,2,1.0
China - Stage 1,Aatlis,DEG,Wangming,DPS,Vendetta,2,4,0.5
China - Stage 1,Aatlis,DEG,Wangming,DPS,Symmetra,2,4,0.5
China - Stage 1,Aatlis,DEG,skyshow,DPS,Cassidy,2,4,0.5
China - Stage 1,Aatlis,DEG,skyshow,DPS,Venture,1,4,0.25
China - Stage 1,Aatlis,DEG,skyshow,DPS,Tracer,1,4,0.25
China - Stage 1,Aatlis,Homie E,9TRIBEZ,Tank,Zarya,2,2,1.0
China - Stage 1,Aatlis,Homie E,Lilko,DPS,Vendetta,2,2,1.0
China - Stage 1,Aatlis,Homie E,Remedy,Support,Kiriko,2,4,0.5
China - Stage 1,Aatlis,Homie E,Remedy,Support,Juno,2,4,0.5
China - Stage 1,Aatlis,Homie E,Unkn0w,Support,Lúcio,2,2,1.0
China - Stage 1,Aatlis,Homie E,fari,DPS,Sojourn,2,2,1.0
China - Stage 1,Aatlis,JD Gaming,Belosrea,Tank,Winston,1,5,0.2
China - Stage 1,Aatlis,JD Gaming,Belosrea,Tank,Hazard,1,5,0.2
China - Stage 1,Aatlis,JD Gaming,Belosrea,Tank,Wrecking Ball,1,5,0.2
China - Stage 1,Aatlis,JD Gaming,Belosrea,Tank,Ramattra,1,5,0.2
China - Stage 1,Aatlis,JD Gaming,Belosrea,Tank,Orisa,1,5,0.2
China - Stage 1,Aatlis,JD Gaming,Kaneki,DPS,Tracer,2,4,0.5
China - Stage 1,Aatlis,JD Gaming,Kaneki,DPS,Symmetra,2,4,0.5
China - Stage 1,Aatlis,JD Gaming,MewTwo,Support,Lúcio,3,3,1.0
China - Stage 1,Aatlis,JD Gaming,Mmonk,Support,Kiriko,3,3,1.0
China - Stage 1,Aatlis,JD Gaming,Pineapple,DPS,Sojourn,2,4,0.5
China - Stage 1,Aatlis,JD Gaming,Pineapple,DPS,Emre,1,4,0.25
China - Stage 1,Aatlis,JD Gaming,Pineapple,DPS,Cassidy,1,4,0.25
China - Stage 1,Aatlis,Milk Tea,Diya,Support,Kiriko,3,5,0.6
China - Stage 1,Aatlis,Milk Tea,Diya,Support,Juno,2,5,0.4
China - Stage 1,Aatlis,Milk Tea,Eileen,DPS,Vendetta,2,4,0.5
China - Stage 1,Aatlis,Milk Tea,Eileen,DPS,Sojourn,1,4,0.25
China - Stage 1,Aatlis,Milk Tea,Eileen,DPS,Cassidy,1,4,0.25
China - Stage 1,Aatlis,Milk Tea,Hypnos,Support,Lúcio,2,2,1.0
China - Stage 1,Aatlis,Milk Tea,TCC,Support,Lúcio,1,1,1.0
China - Stage 1,Aatlis,Milk Tea,Taimouren,DPS,Symmetra,3,6,0.5
China - Stage 1,Aatlis,Milk Tea,Taimouren,DPS,Sojourn,2,6,0.3333
China - Stage 1,Aatlis,Milk Tea,Taimouren,DPS,Tracer,1,6,0.1667
China - Stage 1,Aatlis,Milk Tea,feiyang,Tank,Zarya,1,5,0.2
China - Stage 1,Aatlis,Milk Tea,feiyang,Tank,Wrecking Ball,1,5,0.2
China - Stage 1,Aatlis,Milk Tea,feiyang,Tank,D.Va,1,5,0.2
China - Stage 1,Aatlis,Milk Tea,feiyang,Tank,Ramattra,1,5,0.2
China - Stage 1,Aatlis,Milk Tea,feiyang,Tank,Sigma,1,5,0.2
China - Stage 1,Aatlis,Naive Piggy,Coldj,Support,Lúcio,6,9,0.6667
China - Stage 1,Aatlis,Naive Piggy,Coldj,Support,Brigitte,2,9,0.2222
China - Stage 1,Aatlis,Naive Piggy,Coldj,Support,Kiriko,1,9,0.1111
China - Stage 1,Aatlis,Naive Piggy,JAYA,DPS,Vendetta,6,11,0.5455
China - Stage 1,Aatlis,Naive Piggy,JAYA,DPS,Tracer,3,11,0.2727
China - Stage 1,Aatlis,Naive Piggy,JAYA,DPS,Symmetra,2,11,0.1818
China - Stage 1,Aatlis,Naive Piggy,Lateyoung,Tank,Zarya,5,11,0.4545
China - Stage 1,Aatlis,Naive Piggy,Lateyoung,Tank,Orisa,3,11,0.2727
China - Stage 1,Aatlis,Naive Piggy,Lateyoung,Tank,D.Va,2,11,0.1818
China - Stage 1,Aatlis,Naive Piggy,Lateyoung,Tank,Hazard,1,11,0.0909
China - Stage 1,Aatlis,Naive Piggy,sara,Support,Kiriko,6,10,0.6
China - Stage 1,Aatlis,Naive Piggy,sara,Support,Juno,4,10,0.4
China - Stage 1,Aatlis,Naive Piggy,wh4le,DPS,Emre,5,12,0.4167
China - Stage 1,Aatlis,Naive Piggy,wh4le,DPS,Sojourn,3,12,0.25
China - Stage 1,Aatlis,Naive Piggy,wh4le,DPS,Symmetra,3,12,0.25
China - Stage 1,Aatlis,Naive Piggy,wh4le,DPS,Cassidy,1,12,0.0833
China - Stage 1,Aatlis,SV,A1WAYS,Support,Lúcio,5,5,1.0
China - Stage 1,Aatlis,SV,BABAYAGA,DPS,Vendetta,4,8,0.5
China - Stage 1,Aatlis,SV,BABAYAGA,DPS,Pharah,1,8,0.125
China - Stage 1,Aatlis,SV,BABAYAGA,DPS,Genji,1,8,0.125
China - Stage 1,Aatlis,SV,BABAYAGA,DPS,Tracer,1,8,0.125
China - Stage 1,Aatlis,SV,BABAYAGA,DPS,Symmetra,1,8,0.125
China - Stage 1,Aatlis,SV,Littlemoon,DPS,Emre,5,10,0.5
China - Stage 1,Aatlis,SV,Littlemoon,DPS,Symmetra,2,10,0.2
China - Stage 1,Aatlis,SV,Littlemoon,DPS,Sojourn,2,10,0.2
China - Stage 1,Aatlis,SV,Littlemoon,DPS,Bastion,1,10,0.1
China - Stage 1,Aatlis,SV,Noy,Support,Kiriko,5,8,0.625
China - Stage 1,Aatlis,SV,Noy,Support,Juno,3,8,0.375
China - Stage 1,Aatlis,SV,prot3ct,Tank,Zarya,3,6,0.5
China - Stage 1,Aatlis,SV,prot3ct,Tank,Junker Queen,2,6,0.3333
China - Stage 1,Aatlis,SV,prot3ct,Tank,D.Va,1,6,0.1667
China - Stage 1,Aatlis,Weibo Gaming,Leave,DPS,Vendetta,4,5,0.8
China - Stage 1,Aatlis,Weibo Gaming,Leave,DPS,Symmetra,1,5,0.2
China - Stage 1,Aatlis,Weibo Gaming,LeeSooMin,Support,Lúcio,2,5,0.4
China - Stage 1,Aatlis,Weibo Gaming,LeeSooMin,Support,Kiriko,2,5,0.4
China - Stage 1,Aatlis,Weibo Gaming,LeeSooMin,Support,Brigitte,1,5,0.2
China - Stage 1,Aatlis,Weibo Gaming,MAKA,Support,Juno,3,5,0.6
China - Stage 1,Aatlis,Weibo Gaming,MAKA,Support,Kiriko,2,5,0.4
China - Stage 1,Aatlis,Weibo Gaming,SUNZO,Tank,Zarya,2,2,1.0
China - Stage 1,Aatlis,Weibo Gaming,Shy,DPS,Sojourn,2,3,0.6667
China - Stage 1,Aatlis,Weibo Gaming,Shy,DPS,Symmetra,1,3,0.3333
China - Stage 1,Aatlis,Weibo Gaming,guxue,Tank,Mauga,1,2,0.5
China - Stage 1,Aatlis,Weibo Gaming,guxue,Tank,Zarya,1,2,0.5
China - Stage 1,Aatlis,Weibo Gaming,shy,DPS,Emre,2,2,1.0
China - Stage 1,Blizzard World,All Gamers,Alphari,DPS,Tracer,1,3,0.3333
China - Stage 1,Blizzard World,All Gamers,Alphari,DPS,Vendetta,1,3,0.3333
China - Stage 1,Blizzard World,All Gamers,Alphari,DPS,Symmetra,1,3,0.3333
China - Stage 1,Blizzard World,All Gamers,Ezhan,DPS,Emre,2,5,0.4
China - Stage 1,Blizzard World,All Gamers,Ezhan,DPS,Widowmaker,2,5,0.4
China - Stage 1,Blizzard World,All Gamers,Ezhan,DPS,Mei,1,5,0.2
China - Stage 1,Blizzard World,All Gamers,Insane,DPS,Tracer,1,2,0.5
China - Stage 1,Blizzard World,All Gamers,Insane,DPS,Symmetra,1,2,0.5
China - Stage 1,Blizzard World,All Gamers,Lengsa,Support,Brigitte,1,3,0.3333
China - Stage 1,Blizzard World,All Gamers,Lengsa,Support,Juno,1,3,0.3333
China - Stage 1,Blizzard World,All Gamers,Lengsa,Support,Illari,1,3,0.3333
China - Stage 1,Blizzard World,All Gamers,LiGe,Tank,D.Va,1,1,1.0
China - Stage 1,Blizzard World,All Gamers,Mag,Tank,Wrecking Ball,1,3,0.3333
China - Stage 1,Blizzard World,All Gamers,Mag,Tank,Doomfist,1,3,0.3333
China - Stage 1,Blizzard World,All Gamers,Mag,Tank,Ramattra,1,3,0.3333
China - Stage 1,Blizzard World,All Gamers,Recall,Support,Ana,2,3,0.6667
China - Stage 1,Blizzard World,All Gamers,Recall,Support,Juno,1,3,0.3333
China - Stage 1,Blizzard World,JD Gaming,Belosrea,Tank,Winston,3,8,0.375
China - Stage 1,Blizzard World,JD Gaming,Belosrea,Tank,Orisa,2,8,0.25
China - Stage 1,Blizzard World,JD Gaming,Belosrea,Tank,Wrecking Ball,1,8,0.125
China - Stage 1,Blizzard World,JD Gaming,Belosrea,Tank,Ramattra,1,8,0.125
China - Stage 1,Blizzard World,JD Gaming,Belosrea,Tank,Doomfist,1,8,0.125
China - Stage 1,Blizzard World,JD Gaming,Kaneki,DPS,Tracer,3,6,0.5
China - Stage 1,Blizzard World,JD Gaming,Kaneki,DPS,Symmetra,2,6,0.3333
China - Stage 1,Blizzard World,JD Gaming,Kaneki,DPS,Echo,1,6,0.1667
China - Stage 1,Blizzard World,JD Gaming,MewTwo,Support,Wuyang,3,8,0.375
China - Stage 1,Blizzard World,JD Gaming,MewTwo,Support,Lúcio,2,8,0.25
China - Stage 1,Blizzard World,JD Gaming,MewTwo,Support,Brigitte,2,8,0.25
China - Stage 1,Blizzard World,JD Gaming,MewTwo,Support,Mercy,1,8,0.125
China - Stage 1,Blizzard World,JD Gaming,Mmonk,Support,Ana,2,3,0.6667
China - Stage 1,Blizzard World,JD Gaming,Mmonk,Support,Kiriko,1,3,0.3333
China - Stage 1,Blizzard World,JD Gaming,Pineapple,DPS,Emre,3,8,0.375
China - Stage 1,Blizzard World,JD Gaming,Pineapple,DPS,Sojourn,2,8,0.25
China - Stage 1,Blizzard World,JD Gaming,Pineapple,DPS,Hanzo,1,8,0.125
China - Stage 1,Blizzard World,JD Gaming,Pineapple,DPS,Widowmaker,1,8,0.125
China - Stage 1,Blizzard World,JD Gaming,Pineapple,DPS,Reaper,1,8,0.125
China - Stage 1,Blizzard World,Naive Piggy,Coldj,Support,Illari,2,4,0.5
China - Stage 1,Blizzard World,Naive Piggy,Coldj,Support,Brigitte,1,4,0.25
China - Stage 1,Blizzard World,Naive Piggy,Coldj,Support,Lúcio,1,4,0.25
China - Stage 1,Blizzard World,Naive Piggy,JAYA,DPS,Symmetra,1,4,0.25
China - Stage 1,Blizzard World,Naive Piggy,JAYA,DPS,Tracer,1,4,0.25
China - Stage 1,Blizzard World,Naive Piggy,JAYA,DPS,Vendetta,1,4,0.25
China - Stage 1,Blizzard World,Naive Piggy,JAYA,DPS,Reaper,1,4,0.25
China - Stage 1,Blizzard World,Naive Piggy,Lateyoung,Tank,D.Va,2,4,0.5
China - Stage 1,Blizzard World,Naive Piggy,Lateyoung,Tank,Winston,1,4,0.25
China - Stage 1,Blizzard World,Naive Piggy,Lateyoung,Tank,Orisa,1,4,0.25
China - Stage 1,Blizzard World,Naive Piggy,sara,Support,Ana,1,3,0.3333
China - Stage 1,Blizzard World,Naive Piggy,sara,Support,Juno,1,3,0.3333
China - Stage 1,Blizzard World,Naive Piggy,sara,Support,Baptiste,1,3,0.3333
China - Stage 1,Blizzard World,Naive Piggy,wh4le,DPS,Cassidy,2,4,0.5
China - Stage 1,Blizzard World,Naive Piggy,wh4le,DPS,Sojourn,1,4,0.25
China - Stage 1,Blizzard World,Naive Piggy,wh4le,DPS,Emre,1,4,0.25
China - Stage 1,Blizzard World,SV,A1WAYS,Support,Wuyang,1,4,0.25
China - Stage 1,Blizzard World,SV,A1WAYS,Support,Kiriko,1,4,0.25
China - Stage 1,Blizzard World,SV,A1WAYS,Support,Lúcio,1,4,0.25
China - Stage 1,Blizzard World,SV,A1WAYS,Support,Baptiste,1,4,0.25
China - Stage 1,Blizzard World,SV,BABAYAGA,DPS,Tracer,2,3,0.6667
China - Stage 1,Blizzard World,SV,BABAYAGA,DPS,Vendetta,1,3,0.3333
China - Stage 1,Blizzard World,SV,Littlemoon,DPS,Sojourn,1,3,0.3333
China - Stage 1,Blizzard World,SV,Littlemoon,DPS,Emre,1,3,0.3333
China - Stage 1,Blizzard World,SV,Littlemoon,DPS,Widowmaker,1,3,0.3333
China - Stage 1,Blizzard World,SV,Noy,Support,Kiriko,2,4,0.5
China - Stage 1,Blizzard World,SV,Noy,Support,Illari,2,4,0.5
China - Stage 1,Blizzard World,SV,prot3ct,Tank,Orisa,2,4,0.5
China - Stage 1,Blizzard World,SV,prot3ct,Tank,Junker Queen,1,4,0.25
China - Stage 1,Blizzard World,SV,prot3ct,Tank,Roadhog,1,4,0.25
China - Stage 1,Blizzard World,Weibo Gaming,Leave,DPS,Tracer,3,8,0.375
China - Stage 1,Blizzard World,Weibo Gaming,Leave,DPS,Symmetra,2,8,0.25
China - Stage 1,Blizzard World,Weibo Gaming,Leave,DPS,Vendetta,1,8,0.125
China - Stage 1,Blizzard World,Weibo Gaming,Leave,DPS,Pharah,1,8,0.125
China - Stage 1,Blizzard World,Weibo Gaming,Leave,DPS,Widowmaker,1,8,0.125
China - Stage 1,Blizzard World,Weibo Gaming,LeeSooMin,Support,Brigitte,2,8,0.25
China - Stage 1,Blizzard World,Weibo Gaming,LeeSooMin,Support,Kiriko,2,8,0.25
China - Stage 1,Blizzard World,Weibo Gaming,LeeSooMin,Support,Jetpack Cat,2,8,0.25
China - Stage 1,Blizzard World,Weibo Gaming,LeeSooMin,Support,Lúcio,2,8,0.25
China - Stage 1,Blizzard World,Weibo Gaming,MAKA,Support,Baptiste,2,8,0.25
China - Stage 1,Blizzard World,Weibo Gaming,MAKA,Support,Ana,2,8,0.25
China - Stage 1,Blizzard World,Weibo Gaming,MAKA,Support,Juno,1,8,0.125
China - Stage 1,Blizzard World,Weibo Gaming,MAKA,Support,Mercy,1,8,0.125
China - Stage 1,Blizzard World,Weibo Gaming,MAKA,Support,Lúcio,1,8,0.125
China - Stage 1,Blizzard World,Weibo Gaming,MAKA,Support,Kiriko,1,8,0.125
China - Stage 1,Blizzard World,Weibo Gaming,SUNZO,Tank,Mauga,1,3,0.3333
China - Stage 1,Blizzard World,Weibo Gaming,SUNZO,Tank,Orisa,1,3,0.3333
China - Stage 1,Blizzard World,Weibo Gaming,SUNZO,Tank,Zarya,1,3,0.3333
China - Stage 1,Blizzard World,Weibo Gaming,Shy,DPS,Emre,2,5,0.4
China - Stage 1,Blizzard World,Weibo Gaming,Shy,DPS,Widowmaker,2,5,0.4
China - Stage 1,Blizzard World,Weibo Gaming,Shy,DPS,Sojourn,1,5,0.2
China - Stage 1,Blizzard World,Weibo Gaming,guxue,Tank,Winston,2,4,0.5
China - Stage 1,Blizzard World,Weibo Gaming,guxue,Tank,Doomfist,1,4,0.25
China - Stage 1,Blizzard World,Weibo Gaming,guxue,Tank,Mauga,1,4,0.25
China - Stage 1,Blizzard World,Weibo Gaming,shy,DPS,Sojourn,1,3,0.3333
China - Stage 1,Blizzard World,Weibo Gaming,shy,DPS,Emre,1,3,0.3333
China - Stage 1,Blizzard World,Weibo Gaming,shy,DPS,Cassidy,1,3,0.3333
China - Stage 1,Busan,All Gamers,Alphari,DPS,Tracer,5,12,0.4167
China - Stage 1,Busan,All Gamers,Alphari,DPS,Symmetra,5,12,0.4167
China - Stage 1,Busan,All Gamers,Alphari,DPS,Vendetta,2,12,0.1667
China - Stage 1,Busan,All Gamers,Ezhan,DPS,Emre,4,9,0.4444
China - Stage 1,Busan,All Gamers,Ezhan,DPS,Soldier: 76,3,9,0.3333
China - Stage 1,Busan,All Gamers,Ezhan,DPS,Bastion,2,9,0.2222
China - Stage 1,Busan,All Gamers,Lengsa,Support,Jetpack Cat,4,7,0.5714
China - Stage 1,Busan,All Gamers,Lengsa,Support,Lúcio,3,7,0.4286
China - Stage 1,Busan,All Gamers,LiGe,Tank,D.Va,3,8,0.375
China - Stage 1,Busan,All Gamers,LiGe,Tank,Mauga,2,8,0.25
China - Stage 1,Busan,All Gamers,LiGe,Tank,Orisa,1,8,0.125
China - Stage 1,Busan,All Gamers,LiGe,Tank,Wrecking Ball,1,8,0.125
China - Stage 1,Busan,All Gamers,LiGe,Tank,Hazard,1,8,0.125
China - Stage 1,Busan,All Gamers,Recall,Support,Kiriko,6,10,0.6
China - Stage 1,Busan,All Gamers,Recall,Support,Juno,4,10,0.4
China - Stage 1,Busan,DEG,Limbo,Tank,Doomfist,1,1,1.0
China - Stage 1,Busan,DEG,SINCE,Support,Kiriko,1,1,1.0
China - Stage 1,Busan,DEG,Saya,Support,Brigitte,1,1,1.0
China - Stage 1,Busan,DEG,Wangming,DPS,Vendetta,1,2,0.5
China - Stage 1,Busan,DEG,Wangming,DPS,Symmetra,1,2,0.5
China - Stage 1,Busan,DEG,skyshow,DPS,Tracer,1,2,0.5
China - Stage 1,Busan,DEG,skyshow,DPS,Symmetra,1,2,0.5
China - Stage 1,Busan,Homie E,9TRIBEZ,Tank,Zarya,1,1,1.0
China - Stage 1,Busan,Homie E,Lilko,DPS,Vendetta,1,2,0.5
China - Stage 1,Busan,Homie E,Lilko,DPS,Tracer,1,2,0.5
China - Stage 1,Busan,Homie E,Remedy,Support,Kiriko,1,2,0.5
China - Stage 1,Busan,Homie E,Remedy,Support,Juno,1,2,0.5
China - Stage 1,Busan,Homie E,Unkn0w,Support,Wuyang,1,1,1.0
China - Stage 1,Busan,Homie E,fari,DPS,Sojourn,1,2,0.5
China - Stage 1,Busan,Homie E,fari,DPS,Symmetra,1,2,0.5
China - Stage 1,Busan,JD Gaming,Belosrea,Tank,Wrecking Ball,2,4,0.5
China - Stage 1,Busan,JD Gaming,Belosrea,Tank,Ramattra,2,4,0.5
China - Stage 1,Busan,JD Gaming,Kaneki,DPS,Tracer,2,5,0.4
China - Stage 1,Busan,JD Gaming,Kaneki,DPS,Symmetra,2,5,0.4
China - Stage 1,Busan,JD Gaming,Kaneki,DPS,Reaper,1,5,0.2
China - Stage 1,Busan,JD Gaming,MewTwo,Support,Jetpack Cat,2,3,0.6667
China - Stage 1,Busan,JD Gaming,MewTwo,Support,Lúcio,1,3,0.3333
China - Stage 1,Busan,JD Gaming,Mmonk,Support,Kiriko,2,3,0.6667
China - Stage 1,Busan,JD Gaming,Mmonk,Support,Ana,1,3,0.3333
China - Stage 1,Busan,JD Gaming,Pineapple,DPS,Bastion,2,4,0.5
China - Stage 1,Busan,JD Gaming,Pineapple,DPS,Freja,1,4,0.25
China - Stage 1,Busan,JD Gaming,Pineapple,DPS,Genji,1,4,0.25
China - Stage 1,Busan,Milk Tea,Diya,Support,Kiriko,3,6,0.5
China - Stage 1,Busan,Milk Tea,Diya,Support,Juno,3,6,0.5
China - Stage 1,Busan,Milk Tea,Eileen,DPS,Vendetta,1,5,0.2
China - Stage 1,Busan,Milk Tea,Eileen,DPS,Mei,1,5,0.2
China - Stage 1,Busan,Milk Tea,Eileen,DPS,Symmetra,1,5,0.2
China - Stage 1,Busan,Milk Tea,Eileen,DPS,Emre,1,5,0.2
China - Stage 1,Busan,Milk Tea,Eileen,DPS,Sojourn,1,5,0.2
China - Stage 1,Busan,Milk Tea,Hypnos,Support,Lúcio,2,3,0.6667
China - Stage 1,Busan,Milk Tea,Hypnos,Support,Mizuki,1,3,0.3333
China - Stage 1,Busan,Milk Tea,Taimouren,DPS,Symmetra,2,6,0.3333
China - Stage 1,Busan,Milk Tea,Taimouren,DPS,Cassidy,2,6,0.3333
China - Stage 1,Busan,Milk Tea,Taimouren,DPS,Sojourn,1,6,0.1667
China - Stage 1,Busan,Milk Tea,Taimouren,DPS,Tracer,1,6,0.1667
China - Stage 1,Busan,Milk Tea,feiyang,Tank,Zarya,1,6,0.1667
China - Stage 1,Busan,Milk Tea,feiyang,Tank,D.Va,1,6,0.1667
China - Stage 1,Busan,Milk Tea,feiyang,Tank,Ramattra,1,6,0.1667
China - Stage 1,Busan,Milk Tea,feiyang,Tank,Sigma,1,6,0.1667
China - Stage 1,Busan,Milk Tea,feiyang,Tank,Wrecking Ball,1,6,0.1667
China - Stage 1,Busan,Milk Tea,feiyang,Tank,Doomfist,1,6,0.1667
China - Stage 1,Busan,Naive Piggy,Coldj,Support,Lúcio,2,3,0.6667
China - Stage 1,Busan,Naive Piggy,Coldj,Support,Wuyang,1,3,0.3333
China - Stage 1,Busan,Naive Piggy,JAYA,DPS,Vendetta,2,3,0.6667
China - Stage 1,Busan,Naive Piggy,JAYA,DPS,Tracer,1,3,0.3333
China - Stage 1,Busan,Naive Piggy,Lateyoung,Tank,D.Va,1,2,0.5
China - Stage 1,Busan,Naive Piggy,Lateyoung,Tank,Orisa,1,2,0.5
China - Stage 1,Busan,Naive Piggy,sara,Support,Kiriko,2,3,0.6667
China - Stage 1,Busan,Naive Piggy,sara,Support,Juno,1,3,0.3333
China - Stage 1,Busan,Naive Piggy,wh4le,DPS,Emre,2,3,0.6667
China - Stage 1,Busan,Naive Piggy,wh4le,DPS,Sojourn,1,3,0.3333
China - Stage 1,Busan,SV,A1WAYS,Support,Lúcio,1,2,0.5
China - Stage 1,Busan,SV,A1WAYS,Support,Ana,1,2,0.5
China - Stage 1,Busan,SV,BABAYAGA,DPS,Emre,1,4,0.25
China - Stage 1,Busan,SV,BABAYAGA,DPS,Bastion,1,4,0.25
China - Stage 1,Busan,SV,BABAYAGA,DPS,Widowmaker,1,4,0.25
China - Stage 1,Busan,SV,BABAYAGA,DPS,Symmetra,1,4,0.25
China - Stage 1,Busan,SV,Littlemoon,DPS,Symmetra,1,4,0.25
China - Stage 1,Busan,SV,Littlemoon,DPS,Emre,1,4,0.25
China - Stage 1,Busan,SV,Littlemoon,DPS,Mei,1,4,0.25
China - Stage 1,Busan,SV,Littlemoon,DPS,Widowmaker,1,4,0.25
China - Stage 1,Busan,SV,Noy,Support,Kiriko,1,2,0.5
China - Stage 1,Busan,SV,Noy,Support,Jetpack Cat,1,2,0.5
China - Stage 1,Busan,SV,prot3ct,Tank,D.Va,1,3,0.3333
China - Stage 1,Busan,SV,prot3ct,Tank,Mauga,1,3,0.3333
China - Stage 1,Busan,SV,prot3ct,Tank,Roadhog,1,3,0.3333
China - Stage 1,Busan,Weibo Gaming,Leave,DPS,Emre,1,2,0.5
China - Stage 1,Busan,Weibo Gaming,Leave,DPS,Symmetra,1,2,0.5
China - Stage 1,Busan,Weibo Gaming,LeeSooMin,Support,Jetpack Cat,1,1,1.0
China - Stage 1,Busan,Weibo Gaming,MAKA,Support,Ana,1,1,1.0
China - Stage 1,Busan,Weibo Gaming,Shy,DPS,Bastion,1,1,1.0
China - Stage 1,Busan,Weibo Gaming,guxue,Tank,Mauga,1,1,1.0
China - Stage 1,Esperança,All Gamers,Alphari,DPS,Symmetra,3,6,0.5
China - Stage 1,Esperança,All Gamers,Alphari,DPS,Tracer,2,6,0.3333
China - Stage 1,Esperança,All Gamers,Alphari,DPS,Vendetta,1,6,0.1667
China - Stage 1,Esperança,All Gamers,Ezhan,DPS,Cassidy,5,7,0.7143
China - Stage 1,Esperança,All Gamers,Ezhan,DPS,Pharah,1,7,0.1429
China - Stage 1,Esperança,All Gamers,Ezhan,DPS,Emre,1,7,0.1429
China - Stage 1,Esperança,All Gamers,Insane,DPS,Emre,1,1,1.0
China - Stage 1,Esperança,All Gamers,Lengsa,Support,Lúcio,6,9,0.6667
China - Stage 1,Esperança,All Gamers,Lengsa,Support,Brigitte,2,9,0.2222
China - Stage 1,Esperança,All Gamers,Lengsa,Support,Jetpack Cat,1,9,0.1111
China - Stage 1,Esperança,All Gamers,LiGe,Tank,D.Va,4,8,0.5
China - Stage 1,Esperança,All Gamers,LiGe,Tank,Reinhardt,2,8,0.25
China - Stage 1,Esperança,All Gamers,LiGe,Tank,Orisa,1,8,0.125
China - Stage 1,Esperança,All Gamers,LiGe,Tank,Mauga,1,8,0.125
China - Stage 1,Esperança,All Gamers,Recall,Support,Baptiste,3,8,0.375
China - Stage 1,Esperança,All Gamers,Recall,Support,Kiriko,3,8,0.375
China - Stage 1,Esperança,All Gamers,Recall,Support,Juno,2,8,0.25
China - Stage 1,Esperança,DEG,Limbo,Tank,Doomfist,2,3,0.6667
China - Stage 1,Esperança,DEG,Limbo,Tank,Winston,1,3,0.3333
China - Stage 1,Esperança,DEG,SINCE,Support,Kiriko,2,3,0.6667
China - Stage 1,Esperança,DEG,SINCE,Support,Baptiste,1,3,0.3333
China - Stage 1,Esperança,DEG,Saya,Support,Brigitte,2,4,0.5
China - Stage 1,Esperança,DEG,Saya,Support,Wuyang,2,4,0.5
China - Stage 1,Esperança,DEG,Wangming,DPS,Vendetta,1,4,0.25
China - Stage 1,Esperança,DEG,Wangming,DPS,Symmetra,1,4,0.25
China - Stage 1,Esperança,DEG,Wangming,DPS,Sojourn,1,4,0.25
China - Stage 1,Esperança,DEG,Wangming,DPS,Emre,1,4,0.25
China - Stage 1,Esperança,DEG,skyshow,DPS,Sojourn,1,3,0.3333
China - Stage 1,Esperança,DEG,skyshow,DPS,Emre,1,3,0.3333
China - Stage 1,Esperança,DEG,skyshow,DPS,Tracer,1,3,0.3333
China - Stage 1,Esperança,Homie E,9TRIBEZ,Tank,Zarya,2,3,0.6667
China - Stage 1,Esperança,Homie E,9TRIBEZ,Tank,Ramattra,1,3,0.3333
China - Stage 1,Esperança,Homie E,Lilko,DPS,Vendetta,2,3,0.6667
China - Stage 1,Esperança,Homie E,Lilko,DPS,Tracer,1,3,0.3333
China - Stage 1,Esperança,Homie E,Remedy,Support,Kiriko,2,4,0.5
China - Stage 1,Esperança,Homie E,Remedy,Support,Juno,2,4,0.5
China - Stage 1,Esperança,Homie E,Unkn0w,Support,Lúcio,2,2,1.0
China - Stage 1,Esperança,Homie E,fari,DPS,Sojourn,2,2,1.0
China - Stage 1,Esperança,JD Gaming,Belosrea,Tank,Hazard,3,7,0.4286
China - Stage 1,Esperança,JD Gaming,Belosrea,Tank,Winston,2,7,0.2857
China - Stage 1,Esperança,JD Gaming,Belosrea,Tank,D.Va,1,7,0.1429
China - Stage 1,Esperança,JD Gaming,Belosrea,Tank,Doomfist,1,7,0.1429
China - Stage 1,Esperança,JD Gaming,Kaneki,DPS,Tracer,3,5,0.6
China - Stage 1,Esperança,JD Gaming,Kaneki,DPS,Vendetta,1,5,0.2
China - Stage 1,Esperança,JD Gaming,Kaneki,DPS,Pharah,1,5,0.2
China - Stage 1,Esperança,JD Gaming,MewTwo,Support,Lúcio,2,4,0.5
China - Stage 1,Esperança,JD Gaming,MewTwo,Support,Juno,1,4,0.25
China - Stage 1,Esperança,JD Gaming,MewTwo,Support,Brigitte,1,4,0.25
China - Stage 1,Esperança,JD Gaming,Mmonk,Support,Kiriko,3,4,0.75
China - Stage 1,Esperança,JD Gaming,Mmonk,Support,Ana,1,4,0.25
China - Stage 1,Esperança,JD Gaming,Pineapple,DPS,Emre,3,5,0.6
China - Stage 1,Esperança,JD Gaming,Pineapple,DPS,Sojourn,1,5,0.2
China - Stage 1,Esperança,JD Gaming,Pineapple,DPS,Genji,1,5,0.2
China - Stage 1,Esperança,Milk Tea,Diya,DPS,Emre,1,1,1.0
China - Stage 1,Esperança,Milk Tea,Diya,Support,Kiriko,6,11,0.5455
China - Stage 1,Esperança,Milk Tea,Diya,Support,Juno,4,11,0.3636
China - Stage 1,Esperança,Milk Tea,Diya,Support,Baptiste,1,11,0.0909
China - Stage 1,Esperança,Milk Tea,Eileen,DPS,Mei,3,9,0.3333
China - Stage 1,Esperança,Milk Tea,Eileen,DPS,Vendetta,2,9,0.2222
China - Stage 1,Esperança,Milk Tea,Eileen,DPS,Cassidy,1,9,0.1111
China - Stage 1,Esperança,Milk Tea,Eileen,DPS,Bastion,1,9,0.1111
China - Stage 1,Esperança,Milk Tea,Eileen,DPS,Sojourn,1,9,0.1111
China - Stage 1,Esperança,Milk Tea,Eileen,DPS,Symmetra,1,9,0.1111
China - Stage 1,Esperança,Milk Tea,Hypnos,Support,Lúcio,2,8,0.25
China - Stage 1,Esperança,Milk Tea,Hypnos,Support,Brigitte,2,8,0.25
China - Stage 1,Esperança,Milk Tea,Hypnos,Support,Juno,2,8,0.25
China - Stage 1,Esperança,Milk Tea,Hypnos,Support,Jetpack Cat,1,8,0.125
China - Stage 1,Esperança,Milk Tea,Hypnos,Support,Kiriko,1,8,0.125
China - Stage 1,Esperança,Milk Tea,TCC,Support,Lúcio,3,3,1.0
China - Stage 1,Esperança,Milk Tea,Taimouren,DPS,Cassidy,3,8,0.375
China - Stage 1,Esperança,Milk Tea,Taimouren,DPS,Emre,2,8,0.25
China - Stage 1,Esperança,Milk Tea,Taimouren,DPS,Sojourn,1,8,0.125
China - Stage 1,Esperança,Milk Tea,Taimouren,DPS,Tracer,1,8,0.125
China - Stage 1,Esperança,Milk Tea,Taimouren,DPS,Symmetra,1,8,0.125
China - Stage 1,Esperança,Milk Tea,feiyang,Tank,Ramattra,3,10,0.3
China - Stage 1,Esperança,Milk Tea,feiyang,Tank,Zarya,2,10,0.2
China - Stage 1,Esperança,Milk Tea,feiyang,Tank,Sigma,2,10,0.2
China - Stage 1,Esperança,Milk Tea,feiyang,Tank,Orisa,2,10,0.2
China - Stage 1,Esperança,Milk Tea,feiyang,Tank,D.Va,1,10,0.1
China - Stage 1,Esperança,Naive Piggy,Coldj,Support,Lúcio,4,9,0.4444
China - Stage 1,Esperança,Naive Piggy,Coldj,Support,Brigitte,4,9,0.4444
China - Stage 1,Esperança,Naive Piggy,Coldj,Support,Kiriko,1,9,0.1111
China - Stage 1,Esperança,Naive Piggy,JAYA,DPS,Symmetra,4,12,0.3333
China - Stage 1,Esperança,Naive Piggy,JAYA,DPS,Vendetta,3,12,0.25
China - Stage 1,Esperança,Naive Piggy,JAYA,DPS,Tracer,3,12,0.25
China - Stage 1,Esperança,Naive Piggy,JAYA,DPS,Pharah,2,12,0.1667
China - Stage 1,Esperança,Naive Piggy,Lateyoung,Tank,D.Va,4,7,0.5714
China - Stage 1,Esperança,Naive Piggy,Lateyoung,Tank,Orisa,3,7,0.4286
China - Stage 1,Esperança,Naive Piggy,sara,Support,Juno,5,9,0.5556
China - Stage 1,Esperança,Naive Piggy,sara,Support,Kiriko,4,9,0.4444
China - Stage 1,Esperança,Naive Piggy,wh4le,DPS,Sojourn,5,10,0.5
China - Stage 1,Esperança,Naive Piggy,wh4le,DPS,Emre,3,10,0.3
China - Stage 1,Esperança,Naive Piggy,wh4le,DPS,Cassidy,2,10,0.2
China - Stage 1,Esperança,SV,A1WAYS,Support,Lúcio,2,2,1.0
China - Stage 1,Esperança,SV,BABAYAGA,DPS,Tracer,2,4,0.5
China - Stage 1,Esperança,SV,BABAYAGA,DPS,Mei,1,4,0.25
China - Stage 1,Esperança,SV,BABAYAGA,DPS,Pharah,1,4,0.25
China - Stage 1,Esperança,SV,Littlemoon,DPS,Sojourn,2,4,0.5
China - Stage 1,Esperança,SV,Littlemoon,DPS,Emre,2,4,0.5
China - Stage 1,Esperança,SV,Noy,Support,Kiriko,2,2,1.0
China - Stage 1,Esperança,SV,prot3ct,Tank,Zarya,2,3,0.6667
China - Stage 1,Esperança,SV,prot3ct,Tank,Mei,1,3,0.3333
China - Stage 1,Esperança,Weibo Gaming,Leave,DPS,Vendetta,2,4,0.5
China - Stage 1,Esperança,Weibo Gaming,Leave,DPS,Pharah,2,4,0.5
China - Stage 1,Esperança,Weibo Gaming,LeeSooMin,Support,Lúcio,4,4,1.0
China - Stage 1,Esperança,Weibo Gaming,MAKA,Support,Kiriko,4,4,1.0
China - Stage 1,Esperança,Weibo Gaming,SUNZO,Tank,Zarya,2,2,1.0
China - Stage 1,Esperança,Weibo Gaming,Shy,DPS,Sojourn,2,2,1.0
China - Stage 1,Esperança,Weibo Gaming,guxue,Tank,Zarya,2,2,1.0
China - Stage 1,Esperança,Weibo Gaming,shy,DPS,Emre,2,2,1.0
China - Stage 1,Havana,All Gamers,Alphari,DPS,Vendetta,1,7,0.1429
China - Stage 1,Havana,All Gamers,Alphari,DPS,Genji,1,7,0.1429
China - Stage 1,Havana,All Gamers,Alphari,DPS,Echo,1,7,0.1429
China - Stage 1,Havana,All Gamers,Alphari,DPS,Mei,1,7,0.1429
China - Stage 1,Havana,All Gamers,Alphari,DPS,Hanzo,1,7,0.1429
China - Stage 1,Havana,All Gamers,Alphari,DPS,Tracer,1,7,0.1429
China - Stage 1,Havana,All Gamers,Alphari,DPS,Venture,1,7,0.1429
China - Stage 1,Havana,All Gamers,Ezhan,DPS,Widowmaker,5,15,0.3333
China - Stage 1,Havana,All Gamers,Ezhan,DPS,Emre,3,15,0.2
China - Stage 1,Havana,All Gamers,Ezhan,DPS,Bastion,3,15,0.2
China - Stage 1,Havana,All Gamers,Ezhan,DPS,Cassidy,1,15,0.0667
China - Stage 1,Havana,All Gamers,Ezhan,DPS,Tracer,1,15,0.0667
China - Stage 1,Havana,All Gamers,Ezhan,DPS,Mei,1,15,0.0667
China - Stage 1,Havana,All Gamers,Ezhan,DPS,Symmetra,1,15,0.0667
China - Stage 1,Havana,All Gamers,Insane,DPS,Tracer,1,6,0.1667
China - Stage 1,Havana,All Gamers,Insane,DPS,Venture,1,6,0.1667
China - Stage 1,Havana,All Gamers,Insane,DPS,Hanzo,1,6,0.1667
China - Stage 1,Havana,All Gamers,Insane,DPS,Symmetra,1,6,0.1667
China - Stage 1,Havana,All Gamers,Insane,DPS,Cassidy,1,6,0.1667
China - Stage 1,Havana,All Gamers,Insane,DPS,Bastion,1,6,0.1667
China - Stage 1,Havana,All Gamers,Lengsa,Support,Brigitte,3,12,0.25
China - Stage 1,Havana,All Gamers,Lengsa,Support,Lúcio,3,12,0.25
China - Stage 1,Havana,All Gamers,Lengsa,Support,Jetpack Cat,3,12,0.25
China - Stage 1,Havana,All Gamers,Lengsa,Support,Illari,1,12,0.0833
China - Stage 1,Havana,All Gamers,Lengsa,Support,Lifeweaver,1,12,0.0833
China - Stage 1,Havana,All Gamers,Lengsa,Support,Mercy,1,12,0.0833
China - Stage 1,Havana,All Gamers,LiGe,Tank,D.Va,5,11,0.4545
China - Stage 1,Havana,All Gamers,LiGe,Tank,Zarya,2,11,0.1818
China - Stage 1,Havana,All Gamers,LiGe,Tank,Sigma,2,11,0.1818
China - Stage 1,Havana,All Gamers,LiGe,Tank,Mauga,2,11,0.1818
China - Stage 1,Havana,All Gamers,Recall,Support,Ana,4,14,0.2857
China - Stage 1,Havana,All Gamers,Recall,Support,Baptiste,4,14,0.2857
China - Stage 1,Havana,All Gamers,Recall,Support,Juno,3,14,0.2143
China - Stage 1,Havana,All Gamers,Recall,Support,Kiriko,3,14,0.2143
China - Stage 1,Havana,DEG,Limbo,Tank,Doomfist,1,1,1.0
China - Stage 1,Havana,DEG,SINCE,Support,Ana,1,1,1.0
China - Stage 1,Havana,DEG,Saya,Support,Brigitte,1,2,0.5
China - Stage 1,Havana,DEG,Saya,Support,Wuyang,1,2,0.5
China - Stage 1,Havana,DEG,Wangming,DPS,Vendetta,1,2,0.5
China - Stage 1,Havana,DEG,Wangming,DPS,Anran,1,2,0.5
China - Stage 1,Havana,DEG,skyshow,DPS,Sojourn,1,3,0.3333
China - Stage 1,Havana,DEG,skyshow,DPS,Tracer,1,3,0.3333
China - Stage 1,Havana,DEG,skyshow,DPS,Widowmaker,1,3,0.3333
China - Stage 1,Havana,Homie E,9TRIBEZ,Tank,Sigma,1,2,0.5
China - Stage 1,Havana,Homie E,9TRIBEZ,Tank,Doomfist,1,2,0.5
China - Stage 1,Havana,Homie E,Lilko,DPS,Genji,1,3,0.3333
China - Stage 1,Havana,Homie E,Lilko,DPS,Tracer,1,3,0.3333
China - Stage 1,Havana,Homie E,Lilko,DPS,Vendetta,1,3,0.3333
China - Stage 1,Havana,Homie E,Remedy,Support,Kiriko,1,2,0.5
China - Stage 1,Havana,Homie E,Remedy,Support,Ana,1,2,0.5
China - Stage 1,Havana,Homie E,Unkn0w,Support,Wuyang,1,1,1.0
China - Stage 1,Havana,Homie E,fari,DPS,Emre,1,2,0.5
China - Stage 1,Havana,Homie E,fari,DPS,Widowmaker,1,2,0.5
China - Stage 1,Havana,JD Gaming,Belosrea,Tank,D.Va,4,12,0.3333
China - Stage 1,Havana,JD Gaming,Belosrea,Tank,Sigma,2,12,0.1667
China - Stage 1,Havana,JD Gaming,Belosrea,Tank,Doomfist,2,12,0.1667
China - Stage 1,Havana,JD Gaming,Belosrea,Tank,Reinhardt,2,12,0.1667
China - Stage 1,Havana,JD Gaming,Belosrea,Tank,Winston,1,12,0.0833
China - Stage 1,Havana,JD Gaming,Belosrea,Tank,Ramattra,1,12,0.0833
China - Stage 1,Havana,JD Gaming,Kaneki,DPS,Tracer,3,11,0.2727
China - Stage 1,Havana,JD Gaming,Kaneki,DPS,Vendetta,2,11,0.1818
China - Stage 1,Havana,JD Gaming,Kaneki,DPS,Mei,2,11,0.1818
China - Stage 1,Havana,JD Gaming,Kaneki,DPS,Venture,1,11,0.0909
China - Stage 1,Havana,JD Gaming,Kaneki,DPS,Freja,1,11,0.0909
China - Stage 1,Havana,JD Gaming,Kaneki,DPS,Symmetra,1,11,0.0909
China - Stage 1,Havana,JD Gaming,Kaneki,DPS,Reaper,1,11,0.0909
China - Stage 1,Havana,JD Gaming,MewTwo,Support,Wuyang,3,11,0.2727
China - Stage 1,Havana,JD Gaming,MewTwo,Support,Jetpack Cat,2,11,0.1818
China - Stage 1,Havana,JD Gaming,MewTwo,Support,Lúcio,2,11,0.1818
China - Stage 1,Havana,JD Gaming,MewTwo,Support,Brigitte,1,11,0.0909
China - Stage 1,Havana,JD Gaming,MewTwo,Support,Zenyatta,1,11,0.0909
China - Stage 1,Havana,JD Gaming,MewTwo,Support,Ana,1,11,0.0909
China - Stage 1,Havana,JD Gaming,MewTwo,Support,Kiriko,1,11,0.0909
China - Stage 1,Havana,JD Gaming,Mmonk,Support,Ana,4,10,0.4
China - Stage 1,Havana,JD Gaming,Mmonk,Support,Kiriko,2,10,0.2
China - Stage 1,Havana,JD Gaming,Mmonk,Support,Lúcio,1,10,0.1
China - Stage 1,Havana,JD Gaming,Mmonk,Support,Juno,1,10,0.1
China - Stage 1,Havana,JD Gaming,Mmonk,Support,Illari,1,10,0.1
China - Stage 1,Havana,JD Gaming,Mmonk,Support,Baptiste,1,10,0.1
China - Stage 1,Havana,JD Gaming,Pineapple,DPS,Emre,4,11,0.3636
China - Stage 1,Havana,JD Gaming,Pineapple,DPS,Widowmaker,3,11,0.2727
China - Stage 1,Havana,JD Gaming,Pineapple,DPS,Cassidy,2,11,0.1818
China - Stage 1,Havana,JD Gaming,Pineapple,DPS,Sojourn,1,11,0.0909
China - Stage 1,Havana,JD Gaming,Pineapple,DPS,Bastion,1,11,0.0909
China - Stage 1,Havana,Milk Tea,Diya,DPS,Cassidy,1,3,0.3333
China - Stage 1,Havana,Milk Tea,Diya,DPS,Bastion,1,3,0.3333
China - Stage 1,Havana,Milk Tea,Diya,DPS,Emre,1,3,0.3333
China - Stage 1,Havana,Milk Tea,Diya,Support,Kiriko,2,7,0.2857
China - Stage 1,Havana,Milk Tea,Diya,Support,Ana,2,7,0.2857
China - Stage 1,Havana,Milk Tea,Diya,Support,Baptiste,1,7,0.1429
China - Stage 1,Havana,Milk Tea,Diya,Support,Juno,1,7,0.1429
China - Stage 1,Havana,Milk Tea,Diya,Support,Illari,1,7,0.1429
China - Stage 1,Havana,Milk Tea,Eileen,DPS,Mei,3,10,0.3
China - Stage 1,Havana,Milk Tea,Eileen,DPS,Venture,2,10,0.2
China - Stage 1,Havana,Milk Tea,Eileen,DPS,Genji,1,10,0.1
China - Stage 1,Havana,Milk Tea,Eileen,DPS,Freja,1,10,0.1
China - Stage 1,Havana,Milk Tea,Eileen,DPS,Widowmaker,1,10,0.1
China - Stage 1,Havana,Milk Tea,Eileen,DPS,Tracer,1,10,0.1
China - Stage 1,Havana,Milk Tea,Eileen,DPS,Symmetra,1,10,0.1
China - Stage 1,Havana,Milk Tea,Hypnos,Support,Ana,2,8,0.25
China - Stage 1,Havana,Milk Tea,Hypnos,Support,Juno,2,8,0.25
China - Stage 1,Havana,Milk Tea,Hypnos,Support,Baptiste,1,8,0.125
China - Stage 1,Havana,Milk Tea,Hypnos,Support,Lúcio,1,8,0.125
China - Stage 1,Havana,Milk Tea,Hypnos,Support,Illari,1,8,0.125
China - Stage 1,Havana,Milk Tea,Hypnos,Support,Kiriko,1,8,0.125
China - Stage 1,Havana,Milk Tea,TCC,Support,Lúcio,1,1,1.0
China - Stage 1,Havana,Milk Tea,Taimouren,DPS,Sojourn,2,8,0.25
China - Stage 1,Havana,Milk Tea,Taimouren,DPS,Widowmaker,2,8,0.25
China - Stage 1,Havana,Milk Tea,Taimouren,DPS,Symmetra,1,8,0.125
China - Stage 1,Havana,Milk Tea,Taimouren,DPS,Emre,1,8,0.125
China - Stage 1,Havana,Milk Tea,Taimouren,DPS,Tracer,1,8,0.125
China - Stage 1,Havana,Milk Tea,Taimouren,DPS,Cassidy,1,8,0.125
China - Stage 1,Havana,Milk Tea,feiyang,Tank,Sigma,3,8,0.375
China - Stage 1,Havana,Milk Tea,feiyang,Tank,Ramattra,2,8,0.25
China - Stage 1,Havana,Milk Tea,feiyang,Tank,D.Va,1,8,0.125
China - Stage 1,Havana,Milk Tea,feiyang,Tank,Hazard,1,8,0.125
China - Stage 1,Havana,Milk Tea,feiyang,Tank,Doomfist,1,8,0.125
China - Stage 1,Havana,Naive Piggy,Coldj,Support,Illari,2,8,0.25
China - Stage 1,Havana,Naive Piggy,Coldj,Support,Wuyang,2,8,0.25
China - Stage 1,Havana,Naive Piggy,Coldj,Support,Kiriko,1,8,0.125
China - Stage 1,Havana,Naive Piggy,Coldj,Support,Lúcio,1,8,0.125
China - Stage 1,Havana,Naive Piggy,Coldj,Support,Ana,1,8,0.125
China - Stage 1,Havana,Naive Piggy,Coldj,Support,Zenyatta,1,8,0.125
China - Stage 1,Havana,Naive Piggy,JAYA,DPS,Tracer,3,7,0.4286
China - Stage 1,Havana,Naive Piggy,JAYA,DPS,Vendetta,3,7,0.4286
China - Stage 1,Havana,Naive Piggy,JAYA,DPS,Genji,1,7,0.1429
China - Stage 1,Havana,Naive Piggy,Lateyoung,Tank,D.Va,2,7,0.2857
China - Stage 1,Havana,Naive Piggy,Lateyoung,Tank,Zarya,2,7,0.2857
China - Stage 1,Havana,Naive Piggy,Lateyoung,Tank,Ramattra,1,7,0.1429
China - Stage 1,Havana,Naive Piggy,Lateyoung,Tank,Orisa,1,7,0.1429
China - Stage 1,Havana,Naive Piggy,Lateyoung,Tank,Sigma,1,7,0.1429
China - Stage 1,Havana,Naive Piggy,sara,Support,Juno,2,4,0.5
China - Stage 1,Havana,Naive Piggy,sara,Support,Baptiste,1,4,0.25
China - Stage 1,Havana,Naive Piggy,sara,Support,Ana,1,4,0.25
China - Stage 1,Havana,Naive Piggy,wh4le,DPS,Sojourn,3,5,0.6
China - Stage 1,Havana,Naive Piggy,wh4le,DPS,Widowmaker,1,5,0.2
China - Stage 1,Havana,Naive Piggy,wh4le,DPS,Ashe,1,5,0.2
China - Stage 1,Havana,SV,A1WAYS,Support,Baptiste,2,5,0.4
China - Stage 1,Havana,SV,A1WAYS,Support,Lúcio,2,5,0.4
China - Stage 1,Havana,SV,A1WAYS,Support,Ana,1,5,0.2
China - Stage 1,Havana,SV,BABAYAGA,DPS,Vendetta,2,9,0.2222
China - Stage 1,Havana,SV,BABAYAGA,DPS,Tracer,2,9,0.2222
China - Stage 1,Havana,SV,BABAYAGA,DPS,Widowmaker,1,9,0.1111
China - Stage 1,Havana,SV,BABAYAGA,DPS,Pharah,1,9,0.1111
China - Stage 1,Havana,SV,BABAYAGA,DPS,Hanzo,1,9,0.1111
China - Stage 1,Havana,SV,BABAYAGA,DPS,Sierra,1,9,0.1111
China - Stage 1,Havana,SV,BABAYAGA,DPS,Mei,1,9,0.1111
China - Stage 1,Havana,SV,Littlemoon,DPS,Sojourn,3,8,0.375
China - Stage 1,Havana,SV,Littlemoon,DPS,Widowmaker,2,8,0.25
China - Stage 1,Havana,SV,Littlemoon,DPS,Emre,2,8,0.25
China - Stage 1,Havana,SV,Littlemoon,DPS,Hanzo,1,8,0.125
China - Stage 1,Havana,SV,Noy,Support,Illari,2,4,0.5
China - Stage 1,Havana,SV,Noy,Support,Baptiste,1,4,0.25
China - Stage 1,Havana,SV,Noy,Support,Kiriko,1,4,0.25
China - Stage 1,Havana,SV,prot3ct,Tank,Sigma,2,6,0.3333
China - Stage 1,Havana,SV,prot3ct,Tank,D.Va,1,6,0.1667
China - Stage 1,Havana,SV,prot3ct,Tank,Zarya,1,6,0.1667
China - Stage 1,Havana,SV,prot3ct,Tank,Ramattra,1,6,0.1667
China - Stage 1,Havana,SV,prot3ct,Tank,Reinhardt,1,6,0.1667
China - Stage 1,Havana,Weibo Gaming,Leave,DPS,Mei,2,12,0.1667
China - Stage 1,Havana,Weibo Gaming,Leave,DPS,Genji,2,12,0.1667
China - Stage 1,Havana,Weibo Gaming,Leave,DPS,Venture,2,12,0.1667
China - Stage 1,Havana,Weibo Gaming,Leave,DPS,Sierra,2,12,0.1667
China - Stage 1,Havana,Weibo Gaming,Leave,DPS,Tracer,2,12,0.1667
China - Stage 1,Havana,Weibo Gaming,Leave,DPS,Bastion,1,12,0.0833
China - Stage 1,Havana,Weibo Gaming,Leave,DPS,Pharah,1,12,0.0833
China - Stage 1,Havana,Weibo Gaming,LeeSooMin,Support,Jetpack Cat,3,8,0.375
China - Stage 1,Havana,Weibo Gaming,LeeSooMin,Support,Illari,2,8,0.25
China - Stage 1,Havana,Weibo Gaming,LeeSooMin,Support,Brigitte,1,8,0.125
China - Stage 1,Havana,Weibo Gaming,LeeSooMin,Support,Lúcio,1,8,0.125
China - Stage 1,Havana,Weibo Gaming,LeeSooMin,Support,Wuyang,1,8,0.125
China - Stage 1,Havana,Weibo Gaming,MAKA,Support,Ana,5,11,0.4545
China - Stage 1,Havana,Weibo Gaming,MAKA,Support,Lúcio,2,11,0.1818
China - Stage 1,Havana,Weibo Gaming,MAKA,Support,Kiriko,2,11,0.1818
China - Stage 1,Havana,Weibo Gaming,MAKA,Support,Juno,1,11,0.0909
China - Stage 1,Havana,Weibo Gaming,MAKA,Support,Baptiste,1,11,0.0909
China - Stage 1,Havana,Weibo Gaming,guxue,Tank,Zarya,3,11,0.2727
China - Stage 1,Havana,Weibo Gaming,guxue,Tank,D.Va,3,11,0.2727
China - Stage 1,Havana,Weibo Gaming,guxue,Tank,Sigma,2,11,0.1818
China - Stage 1,Havana,Weibo Gaming,guxue,Tank,Ramattra,2,11,0.1818
China - Stage 1,Havana,Weibo Gaming,guxue,Tank,Orisa,1,11,0.0909
China - Stage 1,Havana,Weibo Gaming,shy,DPS,Emre,3,7,0.4286
China - Stage 1,Havana,Weibo Gaming,shy,DPS,Bastion,2,7,0.2857
China - Stage 1,Havana,Weibo Gaming,shy,DPS,Sojourn,1,7,0.1429
China - Stage 1,Havana,Weibo Gaming,shy,DPS,Symmetra,1,7,0.1429
China - Stage 1,Lijiang Tower,All Gamers,Alphari,DPS,Tracer,2,5,0.4
China - Stage 1,Lijiang Tower,All Gamers,Alphari,DPS,Symmetra,2,5,0.4
China - Stage 1,Lijiang Tower,All Gamers,Alphari,DPS,Mei,1,5,0.2
China - Stage 1,Lijiang Tower,All Gamers,Ezhan,DPS,Sojourn,2,8,0.25
China - Stage 1,Lijiang Tower,All Gamers,Ezhan,DPS,Symmetra,2,8,0.25
China - Stage 1,Lijiang Tower,All Gamers,Ezhan,DPS,Emre,1,8,0.125
China - Stage 1,Lijiang Tower,All Gamers,Ezhan,DPS,Tracer,1,8,0.125
China - Stage 1,Lijiang Tower,All Gamers,Ezhan,DPS,Bastion,1,8,0.125
China - Stage 1,Lijiang Tower,All Gamers,Ezhan,DPS,Pharah,1,8,0.125
China - Stage 1,Lijiang Tower,All Gamers,Insane,DPS,Tracer,2,6,0.3333
China - Stage 1,Lijiang Tower,All Gamers,Insane,DPS,Symmetra,2,6,0.3333
China - Stage 1,Lijiang Tower,All Gamers,Insane,DPS,Pharah,1,6,0.1667
China - Stage 1,Lijiang Tower,All Gamers,Insane,DPS,Bastion,1,6,0.1667
China - Stage 1,Lijiang Tower,All Gamers,Lengsa,Support,Jetpack Cat,3,5,0.6
China - Stage 1,Lijiang Tower,All Gamers,Lengsa,Support,Lúcio,1,5,0.2
China - Stage 1,Lijiang Tower,All Gamers,Lengsa,Support,Brigitte,1,5,0.2
China - Stage 1,Lijiang Tower,All Gamers,LiGe,Tank,Mauga,3,5,0.6
China - Stage 1,Lijiang Tower,All Gamers,LiGe,Tank,D.Va,1,5,0.2
China - Stage 1,Lijiang Tower,All Gamers,LiGe,Tank,Ramattra,1,5,0.2
China - Stage 1,Lijiang Tower,All Gamers,Mag,Tank,Wrecking Ball,1,1,1.0
China - Stage 1,Lijiang Tower,All Gamers,Recall,Support,Kiriko,4,8,0.5
China - Stage 1,Lijiang Tower,All Gamers,Recall,Support,Juno,2,8,0.25
China - Stage 1,Lijiang Tower,All Gamers,Recall,Support,Ana,2,8,0.25
China - Stage 1,Lijiang Tower,DEG,Limbo,Tank,Hazard,2,3,0.6667
China - Stage 1,Lijiang Tower,DEG,Limbo,Tank,Zarya,1,3,0.3333
China - Stage 1,Lijiang Tower,DEG,SINCE,Support,Kiriko,1,2,0.5
China - Stage 1,Lijiang Tower,DEG,SINCE,Support,Juno,1,2,0.5
China - Stage 1,Lijiang Tower,DEG,Saya,Support,Brigitte,2,2,1.0
China - Stage 1,Lijiang Tower,DEG,Wangming,DPS,Vendetta,2,3,0.6667
China - Stage 1,Lijiang Tower,DEG,Wangming,DPS,Symmetra,1,3,0.3333
China - Stage 1,Lijiang Tower,DEG,skyshow,DPS,Emre,2,4,0.5
China - Stage 1,Lijiang Tower,DEG,skyshow,DPS,Cassidy,1,4,0.25
China - Stage 1,Lijiang Tower,DEG,skyshow,DPS,Symmetra,1,4,0.25
China - Stage 1,Lijiang Tower,Homie E,9TRIBEZ,Tank,Orisa,2,4,0.5
China - Stage 1,Lijiang Tower,Homie E,9TRIBEZ,Tank,D.Va,1,4,0.25
China - Stage 1,Lijiang Tower,Homie E,9TRIBEZ,Tank,Hazard,1,4,0.25
China - Stage 1,Lijiang Tower,Homie E,Lilko,DPS,Tracer,2,5,0.4
China - Stage 1,Lijiang Tower,Homie E,Lilko,DPS,Vendetta,1,5,0.2
China - Stage 1,Lijiang Tower,Homie E,Lilko,DPS,Venture,1,5,0.2
China - Stage 1,Lijiang Tower,Homie E,Lilko,DPS,Symmetra,1,5,0.2
China - Stage 1,Lijiang Tower,Homie E,Remedy,Support,Kiriko,1,3,0.3333
China - Stage 1,Lijiang Tower,Homie E,Remedy,Support,Juno,1,3,0.3333
China - Stage 1,Lijiang Tower,Homie E,Remedy,Support,Baptiste,1,3,0.3333
China - Stage 1,Lijiang Tower,Homie E,Unkn0w,Support,Lúcio,2,3,0.6667
China - Stage 1,Lijiang Tower,Homie E,Unkn0w,Support,Brigitte,1,3,0.3333
China - Stage 1,Lijiang Tower,Homie E,fari,DPS,Sojourn,2,3,0.6667
China - Stage 1,Lijiang Tower,Homie E,fari,DPS,Tracer,1,3,0.3333
China - Stage 1,Lijiang Tower,JD Gaming,Belosrea,Tank,D.Va,4,12,0.3333
China - Stage 1,Lijiang Tower,JD Gaming,Belosrea,Tank,Wrecking Ball,2,12,0.1667
China - Stage 1,Lijiang Tower,JD Gaming,Belosrea,Tank,Orisa,2,12,0.1667
China - Stage 1,Lijiang Tower,JD Gaming,Belosrea,Tank,Ramattra,2,12,0.1667
China - Stage 1,Lijiang Tower,JD Gaming,Belosrea,Tank,Winston,1,12,0.0833
China - Stage 1,Lijiang Tower,JD Gaming,Belosrea,Tank,Sigma,1,12,0.0833
China - Stage 1,Lijiang Tower,JD Gaming,Kaneki,DPS,Symmetra,4,12,0.3333
China - Stage 1,Lijiang Tower,JD Gaming,Kaneki,DPS,Tracer,3,12,0.25
China - Stage 1,Lijiang Tower,JD Gaming,Kaneki,DPS,Vendetta,2,12,0.1667
China - Stage 1,Lijiang Tower,JD Gaming,Kaneki,DPS,Pharah,2,12,0.1667
China - Stage 1,Lijiang Tower,JD Gaming,Kaneki,DPS,Venture,1,12,0.0833
China - Stage 1,Lijiang Tower,JD Gaming,MewTwo,Support,Lúcio,4,7,0.5714
China - Stage 1,Lijiang Tower,JD Gaming,MewTwo,Support,Brigitte,1,7,0.1429
China - Stage 1,Lijiang Tower,JD Gaming,MewTwo,Support,Wuyang,1,7,0.1429
China - Stage 1,Lijiang Tower,JD Gaming,MewTwo,Support,Jetpack Cat,1,7,0.1429
China - Stage 1,Lijiang Tower,JD Gaming,Mmonk,Support,Kiriko,5,8,0.625
China - Stage 1,Lijiang Tower,JD Gaming,Mmonk,Support,Juno,1,8,0.125
China - Stage 1,Lijiang Tower,JD Gaming,Mmonk,Support,Ana,1,8,0.125
China - Stage 1,Lijiang Tower,JD Gaming,Mmonk,Support,Baptiste,1,8,0.125
China - Stage 1,Lijiang Tower,JD Gaming,Pineapple,DPS,Sojourn,3,10,0.3
China - Stage 1,Lijiang Tower,JD Gaming,Pineapple,DPS,Bastion,3,10,0.3
China - Stage 1,Lijiang Tower,JD Gaming,Pineapple,DPS,Tracer,2,10,0.2
China - Stage 1,Lijiang Tower,JD Gaming,Pineapple,DPS,Emre,1,10,0.1
China - Stage 1,Lijiang Tower,JD Gaming,Pineapple,DPS,Cassidy,1,10,0.1
China - Stage 1,Lijiang Tower,Milk Tea,Diya,DPS,Emre,1,2,0.5
China - Stage 1,Lijiang Tower,Milk Tea,Diya,DPS,Cassidy,1,2,0.5
China - Stage 1,Lijiang Tower,Milk Tea,Diya,Support,Kiriko,3,7,0.4286
China - Stage 1,Lijiang Tower,Milk Tea,Diya,Support,Juno,2,7,0.2857
China - Stage 1,Lijiang Tower,Milk Tea,Diya,Support,Ana,1,7,0.1429
China - Stage 1,Lijiang Tower,Milk Tea,Diya,Support,Mercy,1,7,0.1429
China - Stage 1,Lijiang Tower,Milk Tea,Eileen,DPS,Vendetta,2,7,0.2857
China - Stage 1,Lijiang Tower,Milk Tea,Eileen,DPS,Pharah,2,7,0.2857
China - Stage 1,Lijiang Tower,Milk Tea,Eileen,DPS,Symmetra,1,7,0.1429
China - Stage 1,Lijiang Tower,Milk Tea,Eileen,DPS,Cassidy,1,7,0.1429
China - Stage 1,Lijiang Tower,Milk Tea,Eileen,DPS,Freja,1,7,0.1429
China - Stage 1,Lijiang Tower,Milk Tea,Hypnos,Support,Illari,1,2,0.5
China - Stage 1,Lijiang Tower,Milk Tea,Hypnos,Support,Juno,1,2,0.5
China - Stage 1,Lijiang Tower,Milk Tea,TCC,Support,Lúcio,2,7,0.2857
China - Stage 1,Lijiang Tower,Milk Tea,TCC,Support,Wuyang,1,7,0.1429
China - Stage 1,Lijiang Tower,Milk Tea,TCC,Support,Juno,1,7,0.1429
China - Stage 1,Lijiang Tower,Milk Tea,TCC,Support,Brigitte,1,7,0.1429
China - Stage 1,Lijiang Tower,Milk Tea,TCC,Support,Jetpack Cat,1,7,0.1429
China - Stage 1,Lijiang Tower,Milk Tea,TCC,Support,Mercy,1,7,0.1429
China - Stage 1,Lijiang Tower,Milk Tea,Taimouren,DPS,Sojourn,1,6,0.1667
China - Stage 1,Lijiang Tower,Milk Tea,Taimouren,DPS,Symmetra,1,6,0.1667
China - Stage 1,Lijiang Tower,Milk Tea,Taimouren,DPS,Emre,1,6,0.1667
China - Stage 1,Lijiang Tower,Milk Tea,Taimouren,DPS,Bastion,1,6,0.1667
China - Stage 1,Lijiang Tower,Milk Tea,Taimouren,DPS,Tracer,1,6,0.1667
China - Stage 1,Lijiang Tower,Milk Tea,Taimouren,DPS,Sierra,1,6,0.1667
China - Stage 1,Lijiang Tower,Milk Tea,feiyang,Tank,Zarya,3,7,0.4286
China - Stage 1,Lijiang Tower,Milk Tea,feiyang,Tank,Doomfist,2,7,0.2857
China - Stage 1,Lijiang Tower,Milk Tea,feiyang,Tank,Wrecking Ball,1,7,0.1429
China - Stage 1,Lijiang Tower,Milk Tea,feiyang,Tank,Mauga,1,7,0.1429
China - Stage 1,Lijiang Tower,Naive Piggy,Coldj,Support,Lúcio,3,9,0.3333
China - Stage 1,Lijiang Tower,Naive Piggy,Coldj,Support,Brigitte,3,9,0.3333
China - Stage 1,Lijiang Tower,Naive Piggy,Coldj,Support,Kiriko,2,9,0.2222
China - Stage 1,Lijiang Tower,Naive Piggy,Coldj,Support,Illari,1,9,0.1111
China - Stage 1,Lijiang Tower,Naive Piggy,JAYA,DPS,Vendetta,4,14,0.2857
China - Stage 1,Lijiang Tower,Naive Piggy,JAYA,DPS,Pharah,3,14,0.2143
China - Stage 1,Lijiang Tower,Naive Piggy,JAYA,DPS,Reaper,3,14,0.2143
China - Stage 1,Lijiang Tower,Naive Piggy,JAYA,DPS,Tracer,3,14,0.2143
China - Stage 1,Lijiang Tower,Naive Piggy,JAYA,DPS,Symmetra,1,14,0.0714
China - Stage 1,Lijiang Tower,Naive Piggy,Lateyoung,Tank,D.Va,4,11,0.3636
China - Stage 1,Lijiang Tower,Naive Piggy,Lateyoung,Tank,Zarya,4,11,0.3636
China - Stage 1,Lijiang Tower,Naive Piggy,Lateyoung,Tank,Reinhardt,1,11,0.0909
China - Stage 1,Lijiang Tower,Naive Piggy,Lateyoung,Tank,Orisa,1,11,0.0909
China - Stage 1,Lijiang Tower,Naive Piggy,Lateyoung,Tank,Hazard,1,11,0.0909
China - Stage 1,Lijiang Tower,Naive Piggy,sara,Support,Juno,4,8,0.5
China - Stage 1,Lijiang Tower,Naive Piggy,sara,Support,Kiriko,3,8,0.375
China - Stage 1,Lijiang Tower,Naive Piggy,sara,Support,Baptiste,1,8,0.125
China - Stage 1,Lijiang Tower,Naive Piggy,wh4le,DPS,Emre,6,15,0.4
China - Stage 1,Lijiang Tower,Naive Piggy,wh4le,DPS,Symmetra,5,15,0.3333
China - Stage 1,Lijiang Tower,Naive Piggy,wh4le,DPS,Tracer,2,15,0.1333
China - Stage 1,Lijiang Tower,Naive Piggy,wh4le,DPS,Sojourn,1,15,0.0667
China - Stage 1,Lijiang Tower,Naive Piggy,wh4le,DPS,Bastion,1,15,0.0667
China - Stage 1,Lijiang Tower,SV,A1WAYS,Support,Lúcio,3,7,0.4286
China - Stage 1,Lijiang Tower,SV,A1WAYS,Support,Wuyang,3,7,0.4286
China - Stage 1,Lijiang Tower,SV,A1WAYS,Support,Juno,1,7,0.1429
China - Stage 1,Lijiang Tower,SV,BABAYAGA,DPS,Vendetta,4,6,0.6667
China - Stage 1,Lijiang Tower,SV,BABAYAGA,DPS,Tracer,1,6,0.1667
China - Stage 1,Lijiang Tower,SV,BABAYAGA,DPS,Symmetra,1,6,0.1667
China - Stage 1,Lijiang Tower,SV,BABYAGA,DPS,Tracer,1,2,0.5
China - Stage 1,Lijiang Tower,SV,BABYAGA,DPS,Symmetra,1,2,0.5
China - Stage 1,Lijiang Tower,SV,Littlemoon,DPS,Symmetra,4,9,0.4444
China - Stage 1,Lijiang Tower,SV,Littlemoon,DPS,Emre,3,9,0.3333
China - Stage 1,Lijiang Tower,SV,Littlemoon,DPS,Sojourn,1,9,0.1111
China - Stage 1,Lijiang Tower,SV,Littlemoon,DPS,Cassidy,1,9,0.1111
China - Stage 1,Lijiang Tower,SV,Noy,Support,Kiriko,4,6,0.6667
China - Stage 1,Lijiang Tower,SV,Noy,Support,Brigitte,1,6,0.1667
China - Stage 1,Lijiang Tower,SV,Noy,Support,Ana,1,6,0.1667
China - Stage 1,Lijiang Tower,SV,prot3ct,Tank,D.Va,4,11,0.3636
China - Stage 1,Lijiang Tower,SV,prot3ct,Tank,Zarya,4,11,0.3636
China - Stage 1,Lijiang Tower,SV,prot3ct,Tank,Junker Queen,1,11,0.0909
China - Stage 1,Lijiang Tower,SV,prot3ct,Tank,Mauga,1,11,0.0909
China - Stage 1,Lijiang Tower,SV,prot3ct,Tank,Hazard,1,11,0.0909
China - Stage 1,Lijiang Tower,Weibo Gaming,Leave,DPS,Symmetra,8,21,0.381
China - Stage 1,Lijiang Tower,Weibo Gaming,Leave,DPS,Tracer,6,21,0.2857
China - Stage 1,Lijiang Tower,Weibo Gaming,Leave,DPS,Vendetta,3,21,0.1429
China - Stage 1,Lijiang Tower,Weibo Gaming,Leave,DPS,Pharah,3,21,0.1429
China - Stage 1,Lijiang Tower,Weibo Gaming,Leave,DPS,Emre,1,21,0.0476
China - Stage 1,Lijiang Tower,Weibo Gaming,LeeSooMin,Support,Lúcio,5,14,0.3571
China - Stage 1,Lijiang Tower,Weibo Gaming,LeeSooMin,Support,Jetpack Cat,4,14,0.2857
China - Stage 1,Lijiang Tower,Weibo Gaming,LeeSooMin,Support,Brigitte,3,14,0.2143
China - Stage 1,Lijiang Tower,Weibo Gaming,LeeSooMin,Support,Wuyang,1,14,0.0714
China - Stage 1,Lijiang Tower,Weibo Gaming,LeeSooMin,Support,Illari,1,14,0.0714
China - Stage 1,Lijiang Tower,Weibo Gaming,MAKA,Support,Kiriko,7,16,0.4375
China - Stage 1,Lijiang Tower,Weibo Gaming,MAKA,Support,Juno,5,16,0.3125
China - Stage 1,Lijiang Tower,Weibo Gaming,MAKA,Support,Ana,3,16,0.1875
China - Stage 1,Lijiang Tower,Weibo Gaming,MAKA,Support,Jetpack Cat,1,16,0.0625
China - Stage 1,Lijiang Tower,Weibo Gaming,SUNZO,Tank,D.Va,3,4,0.75
China - Stage 1,Lijiang Tower,Weibo Gaming,SUNZO,Tank,Zarya,1,4,0.25
China - Stage 1,Lijiang Tower,Weibo Gaming,Shy,DPS,Symmetra,2,6,0.3333
China - Stage 1,Lijiang Tower,Weibo Gaming,Shy,DPS,Emre,2,6,0.3333
China - Stage 1,Lijiang Tower,Weibo Gaming,Shy,DPS,Sojourn,1,6,0.1667
China - Stage 1,Lijiang Tower,Weibo Gaming,Shy,DPS,Tracer,1,6,0.1667
China - Stage 1,Lijiang Tower,Weibo Gaming,guxue,Tank,Mauga,4,10,0.4
China - Stage 1,Lijiang Tower,Weibo Gaming,guxue,Tank,Hazard,3,10,0.3
China - Stage 1,Lijiang Tower,Weibo Gaming,guxue,Tank,Winston,2,10,0.2
China - Stage 1,Lijiang Tower,Weibo Gaming,guxue,Tank,Doomfist,1,10,0.1
China - Stage 1,Lijiang Tower,Weibo Gaming,shy,DPS,Sojourn,3,8,0.375
China - Stage 1,Lijiang Tower,Weibo Gaming,shy,DPS,Emre,2,8,0.25
China - Stage 1,Lijiang Tower,Weibo Gaming,shy,DPS,Bastion,2,8,0.25
China - Stage 1,Lijiang Tower,Weibo Gaming,shy,DPS,Sierra,1,8,0.125
China - Stage 1,Midtown,All Gamers,Alphari,DPS,Echo,1,2,0.5
China - Stage 1,Midtown,All Gamers,Alphari,DPS,Symmetra,1,2,0.5
China - Stage 1,Midtown,All Gamers,Ezhan,DPS,Emre,1,3,0.3333
China - Stage 1,Midtown,All Gamers,Ezhan,DPS,Sojourn,1,3,0.3333
China - Stage 1,Midtown,All Gamers,Ezhan,DPS,Widowmaker,1,3,0.3333
China - Stage 1,Midtown,All Gamers,Lengsa,Support,Lúcio,1,2,0.5
China - Stage 1,Midtown,All Gamers,Lengsa,Support,Wuyang,1,2,0.5
China - Stage 1,Midtown,All Gamers,LiGe,Tank,D.Va,1,3,0.3333
China - Stage 1,Midtown,All Gamers,LiGe,Tank,Reinhardt,1,3,0.3333
China - Stage 1,Midtown,All Gamers,LiGe,Tank,Ramattra,1,3,0.3333
China - Stage 1,Midtown,All Gamers,Recall,Support,Kiriko,1,3,0.3333
China - Stage 1,Midtown,All Gamers,Recall,Support,Ana,1,3,0.3333
China - Stage 1,Midtown,All Gamers,Recall,Support,Lifeweaver,1,3,0.3333
China - Stage 1,Midtown,JD Gaming,Belosrea,Tank,D.Va,2,4,0.5
China - Stage 1,Midtown,JD Gaming,Belosrea,Tank,Wrecking Ball,1,4,0.25
China - Stage 1,Midtown,JD Gaming,Belosrea,Tank,Winston,1,4,0.25
China - Stage 1,Midtown,JD Gaming,Kaneki,DPS,Vendetta,1,2,0.5
China - Stage 1,Midtown,JD Gaming,Kaneki,DPS,Tracer,1,2,0.5
China - Stage 1,Midtown,JD Gaming,MewTwo,Support,Lúcio,1,3,0.3333
China - Stage 1,Midtown,JD Gaming,MewTwo,Support,Jetpack Cat,1,3,0.3333
China - Stage 1,Midtown,JD Gaming,MewTwo,Support,Brigitte,1,3,0.3333
China - Stage 1,Midtown,JD Gaming,Mmonk,Support,Kiriko,1,2,0.5
China - Stage 1,Midtown,JD Gaming,Mmonk,Support,Ana,1,2,0.5
China - Stage 1,Midtown,JD Gaming,Pineapple,DPS,Hanzo,2,5,0.4
China - Stage 1,Midtown,JD Gaming,Pineapple,DPS,Sojourn,1,5,0.2
China - Stage 1,Midtown,JD Gaming,Pineapple,DPS,Bastion,1,5,0.2
China - Stage 1,Midtown,JD Gaming,Pineapple,DPS,Emre,1,5,0.2
China - Stage 1,Midtown,Milk Tea,Diya,Support,Kiriko,2,4,0.5
China - Stage 1,Midtown,Milk Tea,Diya,Support,Ana,1,4,0.25
China - Stage 1,Midtown,Milk Tea,Diya,Support,Illari,1,4,0.25
China - Stage 1,Midtown,Milk Tea,Eileen,DPS,Mei,2,4,0.5
China - Stage 1,Midtown,Milk Tea,Eileen,DPS,Sojourn,1,4,0.25
China - Stage 1,Midtown,Milk Tea,Eileen,DPS,Symmetra,1,4,0.25
China - Stage 1,Midtown,Milk Tea,Hypnos,Support,Lúcio,2,3,0.6667
China - Stage 1,Midtown,Milk Tea,Hypnos,Support,Kiriko,1,3,0.3333
China - Stage 1,Midtown,Milk Tea,Taimouren,DPS,Symmetra,2,5,0.4
China - Stage 1,Midtown,Milk Tea,Taimouren,DPS,Emre,1,5,0.2
China - Stage 1,Midtown,Milk Tea,Taimouren,DPS,Echo,1,5,0.2
China - Stage 1,Midtown,Milk Tea,Taimouren,DPS,Cassidy,1,5,0.2
China - Stage 1,Midtown,Milk Tea,feiyang,Tank,Ramattra,2,5,0.4
China - Stage 1,Midtown,Milk Tea,feiyang,Tank,Sigma,1,5,0.2
China - Stage 1,Midtown,Milk Tea,feiyang,Tank,Hazard,1,5,0.2
China - Stage 1,Midtown,Milk Tea,feiyang,Tank,D.Va,1,5,0.2
China - Stage 1,Midtown,Naive Piggy,Coldj,Support,Brigitte,1,3,0.3333
China - Stage 1,Midtown,Naive Piggy,Coldj,Support,Kiriko,1,3,0.3333
China - Stage 1,Midtown,Naive Piggy,Coldj,Support,Baptiste,1,3,0.3333
China - Stage 1,Midtown,Naive Piggy,JAYA,DPS,Symmetra,1,3,0.3333
China - Stage 1,Midtown,Naive Piggy,JAYA,DPS,Vendetta,1,3,0.3333
China - Stage 1,Midtown,Naive Piggy,JAYA,DPS,Genji,1,3,0.3333
China - Stage 1,Midtown,Naive Piggy,Lateyoung,Tank,Orisa,1,2,0.5
China - Stage 1,Midtown,Naive Piggy,Lateyoung,Tank,Zarya,1,2,0.5
China - Stage 1,Midtown,Naive Piggy,sara,Support,Juno,1,3,0.3333
China - Stage 1,Midtown,Naive Piggy,sara,Support,Ana,1,3,0.3333
China - Stage 1,Midtown,Naive Piggy,sara,Support,Baptiste,1,3,0.3333
China - Stage 1,Midtown,Naive Piggy,wh4le,DPS,Emre,1,3,0.3333
China - Stage 1,Midtown,Naive Piggy,wh4le,DPS,Cassidy,1,3,0.3333
China - Stage 1,Midtown,Naive Piggy,wh4le,DPS,Bastion,1,3,0.3333
China - Stage 1,Midtown,SV,A1WAYS,Support,Wuyang,2,4,0.5
China - Stage 1,Midtown,SV,A1WAYS,Support,Lúcio,1,4,0.25
China - Stage 1,Midtown,SV,A1WAYS,Support,Ana,1,4,0.25
China - Stage 1,Midtown,SV,BABAYAGA,DPS,Vendetta,2,3,0.6667
China - Stage 1,Midtown,SV,BABAYAGA,DPS,Widowmaker,1,3,0.3333
China - Stage 1,Midtown,SV,BABYAGA,DPS,Tracer,1,1,1.0
China - Stage 1,Midtown,SV,Littlemoon,DPS,Emre,2,6,0.3333
China - Stage 1,Midtown,SV,Littlemoon,DPS,Widowmaker,2,6,0.3333
China - Stage 1,Midtown,SV,Littlemoon,DPS,Sojourn,1,6,0.1667
China - Stage 1,Midtown,SV,Littlemoon,DPS,Hanzo,1,6,0.1667
China - Stage 1,Midtown,SV,Noy,Support,Kiriko,2,5,0.4
China - Stage 1,Midtown,SV,Noy,Support,Mercy,1,5,0.2
China - Stage 1,Midtown,SV,Noy,Support,Brigitte,1,5,0.2
China - Stage 1,Midtown,SV,Noy,Support,Illari,1,5,0.2
China - Stage 1,Midtown,SV,prot3ct,Tank,D.Va,3,7,0.4286
China - Stage 1,Midtown,SV,prot3ct,Tank,Orisa,2,7,0.2857
China - Stage 1,Midtown,SV,prot3ct,Tank,Zarya,2,7,0.2857
China - Stage 1,Midtown,Weibo Gaming,Leave,DPS,Tracer,1,3,0.3333
China - Stage 1,Midtown,Weibo Gaming,Leave,DPS,Pharah,1,3,0.3333
China - Stage 1,Midtown,Weibo Gaming,Leave,DPS,Hanzo,1,3,0.3333
China - Stage 1,Midtown,Weibo Gaming,LeeSooMin,Support,Illari,1,2,0.5
China - Stage 1,Midtown,Weibo Gaming,LeeSooMin,Support,Kiriko,1,2,0.5
China - Stage 1,Midtown,Weibo Gaming,MAKA,Support,Ana,1,1,1.0
China - Stage 1,Midtown,Weibo Gaming,Shy,DPS,Emre,1,2,0.5
China - Stage 1,Midtown,Weibo Gaming,Shy,DPS,Widowmaker,1,2,0.5
China - Stage 1,Midtown,Weibo Gaming,guxue,Tank,Hazard,1,3,0.3333
China - Stage 1,Midtown,Weibo Gaming,guxue,Tank,Winston,1,3,0.3333
China - Stage 1,Midtown,Weibo Gaming,guxue,Tank,Doomfist,1,3,0.3333
China - Stage 1,Numbani,All Gamers,Alphari,DPS,Tracer,3,6,0.5
China - Stage 1,Numbani,All Gamers,Alphari,DPS,Vendetta,1,6,0.1667
China - Stage 1,Numbani,All Gamers,Alphari,DPS,Reaper,1,6,0.1667
China - Stage 1,Numbani,All Gamers,Alphari,DPS,Symmetra,1,6,0.1667
China - Stage 1,Numbani,All Gamers,Ezhan,DPS,Widowmaker,4,17,0.2353
China - Stage 1,Numbani,All Gamers,Ezhan,DPS,Bastion,3,17,0.1765
China - Stage 1,Numbani,All Gamers,Ezhan,DPS,Emre,2,17,0.1176
China - Stage 1,Numbani,All Gamers,Ezhan,DPS,Reaper,2,17,0.1176
China - Stage 1,Numbani,All Gamers,Ezhan,DPS,Soldier: 76,2,17,0.1176
China - Stage 1,Numbani,All Gamers,Ezhan,DPS,Tracer,1,17,0.0588
China - Stage 1,Numbani,All Gamers,Ezhan,DPS,Sojourn,1,17,0.0588
China - Stage 1,Numbani,All Gamers,Ezhan,DPS,Echo,1,17,0.0588
China - Stage 1,Numbani,All Gamers,Ezhan,DPS,Mei,1,17,0.0588
China - Stage 1,Numbani,All Gamers,Insane,DPS,Tracer,1,5,0.2
China - Stage 1,Numbani,All Gamers,Insane,DPS,Echo,1,5,0.2
China - Stage 1,Numbani,All Gamers,Insane,DPS,Symmetra,1,5,0.2
China - Stage 1,Numbani,All Gamers,Insane,DPS,Bastion,1,5,0.2
China - Stage 1,Numbani,All Gamers,Insane,DPS,Soldier: 76,1,5,0.2
China - Stage 1,Numbani,All Gamers,Lengsa,Support,Jetpack Cat,4,9,0.4444
China - Stage 1,Numbani,All Gamers,Lengsa,Support,Lúcio,2,9,0.2222
China - Stage 1,Numbani,All Gamers,Lengsa,Support,Mercy,2,9,0.2222
China - Stage 1,Numbani,All Gamers,Lengsa,Support,Brigitte,1,9,0.1111
China - Stage 1,Numbani,All Gamers,LiGe,Tank,Mauga,4,8,0.5
China - Stage 1,Numbani,All Gamers,LiGe,Tank,D.Va,2,8,0.25
China - Stage 1,Numbani,All Gamers,LiGe,Tank,Zarya,2,8,0.25
China - Stage 1,Numbani,All Gamers,Recall,Support,Kiriko,5,9,0.5556
China - Stage 1,Numbani,All Gamers,Recall,Support,Ana,3,9,0.3333
China - Stage 1,Numbani,All Gamers,Recall,Support,Juno,1,9,0.1111
China - Stage 1,Numbani,Homie E,9TRIBEZ,Tank,Hazard,1,2,0.5
China - Stage 1,Numbani,Homie E,9TRIBEZ,Tank,Zarya,1,2,0.5
China - Stage 1,Numbani,Homie E,Lilko,DPS,Tracer,1,1,1.0
China - Stage 1,Numbani,Homie E,Remedy,Support,Kiriko,1,1,1.0
China - Stage 1,Numbani,Homie E,Unkn0w,Support,Wuyang,1,1,1.0
China - Stage 1,Numbani,Homie E,fari,DPS,Emre,1,1,1.0
China - Stage 1,Numbani,JD Gaming,Belosrea,Tank,Doomfist,2,5,0.4
China - Stage 1,Numbani,JD Gaming,Belosrea,Tank,Hazard,1,5,0.2
China - Stage 1,Numbani,JD Gaming,Belosrea,Tank,D.Va,1,5,0.2
China - Stage 1,Numbani,JD Gaming,Belosrea,Tank,Ramattra,1,5,0.2
China - Stage 1,Numbani,JD Gaming,Kaneki,DPS,Tracer,3,7,0.4286
China - Stage 1,Numbani,JD Gaming,Kaneki,DPS,Vendetta,1,7,0.1429
China - Stage 1,Numbani,JD Gaming,Kaneki,DPS,Mei,1,7,0.1429
China - Stage 1,Numbani,JD Gaming,Kaneki,DPS,Anran,1,7,0.1429
China - Stage 1,Numbani,JD Gaming,Kaneki,DPS,Reaper,1,7,0.1429
China - Stage 1,Numbani,JD Gaming,MewTwo,Support,Jetpack Cat,2,3,0.6667
China - Stage 1,Numbani,JD Gaming,MewTwo,Support,Lúcio,1,3,0.3333
China - Stage 1,Numbani,JD Gaming,Mmonk,Support,Kiriko,2,5,0.4
China - Stage 1,Numbani,JD Gaming,Mmonk,Support,Ana,2,5,0.4
China - Stage 1,Numbani,JD Gaming,Mmonk,Support,Mizuki,1,5,0.2
China - Stage 1,Numbani,JD Gaming,Pineapple,DPS,Bastion,2,6,0.3333
China - Stage 1,Numbani,JD Gaming,Pineapple,DPS,Emre,1,6,0.1667
China - Stage 1,Numbani,JD Gaming,Pineapple,DPS,Tracer,1,6,0.1667
China - Stage 1,Numbani,JD Gaming,Pineapple,DPS,Reaper,1,6,0.1667
China - Stage 1,Numbani,JD Gaming,Pineapple,DPS,Genji,1,6,0.1667
China - Stage 1,Numbani,Milk Tea,Diya,Support,Kiriko,2,2,1.0
China - Stage 1,Numbani,Milk Tea,Eileen,DPS,Echo,1,4,0.25
China - Stage 1,Numbani,Milk Tea,Eileen,DPS,Tracer,1,4,0.25
China - Stage 1,Numbani,Milk Tea,Eileen,DPS,Symmetra,1,4,0.25
China - Stage 1,Numbani,Milk Tea,Eileen,DPS,Vendetta,1,4,0.25
China - Stage 1,Numbani,Milk Tea,Hypnos,Support,Wuyang,1,3,0.3333
China - Stage 1,Numbani,Milk Tea,Hypnos,Support,Lúcio,1,3,0.3333
China - Stage 1,Numbani,Milk Tea,Hypnos,Support,Jetpack Cat,1,3,0.3333
China - Stage 1,Numbani,Milk Tea,TCC,Support,Lúcio,1,1,1.0
China - Stage 1,Numbani,Milk Tea,Taimouren,DPS,Emre,2,6,0.3333
China - Stage 1,Numbani,Milk Tea,Taimouren,DPS,Cassidy,2,6,0.3333
China - Stage 1,Numbani,Milk Tea,Taimouren,DPS,Ashe,1,6,0.1667
China - Stage 1,Numbani,Milk Tea,Taimouren,DPS,Sojourn,1,6,0.1667
China - Stage 1,Numbani,Milk Tea,feiyang,Tank,Hazard,2,6,0.3333
China - Stage 1,Numbani,Milk Tea,feiyang,Tank,Orisa,1,6,0.1667
China - Stage 1,Numbani,Milk Tea,feiyang,Tank,Sigma,1,6,0.1667
China - Stage 1,Numbani,Milk Tea,feiyang,Tank,Zarya,1,6,0.1667
China - Stage 1,Numbani,Milk Tea,feiyang,Tank,Mauga,1,6,0.1667
China - Stage 1,Numbani,Naive Piggy,Coldj,Support,Brigitte,1,1,1.0
China - Stage 1,Numbani,Naive Piggy,JAYA,DPS,Vendetta,1,1,1.0
China - Stage 1,Numbani,Naive Piggy,Lateyoung,Tank,Orisa,1,2,0.5
China - Stage 1,Numbani,Naive Piggy,Lateyoung,Tank,Zarya,1,2,0.5
China - Stage 1,Numbani,Naive Piggy,sara,Support,Juno,1,1,1.0
China - Stage 1,Numbani,Naive Piggy,wh4le,DPS,Sojourn,1,3,0.3333
China - Stage 1,Numbani,Naive Piggy,wh4le,DPS,Tracer,1,3,0.3333
China - Stage 1,Numbani,Naive Piggy,wh4le,DPS,Emre,1,3,0.3333
China - Stage 1,Numbani,Weibo Gaming,Leave,DPS,Tracer,2,4,0.5
China - Stage 1,Numbani,Weibo Gaming,Leave,DPS,Reaper,1,4,0.25
China - Stage 1,Numbani,Weibo Gaming,Leave,DPS,Symmetra,1,4,0.25
China - Stage 1,Numbani,Weibo Gaming,LeeSooMin,Support,Jetpack Cat,2,5,0.4
China - Stage 1,Numbani,Weibo Gaming,LeeSooMin,Support,Lúcio,1,5,0.2
China - Stage 1,Numbani,Weibo Gaming,LeeSooMin,Support,Baptiste,1,5,0.2
China - Stage 1,Numbani,Weibo Gaming,LeeSooMin,Support,Ana,1,5,0.2
China - Stage 1,Numbani,Weibo Gaming,MAKA,Support,Kiriko,3,8,0.375
China - Stage 1,Numbani,Weibo Gaming,MAKA,Support,Juno,3,8,0.375
China - Stage 1,Numbani,Weibo Gaming,MAKA,Support,Jetpack Cat,1,8,0.125
China - Stage 1,Numbani,Weibo Gaming,MAKA,Support,Ana,1,8,0.125
China - Stage 1,Numbani,Weibo Gaming,guxue,Tank,Mauga,2,4,0.5
China - Stage 1,Numbani,Weibo Gaming,guxue,Tank,Hazard,1,4,0.25
China - Stage 1,Numbani,Weibo Gaming,guxue,Tank,Zarya,1,4,0.25
China - Stage 1,Numbani,Weibo Gaming,shy,DPS,Bastion,2,4,0.5
China - Stage 1,Numbani,Weibo Gaming,shy,DPS,Emre,1,4,0.25
China - Stage 1,Numbani,Weibo Gaming,shy,DPS,Sojourn,1,4,0.25
China - Stage 1,Oasis,All Gamers,Alphari,DPS,Tracer,2,6,0.3333
China - Stage 1,Oasis,All Gamers,Alphari,DPS,Symmetra,2,6,0.3333
China - Stage 1,Oasis,All Gamers,Alphari,DPS,Vendetta,1,6,0.1667
China - Stage 1,Oasis,All Gamers,Alphari,DPS,Pharah,1,6,0.1667
China - Stage 1,Oasis,All Gamers,Ezhan,DPS,Emre,2,3,0.6667
China - Stage 1,Oasis,All Gamers,Ezhan,DPS,Widowmaker,1,3,0.3333
China - Stage 1,Oasis,All Gamers,Lengsa,Support,Lúcio,2,2,1.0
China - Stage 1,Oasis,All Gamers,LiGe,Tank,D.Va,2,2,1.0
China - Stage 1,Oasis,All Gamers,Recall,Support,Kiriko,2,4,0.5
China - Stage 1,Oasis,All Gamers,Recall,Support,Juno,2,4,0.5
China - Stage 1,Oasis,Homie E,9TRIBEZ,Tank,Orisa,1,2,0.5
China - Stage 1,Oasis,Homie E,9TRIBEZ,Tank,Hazard,1,2,0.5
China - Stage 1,Oasis,Homie E,Lilko,DPS,Venture,1,3,0.3333
China - Stage 1,Oasis,Homie E,Lilko,DPS,Pharah,1,3,0.3333
China - Stage 1,Oasis,Homie E,Lilko,DPS,Vendetta,1,3,0.3333
China - Stage 1,Oasis,Homie E,Remedy,Support,Kiriko,1,2,0.5
China - Stage 1,Oasis,Homie E,Remedy,Support,Juno,1,2,0.5
China - Stage 1,Oasis,Homie E,Unkn0w,Support,Lúcio,1,1,1.0
China - Stage 1,Oasis,Homie E,fari,DPS,Emre,1,2,0.5
China - Stage 1,Oasis,Homie E,fari,DPS,Symmetra,1,2,0.5
China - Stage 1,Oasis,JD Gaming,Belosrea,Tank,Hazard,4,6,0.6667
China - Stage 1,Oasis,JD Gaming,Belosrea,Tank,Doomfist,1,6,0.1667
China - Stage 1,Oasis,JD Gaming,Belosrea,Tank,Junker Queen,1,6,0.1667
China - Stage 1,Oasis,JD Gaming,Kaneki,DPS,Symmetra,3,8,0.375
China - Stage 1,Oasis,JD Gaming,Kaneki,DPS,Pharah,2,8,0.25
China - Stage 1,Oasis,JD Gaming,Kaneki,DPS,Tracer,2,8,0.25
China - Stage 1,Oasis,JD Gaming,Kaneki,DPS,Vendetta,1,8,0.125
China - Stage 1,Oasis,JD Gaming,MewTwo,Support,Lúcio,4,4,1.0
China - Stage 1,Oasis,JD Gaming,Mmonk,Support,Kiriko,4,5,0.8
China - Stage 1,Oasis,JD Gaming,Mmonk,Support,Juno,1,5,0.2
China - Stage 1,Oasis,JD Gaming,Pineapple,DPS,Emre,4,6,0.6667
China - Stage 1,Oasis,JD Gaming,Pineapple,DPS,Symmetra,1,6,0.1667
China - Stage 1,Oasis,JD Gaming,Pineapple,DPS,Widowmaker,1,6,0.1667
China - Stage 1,Oasis,Milk Tea,Diya,Support,Kiriko,2,4,0.5
China - Stage 1,Oasis,Milk Tea,Diya,Support,Juno,2,4,0.5
China - Stage 1,Oasis,Milk Tea,Eileen,DPS,Mei,2,2,1.0
China - Stage 1,Oasis,Milk Tea,Hypnos,Support,Lúcio,1,1,1.0
China - Stage 1,Oasis,Milk Tea,TCC,Support,Lúcio,1,1,1.0
China - Stage 1,Oasis,Milk Tea,Taimouren,DPS,Sojourn,1,2,0.5
China - Stage 1,Oasis,Milk Tea,Taimouren,DPS,Emre,1,2,0.5
China - Stage 1,Oasis,Milk Tea,feiyang,Tank,D.Va,2,3,0.6667
China - Stage 1,Oasis,Milk Tea,feiyang,Tank,Ramattra,1,3,0.3333
China - Stage 1,Oasis,Naive Piggy,Coldj,Support,Brigitte,1,1,1.0
China - Stage 1,Oasis,Naive Piggy,JAYA,DPS,Tracer,1,2,0.5
China - Stage 1,Oasis,Naive Piggy,JAYA,DPS,Symmetra,1,2,0.5
China - Stage 1,Oasis,Naive Piggy,Lateyoung,Tank,Hazard,1,1,1.0
China - Stage 1,Oasis,Naive Piggy,sara,Support,Juno,1,1,1.0
China - Stage 1,Oasis,Naive Piggy,wh4le,DPS,Emre,1,1,1.0
China - Stage 1,Oasis,SV,A1WAYS,Support,Lúcio,2,2,1.0
China - Stage 1,Oasis,SV,BABAYAGA,DPS,Tracer,2,6,0.3333
China - Stage 1,Oasis,SV,BABAYAGA,DPS,Symmetra,2,6,0.3333
China - Stage 1,Oasis,SV,BABAYAGA,DPS,Reaper,1,6,0.1667
China - Stage 1,Oasis,SV,BABAYAGA,DPS,Pharah,1,6,0.1667
China - Stage 1,Oasis,SV,Littlemoon,DPS,Emre,2,2,1.0
China - Stage 1,Oasis,SV,Noy,Support,Kiriko,2,5,0.4
China - Stage 1,Oasis,SV,Noy,Support,Juno,2,5,0.4
China - Stage 1,Oasis,SV,Noy,Support,Illari,1,5,0.2
China - Stage 1,Oasis,SV,prot3ct,Tank,Orisa,2,5,0.4
China - Stage 1,Oasis,SV,prot3ct,Tank,Zarya,1,5,0.2
China - Stage 1,Oasis,SV,prot3ct,Tank,D.Va,1,5,0.2
China - Stage 1,Oasis,SV,prot3ct,Tank,Ramattra,1,5,0.2
China - Stage 1,Rialto,All Gamers,Ezhan,DPS,Emre,1,2,0.5
China - Stage 1,Rialto,All Gamers,Ezhan,DPS,Widowmaker,1,2,0.5
China - Stage 1,Rialto,All Gamers,Insane,DPS,Reaper,1,3,0.3333
China - Stage 1,Rialto,All Gamers,Insane,DPS,Pharah,1,3,0.3333
China - Stage 1,Rialto,All Gamers,Insane,DPS,Genji,1,3,0.3333
China - Stage 1,Rialto,All Gamers,Lengsa,Support,Lúcio,1,1,1.0
China - Stage 1,Rialto,All Gamers,Mag,Tank,Zarya,1,1,1.0
China - Stage 1,Rialto,All Gamers,Recall,Support,Kiriko,1,1,1.0
China - Stage 1,Rialto,Naive Piggy,Coldj,Support,Illari,1,1,1.0
China - Stage 1,Rialto,Naive Piggy,JAYA,DPS,Reaper,1,3,0.3333
China - Stage 1,Rialto,Naive Piggy,JAYA,DPS,Pharah,1,3,0.3333
China - Stage 1,Rialto,Naive Piggy,JAYA,DPS,Vendetta,1,3,0.3333
China - Stage 1,Rialto,Naive Piggy,Lateyoung,Tank,Zarya,1,3,0.3333
China - Stage 1,Rialto,Naive Piggy,Lateyoung,Tank,Orisa,1,3,0.3333
China - Stage 1,Rialto,Naive Piggy,Lateyoung,Tank,D.Va,1,3,0.3333
China - Stage 1,Rialto,Naive Piggy,sara,Support,Kiriko,1,1,1.0
China - Stage 1,Rialto,Naive Piggy,wh4le,DPS,Ashe,1,3,0.3333
China - Stage 1,Rialto,Naive Piggy,wh4le,DPS,Cassidy,1,3,0.3333
China - Stage 1,Rialto,Naive Piggy,wh4le,DPS,Widowmaker,1,3,0.3333
China - Stage 1,Runasapi,All Gamers,Alphari,DPS,Vendetta,1,1,1.0
China - Stage 1,Runasapi,All Gamers,Ezhan,DPS,Emre,2,4,0.5
China - Stage 1,Runasapi,All Gamers,Ezhan,DPS,Symmetra,1,4,0.25
China - Stage 1,Runasapi,All Gamers,Ezhan,DPS,Sojourn,1,4,0.25
China - Stage 1,Runasapi,All Gamers,Insane,DPS,Tracer,2,4,0.5
China - Stage 1,Runasapi,All Gamers,Insane,DPS,Symmetra,1,4,0.25
China - Stage 1,Runasapi,All Gamers,Insane,DPS,Pharah,1,4,0.25
China - Stage 1,Runasapi,All Gamers,Lengsa,Support,Lúcio,2,3,0.6667
China - Stage 1,Runasapi,All Gamers,Lengsa,Support,Brigitte,1,3,0.3333
China - Stage 1,Runasapi,All Gamers,LiGe,Tank,D.Va,1,2,0.5
China - Stage 1,Runasapi,All Gamers,LiGe,Tank,Mauga,1,2,0.5
China - Stage 1,Runasapi,All Gamers,Mag,Tank,Ramattra,1,1,1.0
China - Stage 1,Runasapi,All Gamers,Recall,Support,Kiriko,2,3,0.6667
China - Stage 1,Runasapi,All Gamers,Recall,Support,Juno,1,3,0.3333
China - Stage 1,Runasapi,Homie E,9TRIBEZ,Tank,Zarya,2,2,1.0
China - Stage 1,Runasapi,Homie E,Lilko,DPS,Vendetta,2,3,0.6667
China - Stage 1,Runasapi,Homie E,Lilko,DPS,Tracer,1,3,0.3333
China - Stage 1,Runasapi,Homie E,Remedy,Support,Kiriko,2,4,0.5
China - Stage 1,Runasapi,Homie E,Remedy,Support,Juno,2,4,0.5
China - Stage 1,Runasapi,Homie E,Unkn0w,Support,Lúcio,2,2,1.0
China - Stage 1,Runasapi,Homie E,fari,DPS,Sojourn,1,2,0.5
China - Stage 1,Runasapi,Homie E,fari,DPS,Emre,1,2,0.5
China - Stage 1,Runasapi,JD Gaming,Belosrea,Tank,Wrecking Ball,2,3,0.6667
China - Stage 1,Runasapi,JD Gaming,Belosrea,Tank,D.Va,1,3,0.3333
China - Stage 1,Runasapi,JD Gaming,Kaneki,DPS,Vendetta,1,2,0.5
China - Stage 1,Runasapi,JD Gaming,Kaneki,DPS,Tracer,1,2,0.5
China - Stage 1,Runasapi,JD Gaming,MewTwo,Support,Lúcio,1,2,0.5
China - Stage 1,Runasapi,JD Gaming,MewTwo,Support,Jetpack Cat,1,2,0.5
China - Stage 1,Runasapi,JD Gaming,Mmonk,Support,Kiriko,2,3,0.6667
China - Stage 1,Runasapi,JD Gaming,Mmonk,Support,Juno,1,3,0.3333
China - Stage 1,Runasapi,JD Gaming,Pineapple,DPS,Emre,1,3,0.3333
China - Stage 1,Runasapi,JD Gaming,Pineapple,DPS,Sojourn,1,3,0.3333
China - Stage 1,Runasapi,JD Gaming,Pineapple,DPS,Bastion,1,3,0.3333
China - Stage 1,Runasapi,Milk Tea,Diya,Support,Kiriko,1,2,0.5
China - Stage 1,Runasapi,Milk Tea,Diya,Support,Juno,1,2,0.5
China - Stage 1,Runasapi,Milk Tea,Eileen,DPS,Vendetta,1,1,1.0
China - Stage 1,Runasapi,Milk Tea,TCC,Support,Lúcio,1,1,1.0
China - Stage 1,Runasapi,Milk Tea,Taimouren,DPS,Sojourn,1,1,1.0
China - Stage 1,Runasapi,Milk Tea,feiyang,Tank,Zarya,1,1,1.0
China - Stage 1,Runasapi,Naive Piggy,Coldj,Support,Kiriko,1,1,1.0
China - Stage 1,Runasapi,Naive Piggy,JAYA,DPS,Tracer,1,1,1.0
China - Stage 1,Runasapi,Naive Piggy,Lateyoung,Tank,Orisa,1,2,0.5
China - Stage 1,Runasapi,Naive Piggy,Lateyoung,Tank,D.Va,1,2,0.5
China - Stage 1,Runasapi,Naive Piggy,sara,Support,Baptiste,1,1,1.0
China - Stage 1,Runasapi,Naive Piggy,wh4le,DPS,Cassidy,1,1,1.0
China - Stage 1,Runasapi,SV,A1WAYS,Support,Lúcio,3,3,1.0
China - Stage 1,Runasapi,SV,BABAYAGA,DPS,Vendetta,2,2,1.0
China - Stage 1,Runasapi,SV,BABYAGA,DPS,Tracer,1,1,1.0
China - Stage 1,Runasapi,SV,Littlemoon,DPS,Emre,2,3,0.6667
China - Stage 1,Runasapi,SV,Littlemoon,DPS,Symmetra,1,3,0.3333
China - Stage 1,Runasapi,SV,Noy,Support,Kiriko,3,3,1.0
China - Stage 1,Runasapi,SV,prot3ct,Tank,D.Va,3,3,1.0
China - Stage 1,Runasapi,Weibo Gaming,Leave,DPS,Vendetta,1,3,0.3333
China - Stage 1,Runasapi,Weibo Gaming,Leave,DPS,Tracer,1,3,0.3333
China - Stage 1,Runasapi,Weibo Gaming,Leave,DPS,Echo,1,3,0.3333
China - Stage 1,Runasapi,Weibo Gaming,LeeSooMin,Support,Lúcio,1,2,0.5
China - Stage 1,Runasapi,Weibo Gaming,LeeSooMin,Support,Brigitte,1,2,0.5
China - Stage 1,Runasapi,Weibo Gaming,MAKA,Support,Kiriko,1,2,0.5
China - Stage 1,Runasapi,Weibo Gaming,MAKA,Support,Juno,1,2,0.5
China - Stage 1,Runasapi,Weibo Gaming,SUNZO,Tank,D.Va,1,1,1.0
China - Stage 1,Runasapi,Weibo Gaming,Shy,DPS,Emre,1,1,1.0
China - Stage 1,Runasapi,Weibo Gaming,guxue,Tank,Zarya,1,2,0.5
China - Stage 1,Runasapi,Weibo Gaming,guxue,Tank,Mauga,1,2,0.5
China - Stage 1,Runasapi,Weibo Gaming,shy,DPS,Sojourn,1,1,1.0
China - Stage 1,Suravasa,All Gamers,Alphari,DPS,Tracer,2,8,0.25
China - Stage 1,Suravasa,All Gamers,Alphari,DPS,Reaper,2,8,0.25
China - Stage 1,Suravasa,All Gamers,Alphari,DPS,Symmetra,1,8,0.125
China - Stage 1,Suravasa,All Gamers,Alphari,DPS,Pharah,1,8,0.125
China - Stage 1,Suravasa,All Gamers,Alphari,DPS,Emre,1,8,0.125
China - Stage 1,Suravasa,All Gamers,Alphari,DPS,Mei,1,8,0.125
China - Stage 1,Suravasa,All Gamers,Ezhan,DPS,Emre,3,4,0.75
China - Stage 1,Suravasa,All Gamers,Ezhan,DPS,Bastion,1,4,0.25
China - Stage 1,Suravasa,All Gamers,Insane,DPS,Tracer,1,1,1.0
China - Stage 1,Suravasa,All Gamers,Lengsa,Support,Lúcio,2,4,0.5
China - Stage 1,Suravasa,All Gamers,Lengsa,Support,Kiriko,1,4,0.25
China - Stage 1,Suravasa,All Gamers,Lengsa,Support,Jetpack Cat,1,4,0.25
China - Stage 1,Suravasa,All Gamers,LiGe,Tank,Mauga,2,5,0.4
China - Stage 1,Suravasa,All Gamers,LiGe,Tank,Hazard,1,5,0.2
China - Stage 1,Suravasa,All Gamers,LiGe,Tank,D.Va,1,5,0.2
China - Stage 1,Suravasa,All Gamers,LiGe,Tank,Wrecking Ball,1,5,0.2
China - Stage 1,Suravasa,All Gamers,Mag,Tank,Wrecking Ball,1,1,1.0
China - Stage 1,Suravasa,All Gamers,Recall,Support,Kiriko,3,5,0.6
China - Stage 1,Suravasa,All Gamers,Recall,Support,Ana,1,5,0.2
China - Stage 1,Suravasa,All Gamers,Recall,Support,Juno,1,5,0.2
China - Stage 1,Suravasa,DEG,Limbo,Tank,Doomfist,1,1,1.0
China - Stage 1,Suravasa,DEG,SINCE,Support,Juno,1,2,0.5
China - Stage 1,Suravasa,DEG,SINCE,Support,Kiriko,1,2,0.5
China - Stage 1,Suravasa,DEG,Saya,Support,Brigitte,1,1,1.0
China - Stage 1,Suravasa,DEG,Wangming,DPS,Vendetta,1,2,0.5
China - Stage 1,Suravasa,DEG,Wangming,DPS,Symmetra,1,2,0.5
China - Stage 1,Suravasa,DEG,skyshow,DPS,Sojourn,1,2,0.5
China - Stage 1,Suravasa,DEG,skyshow,DPS,Tracer,1,2,0.5
China - Stage 1,Suravasa,Homie E,9TRIBEZ,Tank,Hazard,2,3,0.6667
China - Stage 1,Suravasa,Homie E,9TRIBEZ,Tank,Zarya,1,3,0.3333
China - Stage 1,Suravasa,Homie E,Lilko,DPS,Vendetta,1,3,0.3333
China - Stage 1,Suravasa,Homie E,Lilko,DPS,Tracer,1,3,0.3333
China - Stage 1,Suravasa,Homie E,Lilko,DPS,Symmetra,1,3,0.3333
China - Stage 1,Suravasa,Homie E,Remedy,Support,Kiriko,2,4,0.5
China - Stage 1,Suravasa,Homie E,Remedy,Support,Juno,2,4,0.5
China - Stage 1,Suravasa,Homie E,Unkn0w,Support,Lúcio,1,2,0.5
China - Stage 1,Suravasa,Homie E,Unkn0w,Support,Wuyang,1,2,0.5
China - Stage 1,Suravasa,Homie E,fari,DPS,Sojourn,1,2,0.5
China - Stage 1,Suravasa,Homie E,fari,DPS,Emre,1,2,0.5
China - Stage 1,Suravasa,JD Gaming,Belosrea,Tank,Wrecking Ball,2,7,0.2857
China - Stage 1,Suravasa,JD Gaming,Belosrea,Tank,Hazard,2,7,0.2857
China - Stage 1,Suravasa,JD Gaming,Belosrea,Tank,Winston,2,7,0.2857
China - Stage 1,Suravasa,JD Gaming,Belosrea,Tank,D.Va,1,7,0.1429
China - Stage 1,Suravasa,JD Gaming,Kaneki,DPS,Tracer,4,8,0.5
China - Stage 1,Suravasa,JD Gaming,Kaneki,DPS,Symmetra,3,8,0.375
China - Stage 1,Suravasa,JD Gaming,Kaneki,DPS,Vendetta,1,8,0.125
China - Stage 1,Suravasa,JD Gaming,MewTwo,Support,Lúcio,3,5,0.6
China - Stage 1,Suravasa,JD Gaming,MewTwo,Support,Brigitte,1,5,0.2
China - Stage 1,Suravasa,JD Gaming,MewTwo,Support,Wuyang,1,5,0.2
China - Stage 1,Suravasa,JD Gaming,Mmonk,Support,Kiriko,4,5,0.8
China - Stage 1,Suravasa,JD Gaming,Mmonk,Support,Juno,1,5,0.2
China - Stage 1,Suravasa,JD Gaming,Pineapple,DPS,Emre,3,6,0.5
China - Stage 1,Suravasa,JD Gaming,Pineapple,DPS,Sojourn,2,6,0.3333
China - Stage 1,Suravasa,JD Gaming,Pineapple,DPS,Reaper,1,6,0.1667
China - Stage 1,Suravasa,Milk Tea,Diya,DPS,Cassidy,1,2,0.5
China - Stage 1,Suravasa,Milk Tea,Diya,DPS,Soldier: 76,1,2,0.5
China - Stage 1,Suravasa,Milk Tea,Diya,Support,Kiriko,3,5,0.6
China - Stage 1,Suravasa,Milk Tea,Diya,Support,Juno,1,5,0.2
China - Stage 1,Suravasa,Milk Tea,Diya,Support,Jetpack Cat,1,5,0.2
China - Stage 1,Suravasa,Milk Tea,Eileen,DPS,Mei,2,7,0.2857
China - Stage 1,Suravasa,Milk Tea,Eileen,DPS,Reaper,1,7,0.1429
China - Stage 1,Suravasa,Milk Tea,Eileen,DPS,Symmetra,1,7,0.1429
China - Stage 1,Suravasa,Milk Tea,Eileen,DPS,Pharah,1,7,0.1429
China - Stage 1,Suravasa,Milk Tea,Eileen,DPS,Vendetta,1,7,0.1429
China - Stage 1,Suravasa,Milk Tea,Eileen,DPS,Sierra,1,7,0.1429
China - Stage 1,Suravasa,Milk Tea,Hypnos,Support,Kiriko,1,2,0.5
China - Stage 1,Suravasa,Milk Tea,Hypnos,Support,Juno,1,2,0.5
China - Stage 1,Suravasa,Milk Tea,TCC,Support,Lúcio,2,6,0.3333
China - Stage 1,Suravasa,Milk Tea,TCC,Support,Juno,1,6,0.1667
China - Stage 1,Suravasa,Milk Tea,TCC,Support,Brigitte,1,6,0.1667
China - Stage 1,Suravasa,Milk Tea,TCC,Support,Jetpack Cat,1,6,0.1667
China - Stage 1,Suravasa,Milk Tea,TCC,Support,Mercy,1,6,0.1667
China - Stage 1,Suravasa,Milk Tea,Taimouren,DPS,Emre,1,5,0.2
China - Stage 1,Suravasa,Milk Tea,Taimouren,DPS,Sojourn,1,5,0.2
China - Stage 1,Suravasa,Milk Tea,Taimouren,DPS,Cassidy,1,5,0.2
China - Stage 1,Suravasa,Milk Tea,Taimouren,DPS,Tracer,1,5,0.2
China - Stage 1,Suravasa,Milk Tea,Taimouren,DPS,Echo,1,5,0.2
China - Stage 1,Suravasa,Milk Tea,feiyang,Tank,Orisa,2,8,0.25
China - Stage 1,Suravasa,Milk Tea,feiyang,Tank,Zarya,1,8,0.125
China - Stage 1,Suravasa,Milk Tea,feiyang,Tank,D.Va,1,8,0.125
China - Stage 1,Suravasa,Milk Tea,feiyang,Tank,Doomfist,1,8,0.125
China - Stage 1,Suravasa,Milk Tea,feiyang,Tank,Roadhog,1,8,0.125
China - Stage 1,Suravasa,Milk Tea,feiyang,Tank,Mauga,1,8,0.125
China - Stage 1,Suravasa,Milk Tea,feiyang,Tank,Wrecking Ball,1,8,0.125
China - Stage 1,Suravasa,Naive Piggy,Coldj,Support,Brigitte,3,4,0.75
China - Stage 1,Suravasa,Naive Piggy,Coldj,Support,Illari,1,4,0.25
China - Stage 1,Suravasa,Naive Piggy,JAYA,DPS,Vendetta,2,4,0.5
China - Stage 1,Suravasa,Naive Piggy,JAYA,DPS,Tracer,2,4,0.5
China - Stage 1,Suravasa,Naive Piggy,Lateyoung,Tank,Orisa,2,3,0.6667
China - Stage 1,Suravasa,Naive Piggy,Lateyoung,Tank,D.Va,1,3,0.3333
China - Stage 1,Suravasa,Naive Piggy,sara,Support,Juno,3,4,0.75
China - Stage 1,Suravasa,Naive Piggy,sara,Support,Kiriko,1,4,0.25
China - Stage 1,Suravasa,Naive Piggy,wh4le,DPS,Sojourn,3,5,0.6
China - Stage 1,Suravasa,Naive Piggy,wh4le,DPS,Emre,1,5,0.2
China - Stage 1,Suravasa,Naive Piggy,wh4le,DPS,Ashe,1,5,0.2
China - Stage 1,Suravasa,SV,A1WAYS,Support,Lúcio,3,7,0.4286
China - Stage 1,Suravasa,SV,A1WAYS,Support,Wuyang,2,7,0.2857
China - Stage 1,Suravasa,SV,A1WAYS,Support,Baptiste,1,7,0.1429
China - Stage 1,Suravasa,SV,A1WAYS,Support,Kiriko,1,7,0.1429
China - Stage 1,Suravasa,SV,BABAYAGA,DPS,Vendetta,4,8,0.5
China - Stage 1,Suravasa,SV,BABAYAGA,DPS,Tracer,2,8,0.25
China - Stage 1,Suravasa,SV,BABAYAGA,DPS,Symmetra,1,8,0.125
China - Stage 1,Suravasa,SV,BABAYAGA,DPS,Bastion,1,8,0.125
China - Stage 1,Suravasa,SV,Littlemoon,DPS,Emre,2,7,0.2857
China - Stage 1,Suravasa,SV,Littlemoon,DPS,Sojourn,2,7,0.2857
China - Stage 1,Suravasa,SV,Littlemoon,DPS,Symmetra,2,7,0.2857
China - Stage 1,Suravasa,SV,Littlemoon,DPS,Cassidy,1,7,0.1429
China - Stage 1,Suravasa,SV,Noy,Support,Kiriko,4,7,0.5714
China - Stage 1,Suravasa,SV,Noy,Support,Juno,2,7,0.2857
China - Stage 1,Suravasa,SV,Noy,Support,Jetpack Cat,1,7,0.1429
China - Stage 1,Suravasa,SV,prot3ct,Tank,Zarya,4,8,0.5
China - Stage 1,Suravasa,SV,prot3ct,Tank,D.Va,3,8,0.375
China - Stage 1,Suravasa,SV,prot3ct,Tank,Junker Queen,1,8,0.125
China - Stage 1,Suravasa,Weibo Gaming,Leave,DPS,Symmetra,5,12,0.4167
China - Stage 1,Suravasa,Weibo Gaming,Leave,DPS,Tracer,4,12,0.3333
China - Stage 1,Suravasa,Weibo Gaming,Leave,DPS,Sierra,1,12,0.0833
China - Stage 1,Suravasa,Weibo Gaming,Leave,DPS,Pharah,1,12,0.0833
China - Stage 1,Suravasa,Weibo Gaming,Leave,DPS,Reaper,1,12,0.0833
China - Stage 1,Suravasa,Weibo Gaming,LeeSooMin,Support,Lúcio,3,5,0.6
China - Stage 1,Suravasa,Weibo Gaming,LeeSooMin,Support,Jetpack Cat,2,5,0.4
China - Stage 1,Suravasa,Weibo Gaming,MAKA,Support,Kiriko,4,6,0.6667
China - Stage 1,Suravasa,Weibo Gaming,MAKA,Support,Jetpack Cat,1,6,0.1667
China - Stage 1,Suravasa,Weibo Gaming,MAKA,Support,Illari,1,6,0.1667
China - Stage 1,Suravasa,Weibo Gaming,Shy,DPS,Emre,1,2,0.5
China - Stage 1,Suravasa,Weibo Gaming,Shy,DPS,Bastion,1,2,0.5
China - Stage 1,Suravasa,Weibo Gaming,guxue,Tank,Hazard,2,5,0.4
China - Stage 1,Suravasa,Weibo Gaming,guxue,Tank,Winston,1,5,0.2
China - Stage 1,Suravasa,Weibo Gaming,guxue,Tank,Wrecking Ball,1,5,0.2
China - Stage 1,Suravasa,Weibo Gaming,guxue,Tank,Zarya,1,5,0.2
China - Stage 1,Suravasa,Weibo Gaming,shy,DPS,Sojourn,2,3,0.6667
China - Stage 1,Suravasa,Weibo Gaming,shy,DPS,Bastion,1,3,0.3333
China - Stage 1,Watchpoint: Gibraltar,All Gamers,Alphari,DPS,Symmetra,3,8,0.375
China - Stage 1,Watchpoint: Gibraltar,All Gamers,Alphari,DPS,Hanzo,2,8,0.25
China - Stage 1,Watchpoint: Gibraltar,All Gamers,Alphari,DPS,Tracer,2,8,0.25
China - Stage 1,Watchpoint: Gibraltar,All Gamers,Alphari,DPS,Venture,1,8,0.125
China - Stage 1,Watchpoint: Gibraltar,All Gamers,Ezhan,DPS,Widowmaker,3,9,0.3333
China - Stage 1,Watchpoint: Gibraltar,All Gamers,Ezhan,DPS,Emre,2,9,0.2222
China - Stage 1,Watchpoint: Gibraltar,All Gamers,Ezhan,DPS,Cassidy,1,9,0.1111
China - Stage 1,Watchpoint: Gibraltar,All Gamers,Ezhan,DPS,Tracer,1,9,0.1111
China - Stage 1,Watchpoint: Gibraltar,All Gamers,Ezhan,DPS,Sojourn,1,9,0.1111
China - Stage 1,Watchpoint: Gibraltar,All Gamers,Ezhan,DPS,Genji,1,9,0.1111
China - Stage 1,Watchpoint: Gibraltar,All Gamers,Lengsa,Support,Lúcio,3,8,0.375
China - Stage 1,Watchpoint: Gibraltar,All Gamers,Lengsa,Support,Brigitte,2,8,0.25
China - Stage 1,Watchpoint: Gibraltar,All Gamers,Lengsa,Support,Jetpack Cat,1,8,0.125
China - Stage 1,Watchpoint: Gibraltar,All Gamers,Lengsa,Support,Wuyang,1,8,0.125
China - Stage 1,Watchpoint: Gibraltar,All Gamers,Lengsa,Support,Lifeweaver,1,8,0.125
China - Stage 1,Watchpoint: Gibraltar,All Gamers,LiGe,Tank,Reinhardt,2,8,0.25
China - Stage 1,Watchpoint: Gibraltar,All Gamers,LiGe,Tank,D.Va,2,8,0.25
China - Stage 1,Watchpoint: Gibraltar,All Gamers,LiGe,Tank,Wrecking Ball,1,8,0.125
China - Stage 1,Watchpoint: Gibraltar,All Gamers,LiGe,Tank,Sigma,1,8,0.125
China - Stage 1,Watchpoint: Gibraltar,All Gamers,LiGe,Tank,Winston,1,8,0.125
China - Stage 1,Watchpoint: Gibraltar,All Gamers,LiGe,Tank,Mauga,1,8,0.125
China - Stage 1,Watchpoint: Gibraltar,All Gamers,Recall,Support,Kiriko,3,4,0.75
China - Stage 1,Watchpoint: Gibraltar,All Gamers,Recall,Support,Mizuki,1,4,0.25
China - Stage 1,Watchpoint: Gibraltar,DEG,Limbo,Tank,Doomfist,1,1,1.0
China - Stage 1,Watchpoint: Gibraltar,DEG,SINCE,Support,Ana,1,2,0.5
China - Stage 1,Watchpoint: Gibraltar,DEG,SINCE,Support,Baptiste,1,2,0.5
China - Stage 1,Watchpoint: Gibraltar,DEG,Saya,Support,Brigitte,1,1,1.0
China - Stage 1,Watchpoint: Gibraltar,DEG,Wangming,DPS,Venture,1,3,0.3333
China - Stage 1,Watchpoint: Gibraltar,DEG,Wangming,DPS,Anran,1,3,0.3333
China - Stage 1,Watchpoint: Gibraltar,DEG,Wangming,DPS,Symmetra,1,3,0.3333
China - Stage 1,Watchpoint: Gibraltar,DEG,skyshow,DPS,Cassidy,1,2,0.5
China - Stage 1,Watchpoint: Gibraltar,DEG,skyshow,DPS,Tracer,1,2,0.5
China - Stage 1,Watchpoint: Gibraltar,JD Gaming,Belosrea,Tank,D.Va,2,5,0.4
China - Stage 1,Watchpoint: Gibraltar,JD Gaming,Belosrea,Tank,Wrecking Ball,1,5,0.2
China - Stage 1,Watchpoint: Gibraltar,JD Gaming,Belosrea,Tank,Hazard,1,5,0.2
China - Stage 1,Watchpoint: Gibraltar,JD Gaming,Belosrea,Tank,Doomfist,1,5,0.2
China - Stage 1,Watchpoint: Gibraltar,JD Gaming,Kaneki,DPS,Vendetta,1,4,0.25
China - Stage 1,Watchpoint: Gibraltar,JD Gaming,Kaneki,DPS,Venture,1,4,0.25
China - Stage 1,Watchpoint: Gibraltar,JD Gaming,Kaneki,DPS,Echo,1,4,0.25
China - Stage 1,Watchpoint: Gibraltar,JD Gaming,Kaneki,DPS,Tracer,1,4,0.25
China - Stage 1,Watchpoint: Gibraltar,JD Gaming,MewTwo,Support,Lúcio,2,5,0.4
China - Stage 1,Watchpoint: Gibraltar,JD Gaming,MewTwo,Support,Brigitte,2,5,0.4
China - Stage 1,Watchpoint: Gibraltar,JD Gaming,MewTwo,Support,Zenyatta,1,5,0.2
China - Stage 1,Watchpoint: Gibraltar,JD Gaming,Mmonk,Support,Kiriko,2,2,1.0
China - Stage 1,Watchpoint: Gibraltar,JD Gaming,Pineapple,DPS,Sojourn,2,6,0.3333
China - Stage 1,Watchpoint: Gibraltar,JD Gaming,Pineapple,DPS,Emre,2,6,0.3333
China - Stage 1,Watchpoint: Gibraltar,JD Gaming,Pineapple,DPS,Widowmaker,1,6,0.1667
China - Stage 1,Watchpoint: Gibraltar,JD Gaming,Pineapple,DPS,Symmetra,1,6,0.1667
China - Stage 1,Watchpoint: Gibraltar,Milk Tea,Diya,Support,Kiriko,1,2,0.5
China - Stage 1,Watchpoint: Gibraltar,Milk Tea,Diya,Support,Illari,1,2,0.5
China - Stage 1,Watchpoint: Gibraltar,Milk Tea,Eileen,DPS,Symmetra,1,2,0.5
China - Stage 1,Watchpoint: Gibraltar,Milk Tea,Eileen,DPS,Reaper,1,2,0.5
China - Stage 1,Watchpoint: Gibraltar,Milk Tea,Hypnos,Support,Lúcio,1,3,0.3333
China - Stage 1,Watchpoint: Gibraltar,Milk Tea,Hypnos,Support,Wuyang,1,3,0.3333
China - Stage 1,Watchpoint: Gibraltar,Milk Tea,Hypnos,Support,Illari,1,3,0.3333
China - Stage 1,Watchpoint: Gibraltar,Milk Tea,TCC,Support,Ana,1,2,0.5
China - Stage 1,Watchpoint: Gibraltar,Milk Tea,TCC,Support,Kiriko,1,2,0.5
China - Stage 1,Watchpoint: Gibraltar,Milk Tea,Taimouren,DPS,Emre,2,5,0.4
China - Stage 1,Watchpoint: Gibraltar,Milk Tea,Taimouren,DPS,Ashe,2,5,0.4
China - Stage 1,Watchpoint: Gibraltar,Milk Tea,Taimouren,DPS,Freja,1,5,0.2
China - Stage 1,Watchpoint: Gibraltar,Milk Tea,feiyang,Tank,Roadhog,1,5,0.2
China - Stage 1,Watchpoint: Gibraltar,Milk Tea,feiyang,Tank,Sigma,1,5,0.2
China - Stage 1,Watchpoint: Gibraltar,Milk Tea,feiyang,Tank,Ramattra,1,5,0.2
China - Stage 1,Watchpoint: Gibraltar,Milk Tea,feiyang,Tank,Zarya,1,5,0.2
China - Stage 1,Watchpoint: Gibraltar,Milk Tea,feiyang,Tank,Winston,1,5,0.2
China - Stage 1,Watchpoint: Gibraltar,SV,A1WAYS,Support,Wuyang,1,1,1.0
China - Stage 1,Watchpoint: Gibraltar,SV,BABAYAGA,DPS,Tracer,1,1,1.0
China - Stage 1,Watchpoint: Gibraltar,SV,Littlemoon,DPS,Emre,1,2,0.5
China - Stage 1,Watchpoint: Gibraltar,SV,Littlemoon,DPS,Freja,1,2,0.5
China - Stage 1,Watchpoint: Gibraltar,SV,Noy,Support,Kiriko,1,1,1.0
China - Stage 1,Watchpoint: Gibraltar,SV,prot3ct,Tank,D.Va,1,1,1.0
China - Stage 1,Watchpoint: Gibraltar,Weibo Gaming,Leave,DPS,Reaper,1,3,0.3333
China - Stage 1,Watchpoint: Gibraltar,Weibo Gaming,Leave,DPS,Genji,1,3,0.3333
China - Stage 1,Watchpoint: Gibraltar,Weibo Gaming,Leave,DPS,Anran,1,3,0.3333
China - Stage 1,Watchpoint: Gibraltar,Weibo Gaming,LeeSooMin,Support,Illari,1,1,1.0
China - Stage 1,Watchpoint: Gibraltar,Weibo Gaming,MAKA,Support,Ana,1,2,0.5
China - Stage 1,Watchpoint: Gibraltar,Weibo Gaming,MAKA,Support,Lúcio,1,2,0.5
China - Stage 1,Watchpoint: Gibraltar,Weibo Gaming,guxue,Tank,Hazard,1,1,1.0
China - Stage 1,Watchpoint: Gibraltar,Weibo Gaming,shy,DPS,Cassidy,1,2,0.5
China - Stage 1,Watchpoint: Gibraltar,Weibo Gaming,shy,DPS,Emre,1,2,0.5
EMEA - Stage 1,Aatlis,Al Qadsiah,Ade,DPS,Emre,4,8,0.5
EMEA - Stage 1,Aatlis,Al Qadsiah,Ade,DPS,Vendetta,2,8,0.25
EMEA - Stage 1,Aatlis,Al Qadsiah,Ade,DPS,Sojourn,1,8,0.125
EMEA - Stage 1,Aatlis,Al Qadsiah,Ade,DPS,Tracer,1,8,0.125
EMEA - Stage 1,Aatlis,Al Qadsiah,Galaa,Support,Lúcio,3,4,0.75
EMEA - Stage 1,Aatlis,Al Qadsiah,Galaa,Support,Juno,1,4,0.25
EMEA - Stage 1,Aatlis,Al Qadsiah,SirMajed,Support,Kiriko,4,6,0.6667
EMEA - Stage 1,Aatlis,Al Qadsiah,SirMajed,Support,Juno,2,6,0.3333
EMEA - Stage 1,Aatlis,Al Qadsiah,Taejong,DPS,Vendetta,3,7,0.4286
EMEA - Stage 1,Aatlis,Al Qadsiah,Taejong,DPS,Symmetra,2,7,0.2857
EMEA - Stage 1,Aatlis,Al Qadsiah,Taejong,DPS,Echo,1,7,0.1429
EMEA - Stage 1,Aatlis,Al Qadsiah,Taejong,DPS,Tracer,1,7,0.1429
EMEA - Stage 1,Aatlis,Al Qadsiah,Vestola,Tank,Zarya,4,5,0.8
EMEA - Stage 1,Aatlis,Al Qadsiah,Vestola,Tank,D.Va,1,5,0.2
EMEA - Stage 1,Aatlis,Anyone's Legend,Kai,DPS,Emre,1,1,1.0
EMEA - Stage 1,Aatlis,Anyone's Legend,Khenail,Support,Kiriko,1,2,0.5
EMEA - Stage 1,Aatlis,Anyone's Legend,Khenail,Support,Juno,1,2,0.5
EMEA - Stage 1,Aatlis,Anyone's Legend,Tama,Tank,Zarya,1,2,0.5
EMEA - Stage 1,Aatlis,Anyone's Legend,Tama,Tank,Wrecking Ball,1,2,0.5
EMEA - Stage 1,Aatlis,Anyone's Legend,WMaimone,DPS,Vendetta,1,1,1.0
EMEA - Stage 1,Aatlis,Anyone's Legend,crispy,Support,Lúcio,1,1,1.0
EMEA - Stage 1,Aatlis,Geekay Esports,AlphaYi,DPS,Vendetta,2,2,1.0
EMEA - Stage 1,Aatlis,Geekay Esports,FiNN,Support,Kiriko,2,4,0.5
EMEA - Stage 1,Aatlis,Geekay Esports,FiNN,Support,Juno,2,4,0.5
EMEA - Stage 1,Aatlis,Geekay Esports,Haku,Support,Lúcio,2,2,1.0
EMEA - Stage 1,Aatlis,Geekay Esports,LBBD7,DPS,Emre,2,2,1.0
EMEA - Stage 1,Aatlis,Geekay Esports,ZIYAD,Tank,Zarya,2,2,1.0
EMEA - Stage 1,Aatlis,Team Peps,Dip,DPS,Vendetta,2,2,1.0
EMEA - Stage 1,Aatlis,Team Peps,FDGod,Support,Lúcio,2,2,1.0
EMEA - Stage 1,Aatlis,Team Peps,Willys,Tank,Hazard,1,4,0.25
EMEA - Stage 1,Aatlis,Team Peps,Willys,Tank,Zarya,1,4,0.25
EMEA - Stage 1,Aatlis,Team Peps,Willys,Tank,Ramattra,1,4,0.25
EMEA - Stage 1,Aatlis,Team Peps,Willys,Tank,Wrecking Ball,1,4,0.25
EMEA - Stage 1,Aatlis,Team Peps,Xerion,Support,Kiriko,2,3,0.6667
EMEA - Stage 1,Aatlis,Team Peps,Xerion,Support,Juno,1,3,0.3333
EMEA - Stage 1,Aatlis,Team Peps,Zorrow,DPS,Emre,2,2,1.0
EMEA - Stage 1,Aatlis,Twisted Minds,FunnyAstro,Support,Lúcio,2,3,0.6667
EMEA - Stage 1,Aatlis,Twisted Minds,FunnyAstro,Support,Juno,1,3,0.3333
EMEA - Stage 1,Aatlis,Twisted Minds,JaeWoo,DPS,Vendetta,2,5,0.4
EMEA - Stage 1,Aatlis,Twisted Minds,JaeWoo,DPS,Tracer,2,5,0.4
EMEA - Stage 1,Aatlis,Twisted Minds,JaeWoo,DPS,Symmetra,1,5,0.2
EMEA - Stage 1,Aatlis,Twisted Minds,Quartz,DPS,Emre,2,4,0.5
EMEA - Stage 1,Aatlis,Twisted Minds,Quartz,DPS,Sojourn,1,4,0.25
EMEA - Stage 1,Aatlis,Twisted Minds,Quartz,DPS,Tracer,1,4,0.25
EMEA - Stage 1,Aatlis,Twisted Minds,Simple,Support,Kiriko,3,5,0.6
EMEA - Stage 1,Aatlis,Twisted Minds,Simple,Support,Juno,2,5,0.4
EMEA - Stage 1,Aatlis,Twisted Minds,TVNT,Tank,Zarya,2,3,0.6667
EMEA - Stage 1,Aatlis,Twisted Minds,TVNT,Tank,D.Va,1,3,0.3333
EMEA - Stage 1,Aatlis,Virtus.pro,FiXa,Support,Lúcio,2,2,1.0
EMEA - Stage 1,Aatlis,Virtus.pro,Kevster,DPS,Emre,1,2,0.5
EMEA - Stage 1,Aatlis,Virtus.pro,Kevster,DPS,Tracer,1,2,0.5
EMEA - Stage 1,Aatlis,Virtus.pro,Landon,Support,Kiriko,2,2,1.0
EMEA - Stage 1,Aatlis,Virtus.pro,Seicoe,DPS,Vendetta,2,2,1.0
EMEA - Stage 1,Aatlis,Virtus.pro,eisgnom,Tank,Zarya,1,3,0.3333
EMEA - Stage 1,Aatlis,Virtus.pro,eisgnom,Tank,Hazard,1,3,0.3333
EMEA - Stage 1,Aatlis,Virtus.pro,eisgnom,Tank,D.Va,1,3,0.3333
EMEA - Stage 1,Blizzard World,Anyone's Legend,Kai,DPS,Widowmaker,3,6,0.5
EMEA - Stage 1,Blizzard World,Anyone's Legend,Kai,DPS,Emre,2,6,0.3333
EMEA - Stage 1,Blizzard World,Anyone's Legend,Kai,DPS,Sojourn,1,6,0.1667
EMEA - Stage 1,Blizzard World,Anyone's Legend,Khenail,Support,Kiriko,3,4,0.75
EMEA - Stage 1,Blizzard World,Anyone's Legend,Khenail,Support,Lifeweaver,1,4,0.25
EMEA - Stage 1,Blizzard World,Anyone's Legend,Tama,Tank,Winston,1,2,0.5
EMEA - Stage 1,Blizzard World,Anyone's Legend,Tama,Tank,Zarya,1,2,0.5
EMEA - Stage 1,Blizzard World,Anyone's Legend,WMaimone,DPS,Tracer,2,4,0.5
EMEA - Stage 1,Blizzard World,Anyone's Legend,WMaimone,DPS,Vendetta,1,4,0.25
EMEA - Stage 1,Blizzard World,Anyone's Legend,WMaimone,DPS,Pharah,1,4,0.25
EMEA - Stage 1,Blizzard World,Anyone's Legend,amdp,Tank,Mauga,2,4,0.5
EMEA - Stage 1,Blizzard World,Anyone's Legend,amdp,Tank,D.Va,1,4,0.25
EMEA - Stage 1,Blizzard World,Anyone's Legend,amdp,Tank,Wrecking Ball,1,4,0.25
EMEA - Stage 1,Blizzard World,Anyone's Legend,crispy,Support,Lúcio,2,4,0.5
EMEA - Stage 1,Blizzard World,Anyone's Legend,crispy,Support,Lifeweaver,1,4,0.25
EMEA - Stage 1,Blizzard World,Anyone's Legend,crispy,Support,Juno,1,4,0.25
EMEA - Stage 1,Blizzard World,Geekay Esports,AlphaYi,DPS,Symmetra,2,5,0.4
EMEA - Stage 1,Blizzard World,Geekay Esports,AlphaYi,DPS,Vendetta,1,5,0.2
EMEA - Stage 1,Blizzard World,Geekay Esports,AlphaYi,DPS,Genji,1,5,0.2
EMEA - Stage 1,Blizzard World,Geekay Esports,AlphaYi,DPS,Tracer,1,5,0.2
EMEA - Stage 1,Blizzard World,Geekay Esports,FiNN,Support,Ana,1,5,0.2
EMEA - Stage 1,Blizzard World,Geekay Esports,FiNN,Support,Brigitte,1,5,0.2
EMEA - Stage 1,Blizzard World,Geekay Esports,FiNN,Support,Jetpack Cat,1,5,0.2
EMEA - Stage 1,Blizzard World,Geekay Esports,FiNN,Support,Kiriko,1,5,0.2
EMEA - Stage 1,Blizzard World,Geekay Esports,FiNN,Support,Wuyang,1,5,0.2
EMEA - Stage 1,Blizzard World,Geekay Esports,Haku,Support,Juno,1,2,0.5
EMEA - Stage 1,Blizzard World,Geekay Esports,Haku,Support,Lúcio,1,2,0.5
EMEA - Stage 1,Blizzard World,Geekay Esports,LBBD7,DPS,Emre,2,2,1.0
EMEA - Stage 1,Blizzard World,Geekay Esports,ZIYAD,Tank,Zarya,2,4,0.5
EMEA - Stage 1,Blizzard World,Geekay Esports,ZIYAD,Tank,D.Va,2,4,0.5
EMEA - Stage 1,Blizzard World,Team Peps,Dip,DPS,Tracer,3,7,0.4286
EMEA - Stage 1,Blizzard World,Team Peps,Dip,DPS,Vendetta,2,7,0.2857
EMEA - Stage 1,Blizzard World,Team Peps,Dip,DPS,Widowmaker,1,7,0.1429
EMEA - Stage 1,Blizzard World,Team Peps,Dip,DPS,Pharah,1,7,0.1429
EMEA - Stage 1,Blizzard World,Team Peps,FDGod,Support,Lúcio,2,5,0.4
EMEA - Stage 1,Blizzard World,Team Peps,FDGod,Support,Juno,1,5,0.2
EMEA - Stage 1,Blizzard World,Team Peps,FDGod,Support,Brigitte,1,5,0.2
EMEA - Stage 1,Blizzard World,Team Peps,FDGod,Support,Jetpack Cat,1,5,0.2
EMEA - Stage 1,Blizzard World,Team Peps,Willys,Tank,Hazard,2,5,0.4
EMEA - Stage 1,Blizzard World,Team Peps,Willys,Tank,Mauga,2,5,0.4
EMEA - Stage 1,Blizzard World,Team Peps,Willys,Tank,Zarya,1,5,0.2
EMEA - Stage 1,Blizzard World,Team Peps,Xerion,Support,Kiriko,3,4,0.75
EMEA - Stage 1,Blizzard World,Team Peps,Xerion,Support,Juno,1,4,0.25
EMEA - Stage 1,Blizzard World,Team Peps,Zorrow,DPS,Emre,3,5,0.6
EMEA - Stage 1,Blizzard World,Team Peps,Zorrow,DPS,Sojourn,2,5,0.4
EMEA - Stage 1,Blizzard World,Twisted Minds,FunnyAstro,Support,Lúcio,1,1,1.0
EMEA - Stage 1,Blizzard World,Twisted Minds,JaeWoo,DPS,Vendetta,1,3,0.3333
EMEA - Stage 1,Blizzard World,Twisted Minds,JaeWoo,DPS,Pharah,1,3,0.3333
EMEA - Stage 1,Blizzard World,Twisted Minds,JaeWoo,DPS,Widowmaker,1,3,0.3333
EMEA - Stage 1,Blizzard World,Twisted Minds,Quartz,DPS,Emre,1,1,1.0
EMEA - Stage 1,Blizzard World,Twisted Minds,Simple,Support,Kiriko,1,2,0.5
EMEA - Stage 1,Blizzard World,Twisted Minds,Simple,Support,Juno,1,2,0.5
EMEA - Stage 1,Blizzard World,Twisted Minds,TVNT,Tank,Zarya,1,2,0.5
EMEA - Stage 1,Blizzard World,Twisted Minds,TVNT,Tank,Orisa,1,2,0.5
EMEA - Stage 1,Blizzard World,Virtus.pro,FiXa,Support,Jetpack Cat,3,6,0.5
EMEA - Stage 1,Blizzard World,Virtus.pro,FiXa,Support,Lúcio,2,6,0.3333
EMEA - Stage 1,Blizzard World,Virtus.pro,FiXa,Support,Brigitte,1,6,0.1667
EMEA - Stage 1,Blizzard World,Virtus.pro,Kevster,DPS,Emre,3,6,0.5
EMEA - Stage 1,Blizzard World,Virtus.pro,Kevster,DPS,Widowmaker,3,6,0.5
EMEA - Stage 1,Blizzard World,Virtus.pro,Landon,Support,Kiriko,3,5,0.6
EMEA - Stage 1,Blizzard World,Virtus.pro,Landon,Support,Mercy,1,5,0.2
EMEA - Stage 1,Blizzard World,Virtus.pro,Landon,Support,Juno,1,5,0.2
EMEA - Stage 1,Blizzard World,Virtus.pro,Seicoe,DPS,Tracer,3,5,0.6
EMEA - Stage 1,Blizzard World,Virtus.pro,Seicoe,DPS,Vendetta,2,5,0.4
EMEA - Stage 1,Blizzard World,Virtus.pro,eisgnom,Tank,Zarya,2,6,0.3333
EMEA - Stage 1,Blizzard World,Virtus.pro,eisgnom,Tank,Wrecking Ball,2,6,0.3333
EMEA - Stage 1,Blizzard World,Virtus.pro,eisgnom,Tank,Hazard,1,6,0.1667
EMEA - Stage 1,Blizzard World,Virtus.pro,eisgnom,Tank,Mauga,1,6,0.1667
EMEA - Stage 1,Busan,Geekay Esports,AlphaYi,DPS,Tracer,1,2,0.5
EMEA - Stage 1,Busan,Geekay Esports,AlphaYi,DPS,Symmetra,1,2,0.5
EMEA - Stage 1,Busan,Geekay Esports,FiNN,Support,Kiriko,1,2,0.5
EMEA - Stage 1,Busan,Geekay Esports,FiNN,Support,Jetpack Cat,1,2,0.5
EMEA - Stage 1,Busan,Geekay Esports,Haku,Support,Lúcio,1,1,1.0
EMEA - Stage 1,Busan,Geekay Esports,LBBD7,DPS,Sojourn,1,1,1.0
EMEA - Stage 1,Busan,Geekay Esports,ZIYAD,Tank,D.Va,1,2,0.5
EMEA - Stage 1,Busan,Geekay Esports,ZIYAD,Tank,Wrecking Ball,1,2,0.5
EMEA - Stage 1,Busan,Team Peps,Dip,DPS,Vendetta,1,2,0.5
EMEA - Stage 1,Busan,Team Peps,Dip,DPS,Widowmaker,1,2,0.5
EMEA - Stage 1,Busan,Team Peps,FDGod,Support,Lúcio,1,1,1.0
EMEA - Stage 1,Busan,Team Peps,Willys,Tank,Hazard,1,2,0.5
EMEA - Stage 1,Busan,Team Peps,Willys,Tank,D.Va,1,2,0.5
EMEA - Stage 1,Busan,Team Peps,Xerion,Support,Kiriko,1,2,0.5
EMEA - Stage 1,Busan,Team Peps,Xerion,Support,Juno,1,2,0.5
EMEA - Stage 1,Busan,Team Peps,Zorrow,DPS,Emre,1,1,1.0
EMEA - Stage 1,Busan,Twisted Minds,FunnyAstro,Support,Lúcio,2,2,1.0
EMEA - Stage 1,Busan,Twisted Minds,JaeWoo,DPS,Vendetta,1,3,0.3333
EMEA - Stage 1,Busan,Twisted Minds,JaeWoo,DPS,Tracer,1,3,0.3333
EMEA - Stage 1,Busan,Twisted Minds,JaeWoo,DPS,Symmetra,1,3,0.3333
EMEA - Stage 1,Busan,Twisted Minds,KSAA,Tank,Zarya,1,1,1.0
EMEA - Stage 1,Busan,Twisted Minds,Quartz,DPS,Emre,2,2,1.0
EMEA - Stage 1,Busan,Twisted Minds,Simple,Support,Kiriko,2,4,0.5
EMEA - Stage 1,Busan,Twisted Minds,Simple,Support,Juno,2,4,0.5
EMEA - Stage 1,Busan,Twisted Minds,TVNT,Tank,D.Va,1,1,1.0
EMEA - Stage 1,Esperança,Al Qadsiah,Ade,DPS,Emre,1,1,1.0
EMEA - Stage 1,Esperança,Al Qadsiah,Galaa,Support,Lúcio,1,1,1.0
EMEA - Stage 1,Esperança,Al Qadsiah,SirMajed,Support,Kiriko,1,1,1.0
EMEA - Stage 1,Esperança,Al Qadsiah,Taejong,DPS,Tracer,1,2,0.5
EMEA - Stage 1,Esperança,Al Qadsiah,Taejong,DPS,Pharah,1,2,0.5
EMEA - Stage 1,Esperança,Al Qadsiah,Vestola,Tank,Zarya,1,1,1.0
EMEA - Stage 1,Esperança,Anyone's Legend,Kai,DPS,Emre,2,2,1.0
EMEA - Stage 1,Esperança,Anyone's Legend,Khenail,Support,Kiriko,2,2,1.0
EMEA - Stage 1,Esperança,Anyone's Legend,Tama,Tank,Zarya,1,1,1.0
EMEA - Stage 1,Esperança,Anyone's Legend,WMaimone,DPS,Vendetta,2,3,0.6667
EMEA - Stage 1,Esperança,Anyone's Legend,WMaimone,DPS,Echo,1,3,0.3333
EMEA - Stage 1,Esperança,Anyone's Legend,amdp,Tank,D.Va,1,1,1.0
EMEA - Stage 1,Esperança,Anyone's Legend,crispy,Support,Lúcio,2,2,1.0
EMEA - Stage 1,Esperança,Geekay Esports,AlphaYi,DPS,Vendetta,2,6,0.3333
EMEA - Stage 1,Esperança,Geekay Esports,AlphaYi,DPS,Tracer,2,6,0.3333
EMEA - Stage 1,Esperança,Geekay Esports,AlphaYi,DPS,Symmetra,1,6,0.1667
EMEA - Stage 1,Esperança,Geekay Esports,AlphaYi,DPS,Pharah,1,6,0.1667
EMEA - Stage 1,Esperança,Geekay Esports,FiNN,Support,Kiriko,2,4,0.5
EMEA - Stage 1,Esperança,Geekay Esports,FiNN,Support,Brigitte,1,4,0.25
EMEA - Stage 1,Esperança,Geekay Esports,FiNN,Support,Ana,1,4,0.25
EMEA - Stage 1,Esperança,Geekay Esports,Haku,Support,Juno,1,2,0.5
EMEA - Stage 1,Esperança,Geekay Esports,Haku,Support,Lúcio,1,2,0.5
EMEA - Stage 1,Esperança,Geekay Esports,LBBD7,DPS,Emre,2,2,1.0
EMEA - Stage 1,Esperança,Geekay Esports,ZIYAD,Tank,D.Va,2,3,0.6667
EMEA - Stage 1,Esperança,Geekay Esports,ZIYAD,Tank,Doomfist,1,3,0.3333
EMEA - Stage 1,Esperança,Team Peps,Dip,DPS,Vendetta,1,1,1.0
EMEA - Stage 1,Esperança,Team Peps,FDGod,Support,Lúcio,1,1,1.0
EMEA - Stage 1,Esperança,Team Peps,Willys,Tank,D.Va,1,2,0.5
EMEA - Stage 1,Esperança,Team Peps,Willys,Tank,Zarya,1,2,0.5
EMEA - Stage 1,Esperança,Team Peps,Xerion,Support,Kiriko,1,1,1.0
EMEA - Stage 1,Esperança,Team Peps,Zorrow,DPS,Emre,1,1,1.0
EMEA - Stage 1,Esperança,Twisted Minds,FunnyAstro,Support,Lúcio,1,2,0.5
EMEA - Stage 1,Esperança,Twisted Minds,FunnyAstro,Support,Juno,1,2,0.5
EMEA - Stage 1,Esperança,Twisted Minds,JaeWoo,DPS,Vendetta,1,2,0.5
EMEA - Stage 1,Esperança,Twisted Minds,JaeWoo,DPS,Tracer,1,2,0.5
EMEA - Stage 1,Esperança,Twisted Minds,KSAA,Tank,Ramattra,1,2,0.5
EMEA - Stage 1,Esperança,Twisted Minds,KSAA,Tank,D.Va,1,2,0.5
EMEA - Stage 1,Esperança,Twisted Minds,Quartz,DPS,Emre,2,3,0.6667
EMEA - Stage 1,Esperança,Twisted Minds,Quartz,DPS,Echo,1,3,0.3333
EMEA - Stage 1,Esperança,Twisted Minds,Simple,Support,Kiriko,1,2,0.5
EMEA - Stage 1,Esperança,Twisted Minds,Simple,Support,Brigitte,1,2,0.5
EMEA - Stage 1,Esperança,Twisted Minds,TVNT,Tank,D.Va,1,1,1.0
EMEA - Stage 1,Havana,Al Qadsiah,Ade,DPS,Emre,4,8,0.5
EMEA - Stage 1,Havana,Al Qadsiah,Ade,DPS,Widowmaker,2,8,0.25
EMEA - Stage 1,Havana,Al Qadsiah,Ade,DPS,Tracer,1,8,0.125
EMEA - Stage 1,Havana,Al Qadsiah,Ade,DPS,Vendetta,1,8,0.125
EMEA - Stage 1,Havana,Al Qadsiah,Galaa,Support,Juno,4,7,0.5714
EMEA - Stage 1,Havana,Al Qadsiah,Galaa,Support,Zenyatta,2,7,0.2857
EMEA - Stage 1,Havana,Al Qadsiah,Galaa,Support,Jetpack Cat,1,7,0.1429
EMEA - Stage 1,Havana,Al Qadsiah,SirMajed,Support,Illari,4,8,0.5
EMEA - Stage 1,Havana,Al Qadsiah,SirMajed,Support,Brigitte,3,8,0.375
EMEA - Stage 1,Havana,Al Qadsiah,SirMajed,Support,Kiriko,1,8,0.125
EMEA - Stage 1,Havana,Al Qadsiah,Taejong,DPS,Vendetta,3,10,0.3
EMEA - Stage 1,Havana,Al Qadsiah,Taejong,DPS,Tracer,3,10,0.3
EMEA - Stage 1,Havana,Al Qadsiah,Taejong,DPS,Widowmaker,2,10,0.2
EMEA - Stage 1,Havana,Al Qadsiah,Taejong,DPS,Symmetra,1,10,0.1
EMEA - Stage 1,Havana,Al Qadsiah,Taejong,DPS,Genji,1,10,0.1
EMEA - Stage 1,Havana,Al Qadsiah,Vestola,Tank,Zarya,2,8,0.25
EMEA - Stage 1,Havana,Al Qadsiah,Vestola,Tank,Mauga,2,8,0.25
EMEA - Stage 1,Havana,Al Qadsiah,Vestola,Tank,Sigma,2,8,0.25
EMEA - Stage 1,Havana,Al Qadsiah,Vestola,Tank,Orisa,1,8,0.125
EMEA - Stage 1,Havana,Al Qadsiah,Vestola,Tank,D.Va,1,8,0.125
EMEA - Stage 1,Havana,Anyone's Legend,Kai,DPS,Emre,2,3,0.6667
EMEA - Stage 1,Havana,Anyone's Legend,Kai,DPS,Widowmaker,1,3,0.3333
EMEA - Stage 1,Havana,Anyone's Legend,Khenail,Support,Brigitte,2,4,0.5
EMEA - Stage 1,Havana,Anyone's Legend,Khenail,Support,Illari,1,4,0.25
EMEA - Stage 1,Havana,Anyone's Legend,Khenail,Support,Kiriko,1,4,0.25
EMEA - Stage 1,Havana,Anyone's Legend,WMaimone,DPS,Tracer,2,3,0.6667
EMEA - Stage 1,Havana,Anyone's Legend,WMaimone,DPS,Vendetta,1,3,0.3333
EMEA - Stage 1,Havana,Anyone's Legend,amdp,Tank,Mauga,2,4,0.5
EMEA - Stage 1,Havana,Anyone's Legend,amdp,Tank,Zarya,1,4,0.25
EMEA - Stage 1,Havana,Anyone's Legend,amdp,Tank,Wrecking Ball,1,4,0.25
EMEA - Stage 1,Havana,Anyone's Legend,crispy,Support,Juno,2,2,1.0
EMEA - Stage 1,Havana,Geekay Esports,AlphaYi,DPS,Tracer,4,10,0.4
EMEA - Stage 1,Havana,Geekay Esports,AlphaYi,DPS,Vendetta,2,10,0.2
EMEA - Stage 1,Havana,Geekay Esports,AlphaYi,DPS,Widowmaker,2,10,0.2
EMEA - Stage 1,Havana,Geekay Esports,AlphaYi,DPS,Echo,1,10,0.1
EMEA - Stage 1,Havana,Geekay Esports,AlphaYi,DPS,Pharah,1,10,0.1
EMEA - Stage 1,Havana,Geekay Esports,FiNN,Support,Kiriko,6,8,0.75
EMEA - Stage 1,Havana,Geekay Esports,FiNN,Support,Ana,1,8,0.125
EMEA - Stage 1,Havana,Geekay Esports,FiNN,Support,Jetpack Cat,1,8,0.125
EMEA - Stage 1,Havana,Geekay Esports,Haku,Support,Lúcio,5,8,0.625
EMEA - Stage 1,Havana,Geekay Esports,Haku,Support,Juno,2,8,0.25
EMEA - Stage 1,Havana,Geekay Esports,Haku,Support,Brigitte,1,8,0.125
EMEA - Stage 1,Havana,Geekay Esports,LBBD7,DPS,Emre,6,8,0.75
EMEA - Stage 1,Havana,Geekay Esports,LBBD7,DPS,Sojourn,2,8,0.25
EMEA - Stage 1,Havana,Geekay Esports,ZIYAD,Tank,Zarya,6,13,0.4615
EMEA - Stage 1,Havana,Geekay Esports,ZIYAD,Tank,Wrecking Ball,4,13,0.3077
EMEA - Stage 1,Havana,Geekay Esports,ZIYAD,Tank,D.Va,3,13,0.2308
EMEA - Stage 1,Havana,Team Peps,Dip,DPS,Tracer,1,1,1.0
EMEA - Stage 1,Havana,Team Peps,FDGod,Support,Brigitte,1,1,1.0
EMEA - Stage 1,Havana,Team Peps,Willys,Tank,Mauga,1,1,1.0
EMEA - Stage 1,Havana,Team Peps,Xerion,Support,Juno,1,1,1.0
EMEA - Stage 1,Havana,Team Peps,Zorrow,DPS,Emre,1,2,0.5
EMEA - Stage 1,Havana,Team Peps,Zorrow,DPS,Widowmaker,1,2,0.5
EMEA - Stage 1,Havana,Twisted Minds,FunnyAstro,Support,Lúcio,2,5,0.4
EMEA - Stage 1,Havana,Twisted Minds,FunnyAstro,Support,Juno,1,5,0.2
EMEA - Stage 1,Havana,Twisted Minds,FunnyAstro,Support,Mercy,1,5,0.2
EMEA - Stage 1,Havana,Twisted Minds,FunnyAstro,Support,Baptiste,1,5,0.2
EMEA - Stage 1,Havana,Twisted Minds,JaeWoo,DPS,Tracer,2,5,0.4
EMEA - Stage 1,Havana,Twisted Minds,JaeWoo,DPS,Genji,1,5,0.2
EMEA - Stage 1,Havana,Twisted Minds,JaeWoo,DPS,Widowmaker,1,5,0.2
EMEA - Stage 1,Havana,Twisted Minds,JaeWoo,DPS,Vendetta,1,5,0.2
EMEA - Stage 1,Havana,Twisted Minds,Quartz,DPS,Emre,2,4,0.5
EMEA - Stage 1,Havana,Twisted Minds,Quartz,DPS,Widowmaker,2,4,0.5
EMEA - Stage 1,Havana,Twisted Minds,Simple,Support,Illari,2,4,0.5
EMEA - Stage 1,Havana,Twisted Minds,Simple,Support,Brigitte,1,4,0.25
EMEA - Stage 1,Havana,Twisted Minds,Simple,Support,Lúcio,1,4,0.25
EMEA - Stage 1,Havana,Twisted Minds,TVNT,Tank,Sigma,2,5,0.4
EMEA - Stage 1,Havana,Twisted Minds,TVNT,Tank,D.Va,1,5,0.2
EMEA - Stage 1,Havana,Twisted Minds,TVNT,Tank,Mauga,1,5,0.2
EMEA - Stage 1,Havana,Twisted Minds,TVNT,Tank,Zarya,1,5,0.2
EMEA - Stage 1,Havana,Virtus.pro,FiXa,Support,Brigitte,3,7,0.4286
EMEA - Stage 1,Havana,Virtus.pro,FiXa,Support,Lúcio,3,7,0.4286
EMEA - Stage 1,Havana,Virtus.pro,FiXa,Support,Jetpack Cat,1,7,0.1429
EMEA - Stage 1,Havana,Virtus.pro,Kevster,DPS,Emre,5,8,0.625
EMEA - Stage 1,Havana,Virtus.pro,Kevster,DPS,Widowmaker,1,8,0.125
EMEA - Stage 1,Havana,Virtus.pro,Kevster,DPS,Tracer,1,8,0.125
EMEA - Stage 1,Havana,Virtus.pro,Kevster,DPS,Cassidy,1,8,0.125
EMEA - Stage 1,Havana,Virtus.pro,Landon,Support,Kiriko,4,7,0.5714
EMEA - Stage 1,Havana,Virtus.pro,Landon,Support,Juno,2,7,0.2857
EMEA - Stage 1,Havana,Virtus.pro,Landon,Support,Ana,1,7,0.1429
EMEA - Stage 1,Havana,Virtus.pro,Seicoe,DPS,Tracer,4,10,0.4
EMEA - Stage 1,Havana,Virtus.pro,Seicoe,DPS,Vendetta,2,10,0.2
EMEA - Stage 1,Havana,Virtus.pro,Seicoe,DPS,Widowmaker,2,10,0.2
EMEA - Stage 1,Havana,Virtus.pro,Seicoe,DPS,Pharah,1,10,0.1
EMEA - Stage 1,Havana,Virtus.pro,Seicoe,DPS,Bastion,1,10,0.1
EMEA - Stage 1,Havana,Virtus.pro,eisgnom,Tank,D.Va,3,8,0.375
EMEA - Stage 1,Havana,Virtus.pro,eisgnom,Tank,Zarya,3,8,0.375
EMEA - Stage 1,Havana,Virtus.pro,eisgnom,Tank,Doomfist,2,8,0.25
EMEA - Stage 1,Lijiang Tower,Al Qadsiah,Ade,DPS,Emre,5,10,0.5
EMEA - Stage 1,Lijiang Tower,Al Qadsiah,Ade,DPS,Symmetra,2,10,0.2
EMEA - Stage 1,Lijiang Tower,Al Qadsiah,Ade,DPS,Echo,1,10,0.1
EMEA - Stage 1,Lijiang Tower,Al Qadsiah,Ade,DPS,Sojourn,1,10,0.1
EMEA - Stage 1,Lijiang Tower,Al Qadsiah,Ade,DPS,Vendetta,1,10,0.1
EMEA - Stage 1,Lijiang Tower,Al Qadsiah,Galaa,Support,Lúcio,6,8,0.75
EMEA - Stage 1,Lijiang Tower,Al Qadsiah,Galaa,Support,Juno,1,8,0.125
EMEA - Stage 1,Lijiang Tower,Al Qadsiah,Galaa,Support,Illari,1,8,0.125
EMEA - Stage 1,Lijiang Tower,Al Qadsiah,SirMajed,Support,Kiriko,6,10,0.6
EMEA - Stage 1,Lijiang Tower,Al Qadsiah,SirMajed,Support,Juno,4,10,0.4
EMEA - Stage 1,Lijiang Tower,Al Qadsiah,Taejong,DPS,Pharah,5,16,0.3125
EMEA - Stage 1,Lijiang Tower,Al Qadsiah,Taejong,DPS,Symmetra,4,16,0.25
EMEA - Stage 1,Lijiang Tower,Al Qadsiah,Taejong,DPS,Tracer,3,16,0.1875
EMEA - Stage 1,Lijiang Tower,Al Qadsiah,Taejong,DPS,Vendetta,3,16,0.1875
EMEA - Stage 1,Lijiang Tower,Al Qadsiah,Taejong,DPS,Echo,1,16,0.0625
EMEA - Stage 1,Lijiang Tower,Al Qadsiah,Vestola,Tank,Zarya,5,10,0.5
EMEA - Stage 1,Lijiang Tower,Al Qadsiah,Vestola,Tank,Mauga,2,10,0.2
EMEA - Stage 1,Lijiang Tower,Al Qadsiah,Vestola,Tank,Domina,1,10,0.1
EMEA - Stage 1,Lijiang Tower,Al Qadsiah,Vestola,Tank,Wrecking Ball,1,10,0.1
EMEA - Stage 1,Lijiang Tower,Al Qadsiah,Vestola,Tank,D.Va,1,10,0.1
EMEA - Stage 1,Lijiang Tower,Anyone's Legend,Kai,DPS,Emre,3,7,0.4286
EMEA - Stage 1,Lijiang Tower,Anyone's Legend,Kai,DPS,Sojourn,3,7,0.4286
EMEA - Stage 1,Lijiang Tower,Anyone's Legend,Kai,DPS,Freja,1,7,0.1429
EMEA - Stage 1,Lijiang Tower,Anyone's Legend,Khenail,Support,Kiriko,4,11,0.3636
EMEA - Stage 1,Lijiang Tower,Anyone's Legend,Khenail,Support,Juno,4,11,0.3636
EMEA - Stage 1,Lijiang Tower,Anyone's Legend,Khenail,Support,Ana,1,11,0.0909
EMEA - Stage 1,Lijiang Tower,Anyone's Legend,Khenail,Support,Brigitte,1,11,0.0909
EMEA - Stage 1,Lijiang Tower,Anyone's Legend,Khenail,Support,Jetpack Cat,1,11,0.0909
EMEA - Stage 1,Lijiang Tower,Anyone's Legend,Tama,Tank,Zarya,2,5,0.4
EMEA - Stage 1,Lijiang Tower,Anyone's Legend,Tama,Tank,Winston,2,5,0.4
EMEA - Stage 1,Lijiang Tower,Anyone's Legend,Tama,Tank,Orisa,1,5,0.2
EMEA - Stage 1,Lijiang Tower,Anyone's Legend,WMaimone,DPS,Vendetta,3,10,0.3
EMEA - Stage 1,Lijiang Tower,Anyone's Legend,WMaimone,DPS,Echo,3,10,0.3
EMEA - Stage 1,Lijiang Tower,Anyone's Legend,WMaimone,DPS,Tracer,2,10,0.2
EMEA - Stage 1,Lijiang Tower,Anyone's Legend,WMaimone,DPS,Reaper,1,10,0.1
EMEA - Stage 1,Lijiang Tower,Anyone's Legend,WMaimone,DPS,Pharah,1,10,0.1
EMEA - Stage 1,Lijiang Tower,Anyone's Legend,amdp,Tank,Mauga,2,4,0.5
EMEA - Stage 1,Lijiang Tower,Anyone's Legend,amdp,Tank,Doomfist,1,4,0.25
EMEA - Stage 1,Lijiang Tower,Anyone's Legend,amdp,Tank,Wrecking Ball,1,4,0.25
EMEA - Stage 1,Lijiang Tower,Anyone's Legend,crispy,Support,Lúcio,4,5,0.8
EMEA - Stage 1,Lijiang Tower,Anyone's Legend,crispy,Support,Juno,1,5,0.2
EMEA - Stage 1,Lijiang Tower,Geekay Esports,AlphaYi,DPS,Symmetra,4,12,0.3333
EMEA - Stage 1,Lijiang Tower,Geekay Esports,AlphaYi,DPS,Vendetta,3,12,0.25
EMEA - Stage 1,Lijiang Tower,Geekay Esports,AlphaYi,DPS,Tracer,3,12,0.25
EMEA - Stage 1,Lijiang Tower,Geekay Esports,AlphaYi,DPS,Pharah,2,12,0.1667
EMEA - Stage 1,Lijiang Tower,Geekay Esports,FiNN,Support,Kiriko,6,10,0.6
EMEA - Stage 1,Lijiang Tower,Geekay Esports,FiNN,Support,Juno,2,10,0.2
EMEA - Stage 1,Lijiang Tower,Geekay Esports,FiNN,Support,Jetpack Cat,2,10,0.2
EMEA - Stage 1,Lijiang Tower,Geekay Esports,Haku,Support,Lúcio,6,6,1.0
EMEA - Stage 1,Lijiang Tower,Geekay Esports,LBBD7,DPS,Emre,5,6,0.8333
EMEA - Stage 1,Lijiang Tower,Geekay Esports,LBBD7,DPS,Sojourn,1,6,0.1667
EMEA - Stage 1,Lijiang Tower,Geekay Esports,ZIYAD,Tank,Zarya,6,7,0.8571
EMEA - Stage 1,Lijiang Tower,Geekay Esports,ZIYAD,Tank,Wrecking Ball,1,7,0.1429
EMEA - Stage 1,Lijiang Tower,Team Peps,Dip,DPS,Vendetta,2,6,0.3333
EMEA - Stage 1,Lijiang Tower,Team Peps,Dip,DPS,Tracer,2,6,0.3333
EMEA - Stage 1,Lijiang Tower,Team Peps,Dip,DPS,Pharah,1,6,0.1667
EMEA - Stage 1,Lijiang Tower,Team Peps,Dip,DPS,Symmetra,1,6,0.1667
EMEA - Stage 1,Lijiang Tower,Team Peps,FDGod,Support,Brigitte,2,4,0.5
EMEA - Stage 1,Lijiang Tower,Team Peps,FDGod,Support,Lúcio,2,4,0.5
EMEA - Stage 1,Lijiang Tower,Team Peps,Willys,Tank,Zarya,2,6,0.3333
EMEA - Stage 1,Lijiang Tower,Team Peps,Willys,Tank,Mauga,2,6,0.3333
EMEA - Stage 1,Lijiang Tower,Team Peps,Willys,Tank,Wrecking Ball,2,6,0.3333
EMEA - Stage 1,Lijiang Tower,Team Peps,Xerion,Support,Juno,3,5,0.6
EMEA - Stage 1,Lijiang Tower,Team Peps,Xerion,Support,Lifeweaver,1,5,0.2
EMEA - Stage 1,Lijiang Tower,Team Peps,Xerion,Support,Kiriko,1,5,0.2
EMEA - Stage 1,Lijiang Tower,Team Peps,Zorrow,DPS,Emre,2,4,0.5
EMEA - Stage 1,Lijiang Tower,Team Peps,Zorrow,DPS,Soldier: 76,1,4,0.25
EMEA - Stage 1,Lijiang Tower,Team Peps,Zorrow,DPS,Sojourn,1,4,0.25
EMEA - Stage 1,Lijiang Tower,Twisted Minds,FunnyAstro,Support,Lúcio,6,7,0.8571
EMEA - Stage 1,Lijiang Tower,Twisted Minds,FunnyAstro,Support,Juno,1,7,0.1429
EMEA - Stage 1,Lijiang Tower,Twisted Minds,JaeWoo,DPS,Vendetta,5,10,0.5
EMEA - Stage 1,Lijiang Tower,Twisted Minds,JaeWoo,DPS,Pharah,3,10,0.3
EMEA - Stage 1,Lijiang Tower,Twisted Minds,JaeWoo,DPS,Tracer,2,10,0.2
EMEA - Stage 1,Lijiang Tower,Twisted Minds,Quartz,DPS,Emre,6,6,1.0
EMEA - Stage 1,Lijiang Tower,Twisted Minds,Simple,Support,Kiriko,6,11,0.5455
EMEA - Stage 1,Lijiang Tower,Twisted Minds,Simple,Support,Juno,4,11,0.3636
EMEA - Stage 1,Lijiang Tower,Twisted Minds,Simple,Support,Illari,1,11,0.0909
EMEA - Stage 1,Lijiang Tower,Twisted Minds,TVNT,Tank,Zarya,5,8,0.625
EMEA - Stage 1,Lijiang Tower,Twisted Minds,TVNT,Tank,D.Va,3,8,0.375
EMEA - Stage 1,Lijiang Tower,Virtus.pro,FiXa,Support,Lúcio,7,8,0.875
EMEA - Stage 1,Lijiang Tower,Virtus.pro,FiXa,Support,Brigitte,1,8,0.125
EMEA - Stage 1,Lijiang Tower,Virtus.pro,Kevster,DPS,Emre,8,10,0.8
EMEA - Stage 1,Lijiang Tower,Virtus.pro,Kevster,DPS,Tracer,1,10,0.1
EMEA - Stage 1,Lijiang Tower,Virtus.pro,Kevster,DPS,Widowmaker,1,10,0.1
EMEA - Stage 1,Lijiang Tower,Virtus.pro,Landon,Support,Kiriko,7,9,0.7778
EMEA - Stage 1,Lijiang Tower,Virtus.pro,Landon,Support,Juno,2,9,0.2222
EMEA - Stage 1,Lijiang Tower,Virtus.pro,Seicoe,DPS,Pharah,4,16,0.25
EMEA - Stage 1,Lijiang Tower,Virtus.pro,Seicoe,DPS,Tracer,4,16,0.25
EMEA - Stage 1,Lijiang Tower,Virtus.pro,Seicoe,DPS,Vendetta,4,16,0.25
EMEA - Stage 1,Lijiang Tower,Virtus.pro,Seicoe,DPS,Symmetra,4,16,0.25
EMEA - Stage 1,Lijiang Tower,Virtus.pro,eisgnom,Tank,Zarya,7,10,0.7
EMEA - Stage 1,Lijiang Tower,Virtus.pro,eisgnom,Tank,Mauga,1,10,0.1
EMEA - Stage 1,Lijiang Tower,Virtus.pro,eisgnom,Tank,Wrecking Ball,1,10,0.1
EMEA - Stage 1,Lijiang Tower,Virtus.pro,eisgnom,Tank,D.Va,1,10,0.1
EMEA - Stage 1,Midtown,Al Qadsiah,Ade,DPS,Emre,3,9,0.3333
EMEA - Stage 1,Midtown,Al Qadsiah,Ade,DPS,Widowmaker,3,9,0.3333
EMEA - Stage 1,Midtown,Al Qadsiah,Ade,DPS,Bastion,1,9,0.1111
EMEA - Stage 1,Midtown,Al Qadsiah,Ade,DPS,Vendetta,1,9,0.1111
EMEA - Stage 1,Midtown,Al Qadsiah,Ade,DPS,Sojourn,1,9,0.1111
EMEA - Stage 1,Midtown,Al Qadsiah,Galaa,Support,Juno,3,7,0.4286
EMEA - Stage 1,Midtown,Al Qadsiah,Galaa,Support,Lúcio,2,7,0.2857
EMEA - Stage 1,Midtown,Al Qadsiah,Galaa,Support,Zenyatta,2,7,0.2857
EMEA - Stage 1,Midtown,Al Qadsiah,SirMajed,Support,Kiriko,3,5,0.6
EMEA - Stage 1,Midtown,Al Qadsiah,SirMajed,Support,Brigitte,1,5,0.2
EMEA - Stage 1,Midtown,Al Qadsiah,SirMajed,Support,Ana,1,5,0.2
EMEA - Stage 1,Midtown,Al Qadsiah,Taejong,DPS,Vendetta,3,8,0.375
EMEA - Stage 1,Midtown,Al Qadsiah,Taejong,DPS,Symmetra,3,8,0.375
EMEA - Stage 1,Midtown,Al Qadsiah,Taejong,DPS,Sombra,1,8,0.125
EMEA - Stage 1,Midtown,Al Qadsiah,Taejong,DPS,Pharah,1,8,0.125
EMEA - Stage 1,Midtown,Al Qadsiah,Vestola,Tank,Zarya,2,6,0.3333
EMEA - Stage 1,Midtown,Al Qadsiah,Vestola,Tank,D.Va,2,6,0.3333
EMEA - Stage 1,Midtown,Al Qadsiah,Vestola,Tank,Domina,1,6,0.1667
EMEA - Stage 1,Midtown,Al Qadsiah,Vestola,Tank,Orisa,1,6,0.1667
EMEA - Stage 1,Midtown,Geekay Esports,AlphaYi,DPS,Vendetta,2,4,0.5
EMEA - Stage 1,Midtown,Geekay Esports,AlphaYi,DPS,Tracer,1,4,0.25
EMEA - Stage 1,Midtown,Geekay Esports,AlphaYi,DPS,Pharah,1,4,0.25
EMEA - Stage 1,Midtown,Geekay Esports,FiNN,Support,Kiriko,1,6,0.1667
EMEA - Stage 1,Midtown,Geekay Esports,FiNN,Support,Lifeweaver,1,6,0.1667
EMEA - Stage 1,Midtown,Geekay Esports,FiNN,Support,Juno,1,6,0.1667
EMEA - Stage 1,Midtown,Geekay Esports,FiNN,Support,Brigitte,1,6,0.1667
EMEA - Stage 1,Midtown,Geekay Esports,FiNN,Support,Wuyang,1,6,0.1667
EMEA - Stage 1,Midtown,Geekay Esports,FiNN,Support,Ana,1,6,0.1667
EMEA - Stage 1,Midtown,Geekay Esports,Haku,Support,Lúcio,1,2,0.5
EMEA - Stage 1,Midtown,Geekay Esports,Haku,Support,Juno,1,2,0.5
EMEA - Stage 1,Midtown,Geekay Esports,LBBD7,DPS,Emre,1,3,0.3333
EMEA - Stage 1,Midtown,Geekay Esports,LBBD7,DPS,Sojourn,1,3,0.3333
EMEA - Stage 1,Midtown,Geekay Esports,LBBD7,DPS,Symmetra,1,3,0.3333
EMEA - Stage 1,Midtown,Geekay Esports,ZIYAD,Tank,Zarya,2,3,0.6667
EMEA - Stage 1,Midtown,Geekay Esports,ZIYAD,Tank,D.Va,1,3,0.3333
EMEA - Stage 1,Midtown,Team Peps,Dip,DPS,Vendetta,2,4,0.5
EMEA - Stage 1,Midtown,Team Peps,Dip,DPS,Symmetra,1,4,0.25
EMEA - Stage 1,Midtown,Team Peps,Dip,DPS,Tracer,1,4,0.25
EMEA - Stage 1,Midtown,Team Peps,FDGod,Support,Brigitte,2,4,0.5
EMEA - Stage 1,Midtown,Team Peps,FDGod,Support,Jetpack Cat,1,4,0.25
EMEA - Stage 1,Midtown,Team Peps,FDGod,Support,Mizuki,1,4,0.25
EMEA - Stage 1,Midtown,Team Peps,Willys,Tank,Hazard,2,5,0.4
EMEA - Stage 1,Midtown,Team Peps,Willys,Tank,D.Va,2,5,0.4
EMEA - Stage 1,Midtown,Team Peps,Willys,Tank,Zarya,1,5,0.2
EMEA - Stage 1,Midtown,Team Peps,Xerion,Support,Juno,2,5,0.4
EMEA - Stage 1,Midtown,Team Peps,Xerion,Support,Kiriko,1,5,0.2
EMEA - Stage 1,Midtown,Team Peps,Xerion,Support,Wuyang,1,5,0.2
EMEA - Stage 1,Midtown,Team Peps,Xerion,Support,Zenyatta,1,5,0.2
EMEA - Stage 1,Midtown,Team Peps,Zorrow,DPS,Emre,1,2,0.5
EMEA - Stage 1,Midtown,Team Peps,Zorrow,DPS,Sojourn,1,2,0.5
EMEA - Stage 1,Midtown,Twisted Minds,FunnyAstro,Support,Lúcio,1,1,1.0
EMEA - Stage 1,Midtown,Twisted Minds,JaeWoo,DPS,Vendetta,1,2,0.5
EMEA - Stage 1,Midtown,Twisted Minds,JaeWoo,DPS,Widowmaker,1,2,0.5
EMEA - Stage 1,Midtown,Twisted Minds,Quartz,DPS,Emre,1,1,1.0
EMEA - Stage 1,Midtown,Twisted Minds,Simple,Support,Kiriko,1,2,0.5
EMEA - Stage 1,Midtown,Twisted Minds,Simple,Support,Ana,1,2,0.5
EMEA - Stage 1,Midtown,Twisted Minds,TVNT,Tank,Zarya,1,2,0.5
EMEA - Stage 1,Midtown,Twisted Minds,TVNT,Tank,Wrecking Ball,1,2,0.5
EMEA - Stage 1,Midtown,Virtus.pro,FiXa,Support,Lúcio,2,2,1.0
EMEA - Stage 1,Midtown,Virtus.pro,Kevster,DPS,Emre,2,5,0.4
EMEA - Stage 1,Midtown,Virtus.pro,Kevster,DPS,Sojourn,1,5,0.2
EMEA - Stage 1,Midtown,Virtus.pro,Kevster,DPS,Tracer,1,5,0.2
EMEA - Stage 1,Midtown,Virtus.pro,Kevster,DPS,Widowmaker,1,5,0.2
EMEA - Stage 1,Midtown,Virtus.pro,Landon,Support,Kiriko,2,2,1.0
EMEA - Stage 1,Midtown,Virtus.pro,Seicoe,DPS,Vendetta,2,3,0.6667
EMEA - Stage 1,Midtown,Virtus.pro,Seicoe,DPS,Tracer,1,3,0.3333
EMEA - Stage 1,Midtown,Virtus.pro,eisgnom,Tank,Zarya,2,4,0.5
EMEA - Stage 1,Midtown,Virtus.pro,eisgnom,Tank,D.Va,1,4,0.25
EMEA - Stage 1,Midtown,Virtus.pro,eisgnom,Tank,Doomfist,1,4,0.25
EMEA - Stage 1,Numbani,Al Qadsiah,Ade,DPS,Emre,1,1,1.0
EMEA - Stage 1,Numbani,Al Qadsiah,Galaa,Support,Lúcio,1,2,0.5
EMEA - Stage 1,Numbani,Al Qadsiah,Galaa,Support,Ana,1,2,0.5
EMEA - Stage 1,Numbani,Al Qadsiah,SirMajed,Support,Kiriko,1,1,1.0
EMEA - Stage 1,Numbani,Al Qadsiah,Taejong,DPS,Tracer,1,2,0.5
EMEA - Stage 1,Numbani,Al Qadsiah,Taejong,DPS,Pharah,1,2,0.5
EMEA - Stage 1,Numbani,Al Qadsiah,Vestola,Tank,D.Va,1,1,1.0
EMEA - Stage 1,Numbani,Anyone's Legend,Kai,DPS,Emre,1,1,1.0
EMEA - Stage 1,Numbani,Anyone's Legend,Khenail,Support,Kiriko,1,2,0.5
EMEA - Stage 1,Numbani,Anyone's Legend,Khenail,Support,Ana,1,2,0.5
EMEA - Stage 1,Numbani,Anyone's Legend,Tama,Tank,Winston,1,1,1.0
EMEA - Stage 1,Numbani,Anyone's Legend,WMaimone,DPS,Tracer,1,1,1.0
EMEA - Stage 1,Numbani,Anyone's Legend,crispy,Support,Lúcio,1,1,1.0
EMEA - Stage 1,Oasis,Al Qadsiah,Ade,DPS,Emre,1,1,1.0
EMEA - Stage 1,Oasis,Al Qadsiah,Galaa,Support,Lúcio,1,1,1.0
EMEA - Stage 1,Oasis,Al Qadsiah,SirMajed,Support,Kiriko,1,2,0.5
EMEA - Stage 1,Oasis,Al Qadsiah,SirMajed,Support,Juno,1,2,0.5
EMEA - Stage 1,Oasis,Al Qadsiah,Taejong,DPS,Vendetta,1,1,1.0
EMEA - Stage 1,Oasis,Al Qadsiah,Vestola,Tank,Zarya,1,1,1.0
EMEA - Stage 1,Oasis,Geekay Esports,AlphaYi,DPS,Tracer,1,2,0.5
EMEA - Stage 1,Oasis,Geekay Esports,AlphaYi,DPS,Symmetra,1,2,0.5
EMEA - Stage 1,Oasis,Geekay Esports,FiNN,Support,Brigitte,1,2,0.5
EMEA - Stage 1,Oasis,Geekay Esports,FiNN,Support,Illari,1,2,0.5
EMEA - Stage 1,Oasis,Geekay Esports,Haku,Support,Juno,1,1,1.0
EMEA - Stage 1,Oasis,Geekay Esports,LBBD7,DPS,Emre,1,1,1.0
EMEA - Stage 1,Oasis,Geekay Esports,ZIYAD,Tank,Zarya,1,1,1.0
EMEA - Stage 1,Oasis,Team Peps,Dip,DPS,Vendetta,1,1,1.0
EMEA - Stage 1,Oasis,Team Peps,FDGod,Support,Lúcio,1,1,1.0
EMEA - Stage 1,Oasis,Team Peps,Willys,Tank,Zarya,1,3,0.3333
EMEA - Stage 1,Oasis,Team Peps,Willys,Tank,D.Va,1,3,0.3333
EMEA - Stage 1,Oasis,Team Peps,Willys,Tank,Wrecking Ball,1,3,0.3333
EMEA - Stage 1,Oasis,Team Peps,Xerion,Support,Kiriko,1,2,0.5
EMEA - Stage 1,Oasis,Team Peps,Xerion,Support,Juno,1,2,0.5
EMEA - Stage 1,Oasis,Team Peps,Zorrow,DPS,Emre,1,1,1.0
EMEA - Stage 1,Oasis,Virtus.pro,FiXa,Support,Brigitte,1,1,1.0
EMEA - Stage 1,Oasis,Virtus.pro,Kevster,DPS,Emre,1,1,1.0
EMEA - Stage 1,Oasis,Virtus.pro,Landon,Support,Juno,1,1,1.0
EMEA - Stage 1,Oasis,Virtus.pro,Seicoe,DPS,Tracer,1,2,0.5
EMEA - Stage 1,Oasis,Virtus.pro,Seicoe,DPS,Symmetra,1,2,0.5
EMEA - Stage 1,Oasis,Virtus.pro,eisgnom,Tank,Zarya,1,3,0.3333
EMEA - Stage 1,Oasis,Virtus.pro,eisgnom,Tank,D.Va,1,3,0.3333
EMEA - Stage 1,Oasis,Virtus.pro,eisgnom,Tank,Hazard,1,3,0.3333
EMEA - Stage 1,Rialto,Al Qadsiah,Ade,DPS,Emre,1,1,1.0
EMEA - Stage 1,Rialto,Al Qadsiah,Galaa,Support,Baptiste,1,2,0.5
EMEA - Stage 1,Rialto,Al Qadsiah,Galaa,Support,Zenyatta,1,2,0.5
EMEA - Stage 1,Rialto,Al Qadsiah,SirMajed,Support,Illari,1,3,0.3333
EMEA - Stage 1,Rialto,Al Qadsiah,SirMajed,Support,Brigitte,1,3,0.3333
EMEA - Stage 1,Rialto,Al Qadsiah,SirMajed,Support,Lúcio,1,3,0.3333
EMEA - Stage 1,Rialto,Al Qadsiah,Taejong,DPS,Vendetta,1,2,0.5
EMEA - Stage 1,Rialto,Al Qadsiah,Taejong,DPS,Widowmaker,1,2,0.5
EMEA - Stage 1,Rialto,Al Qadsiah,Vestola,Tank,Orisa,1,2,0.5
EMEA - Stage 1,Rialto,Al Qadsiah,Vestola,Tank,D.Va,1,2,0.5
EMEA - Stage 1,Rialto,Anyone's Legend,Kai,DPS,Sojourn,1,2,0.5
EMEA - Stage 1,Rialto,Anyone's Legend,Kai,DPS,Widowmaker,1,2,0.5
EMEA - Stage 1,Rialto,Anyone's Legend,Khenail,Support,Kiriko,1,1,1.0
EMEA - Stage 1,Rialto,Anyone's Legend,Tama,Tank,Winston,1,2,0.5
EMEA - Stage 1,Rialto,Anyone's Legend,Tama,Tank,Doomfist,1,2,0.5
EMEA - Stage 1,Rialto,Anyone's Legend,WMaimone,DPS,Tracer,1,2,0.5
EMEA - Stage 1,Rialto,Anyone's Legend,WMaimone,DPS,Echo,1,2,0.5
EMEA - Stage 1,Rialto,Anyone's Legend,crispy,Support,Lúcio,1,1,1.0
EMEA - Stage 1,Rialto,Team Peps,Dip,DPS,Tracer,1,3,0.3333
EMEA - Stage 1,Rialto,Team Peps,Dip,DPS,Vendetta,1,3,0.3333
EMEA - Stage 1,Rialto,Team Peps,Dip,DPS,Widowmaker,1,3,0.3333
EMEA - Stage 1,Rialto,Team Peps,FDGod,Support,Brigitte,1,3,0.3333
EMEA - Stage 1,Rialto,Team Peps,FDGod,Support,Juno,1,3,0.3333
EMEA - Stage 1,Rialto,Team Peps,FDGod,Support,Wuyang,1,3,0.3333
EMEA - Stage 1,Rialto,Team Peps,Willys,Tank,D.Va,1,3,0.3333
EMEA - Stage 1,Rialto,Team Peps,Willys,Tank,Hazard,1,3,0.3333
EMEA - Stage 1,Rialto,Team Peps,Willys,Tank,Zarya,1,3,0.3333
EMEA - Stage 1,Rialto,Team Peps,Xerion,Support,Wuyang,1,3,0.3333
EMEA - Stage 1,Rialto,Team Peps,Xerion,Support,Juno,1,3,0.3333
EMEA - Stage 1,Rialto,Team Peps,Xerion,Support,Baptiste,1,3,0.3333
EMEA - Stage 1,Rialto,Team Peps,Zorrow,DPS,Emre,1,2,0.5
EMEA - Stage 1,Rialto,Team Peps,Zorrow,DPS,Sojourn,1,2,0.5
EMEA - Stage 1,Rialto,Twisted Minds,FunnyAstro,Support,Lúcio,2,3,0.6667
EMEA - Stage 1,Rialto,Twisted Minds,FunnyAstro,Support,Mercy,1,3,0.3333
EMEA - Stage 1,Rialto,Twisted Minds,JaeWoo,DPS,Pharah,2,6,0.3333
EMEA - Stage 1,Rialto,Twisted Minds,JaeWoo,DPS,Tracer,1,6,0.1667
EMEA - Stage 1,Rialto,Twisted Minds,JaeWoo,DPS,Hanzo,1,6,0.1667
EMEA - Stage 1,Rialto,Twisted Minds,JaeWoo,DPS,Vendetta,1,6,0.1667
EMEA - Stage 1,Rialto,Twisted Minds,JaeWoo,DPS,Widowmaker,1,6,0.1667
EMEA - Stage 1,Rialto,Twisted Minds,Quartz,DPS,Emre,2,3,0.6667
EMEA - Stage 1,Rialto,Twisted Minds,Quartz,DPS,Widowmaker,1,3,0.3333
EMEA - Stage 1,Rialto,Twisted Minds,Simple,Support,Kiriko,2,3,0.6667
EMEA - Stage 1,Rialto,Twisted Minds,Simple,Support,Juno,1,3,0.3333
EMEA - Stage 1,Rialto,Twisted Minds,TVNT,Tank,D.Va,1,2,0.5
EMEA - Stage 1,Rialto,Twisted Minds,TVNT,Tank,Zarya,1,2,0.5
EMEA - Stage 1,Rialto,Virtus.pro,FiXa,Support,Lúcio,1,1,1.0
EMEA - Stage 1,Rialto,Virtus.pro,Kevster,DPS,Emre,1,2,0.5
EMEA - Stage 1,Rialto,Virtus.pro,Kevster,DPS,Widowmaker,1,2,0.5
EMEA - Stage 1,Rialto,Virtus.pro,Landon,Support,Kiriko,1,2,0.5
EMEA - Stage 1,Rialto,Virtus.pro,Landon,Support,Baptiste,1,2,0.5
EMEA - Stage 1,Rialto,Virtus.pro,Seicoe,DPS,Tracer,1,2,0.5
EMEA - Stage 1,Rialto,Virtus.pro,Seicoe,DPS,Pharah,1,2,0.5
EMEA - Stage 1,Rialto,Virtus.pro,eisgnom,Tank,Zarya,1,1,1.0
EMEA - Stage 1,Runasapi,Al Qadsiah,Ade,DPS,Emre,4,8,0.5
EMEA - Stage 1,Runasapi,Al Qadsiah,Ade,DPS,Sojourn,4,8,0.5
EMEA - Stage 1,Runasapi,Al Qadsiah,Galaa,Support,Lúcio,3,6,0.5
EMEA - Stage 1,Runasapi,Al Qadsiah,Galaa,Support,Juno,2,6,0.3333
EMEA - Stage 1,Runasapi,Al Qadsiah,Galaa,Support,Jetpack Cat,1,6,0.1667
EMEA - Stage 1,Runasapi,Al Qadsiah,SirMajed,Support,Kiriko,3,6,0.5
EMEA - Stage 1,Runasapi,Al Qadsiah,SirMajed,Support,Brigitte,2,6,0.3333
EMEA - Stage 1,Runasapi,Al Qadsiah,SirMajed,Support,Illari,1,6,0.1667
EMEA - Stage 1,Runasapi,Al Qadsiah,Taejong,DPS,Vendetta,2,8,0.25
EMEA - Stage 1,Runasapi,Al Qadsiah,Taejong,DPS,Pharah,2,8,0.25
EMEA - Stage 1,Runasapi,Al Qadsiah,Taejong,DPS,Tracer,2,8,0.25
EMEA - Stage 1,Runasapi,Al Qadsiah,Taejong,DPS,Symmetra,1,8,0.125
EMEA - Stage 1,Runasapi,Al Qadsiah,Taejong,DPS,Widowmaker,1,8,0.125
EMEA - Stage 1,Runasapi,Al Qadsiah,Vestola,Tank,Mauga,3,8,0.375
EMEA - Stage 1,Runasapi,Al Qadsiah,Vestola,Tank,Zarya,2,8,0.25
EMEA - Stage 1,Runasapi,Al Qadsiah,Vestola,Tank,Domina,1,8,0.125
EMEA - Stage 1,Runasapi,Al Qadsiah,Vestola,Tank,D.Va,1,8,0.125
EMEA - Stage 1,Runasapi,Al Qadsiah,Vestola,Tank,Orisa,1,8,0.125
EMEA - Stage 1,Runasapi,Anyone's Legend,Kai,DPS,Emre,1,2,0.5
EMEA - Stage 1,Runasapi,Anyone's Legend,Kai,DPS,Sojourn,1,2,0.5
EMEA - Stage 1,Runasapi,Anyone's Legend,Khenail,Support,Kiriko,2,2,1.0
EMEA - Stage 1,Runasapi,Anyone's Legend,Tama,Tank,Zarya,1,1,1.0
EMEA - Stage 1,Runasapi,Anyone's Legend,WMaimone,DPS,Vendetta,1,3,0.3333
EMEA - Stage 1,Runasapi,Anyone's Legend,WMaimone,DPS,Tracer,1,3,0.3333
EMEA - Stage 1,Runasapi,Anyone's Legend,WMaimone,DPS,Pharah,1,3,0.3333
EMEA - Stage 1,Runasapi,Anyone's Legend,amdp,Tank,D.Va,1,2,0.5
EMEA - Stage 1,Runasapi,Anyone's Legend,amdp,Tank,Wrecking Ball,1,2,0.5
EMEA - Stage 1,Runasapi,Anyone's Legend,crispy,Support,Lúcio,2,2,1.0
EMEA - Stage 1,Runasapi,Geekay Esports,AlphaYi,DPS,Vendetta,3,6,0.5
EMEA - Stage 1,Runasapi,Geekay Esports,AlphaYi,DPS,Tracer,2,6,0.3333
EMEA - Stage 1,Runasapi,Geekay Esports,AlphaYi,DPS,Pharah,1,6,0.1667
EMEA - Stage 1,Runasapi,Geekay Esports,FiNN,Support,Kiriko,4,9,0.4444
EMEA - Stage 1,Runasapi,Geekay Esports,FiNN,Support,Juno,3,9,0.3333
EMEA - Stage 1,Runasapi,Geekay Esports,FiNN,Support,Brigitte,1,9,0.1111
EMEA - Stage 1,Runasapi,Geekay Esports,FiNN,Support,Wuyang,1,9,0.1111
EMEA - Stage 1,Runasapi,Geekay Esports,Haku,Support,Lúcio,4,5,0.8
EMEA - Stage 1,Runasapi,Geekay Esports,Haku,Support,Juno,1,5,0.2
EMEA - Stage 1,Runasapi,Geekay Esports,LBBD7,DPS,Emre,5,5,1.0
EMEA - Stage 1,Runasapi,Geekay Esports,ZIYAD,Tank,Zarya,5,7,0.7143
EMEA - Stage 1,Runasapi,Geekay Esports,ZIYAD,Tank,Wrecking Ball,2,7,0.2857
EMEA - Stage 1,Runasapi,Team Peps,Dip,DPS,Vendetta,3,5,0.6
EMEA - Stage 1,Runasapi,Team Peps,Dip,DPS,Tracer,2,5,0.4
EMEA - Stage 1,Runasapi,Team Peps,FDGod,Support,Lúcio,3,3,1.0
EMEA - Stage 1,Runasapi,Team Peps,Willys,Tank,D.Va,1,5,0.2
EMEA - Stage 1,Runasapi,Team Peps,Willys,Tank,Hazard,1,5,0.2
EMEA - Stage 1,Runasapi,Team Peps,Willys,Tank,Zarya,1,5,0.2
EMEA - Stage 1,Runasapi,Team Peps,Willys,Tank,Wrecking Ball,1,5,0.2
EMEA - Stage 1,Runasapi,Team Peps,Willys,Tank,Mauga,1,5,0.2
EMEA - Stage 1,Runasapi,Team Peps,Xerion,Support,Kiriko,3,4,0.75
EMEA - Stage 1,Runasapi,Team Peps,Xerion,Support,Juno,1,4,0.25
EMEA - Stage 1,Runasapi,Team Peps,Zorrow,DPS,Emre,2,3,0.6667
EMEA - Stage 1,Runasapi,Team Peps,Zorrow,DPS,Sojourn,1,3,0.3333
EMEA - Stage 1,Runasapi,Twisted Minds,FunnyAstro,Support,Lúcio,3,5,0.6
EMEA - Stage 1,Runasapi,Twisted Minds,FunnyAstro,Support,Juno,2,5,0.4
EMEA - Stage 1,Runasapi,Twisted Minds,JaeWoo,DPS,Tracer,4,5,0.8
EMEA - Stage 1,Runasapi,Twisted Minds,JaeWoo,DPS,Vendetta,1,5,0.2
EMEA - Stage 1,Runasapi,Twisted Minds,Quartz,DPS,Emre,5,6,0.8333
EMEA - Stage 1,Runasapi,Twisted Minds,Quartz,DPS,Sojourn,1,6,0.1667
EMEA - Stage 1,Runasapi,Twisted Minds,Simple,Support,Kiriko,4,6,0.6667
EMEA - Stage 1,Runasapi,Twisted Minds,Simple,Support,Baptiste,1,6,0.1667
EMEA - Stage 1,Runasapi,Twisted Minds,Simple,Support,Juno,1,6,0.1667
EMEA - Stage 1,Runasapi,Twisted Minds,TVNT,Tank,Zarya,4,6,0.6667
EMEA - Stage 1,Runasapi,Twisted Minds,TVNT,Tank,D.Va,2,6,0.3333
EMEA - Stage 1,Runasapi,Virtus.pro,FiXa,Support,Lúcio,6,8,0.75
EMEA - Stage 1,Runasapi,Virtus.pro,FiXa,Support,Brigitte,2,8,0.25
EMEA - Stage 1,Runasapi,Virtus.pro,Kevster,DPS,Emre,8,9,0.8889
EMEA - Stage 1,Runasapi,Virtus.pro,Kevster,DPS,Tracer,1,9,0.1111
EMEA - Stage 1,Runasapi,Virtus.pro,Landon,Support,Kiriko,6,8,0.75
EMEA - Stage 1,Runasapi,Virtus.pro,Landon,Support,Juno,2,8,0.25
EMEA - Stage 1,Runasapi,Virtus.pro,Seicoe,DPS,Vendetta,5,9,0.5556
EMEA - Stage 1,Runasapi,Virtus.pro,Seicoe,DPS,Tracer,2,9,0.2222
EMEA - Stage 1,Runasapi,Virtus.pro,Seicoe,DPS,Symmetra,1,9,0.1111
EMEA - Stage 1,Runasapi,Virtus.pro,Seicoe,DPS,Pharah,1,9,0.1111
EMEA - Stage 1,Runasapi,Virtus.pro,eisgnom,Tank,Zarya,7,12,0.5833
EMEA - Stage 1,Runasapi,Virtus.pro,eisgnom,Tank,D.Va,2,12,0.1667
EMEA - Stage 1,Runasapi,Virtus.pro,eisgnom,Tank,Doomfist,2,12,0.1667
EMEA - Stage 1,Runasapi,Virtus.pro,eisgnom,Tank,Ramattra,1,12,0.0833
EMEA - Stage 1,Suravasa,Anyone's Legend,Kai,DPS,Sojourn,1,2,0.5
EMEA - Stage 1,Suravasa,Anyone's Legend,Kai,DPS,Emre,1,2,0.5
EMEA - Stage 1,Suravasa,Anyone's Legend,Khenail,Support,Kiriko,2,3,0.6667
EMEA - Stage 1,Suravasa,Anyone's Legend,Khenail,Support,Juno,1,3,0.3333
EMEA - Stage 1,Suravasa,Anyone's Legend,WMaimone,DPS,Tracer,2,4,0.5
EMEA - Stage 1,Suravasa,Anyone's Legend,WMaimone,DPS,Symmetra,1,4,0.25
EMEA - Stage 1,Suravasa,Anyone's Legend,WMaimone,DPS,Pharah,1,4,0.25
EMEA - Stage 1,Suravasa,Anyone's Legend,amdp,Tank,Mauga,1,2,0.5
EMEA - Stage 1,Suravasa,Anyone's Legend,amdp,Tank,D.Va,1,2,0.5
EMEA - Stage 1,Suravasa,Anyone's Legend,crispy,Support,Lúcio,2,2,1.0
EMEA - Stage 1,Suravasa,Geekay Esports,AlphaYi,DPS,Symmetra,4,11,0.3636
EMEA - Stage 1,Suravasa,Geekay Esports,AlphaYi,DPS,Tracer,4,11,0.3636
EMEA - Stage 1,Suravasa,Geekay Esports,AlphaYi,DPS,Vendetta,2,11,0.1818
EMEA - Stage 1,Suravasa,Geekay Esports,AlphaYi,DPS,Pharah,1,11,0.0909
EMEA - Stage 1,Suravasa,Geekay Esports,FiNN,Support,Kiriko,5,7,0.7143
EMEA - Stage 1,Suravasa,Geekay Esports,FiNN,Support,Brigitte,1,7,0.1429
EMEA - Stage 1,Suravasa,Geekay Esports,FiNN,Support,Jetpack Cat,1,7,0.1429
EMEA - Stage 1,Suravasa,Geekay Esports,Haku,Support,Lúcio,4,5,0.8
EMEA - Stage 1,Suravasa,Geekay Esports,Haku,Support,Juno,1,5,0.2
EMEA - Stage 1,Suravasa,Geekay Esports,LBBD7,DPS,Emre,4,5,0.8
EMEA - Stage 1,Suravasa,Geekay Esports,LBBD7,DPS,Sojourn,1,5,0.2
EMEA - Stage 1,Suravasa,Geekay Esports,ZIYAD,Tank,Zarya,5,6,0.8333
EMEA - Stage 1,Suravasa,Geekay Esports,ZIYAD,Tank,D.Va,1,6,0.1667
EMEA - Stage 1,Suravasa,Team Peps,Dip,DPS,Pharah,1,3,0.3333
EMEA - Stage 1,Suravasa,Team Peps,Dip,DPS,Tracer,1,3,0.3333
EMEA - Stage 1,Suravasa,Team Peps,Dip,DPS,Symmetra,1,3,0.3333
EMEA - Stage 1,Suravasa,Team Peps,FDGod,Support,Brigitte,1,2,0.5
EMEA - Stage 1,Suravasa,Team Peps,FDGod,Support,Lúcio,1,2,0.5
EMEA - Stage 1,Suravasa,Team Peps,Willys,Tank,Mauga,1,1,1.0
EMEA - Stage 1,Suravasa,Team Peps,Xerion,Support,Juno,1,2,0.5
EMEA - Stage 1,Suravasa,Team Peps,Xerion,Support,Kiriko,1,2,0.5
EMEA - Stage 1,Suravasa,Team Peps,Zorrow,DPS,Emre,1,3,0.3333
EMEA - Stage 1,Suravasa,Team Peps,Zorrow,DPS,Sojourn,1,3,0.3333
EMEA - Stage 1,Suravasa,Team Peps,Zorrow,DPS,Tracer,1,3,0.3333
EMEA - Stage 1,Suravasa,Twisted Minds,FunnyAstro,Support,Lúcio,1,1,1.0
EMEA - Stage 1,Suravasa,Twisted Minds,JaeWoo,DPS,Vendetta,1,1,1.0
EMEA - Stage 1,Suravasa,Twisted Minds,KSAA,Tank,Zarya,1,1,1.0
EMEA - Stage 1,Suravasa,Twisted Minds,Quartz,DPS,Emre,1,1,1.0
EMEA - Stage 1,Suravasa,Twisted Minds,Simple,Support,Kiriko,1,2,0.5
EMEA - Stage 1,Suravasa,Twisted Minds,Simple,Support,Juno,1,2,0.5
EMEA - Stage 1,Suravasa,Virtus.pro,FiXa,Support,Brigitte,2,3,0.6667
EMEA - Stage 1,Suravasa,Virtus.pro,FiXa,Support,Lúcio,1,3,0.3333
EMEA - Stage 1,Suravasa,Virtus.pro,Kevster,DPS,Emre,2,3,0.6667
EMEA - Stage 1,Suravasa,Virtus.pro,Kevster,DPS,Cassidy,1,3,0.3333
EMEA - Stage 1,Suravasa,Virtus.pro,Landon,Support,Juno,2,3,0.6667
EMEA - Stage 1,Suravasa,Virtus.pro,Landon,Support,Kiriko,1,3,0.3333
EMEA - Stage 1,Suravasa,Virtus.pro,Seicoe,DPS,Tracer,3,6,0.5
EMEA - Stage 1,Suravasa,Virtus.pro,Seicoe,DPS,Symmetra,3,6,0.5
EMEA - Stage 1,Suravasa,Virtus.pro,eisgnom,Tank,Mauga,2,4,0.5
EMEA - Stage 1,Suravasa,Virtus.pro,eisgnom,Tank,D.Va,1,4,0.25
EMEA - Stage 1,Suravasa,Virtus.pro,eisgnom,Tank,Zarya,1,4,0.25
EMEA - Stage 1,Watchpoint: Gibraltar,Twisted Minds,FunnyAstro,Support,Juno,1,1,1.0
EMEA - Stage 1,Watchpoint: Gibraltar,Twisted Minds,JaeWoo,DPS,Tracer,1,1,1.0
EMEA - Stage 1,Watchpoint: Gibraltar,Twisted Minds,Quartz,DPS,Emre,1,1,1.0
EMEA - Stage 1,Watchpoint: Gibraltar,Twisted Minds,Simple,Support,Ana,1,1,1.0
EMEA - Stage 1,Watchpoint: Gibraltar,Twisted Minds,TVNT,Tank,Hazard,1,1,1.0
EMEA - Stage 1,Watchpoint: Gibraltar,Virtus.pro,FiXa,Support,Brigitte,1,1,1.0
EMEA - Stage 1,Watchpoint: Gibraltar,Virtus.pro,Kevster,DPS,Emre,1,1,1.0
EMEA - Stage 1,Watchpoint: Gibraltar,Virtus.pro,Landon,Support,Juno,1,1,1.0
EMEA - Stage 1,Watchpoint: Gibraltar,Virtus.pro,Seicoe,DPS,Tracer,1,1,1.0
EMEA - Stage 1,Watchpoint: Gibraltar,Virtus.pro,eisgnom,Tank,Hazard,1,1,1.0
Japan - Stage 1,Aatlis,99DIVINE,D4IJIN,Support,Juno,1,2,0.5
Japan - Stage 1,Aatlis,99DIVINE,D4IJIN,Support,Kiriko,1,2,0.5
Japan - Stage 1,Aatlis,99DIVINE,HRY,DPS,Tracer,1,2,0.5
Japan - Stage 1,Aatlis,99DIVINE,HRY,DPS,Symmetra,1,2,0.5
Japan - Stage 1,Aatlis,99DIVINE,ICHI,Tank,Mauga,2,4,0.5
Japan - Stage 1,Aatlis,99DIVINE,ICHI,Tank,D.Va,1,4,0.25
Japan - Stage 1,Aatlis,99DIVINE,ICHI,Tank,Hazard,1,4,0.25
Japan - Stage 1,Aatlis,99DIVINE,SORI,DPS,Emre,2,3,0.6667
Japan - Stage 1,Aatlis,99DIVINE,SORI,DPS,Cassidy,1,3,0.3333
Japan - Stage 1,Aatlis,99DIVINE,Supreme,Support,Ana,1,4,0.25
Japan - Stage 1,Aatlis,99DIVINE,Supreme,Support,Juno,1,4,0.25
Japan - Stage 1,Aatlis,99DIVINE,Supreme,Support,Wuyang,1,4,0.25
Japan - Stage 1,Aatlis,99DIVINE,Supreme,Support,Brigitte,1,4,0.25
Japan - Stage 1,Aatlis,99DIVINE,harutoon,DPS,Tracer,1,2,0.5
Japan - Stage 1,Aatlis,99DIVINE,harutoon,DPS,Symmetra,1,2,0.5
Japan - Stage 1,Aatlis,ENTER FORCE.36,Edison,DPS,Vendetta,2,5,0.4
Japan - Stage 1,Aatlis,ENTER FORCE.36,Edison,DPS,Symmetra,2,5,0.4
Japan - Stage 1,Aatlis,ENTER FORCE.36,Edison,DPS,Tracer,1,5,0.2
Japan - Stage 1,Aatlis,ENTER FORCE.36,Gaisen,Support,Kiriko,2,3,0.6667
Japan - Stage 1,Aatlis,ENTER FORCE.36,Gaisen,Support,Juno,1,3,0.3333
Japan - Stage 1,Aatlis,ENTER FORCE.36,Heesung,Tank,Ramattra,1,5,0.2
Japan - Stage 1,Aatlis,ENTER FORCE.36,Heesung,Tank,Wrecking Ball,1,5,0.2
Japan - Stage 1,Aatlis,ENTER FORCE.36,Heesung,Tank,Zarya,1,5,0.2
Japan - Stage 1,Aatlis,ENTER FORCE.36,Heesung,Tank,D.Va,1,5,0.2
Japan - Stage 1,Aatlis,ENTER FORCE.36,Heesung,Tank,Hazard,1,5,0.2
Japan - Stage 1,Aatlis,ENTER FORCE.36,NewJ,DPS,Sojourn,2,4,0.5
Japan - Stage 1,Aatlis,ENTER FORCE.36,NewJ,DPS,Symmetra,1,4,0.25
Japan - Stage 1,Aatlis,ENTER FORCE.36,NewJ,DPS,Emre,1,4,0.25
Japan - Stage 1,Aatlis,ENTER FORCE.36,Ydot,Support,Lúcio,2,4,0.5
Japan - Stage 1,Aatlis,ENTER FORCE.36,Ydot,Support,Kiriko,1,4,0.25
Japan - Stage 1,Aatlis,ENTER FORCE.36,Ydot,Support,Brigitte,1,4,0.25
Japan - Stage 1,Aatlis,Nyam Gaming,APDO,DPS,Vendetta,5,7,0.7143
Japan - Stage 1,Aatlis,Nyam Gaming,APDO,DPS,Symmetra,2,7,0.2857
Japan - Stage 1,Aatlis,Nyam Gaming,Daisy,DPS,Sojourn,2,5,0.4
Japan - Stage 1,Aatlis,Nyam Gaming,Daisy,DPS,Emre,2,5,0.4
Japan - Stage 1,Aatlis,Nyam Gaming,Daisy,DPS,Symmetra,1,5,0.2
Japan - Stage 1,Aatlis,Nyam Gaming,Roxy,Tank,Zarya,3,6,0.5
Japan - Stage 1,Aatlis,Nyam Gaming,Roxy,Tank,D.Va,2,6,0.3333
Japan - Stage 1,Aatlis,Nyam Gaming,Roxy,Tank,Hazard,1,6,0.1667
Japan - Stage 1,Aatlis,Nyam Gaming,Undersea,DPS,Symmetra,1,2,0.5
Japan - Stage 1,Aatlis,Nyam Gaming,Undersea,DPS,Venture,1,2,0.5
Japan - Stage 1,Aatlis,Nyam Gaming,mint,Support,Lúcio,5,9,0.5556
Japan - Stage 1,Aatlis,Nyam Gaming,mint,Support,Wuyang,2,9,0.2222
Japan - Stage 1,Aatlis,Nyam Gaming,mint,Support,Juno,1,9,0.1111
Japan - Stage 1,Aatlis,Nyam Gaming,mint,Support,Brigitte,1,9,0.1111
Japan - Stage 1,Aatlis,Nyam Gaming,orca,Support,Kiriko,4,6,0.6667
Japan - Stage 1,Aatlis,Nyam Gaming,orca,Support,Lúcio,1,6,0.1667
Japan - Stage 1,Aatlis,Nyam Gaming,orca,Support,Juno,1,6,0.1667
Japan - Stage 1,Aatlis,Please Not Hero Ban,Ky0n,DPS,Cassidy,2,4,0.5
Japan - Stage 1,Aatlis,Please Not Hero Ban,Ky0n,DPS,Sojourn,1,4,0.25
Japan - Stage 1,Aatlis,Please Not Hero Ban,Ky0n,DPS,Emre,1,4,0.25
Japan - Stage 1,Aatlis,Please Not Hero Ban,NEIVIS,Support,Lúcio,2,2,1.0
Japan - Stage 1,Aatlis,Please Not Hero Ban,Sakume,Support,Kiriko,2,2,1.0
Japan - Stage 1,Aatlis,Please Not Hero Ban,Soae,DPS,Vendetta,1,3,0.3333
Japan - Stage 1,Aatlis,Please Not Hero Ban,Soae,DPS,Reaper,1,3,0.3333
Japan - Stage 1,Aatlis,Please Not Hero Ban,Soae,DPS,Symmetra,1,3,0.3333
Japan - Stage 1,Aatlis,Please Not Hero Ban,homerunball,Tank,Ramattra,1,2,0.5
Japan - Stage 1,Aatlis,Please Not Hero Ban,homerunball,Tank,Winston,1,2,0.5
Japan - Stage 1,Aatlis,TOKYO TAIYOs,Mihawk,Support,Kiriko,2,4,0.5
Japan - Stage 1,Aatlis,TOKYO TAIYOs,Mihawk,Support,Baptiste,2,4,0.5
Japan - Stage 1,Aatlis,TOKYO TAIYOs,PEPPI,Tank,Ramattra,1,3,0.3333
Japan - Stage 1,Aatlis,TOKYO TAIYOs,PEPPI,Tank,Zarya,1,3,0.3333
Japan - Stage 1,Aatlis,TOKYO TAIYOs,PEPPI,Tank,Sigma,1,3,0.3333
Japan - Stage 1,Aatlis,TOKYO TAIYOs,ans,DPS,Cassidy,1,3,0.3333
Japan - Stage 1,Aatlis,TOKYO TAIYOs,ans,DPS,Tracer,1,3,0.3333
Japan - Stage 1,Aatlis,TOKYO TAIYOs,ans,DPS,Vendetta,1,3,0.3333
Japan - Stage 1,Aatlis,TOKYO TAIYOs,epic,Support,Lúcio,2,2,1.0
Japan - Stage 1,Aatlis,TOKYO TAIYOs,ta1yo,DPS,Mei,1,4,0.25
Japan - Stage 1,Aatlis,TOKYO TAIYOs,ta1yo,DPS,Cassidy,1,4,0.25
Japan - Stage 1,Aatlis,TOKYO TAIYOs,ta1yo,DPS,Bastion,1,4,0.25
Japan - Stage 1,Aatlis,TOKYO TAIYOs,ta1yo,DPS,Genji,1,4,0.25
Japan - Stage 1,Aatlis,Telomere,Breadturtle,DPS,Mei,3,9,0.3333
Japan - Stage 1,Aatlis,Telomere,Breadturtle,DPS,Vendetta,3,9,0.3333
Japan - Stage 1,Aatlis,Telomere,Breadturtle,DPS,Tracer,3,9,0.3333
Japan - Stage 1,Aatlis,Telomere,Elysia,Support,Baptiste,3,7,0.4286
Japan - Stage 1,Aatlis,Telomere,Elysia,Support,Juno,3,7,0.4286
Japan - Stage 1,Aatlis,Telomere,Elysia,Support,Kiriko,1,7,0.1429
Japan - Stage 1,Aatlis,Telomere,Leonopteryx,Tank,Reinhardt,1,1,1.0
Japan - Stage 1,Aatlis,Telomere,Vosa1q,Tank,Ramattra,2,7,0.2857
Japan - Stage 1,Aatlis,Telomere,Vosa1q,Tank,Mauga,2,7,0.2857
Japan - Stage 1,Aatlis,Telomere,Vosa1q,Tank,Zarya,1,7,0.1429
Japan - Stage 1,Aatlis,Telomere,Vosa1q,Tank,Reinhardt,1,7,0.1429
Japan - Stage 1,Aatlis,Telomere,Vosa1q,Tank,Junker Queen,1,7,0.1429
Japan - Stage 1,Aatlis,Telomere,kiibo,Support,Lúcio,3,5,0.6
Japan - Stage 1,Aatlis,Telomere,kiibo,Support,Brigitte,2,5,0.4
Japan - Stage 1,Aatlis,Telomere,pav2l,DPS,Cassidy,4,7,0.5714
Japan - Stage 1,Aatlis,Telomere,pav2l,DPS,Emre,1,7,0.1429
Japan - Stage 1,Aatlis,Telomere,pav2l,DPS,Sojourn,1,7,0.1429
Japan - Stage 1,Aatlis,Telomere,pav2l,DPS,Genji,1,7,0.1429
Japan - Stage 1,Aatlis,VARREL,KSG,Tank,D.Va,2,5,0.4
Japan - Stage 1,Aatlis,VARREL,KSG,Tank,Zarya,1,5,0.2
Japan - Stage 1,Aatlis,VARREL,KSG,Tank,Orisa,1,5,0.2
Japan - Stage 1,Aatlis,VARREL,KSG,Tank,Hazard,1,5,0.2
Japan - Stage 1,Aatlis,VARREL,NICO,DPS,Emre,2,3,0.6667
Japan - Stage 1,Aatlis,VARREL,NICO,DPS,Sojourn,1,3,0.3333
Japan - Stage 1,Aatlis,VARREL,QLOUD,Support,Lúcio,1,4,0.25
Japan - Stage 1,Aatlis,VARREL,QLOUD,Support,Kiriko,1,4,0.25
Japan - Stage 1,Aatlis,VARREL,QLOUD,Support,Ana,1,4,0.25
Japan - Stage 1,Aatlis,VARREL,QLOUD,Support,Jetpack Cat,1,4,0.25
Japan - Stage 1,Aatlis,VARREL,SLEY,Support,Kiriko,1,3,0.3333
Japan - Stage 1,Aatlis,VARREL,SLEY,Support,Wuyang,1,3,0.3333
Japan - Stage 1,Aatlis,VARREL,SLEY,Support,Illari,1,3,0.3333
Japan - Stage 1,Aatlis,VARREL,TOPDRAGON,DPS,Symmetra,3,7,0.4286
Japan - Stage 1,Aatlis,VARREL,TOPDRAGON,DPS,Vendetta,2,7,0.2857
Japan - Stage 1,Aatlis,VARREL,TOPDRAGON,DPS,Tracer,2,7,0.2857
Japan - Stage 1,Blizzard World,99DIVINE,D4IJIN,Support,Kiriko,4,4,1.0
Japan - Stage 1,Blizzard World,99DIVINE,HRY,DPS,Vendetta,1,3,0.3333
Japan - Stage 1,Blizzard World,99DIVINE,HRY,DPS,Tracer,1,3,0.3333
Japan - Stage 1,Blizzard World,99DIVINE,HRY,DPS,Symmetra,1,3,0.3333
Japan - Stage 1,Blizzard World,99DIVINE,ICHI,Tank,D.Va,2,7,0.2857
Japan - Stage 1,Blizzard World,99DIVINE,ICHI,Tank,Winston,2,7,0.2857
Japan - Stage 1,Blizzard World,99DIVINE,ICHI,Tank,Zarya,1,7,0.1429
Japan - Stage 1,Blizzard World,99DIVINE,ICHI,Tank,Wrecking Ball,1,7,0.1429
Japan - Stage 1,Blizzard World,99DIVINE,ICHI,Tank,Hazard,1,7,0.1429
Japan - Stage 1,Blizzard World,99DIVINE,SORI,DPS,Cassidy,3,9,0.3333
Japan - Stage 1,Blizzard World,99DIVINE,SORI,DPS,Emre,3,9,0.3333
Japan - Stage 1,Blizzard World,99DIVINE,SORI,DPS,Sojourn,2,9,0.2222
Japan - Stage 1,Blizzard World,99DIVINE,SORI,DPS,Widowmaker,1,9,0.1111
Japan - Stage 1,Blizzard World,99DIVINE,Supreme,Support,Ana,3,10,0.3
Japan - Stage 1,Blizzard World,99DIVINE,Supreme,Support,Lúcio,3,10,0.3
Japan - Stage 1,Blizzard World,99DIVINE,Supreme,Support,Jetpack Cat,2,10,0.2
Japan - Stage 1,Blizzard World,99DIVINE,Supreme,Support,Juno,1,10,0.1
Japan - Stage 1,Blizzard World,99DIVINE,Supreme,Support,Brigitte,1,10,0.1
Japan - Stage 1,Blizzard World,99DIVINE,harutoon,DPS,Tracer,2,3,0.6667
Japan - Stage 1,Blizzard World,99DIVINE,harutoon,DPS,Symmetra,1,3,0.3333
Japan - Stage 1,Blizzard World,ENTER FORCE.36,Edison,DPS,Symmetra,3,9,0.3333
Japan - Stage 1,Blizzard World,ENTER FORCE.36,Edison,DPS,Vendetta,3,9,0.3333
Japan - Stage 1,Blizzard World,ENTER FORCE.36,Edison,DPS,Tracer,2,9,0.2222
Japan - Stage 1,Blizzard World,ENTER FORCE.36,Edison,DPS,Genji,1,9,0.1111
Japan - Stage 1,Blizzard World,ENTER FORCE.36,Gaisen,Support,Kiriko,2,5,0.4
Japan - Stage 1,Blizzard World,ENTER FORCE.36,Gaisen,Support,Juno,2,5,0.4
Japan - Stage 1,Blizzard World,ENTER FORCE.36,Gaisen,Support,Ana,1,5,0.2
Japan - Stage 1,Blizzard World,ENTER FORCE.36,Heesung,Tank,Winston,2,11,0.1818
Japan - Stage 1,Blizzard World,ENTER FORCE.36,Heesung,Tank,Zarya,2,11,0.1818
Japan - Stage 1,Blizzard World,ENTER FORCE.36,Heesung,Tank,Mauga,2,11,0.1818
Japan - Stage 1,Blizzard World,ENTER FORCE.36,Heesung,Tank,Orisa,1,11,0.0909
Japan - Stage 1,Blizzard World,ENTER FORCE.36,Heesung,Tank,Wrecking Ball,1,11,0.0909
Japan - Stage 1,Blizzard World,ENTER FORCE.36,Heesung,Tank,Sigma,1,11,0.0909
Japan - Stage 1,Blizzard World,ENTER FORCE.36,Heesung,Tank,Hazard,1,11,0.0909
Japan - Stage 1,Blizzard World,ENTER FORCE.36,Heesung,Tank,Doomfist,1,11,0.0909
Japan - Stage 1,Blizzard World,ENTER FORCE.36,NewJ,DPS,Widowmaker,3,8,0.375
Japan - Stage 1,Blizzard World,ENTER FORCE.36,NewJ,DPS,Sojourn,2,8,0.25
Japan - Stage 1,Blizzard World,ENTER FORCE.36,NewJ,DPS,Emre,2,8,0.25
Japan - Stage 1,Blizzard World,ENTER FORCE.36,NewJ,DPS,Symmetra,1,8,0.125
Japan - Stage 1,Blizzard World,ENTER FORCE.36,Ydot,Support,Brigitte,2,8,0.25
Japan - Stage 1,Blizzard World,ENTER FORCE.36,Ydot,Support,Lifeweaver,2,8,0.25
Japan - Stage 1,Blizzard World,ENTER FORCE.36,Ydot,Support,Lúcio,1,8,0.125
Japan - Stage 1,Blizzard World,ENTER FORCE.36,Ydot,Support,Juno,1,8,0.125
Japan - Stage 1,Blizzard World,ENTER FORCE.36,Ydot,Support,Wuyang,1,8,0.125
Japan - Stage 1,Blizzard World,ENTER FORCE.36,Ydot,Support,Kiriko,1,8,0.125
Japan - Stage 1,Blizzard World,Lazuli,DOX,Tank,Winston,1,1,1.0
Japan - Stage 1,Blizzard World,Lazuli,NHZ,Support,Wuyang,1,2,0.5
Japan - Stage 1,Blizzard World,Lazuli,NHZ,Support,Jetpack Cat,1,2,0.5
Japan - Stage 1,Blizzard World,Lazuli,Setsuna,DPS,Sojourn,1,2,0.5
Japan - Stage 1,Blizzard World,Lazuli,Setsuna,DPS,Widowmaker,1,2,0.5
Japan - Stage 1,Blizzard World,Lazuli,Yot1y,DPS,Tracer,1,2,0.5
Japan - Stage 1,Blizzard World,Lazuli,Yot1y,DPS,Genji,1,2,0.5
Japan - Stage 1,Blizzard World,Lazuli,umi,Support,Ana,1,1,1.0
Japan - Stage 1,Blizzard World,Nyam Gaming,APDO,DPS,Tracer,2,6,0.3333
Japan - Stage 1,Blizzard World,Nyam Gaming,APDO,DPS,Symmetra,2,6,0.3333
Japan - Stage 1,Blizzard World,Nyam Gaming,APDO,DPS,Torbjörn,1,6,0.1667
Japan - Stage 1,Blizzard World,Nyam Gaming,APDO,DPS,Vendetta,1,6,0.1667
Japan - Stage 1,Blizzard World,Nyam Gaming,Daisy,DPS,Sojourn,2,5,0.4
Japan - Stage 1,Blizzard World,Nyam Gaming,Daisy,DPS,Widowmaker,2,5,0.4
Japan - Stage 1,Blizzard World,Nyam Gaming,Daisy,DPS,Emre,1,5,0.2
Japan - Stage 1,Blizzard World,Nyam Gaming,Roxy,Tank,D.Va,1,3,0.3333
Japan - Stage 1,Blizzard World,Nyam Gaming,Roxy,Tank,Orisa,1,3,0.3333
Japan - Stage 1,Blizzard World,Nyam Gaming,Roxy,Tank,Hazard,1,3,0.3333
Japan - Stage 1,Blizzard World,Nyam Gaming,mint,Support,Lúcio,2,5,0.4
Japan - Stage 1,Blizzard World,Nyam Gaming,mint,Support,Brigitte,1,5,0.2
Japan - Stage 1,Blizzard World,Nyam Gaming,mint,Support,Wuyang,1,5,0.2
Japan - Stage 1,Blizzard World,Nyam Gaming,mint,Support,Lifeweaver,1,5,0.2
Japan - Stage 1,Blizzard World,Nyam Gaming,orca,Support,Kiriko,2,5,0.4
Japan - Stage 1,Blizzard World,Nyam Gaming,orca,Support,Ana,1,5,0.2
Japan - Stage 1,Blizzard World,Nyam Gaming,orca,Support,Lifeweaver,1,5,0.2
Japan - Stage 1,Blizzard World,Nyam Gaming,orca,Support,Mercy,1,5,0.2
Japan - Stage 1,Blizzard World,Please Not Hero Ban,Ky0n,DPS,Emre,4,12,0.3333
Japan - Stage 1,Blizzard World,Please Not Hero Ban,Ky0n,DPS,Cassidy,3,12,0.25
Japan - Stage 1,Blizzard World,Please Not Hero Ban,Ky0n,DPS,Tracer,2,12,0.1667
Japan - Stage 1,Blizzard World,Please Not Hero Ban,Ky0n,DPS,Sojourn,2,12,0.1667
Japan - Stage 1,Blizzard World,Please Not Hero Ban,Ky0n,DPS,Widowmaker,1,12,0.0833
Japan - Stage 1,Blizzard World,Please Not Hero Ban,NEIVIS,Support,Lúcio,5,6,0.8333
Japan - Stage 1,Blizzard World,Please Not Hero Ban,NEIVIS,Support,Brigitte,1,6,0.1667
Japan - Stage 1,Blizzard World,Please Not Hero Ban,Sakume,Support,Kiriko,5,6,0.8333
Japan - Stage 1,Blizzard World,Please Not Hero Ban,Sakume,Support,Juno,1,6,0.1667
Japan - Stage 1,Blizzard World,Please Not Hero Ban,Soae,DPS,Symmetra,5,7,0.7143
Japan - Stage 1,Blizzard World,Please Not Hero Ban,Soae,DPS,Tracer,1,7,0.1429
Japan - Stage 1,Blizzard World,Please Not Hero Ban,Soae,DPS,Vendetta,1,7,0.1429
Japan - Stage 1,Blizzard World,Please Not Hero Ban,homerunball,Tank,D.Va,4,10,0.4
Japan - Stage 1,Blizzard World,Please Not Hero Ban,homerunball,Tank,Zarya,3,10,0.3
Japan - Stage 1,Blizzard World,Please Not Hero Ban,homerunball,Tank,Orisa,1,10,0.1
Japan - Stage 1,Blizzard World,Please Not Hero Ban,homerunball,Tank,Mauga,1,10,0.1
Japan - Stage 1,Blizzard World,Please Not Hero Ban,homerunball,Tank,Hazard,1,10,0.1
Japan - Stage 1,Blizzard World,TOKYO TAIYOs,Mihawk,Support,Mercy,3,8,0.375
Japan - Stage 1,Blizzard World,TOKYO TAIYOs,Mihawk,Support,Kiriko,2,8,0.25
Japan - Stage 1,Blizzard World,TOKYO TAIYOs,Mihawk,Support,Lifeweaver,1,8,0.125
Japan - Stage 1,Blizzard World,TOKYO TAIYOs,Mihawk,Support,Baptiste,1,8,0.125
Japan - Stage 1,Blizzard World,TOKYO TAIYOs,Mihawk,Support,Illari,1,8,0.125
Japan - Stage 1,Blizzard World,TOKYO TAIYOs,PEPPI,Tank,D.Va,2,8,0.25
Japan - Stage 1,Blizzard World,TOKYO TAIYOs,PEPPI,Tank,Ramattra,2,8,0.25
Japan - Stage 1,Blizzard World,TOKYO TAIYOs,PEPPI,Tank,Sigma,2,8,0.25
Japan - Stage 1,Blizzard World,TOKYO TAIYOs,PEPPI,Tank,Doomfist,1,8,0.125
Japan - Stage 1,Blizzard World,TOKYO TAIYOs,PEPPI,Tank,Hazard,1,8,0.125
Japan - Stage 1,Blizzard World,TOKYO TAIYOs,ans,DPS,Widowmaker,3,10,0.3
Japan - Stage 1,Blizzard World,TOKYO TAIYOs,ans,DPS,Cassidy,2,10,0.2
Japan - Stage 1,Blizzard World,TOKYO TAIYOs,ans,DPS,Sojourn,1,10,0.1
Japan - Stage 1,Blizzard World,TOKYO TAIYOs,ans,DPS,Emre,1,10,0.1
Japan - Stage 1,Blizzard World,TOKYO TAIYOs,ans,DPS,Bastion,1,10,0.1
Japan - Stage 1,Blizzard World,TOKYO TAIYOs,ans,DPS,Tracer,1,10,0.1
Japan - Stage 1,Blizzard World,TOKYO TAIYOs,ans,DPS,Symmetra,1,10,0.1
Japan - Stage 1,Blizzard World,TOKYO TAIYOs,epic,Support,Lúcio,2,7,0.2857
Japan - Stage 1,Blizzard World,TOKYO TAIYOs,epic,Support,Lifeweaver,2,7,0.2857
Japan - Stage 1,Blizzard World,TOKYO TAIYOs,epic,Support,Brigitte,1,7,0.1429
Japan - Stage 1,Blizzard World,TOKYO TAIYOs,epic,Support,Juno,1,7,0.1429
Japan - Stage 1,Blizzard World,TOKYO TAIYOs,epic,Support,Kiriko,1,7,0.1429
Japan - Stage 1,Blizzard World,TOKYO TAIYOs,ta1yo,DPS,Mei,2,9,0.2222
Japan - Stage 1,Blizzard World,TOKYO TAIYOs,ta1yo,DPS,Tracer,2,9,0.2222
Japan - Stage 1,Blizzard World,TOKYO TAIYOs,ta1yo,DPS,Symmetra,2,9,0.2222
Japan - Stage 1,Blizzard World,TOKYO TAIYOs,ta1yo,DPS,Hanzo,1,9,0.1111
Japan - Stage 1,Blizzard World,TOKYO TAIYOs,ta1yo,DPS,Emre,1,9,0.1111
Japan - Stage 1,Blizzard World,TOKYO TAIYOs,ta1yo,DPS,Widowmaker,1,9,0.1111
Japan - Stage 1,Blizzard World,Telomere,Breadturtle,DPS,Symmetra,3,8,0.375
Japan - Stage 1,Blizzard World,Telomere,Breadturtle,DPS,Tracer,2,8,0.25
Japan - Stage 1,Blizzard World,Telomere,Breadturtle,DPS,Mei,1,8,0.125
Japan - Stage 1,Blizzard World,Telomere,Breadturtle,DPS,Sojourn,1,8,0.125
Japan - Stage 1,Blizzard World,Telomere,Breadturtle,DPS,Genji,1,8,0.125
Japan - Stage 1,Blizzard World,Telomere,Elysia,Support,Kiriko,2,6,0.3333
Japan - Stage 1,Blizzard World,Telomere,Elysia,Support,Baptiste,1,6,0.1667
Japan - Stage 1,Blizzard World,Telomere,Elysia,Support,Ana,1,6,0.1667
Japan - Stage 1,Blizzard World,Telomere,Elysia,Support,Mizuki,1,6,0.1667
Japan - Stage 1,Blizzard World,Telomere,Elysia,Support,Wuyang,1,6,0.1667
Japan - Stage 1,Blizzard World,Telomere,Leonopteryx,Tank,Sigma,1,3,0.3333
Japan - Stage 1,Blizzard World,Telomere,Leonopteryx,Tank,Reinhardt,1,3,0.3333
Japan - Stage 1,Blizzard World,Telomere,Leonopteryx,Tank,Winston,1,3,0.3333
Japan - Stage 1,Blizzard World,Telomere,Vosa1q,Tank,Winston,2,3,0.6667
Japan - Stage 1,Blizzard World,Telomere,Vosa1q,Tank,Orisa,1,3,0.3333
Japan - Stage 1,Blizzard World,Telomere,kiibo,Support,Lúcio,2,6,0.3333
Japan - Stage 1,Blizzard World,Telomere,kiibo,Support,Brigitte,2,6,0.3333
Japan - Stage 1,Blizzard World,Telomere,kiibo,Support,Kiriko,2,6,0.3333
Japan - Stage 1,Blizzard World,Telomere,pav2l,DPS,Sojourn,2,4,0.5
Japan - Stage 1,Blizzard World,Telomere,pav2l,DPS,Cassidy,1,4,0.25
Japan - Stage 1,Blizzard World,Telomere,pav2l,DPS,Emre,1,4,0.25
Japan - Stage 1,Blizzard World,VARREL,KSG,Tank,D.Va,2,5,0.4
Japan - Stage 1,Blizzard World,VARREL,KSG,Tank,Ramattra,1,5,0.2
Japan - Stage 1,Blizzard World,VARREL,KSG,Tank,Wrecking Ball,1,5,0.2
Japan - Stage 1,Blizzard World,VARREL,KSG,Tank,Hazard,1,5,0.2
Japan - Stage 1,Blizzard World,VARREL,NICO,DPS,Emre,2,4,0.5
Japan - Stage 1,Blizzard World,VARREL,NICO,DPS,Symmetra,1,4,0.25
Japan - Stage 1,Blizzard World,VARREL,NICO,DPS,Hanzo,1,4,0.25
Japan - Stage 1,Blizzard World,VARREL,QLOUD,Support,Ana,2,2,1.0
Japan - Stage 1,Blizzard World,VARREL,SLEY,Support,Jetpack Cat,2,3,0.6667
Japan - Stage 1,Blizzard World,VARREL,SLEY,Support,Wuyang,1,3,0.3333
Japan - Stage 1,Blizzard World,VARREL,TOPDRAGON,DPS,Vendetta,1,3,0.3333
Japan - Stage 1,Blizzard World,VARREL,TOPDRAGON,DPS,Tracer,1,3,0.3333
Japan - Stage 1,Blizzard World,VARREL,TOPDRAGON,DPS,Symmetra,1,3,0.3333
Japan - Stage 1,Busan,99DIVINE,D4IJIN,Support,Juno,3,4,0.75
Japan - Stage 1,Busan,99DIVINE,D4IJIN,Support,Kiriko,1,4,0.25
Japan - Stage 1,Busan,99DIVINE,HRY,DPS,Vendetta,1,3,0.3333
Japan - Stage 1,Busan,99DIVINE,HRY,DPS,Tracer,1,3,0.3333
Japan - Stage 1,Busan,99DIVINE,HRY,DPS,Symmetra,1,3,0.3333
Japan - Stage 1,Busan,99DIVINE,ICHI,Tank,Orisa,2,6,0.3333
Japan - Stage 1,Busan,99DIVINE,ICHI,Tank,Hazard,2,6,0.3333
Japan - Stage 1,Busan,99DIVINE,ICHI,Tank,D.Va,1,6,0.1667
Japan - Stage 1,Busan,99DIVINE,ICHI,Tank,Winston,1,6,0.1667
Japan - Stage 1,Busan,99DIVINE,SORI,DPS,Emre,2,5,0.4
Japan - Stage 1,Busan,99DIVINE,SORI,DPS,Sojourn,1,5,0.2
Japan - Stage 1,Busan,99DIVINE,SORI,DPS,Symmetra,1,5,0.2
Japan - Stage 1,Busan,99DIVINE,SORI,DPS,Cassidy,1,5,0.2
Japan - Stage 1,Busan,99DIVINE,Supreme,Support,Brigitte,2,7,0.2857
Japan - Stage 1,Busan,99DIVINE,Supreme,Support,Lúcio,2,7,0.2857
Japan - Stage 1,Busan,99DIVINE,Supreme,Support,Ana,1,7,0.1429
Japan - Stage 1,Busan,99DIVINE,Supreme,Support,Wuyang,1,7,0.1429
Japan - Stage 1,Busan,99DIVINE,Supreme,Support,Jetpack Cat,1,7,0.1429
Japan - Stage 1,Busan,99DIVINE,harutoon,DPS,Venture,1,3,0.3333
Japan - Stage 1,Busan,99DIVINE,harutoon,DPS,Sombra,1,3,0.3333
Japan - Stage 1,Busan,99DIVINE,harutoon,DPS,Soldier: 76,1,3,0.3333
Japan - Stage 1,Busan,Lazuli,DOX,Tank,Ramattra,1,2,0.5
Japan - Stage 1,Busan,Lazuli,DOX,Tank,Wrecking Ball,1,2,0.5
Japan - Stage 1,Busan,Lazuli,NHZ,Support,Brigitte,1,2,0.5
Japan - Stage 1,Busan,Lazuli,NHZ,Support,Jetpack Cat,1,2,0.5
Japan - Stage 1,Busan,Lazuli,Setsuna,DPS,Sojourn,1,3,0.3333
Japan - Stage 1,Busan,Lazuli,Setsuna,DPS,Cassidy,1,3,0.3333
Japan - Stage 1,Busan,Lazuli,Setsuna,DPS,Symmetra,1,3,0.3333
Japan - Stage 1,Busan,Lazuli,Yot1y,DPS,Vendetta,1,1,1.0
Japan - Stage 1,Busan,Lazuli,umi,Support,Juno,1,2,0.5
Japan - Stage 1,Busan,Lazuli,umi,Support,Kiriko,1,2,0.5
Japan - Stage 1,Busan,Nyam Gaming,APDO,DPS,Vendetta,1,4,0.25
Japan - Stage 1,Busan,Nyam Gaming,APDO,DPS,Tracer,1,4,0.25
Japan - Stage 1,Busan,Nyam Gaming,APDO,DPS,Venture,1,4,0.25
Japan - Stage 1,Busan,Nyam Gaming,APDO,DPS,Symmetra,1,4,0.25
Japan - Stage 1,Busan,Nyam Gaming,Daisy,DPS,Emre,2,3,0.6667
Japan - Stage 1,Busan,Nyam Gaming,Daisy,DPS,Symmetra,1,3,0.3333
Japan - Stage 1,Busan,Nyam Gaming,Roxy,Tank,Zarya,2,4,0.5
Japan - Stage 1,Busan,Nyam Gaming,Roxy,Tank,D.Va,2,4,0.5
Japan - Stage 1,Busan,Nyam Gaming,mint,Support,Wuyang,1,2,0.5
Japan - Stage 1,Busan,Nyam Gaming,mint,Support,Lúcio,1,2,0.5
Japan - Stage 1,Busan,Nyam Gaming,orca,Support,Kiriko,2,2,1.0
Japan - Stage 1,Busan,Please Not Hero Ban,Ky0n,DPS,Cassidy,3,5,0.6
Japan - Stage 1,Busan,Please Not Hero Ban,Ky0n,DPS,Tracer,2,5,0.4
Japan - Stage 1,Busan,Please Not Hero Ban,NEIVIS,Support,Kiriko,1,4,0.25
Japan - Stage 1,Busan,Please Not Hero Ban,NEIVIS,Support,Lúcio,1,4,0.25
Japan - Stage 1,Busan,Please Not Hero Ban,NEIVIS,Support,Jetpack Cat,1,4,0.25
Japan - Stage 1,Busan,Please Not Hero Ban,NEIVIS,Support,Baptiste,1,4,0.25
Japan - Stage 1,Busan,Please Not Hero Ban,Sakume,Support,Mizuki,2,5,0.4
Japan - Stage 1,Busan,Please Not Hero Ban,Sakume,Support,Illari,2,5,0.4
Japan - Stage 1,Busan,Please Not Hero Ban,Sakume,Support,Kiriko,1,5,0.2
Japan - Stage 1,Busan,Please Not Hero Ban,Soae,DPS,Symmetra,3,4,0.75
Japan - Stage 1,Busan,Please Not Hero Ban,Soae,DPS,Vendetta,1,4,0.25
Japan - Stage 1,Busan,Please Not Hero Ban,homerunball,Tank,D.Va,2,4,0.5
Japan - Stage 1,Busan,Please Not Hero Ban,homerunball,Tank,Wrecking Ball,1,4,0.25
Japan - Stage 1,Busan,Please Not Hero Ban,homerunball,Tank,Orisa,1,4,0.25
Japan - Stage 1,Busan,TOKYO TAIYOs,Mihawk,Support,Kiriko,1,1,1.0
Japan - Stage 1,Busan,TOKYO TAIYOs,PEPPI,Tank,D.Va,1,1,1.0
Japan - Stage 1,Busan,TOKYO TAIYOs,ans,DPS,Emre,1,3,0.3333
Japan - Stage 1,Busan,TOKYO TAIYOs,ans,DPS,Widowmaker,1,3,0.3333
Japan - Stage 1,Busan,TOKYO TAIYOs,ans,DPS,Soldier: 76,1,3,0.3333
Japan - Stage 1,Busan,TOKYO TAIYOs,epic,Support,Jetpack Cat,1,2,0.5
Japan - Stage 1,Busan,TOKYO TAIYOs,epic,Support,Wuyang,1,2,0.5
Japan - Stage 1,Busan,TOKYO TAIYOs,ta1yo,DPS,Tracer,1,2,0.5
Japan - Stage 1,Busan,TOKYO TAIYOs,ta1yo,DPS,Symmetra,1,2,0.5
Japan - Stage 1,Busan,Telomere,Breadturtle,DPS,Tracer,3,6,0.5
Japan - Stage 1,Busan,Telomere,Breadturtle,DPS,Symmetra,3,6,0.5
Japan - Stage 1,Busan,Telomere,Elysia,Support,Kiriko,2,6,0.3333
Japan - Stage 1,Busan,Telomere,Elysia,Support,Ana,2,6,0.3333
Japan - Stage 1,Busan,Telomere,Elysia,Support,Juno,2,6,0.3333
Japan - Stage 1,Busan,Telomere,Vosa1q,Tank,D.Va,3,7,0.4286
Japan - Stage 1,Busan,Telomere,Vosa1q,Tank,Winston,1,7,0.1429
Japan - Stage 1,Busan,Telomere,Vosa1q,Tank,Zarya,1,7,0.1429
Japan - Stage 1,Busan,Telomere,Vosa1q,Tank,Wrecking Ball,1,7,0.1429
Japan - Stage 1,Busan,Telomere,Vosa1q,Tank,Ramattra,1,7,0.1429
Japan - Stage 1,Busan,Telomere,kiibo,Support,Brigitte,2,4,0.5
Japan - Stage 1,Busan,Telomere,kiibo,Support,Lúcio,1,4,0.25
Japan - Stage 1,Busan,Telomere,kiibo,Support,Moira,1,4,0.25
Japan - Stage 1,Busan,Telomere,pav2l,DPS,Emre,3,5,0.6
Japan - Stage 1,Busan,Telomere,pav2l,DPS,Sojourn,1,5,0.2
Japan - Stage 1,Busan,Telomere,pav2l,DPS,Cassidy,1,5,0.2
Japan - Stage 1,Busan,VARREL,KSG,Tank,D.Va,5,7,0.7143
Japan - Stage 1,Busan,VARREL,KSG,Tank,Zarya,1,7,0.1429
Japan - Stage 1,Busan,VARREL,KSG,Tank,Hazard,1,7,0.1429
Japan - Stage 1,Busan,VARREL,NICO,DPS,Emre,5,5,1.0
Japan - Stage 1,Busan,VARREL,QLOUD,Support,Kiriko,5,5,1.0
Japan - Stage 1,Busan,VARREL,SLEY,Support,Jetpack Cat,2,5,0.4
Japan - Stage 1,Busan,VARREL,SLEY,Support,Wuyang,2,5,0.4
Japan - Stage 1,Busan,VARREL,SLEY,Support,Illari,1,5,0.2
Japan - Stage 1,Busan,VARREL,TOPDRAGON,DPS,Symmetra,5,10,0.5
Japan - Stage 1,Busan,VARREL,TOPDRAGON,DPS,Tracer,2,10,0.2
Japan - Stage 1,Busan,VARREL,TOPDRAGON,DPS,Vendetta,2,10,0.2
Japan - Stage 1,Busan,VARREL,TOPDRAGON,DPS,Echo,1,10,0.1
Japan - Stage 1,Esperança,99DIVINE,D4IJIN,Support,Kiriko,6,9,0.6667
Japan - Stage 1,Esperança,99DIVINE,D4IJIN,Support,Juno,2,9,0.2222
Japan - Stage 1,Esperança,99DIVINE,D4IJIN,Support,Mizuki,1,9,0.1111
Japan - Stage 1,Esperança,99DIVINE,HRY,DPS,Echo,3,6,0.5
Japan - Stage 1,Esperança,99DIVINE,HRY,DPS,Vendetta,2,6,0.3333
Japan - Stage 1,Esperança,99DIVINE,HRY,DPS,Tracer,1,6,0.1667
Japan - Stage 1,Esperança,99DIVINE,ICHI,Tank,Wrecking Ball,4,12,0.3333
Japan - Stage 1,Esperança,99DIVINE,ICHI,Tank,Zarya,3,12,0.25
Japan - Stage 1,Esperança,99DIVINE,ICHI,Tank,D.Va,2,12,0.1667
Japan - Stage 1,Esperança,99DIVINE,ICHI,Tank,Hazard,2,12,0.1667
Japan - Stage 1,Esperança,99DIVINE,ICHI,Tank,Orisa,1,12,0.0833
Japan - Stage 1,Esperança,99DIVINE,SORI,DPS,Emre,5,7,0.7143
Japan - Stage 1,Esperança,99DIVINE,SORI,DPS,Cassidy,1,7,0.1429
Japan - Stage 1,Esperança,99DIVINE,SORI,DPS,Sojourn,1,7,0.1429
Japan - Stage 1,Esperança,99DIVINE,Supreme,Support,Wuyang,3,8,0.375
Japan - Stage 1,Esperança,99DIVINE,Supreme,Support,Lúcio,3,8,0.375
Japan - Stage 1,Esperança,99DIVINE,Supreme,Support,Ana,1,8,0.125
Japan - Stage 1,Esperança,99DIVINE,Supreme,Support,Brigitte,1,8,0.125
Japan - Stage 1,Esperança,99DIVINE,harutoon,DPS,Tracer,2,2,1.0
Japan - Stage 1,Esperança,ENTER FORCE.36,Edison,DPS,Vendetta,5,12,0.4167
Japan - Stage 1,Esperança,ENTER FORCE.36,Edison,DPS,Tracer,4,12,0.3333
Japan - Stage 1,Esperança,ENTER FORCE.36,Edison,DPS,Pharah,1,12,0.0833
Japan - Stage 1,Esperança,ENTER FORCE.36,Edison,DPS,Sombra,1,12,0.0833
Japan - Stage 1,Esperança,ENTER FORCE.36,Edison,DPS,Mei,1,12,0.0833
Japan - Stage 1,Esperança,ENTER FORCE.36,Gaisen,Support,Kiriko,4,9,0.4444
Japan - Stage 1,Esperança,ENTER FORCE.36,Gaisen,Support,Juno,4,9,0.4444
Japan - Stage 1,Esperança,ENTER FORCE.36,Gaisen,Support,Ana,1,9,0.1111
Japan - Stage 1,Esperança,ENTER FORCE.36,Heesung,Tank,D.Va,4,10,0.4
Japan - Stage 1,Esperança,ENTER FORCE.36,Heesung,Tank,Hazard,2,10,0.2
Japan - Stage 1,Esperança,ENTER FORCE.36,Heesung,Tank,Orisa,2,10,0.2
Japan - Stage 1,Esperança,ENTER FORCE.36,Heesung,Tank,Wrecking Ball,1,10,0.1
Japan - Stage 1,Esperança,ENTER FORCE.36,Heesung,Tank,Mauga,1,10,0.1
Japan - Stage 1,Esperança,ENTER FORCE.36,NewJ,DPS,Sojourn,4,7,0.5714
Japan - Stage 1,Esperança,ENTER FORCE.36,NewJ,DPS,Emre,3,7,0.4286
Japan - Stage 1,Esperança,ENTER FORCE.36,Ydot,Support,Lúcio,4,6,0.6667
Japan - Stage 1,Esperança,ENTER FORCE.36,Ydot,Support,Brigitte,1,6,0.1667
Japan - Stage 1,Esperança,ENTER FORCE.36,Ydot,Support,Illari,1,6,0.1667
Japan - Stage 1,Esperança,Lazuli,DOX,Tank,Doomfist,1,2,0.5
Japan - Stage 1,Esperança,Lazuli,DOX,Tank,Ramattra,1,2,0.5
Japan - Stage 1,Esperança,Lazuli,NHZ,Support,Mizuki,1,2,0.5
Japan - Stage 1,Esperança,Lazuli,NHZ,Support,Brigitte,1,2,0.5
Japan - Stage 1,Esperança,Lazuli,Setsuna,DPS,Tracer,1,3,0.3333
Japan - Stage 1,Esperança,Lazuli,Setsuna,DPS,Symmetra,1,3,0.3333
Japan - Stage 1,Esperança,Lazuli,Setsuna,DPS,Sojourn,1,3,0.3333
Japan - Stage 1,Esperança,Lazuli,Yot1y,DPS,Sojourn,1,2,0.5
Japan - Stage 1,Esperança,Lazuli,Yot1y,DPS,Vendetta,1,2,0.5
Japan - Stage 1,Esperança,Lazuli,smash,Support,Kiriko,1,1,1.0
Japan - Stage 1,Esperança,Lazuli,umi,Support,Juno,1,1,1.0
Japan - Stage 1,Esperança,Nyam Gaming,APDO,DPS,Vendetta,1,2,0.5
Japan - Stage 1,Esperança,Nyam Gaming,APDO,DPS,Tracer,1,2,0.5
Japan - Stage 1,Esperança,Nyam Gaming,Daisy,DPS,Emre,1,1,1.0
Japan - Stage 1,Esperança,Nyam Gaming,Roxy,Tank,Zarya,1,1,1.0
Japan - Stage 1,Esperança,Nyam Gaming,mint,Support,Wuyang,1,2,0.5
Japan - Stage 1,Esperança,Nyam Gaming,mint,Support,Juno,1,2,0.5
Japan - Stage 1,Esperança,Nyam Gaming,orca,Support,Kiriko,1,3,0.3333
Japan - Stage 1,Esperança,Nyam Gaming,orca,Support,Jetpack Cat,1,3,0.3333
Japan - Stage 1,Esperança,Nyam Gaming,orca,Support,Juno,1,3,0.3333
Japan - Stage 1,Esperança,Please Not Hero Ban,Ky0n,DPS,Cassidy,5,8,0.625
Japan - Stage 1,Esperança,Please Not Hero Ban,Ky0n,DPS,Emre,2,8,0.25
Japan - Stage 1,Esperança,Please Not Hero Ban,Ky0n,DPS,Sojourn,1,8,0.125
Japan - Stage 1,Esperança,Please Not Hero Ban,NEIVIS,Support,Lúcio,3,6,0.5
Japan - Stage 1,Esperança,Please Not Hero Ban,NEIVIS,Support,Kiriko,2,6,0.3333
Japan - Stage 1,Esperança,Please Not Hero Ban,NEIVIS,Support,Baptiste,1,6,0.1667
Japan - Stage 1,Esperança,Please Not Hero Ban,Sakume,Support,Kiriko,3,7,0.4286
Japan - Stage 1,Esperança,Please Not Hero Ban,Sakume,Support,Mizuki,2,7,0.2857
Japan - Stage 1,Esperança,Please Not Hero Ban,Sakume,Support,Ana,1,7,0.1429
Japan - Stage 1,Esperança,Please Not Hero Ban,Sakume,Support,Juno,1,7,0.1429
Japan - Stage 1,Esperança,Please Not Hero Ban,Soae,DPS,Symmetra,6,7,0.8571
Japan - Stage 1,Esperança,Please Not Hero Ban,Soae,DPS,Vendetta,1,7,0.1429
Japan - Stage 1,Esperança,Please Not Hero Ban,homerunball,Tank,D.Va,4,7,0.5714
Japan - Stage 1,Esperança,Please Not Hero Ban,homerunball,Tank,Ramattra,2,7,0.2857
Japan - Stage 1,Esperança,Please Not Hero Ban,homerunball,Tank,Mauga,1,7,0.1429
Japan - Stage 1,Esperança,TOKYO TAIYOs,Mihawk,Support,Kiriko,3,5,0.6
Japan - Stage 1,Esperança,TOKYO TAIYOs,Mihawk,Support,Juno,1,5,0.2
Japan - Stage 1,Esperança,TOKYO TAIYOs,Mihawk,Support,Baptiste,1,5,0.2
Japan - Stage 1,Esperança,TOKYO TAIYOs,PEPPI,Tank,Sigma,2,5,0.4
Japan - Stage 1,Esperança,TOKYO TAIYOs,PEPPI,Tank,Mauga,2,5,0.4
Japan - Stage 1,Esperança,TOKYO TAIYOs,PEPPI,Tank,Ramattra,1,5,0.2
Japan - Stage 1,Esperança,TOKYO TAIYOs,ans,DPS,Cassidy,3,5,0.6
Japan - Stage 1,Esperança,TOKYO TAIYOs,ans,DPS,Sojourn,1,5,0.2
Japan - Stage 1,Esperança,TOKYO TAIYOs,ans,DPS,Bastion,1,5,0.2
Japan - Stage 1,Esperança,TOKYO TAIYOs,epic,Support,Lúcio,3,5,0.6
Japan - Stage 1,Esperança,TOKYO TAIYOs,epic,Support,Brigitte,1,5,0.2
Japan - Stage 1,Esperança,TOKYO TAIYOs,epic,Support,Kiriko,1,5,0.2
Japan - Stage 1,Esperança,TOKYO TAIYOs,ta1yo,DPS,Symmetra,3,4,0.75
Japan - Stage 1,Esperança,TOKYO TAIYOs,ta1yo,DPS,Tracer,1,4,0.25
Japan - Stage 1,Esperança,VARREL,KSG,Tank,Zarya,2,5,0.4
Japan - Stage 1,Esperança,VARREL,KSG,Tank,Hazard,2,5,0.4
Japan - Stage 1,Esperança,VARREL,KSG,Tank,D.Va,1,5,0.2
Japan - Stage 1,Esperança,VARREL,NICO,DPS,Emre,3,8,0.375
Japan - Stage 1,Esperança,VARREL,NICO,DPS,Sojourn,2,8,0.25
Japan - Stage 1,Esperança,VARREL,NICO,DPS,Symmetra,1,8,0.125
Japan - Stage 1,Esperança,VARREL,NICO,DPS,Tracer,1,8,0.125
Japan - Stage 1,Esperança,VARREL,NICO,DPS,Freja,1,8,0.125
Japan - Stage 1,Esperança,VARREL,QLOUD,Support,Ana,2,5,0.4
Japan - Stage 1,Esperança,VARREL,QLOUD,Support,Wuyang,1,5,0.2
Japan - Stage 1,Esperança,VARREL,QLOUD,Support,Kiriko,1,5,0.2
Japan - Stage 1,Esperança,VARREL,QLOUD,Support,Juno,1,5,0.2
Japan - Stage 1,Esperança,VARREL,SLEY,Support,Illari,2,6,0.3333
Japan - Stage 1,Esperança,VARREL,SLEY,Support,Mizuki,1,6,0.1667
Japan - Stage 1,Esperança,VARREL,SLEY,Support,Jetpack Cat,1,6,0.1667
Japan - Stage 1,Esperança,VARREL,SLEY,Support,Juno,1,6,0.1667
Japan - Stage 1,Esperança,VARREL,SLEY,Support,Brigitte,1,6,0.1667
Japan - Stage 1,Esperança,VARREL,TOPDRAGON,DPS,Vendetta,3,5,0.6
Japan - Stage 1,Esperança,VARREL,TOPDRAGON,DPS,Tracer,1,5,0.2
Japan - Stage 1,Esperança,VARREL,TOPDRAGON,DPS,Echo,1,5,0.2
Japan - Stage 1,Havana,ENTER FORCE.36,Edison,DPS,Genji,1,2,0.5
Japan - Stage 1,Havana,ENTER FORCE.36,Edison,DPS,Widowmaker,1,2,0.5
Japan - Stage 1,Havana,ENTER FORCE.36,Gaisen,Support,Ana,1,1,1.0
Japan - Stage 1,Havana,ENTER FORCE.36,Heesung,Tank,Sigma,1,3,0.3333
Japan - Stage 1,Havana,ENTER FORCE.36,Heesung,Tank,Orisa,1,3,0.3333
Japan - Stage 1,Havana,ENTER FORCE.36,Heesung,Tank,Roadhog,1,3,0.3333
Japan - Stage 1,Havana,ENTER FORCE.36,NewJ,DPS,Emre,1,3,0.3333
Japan - Stage 1,Havana,ENTER FORCE.36,NewJ,DPS,Hanzo,1,3,0.3333
Japan - Stage 1,Havana,ENTER FORCE.36,NewJ,DPS,Torbjörn,1,3,0.3333
Japan - Stage 1,Havana,ENTER FORCE.36,Ydot,Support,Wuyang,1,2,0.5
Japan - Stage 1,Havana,ENTER FORCE.36,Ydot,Support,Juno,1,2,0.5
Japan - Stage 1,Havana,Lazuli,DOX,Tank,Orisa,1,5,0.2
Japan - Stage 1,Havana,Lazuli,DOX,Tank,Sigma,1,5,0.2
Japan - Stage 1,Havana,Lazuli,DOX,Tank,Reinhardt,1,5,0.2
Japan - Stage 1,Havana,Lazuli,DOX,Tank,Ramattra,1,5,0.2
Japan - Stage 1,Havana,Lazuli,DOX,Tank,Doomfist,1,5,0.2
Japan - Stage 1,Havana,Lazuli,NHZ,Support,Brigitte,2,6,0.3333
Japan - Stage 1,Havana,Lazuli,NHZ,Support,Baptiste,1,6,0.1667
Japan - Stage 1,Havana,Lazuli,NHZ,Support,Kiriko,1,6,0.1667
Japan - Stage 1,Havana,Lazuli,NHZ,Support,Wuyang,1,6,0.1667
Japan - Stage 1,Havana,Lazuli,NHZ,Support,Moira,1,6,0.1667
Japan - Stage 1,Havana,Lazuli,Setsuna,DPS,Symmetra,2,6,0.3333
Japan - Stage 1,Havana,Lazuli,Setsuna,DPS,Sojourn,2,6,0.3333
Japan - Stage 1,Havana,Lazuli,Setsuna,DPS,Widowmaker,1,6,0.1667
Japan - Stage 1,Havana,Lazuli,Setsuna,DPS,Tracer,1,6,0.1667
Japan - Stage 1,Havana,Lazuli,Yot1y,DPS,Emre,2,3,0.6667
Japan - Stage 1,Havana,Lazuli,Yot1y,DPS,Tracer,1,3,0.3333
Japan - Stage 1,Havana,Lazuli,umi,Support,Juno,2,5,0.4
Japan - Stage 1,Havana,Lazuli,umi,Support,Illari,1,5,0.2
Japan - Stage 1,Havana,Lazuli,umi,Support,Kiriko,1,5,0.2
Japan - Stage 1,Havana,Lazuli,umi,Support,Lúcio,1,5,0.2
Japan - Stage 1,Havana,Nyam Gaming,APDO,DPS,Vendetta,1,3,0.3333
Japan - Stage 1,Havana,Nyam Gaming,APDO,DPS,Symmetra,1,3,0.3333
Japan - Stage 1,Havana,Nyam Gaming,APDO,DPS,Echo,1,3,0.3333
Japan - Stage 1,Havana,Nyam Gaming,Daisy,DPS,Sojourn,2,5,0.4
Japan - Stage 1,Havana,Nyam Gaming,Daisy,DPS,Widowmaker,2,5,0.4
Japan - Stage 1,Havana,Nyam Gaming,Daisy,DPS,Emre,1,5,0.2
Japan - Stage 1,Havana,Nyam Gaming,Roxy,Tank,Zarya,2,3,0.6667
Japan - Stage 1,Havana,Nyam Gaming,Roxy,Tank,D.Va,1,3,0.3333
Japan - Stage 1,Havana,Nyam Gaming,mint,Support,Wuyang,2,3,0.6667
Japan - Stage 1,Havana,Nyam Gaming,mint,Support,Lúcio,1,3,0.3333
Japan - Stage 1,Havana,Nyam Gaming,orca,Support,Kiriko,2,4,0.5
Japan - Stage 1,Havana,Nyam Gaming,orca,Support,Ana,1,4,0.25
Japan - Stage 1,Havana,Nyam Gaming,orca,Support,Lúcio,1,4,0.25
Japan - Stage 1,Havana,TOKYO TAIYOs,Mihawk,Support,Kiriko,1,2,0.5
Japan - Stage 1,Havana,TOKYO TAIYOs,Mihawk,Support,Ana,1,2,0.5
Japan - Stage 1,Havana,TOKYO TAIYOs,PEPPI,Tank,Ramattra,1,2,0.5
Japan - Stage 1,Havana,TOKYO TAIYOs,PEPPI,Tank,Zarya,1,2,0.5
Japan - Stage 1,Havana,TOKYO TAIYOs,ans,DPS,Widowmaker,1,2,0.5
Japan - Stage 1,Havana,TOKYO TAIYOs,ans,DPS,Cassidy,1,2,0.5
Japan - Stage 1,Havana,TOKYO TAIYOs,epic,Support,Wuyang,1,1,1.0
Japan - Stage 1,Havana,TOKYO TAIYOs,ta1yo,DPS,Vendetta,1,1,1.0
Japan - Stage 1,Havana,VARREL,KSG,Tank,Sigma,2,4,0.5
Japan - Stage 1,Havana,VARREL,KSG,Tank,Orisa,1,4,0.25
Japan - Stage 1,Havana,VARREL,KSG,Tank,Wrecking Ball,1,4,0.25
Japan - Stage 1,Havana,VARREL,NICO,DPS,Symmetra,2,2,1.0
Japan - Stage 1,Havana,VARREL,QLOUD,Support,Baptiste,2,4,0.5
Japan - Stage 1,Havana,VARREL,QLOUD,Support,Brigitte,1,4,0.25
Japan - Stage 1,Havana,VARREL,QLOUD,Support,Ana,1,4,0.25
Japan - Stage 1,Havana,VARREL,SLEY,Support,Wuyang,1,2,0.5
Japan - Stage 1,Havana,VARREL,SLEY,Support,Illari,1,2,0.5
Japan - Stage 1,Havana,VARREL,TOPDRAGON,DPS,Mei,1,4,0.25
Japan - Stage 1,Havana,VARREL,TOPDRAGON,DPS,Genji,1,4,0.25
Japan - Stage 1,Havana,VARREL,TOPDRAGON,DPS,Anran,1,4,0.25
Japan - Stage 1,Havana,VARREL,TOPDRAGON,DPS,Widowmaker,1,4,0.25
Japan - Stage 1,Lijiang Tower,99DIVINE,D4IJIN,Support,Kiriko,2,3,0.6667
Japan - Stage 1,Lijiang Tower,99DIVINE,D4IJIN,Support,Juno,1,3,0.3333
Japan - Stage 1,Lijiang Tower,99DIVINE,HRY,DPS,Symmetra,2,5,0.4
Japan - Stage 1,Lijiang Tower,99DIVINE,HRY,DPS,Echo,1,5,0.2
Japan - Stage 1,Lijiang Tower,99DIVINE,HRY,DPS,Vendetta,1,5,0.2
Japan - Stage 1,Lijiang Tower,99DIVINE,HRY,DPS,Tracer,1,5,0.2
Japan - Stage 1,Lijiang Tower,99DIVINE,ICHI,Tank,D.Va,2,5,0.4
Japan - Stage 1,Lijiang Tower,99DIVINE,ICHI,Tank,Hazard,2,5,0.4
Japan - Stage 1,Lijiang Tower,99DIVINE,ICHI,Tank,Zarya,1,5,0.2
Japan - Stage 1,Lijiang Tower,99DIVINE,SORI,DPS,Emre,2,4,0.5
Japan - Stage 1,Lijiang Tower,99DIVINE,SORI,DPS,Cassidy,1,4,0.25
Japan - Stage 1,Lijiang Tower,99DIVINE,SORI,DPS,Tracer,1,4,0.25
Japan - Stage 1,Lijiang Tower,99DIVINE,Supreme,Support,Jetpack Cat,2,5,0.4
Japan - Stage 1,Lijiang Tower,99DIVINE,Supreme,Support,Brigitte,2,5,0.4
Japan - Stage 1,Lijiang Tower,99DIVINE,Supreme,Support,Juno,1,5,0.2
Japan - Stage 1,Lijiang Tower,99DIVINE,harutoon,DPS,Tracer,1,2,0.5
Japan - Stage 1,Lijiang Tower,99DIVINE,harutoon,DPS,Symmetra,1,2,0.5
Japan - Stage 1,Lijiang Tower,ENTER FORCE.36,Edison,DPS,Tracer,4,13,0.3077
Japan - Stage 1,Lijiang Tower,ENTER FORCE.36,Edison,DPS,Symmetra,3,13,0.2308
Japan - Stage 1,Lijiang Tower,ENTER FORCE.36,Edison,DPS,Echo,2,13,0.1538
Japan - Stage 1,Lijiang Tower,ENTER FORCE.36,Edison,DPS,Vendetta,2,13,0.1538
Japan - Stage 1,Lijiang Tower,ENTER FORCE.36,Edison,DPS,Pharah,2,13,0.1538
Japan - Stage 1,Lijiang Tower,ENTER FORCE.36,Gaisen,Support,Juno,4,12,0.3333
Japan - Stage 1,Lijiang Tower,ENTER FORCE.36,Gaisen,Support,Kiriko,3,12,0.25
Japan - Stage 1,Lijiang Tower,ENTER FORCE.36,Gaisen,Support,Ana,2,12,0.1667
Japan - Stage 1,Lijiang Tower,ENTER FORCE.36,Gaisen,Support,Baptiste,2,12,0.1667
Japan - Stage 1,Lijiang Tower,ENTER FORCE.36,Gaisen,Support,Mizuki,1,12,0.0833
Japan - Stage 1,Lijiang Tower,ENTER FORCE.36,Heesung,Tank,D.Va,3,12,0.25
Japan - Stage 1,Lijiang Tower,ENTER FORCE.36,Heesung,Tank,Zarya,2,12,0.1667
Japan - Stage 1,Lijiang Tower,ENTER FORCE.36,Heesung,Tank,Wrecking Ball,2,12,0.1667
Japan - Stage 1,Lijiang Tower,ENTER FORCE.36,Heesung,Tank,Ramattra,1,12,0.0833
Japan - Stage 1,Lijiang Tower,ENTER FORCE.36,Heesung,Tank,Orisa,1,12,0.0833
Japan - Stage 1,Lijiang Tower,ENTER FORCE.36,Heesung,Tank,Doomfist,1,12,0.0833
Japan - Stage 1,Lijiang Tower,ENTER FORCE.36,Heesung,Tank,Mauga,1,12,0.0833
Japan - Stage 1,Lijiang Tower,ENTER FORCE.36,Heesung,Tank,Domina,1,12,0.0833
Japan - Stage 1,Lijiang Tower,ENTER FORCE.36,NewJ,DPS,Emre,6,7,0.8571
Japan - Stage 1,Lijiang Tower,ENTER FORCE.36,NewJ,DPS,Genji,1,7,0.1429
Japan - Stage 1,Lijiang Tower,ENTER FORCE.36,Ydot,Support,Kiriko,2,10,0.2
Japan - Stage 1,Lijiang Tower,ENTER FORCE.36,Ydot,Support,Jetpack Cat,2,10,0.2
Japan - Stage 1,Lijiang Tower,ENTER FORCE.36,Ydot,Support,Wuyang,2,10,0.2
Japan - Stage 1,Lijiang Tower,ENTER FORCE.36,Ydot,Support,Lúcio,2,10,0.2
Japan - Stage 1,Lijiang Tower,ENTER FORCE.36,Ydot,Support,Brigitte,1,10,0.1
Japan - Stage 1,Lijiang Tower,ENTER FORCE.36,Ydot,Support,Illari,1,10,0.1
Japan - Stage 1,Lijiang Tower,Lazuli,DOX,Tank,Ramattra,2,4,0.5
Japan - Stage 1,Lijiang Tower,Lazuli,DOX,Tank,Doomfist,1,4,0.25
Japan - Stage 1,Lijiang Tower,Lazuli,DOX,Tank,Orisa,1,4,0.25
Japan - Stage 1,Lijiang Tower,Lazuli,NHZ,Support,Brigitte,2,4,0.5
Japan - Stage 1,Lijiang Tower,Lazuli,NHZ,Support,Mizuki,1,4,0.25
Japan - Stage 1,Lijiang Tower,Lazuli,NHZ,Support,Lúcio,1,4,0.25
Japan - Stage 1,Lijiang Tower,Lazuli,Setsuna,DPS,Cassidy,2,8,0.25
Japan - Stage 1,Lijiang Tower,Lazuli,Setsuna,DPS,Sojourn,2,8,0.25
Japan - Stage 1,Lijiang Tower,Lazuli,Setsuna,DPS,Symmetra,2,8,0.25
Japan - Stage 1,Lijiang Tower,Lazuli,Setsuna,DPS,Emre,1,8,0.125
Japan - Stage 1,Lijiang Tower,Lazuli,Setsuna,DPS,Sombra,1,8,0.125
Japan - Stage 1,Lijiang Tower,Lazuli,Yot1y,DPS,Symmetra,2,5,0.4
Japan - Stage 1,Lijiang Tower,Lazuli,Yot1y,DPS,Vendetta,2,5,0.4
Japan - Stage 1,Lijiang Tower,Lazuli,Yot1y,DPS,Tracer,1,5,0.2
Japan - Stage 1,Lijiang Tower,Lazuli,smash,Support,Kiriko,1,1,1.0
Japan - Stage 1,Lijiang Tower,Lazuli,umi,Support,Juno,2,2,1.0
Japan - Stage 1,Lijiang Tower,Nyam Gaming,APDO,DPS,Vendetta,2,3,0.6667
Japan - Stage 1,Lijiang Tower,Nyam Gaming,APDO,DPS,Tracer,1,3,0.3333
Japan - Stage 1,Lijiang Tower,Nyam Gaming,Daisy,DPS,Emre,2,4,0.5
Japan - Stage 1,Lijiang Tower,Nyam Gaming,Daisy,DPS,Symmetra,2,4,0.5
Japan - Stage 1,Lijiang Tower,Nyam Gaming,Roxy,Tank,Zarya,2,3,0.6667
Japan - Stage 1,Lijiang Tower,Nyam Gaming,Roxy,Tank,Wrecking Ball,1,3,0.3333
Japan - Stage 1,Lijiang Tower,Nyam Gaming,mint,Support,Lúcio,1,2,0.5
Japan - Stage 1,Lijiang Tower,Nyam Gaming,mint,Support,Brigitte,1,2,0.5
Japan - Stage 1,Lijiang Tower,Nyam Gaming,orca,Support,Kiriko,1,2,0.5
Japan - Stage 1,Lijiang Tower,Nyam Gaming,orca,Support,Juno,1,2,0.5
Japan - Stage 1,Lijiang Tower,Please Not Hero Ban,Ky0n,DPS,Tracer,2,6,0.3333
Japan - Stage 1,Lijiang Tower,Please Not Hero Ban,Ky0n,DPS,Emre,2,6,0.3333
Japan - Stage 1,Lijiang Tower,Please Not Hero Ban,Ky0n,DPS,Echo,1,6,0.1667
Japan - Stage 1,Lijiang Tower,Please Not Hero Ban,Ky0n,DPS,Cassidy,1,6,0.1667
Japan - Stage 1,Lijiang Tower,Please Not Hero Ban,NEIVIS,Support,Lúcio,1,3,0.3333
Japan - Stage 1,Lijiang Tower,Please Not Hero Ban,NEIVIS,Support,Brigitte,1,3,0.3333
Japan - Stage 1,Lijiang Tower,Please Not Hero Ban,NEIVIS,Support,Jetpack Cat,1,3,0.3333
Japan - Stage 1,Lijiang Tower,Please Not Hero Ban,Sakume,Support,Juno,2,3,0.6667
Japan - Stage 1,Lijiang Tower,Please Not Hero Ban,Sakume,Support,Kiriko,1,3,0.3333
Japan - Stage 1,Lijiang Tower,Please Not Hero Ban,Soae,DPS,Vendetta,2,5,0.4
Japan - Stage 1,Lijiang Tower,Please Not Hero Ban,Soae,DPS,Mei,1,5,0.2
Japan - Stage 1,Lijiang Tower,Please Not Hero Ban,Soae,DPS,Torbjörn,1,5,0.2
Japan - Stage 1,Lijiang Tower,Please Not Hero Ban,Soae,DPS,Reaper,1,5,0.2
Japan - Stage 1,Lijiang Tower,Please Not Hero Ban,homerunball,Tank,D.Va,2,4,0.5
Japan - Stage 1,Lijiang Tower,Please Not Hero Ban,homerunball,Tank,Orisa,1,4,0.25
Japan - Stage 1,Lijiang Tower,Please Not Hero Ban,homerunball,Tank,Mauga,1,4,0.25
Japan - Stage 1,Lijiang Tower,TOKYO TAIYOs,Mihawk,Support,Baptiste,3,4,0.75
Japan - Stage 1,Lijiang Tower,TOKYO TAIYOs,Mihawk,Support,Kiriko,1,4,0.25
Japan - Stage 1,Lijiang Tower,TOKYO TAIYOs,PEPPI,Tank,Sigma,3,7,0.4286
Japan - Stage 1,Lijiang Tower,TOKYO TAIYOs,PEPPI,Tank,Mauga,2,7,0.2857
Japan - Stage 1,Lijiang Tower,TOKYO TAIYOs,PEPPI,Tank,Ramattra,1,7,0.1429
Japan - Stage 1,Lijiang Tower,TOKYO TAIYOs,PEPPI,Tank,D.Va,1,7,0.1429
Japan - Stage 1,Lijiang Tower,TOKYO TAIYOs,ans,DPS,Bastion,4,6,0.6667
Japan - Stage 1,Lijiang Tower,TOKYO TAIYOs,ans,DPS,Cassidy,1,6,0.1667
Japan - Stage 1,Lijiang Tower,TOKYO TAIYOs,ans,DPS,Pharah,1,6,0.1667
Japan - Stage 1,Lijiang Tower,TOKYO TAIYOs,epic,Support,Lúcio,4,5,0.8
Japan - Stage 1,Lijiang Tower,TOKYO TAIYOs,epic,Support,Juno,1,5,0.2
Japan - Stage 1,Lijiang Tower,TOKYO TAIYOs,ta1yo,DPS,Symmetra,2,6,0.3333
Japan - Stage 1,Lijiang Tower,TOKYO TAIYOs,ta1yo,DPS,Mei,2,6,0.3333
Japan - Stage 1,Lijiang Tower,TOKYO TAIYOs,ta1yo,DPS,Tracer,2,6,0.3333
Japan - Stage 1,Lijiang Tower,Telomere,Breadturtle,DPS,Vendetta,3,3,1.0
Japan - Stage 1,Lijiang Tower,Telomere,Elysia,Support,Juno,2,5,0.4
Japan - Stage 1,Lijiang Tower,Telomere,Elysia,Support,Kiriko,2,5,0.4
Japan - Stage 1,Lijiang Tower,Telomere,Elysia,Support,Moira,1,5,0.2
Japan - Stage 1,Lijiang Tower,Telomere,Vosa1q,Tank,D.Va,2,6,0.3333
Japan - Stage 1,Lijiang Tower,Telomere,Vosa1q,Tank,Ramattra,2,6,0.3333
Japan - Stage 1,Lijiang Tower,Telomere,Vosa1q,Tank,Zarya,1,6,0.1667
Japan - Stage 1,Lijiang Tower,Telomere,Vosa1q,Tank,Winston,1,6,0.1667
Japan - Stage 1,Lijiang Tower,Telomere,kiibo,Support,Lúcio,3,6,0.5
Japan - Stage 1,Lijiang Tower,Telomere,kiibo,Support,Brigitte,2,6,0.3333
Japan - Stage 1,Lijiang Tower,Telomere,kiibo,Support,Kiriko,1,6,0.1667
Japan - Stage 1,Lijiang Tower,Telomere,pav2l,DPS,Sojourn,3,6,0.5
Japan - Stage 1,Lijiang Tower,Telomere,pav2l,DPS,Symmetra,2,6,0.3333
Japan - Stage 1,Lijiang Tower,Telomere,pav2l,DPS,Genji,1,6,0.1667
Japan - Stage 1,Lijiang Tower,VARREL,KSG,Tank,D.Va,2,6,0.3333
Japan - Stage 1,Lijiang Tower,VARREL,KSG,Tank,Hazard,2,6,0.3333
Japan - Stage 1,Lijiang Tower,VARREL,KSG,Tank,Zarya,1,6,0.1667
Japan - Stage 1,Lijiang Tower,VARREL,KSG,Tank,Orisa,1,6,0.1667
Japan - Stage 1,Lijiang Tower,VARREL,NICO,DPS,Emre,3,3,1.0
Japan - Stage 1,Lijiang Tower,VARREL,QLOUD,Support,Ana,2,3,0.6667
Japan - Stage 1,Lijiang Tower,VARREL,QLOUD,Support,Kiriko,1,3,0.3333
Japan - Stage 1,Lijiang Tower,VARREL,SLEY,Support,Jetpack Cat,2,4,0.5
Japan - Stage 1,Lijiang Tower,VARREL,SLEY,Support,Baptiste,1,4,0.25
Japan - Stage 1,Lijiang Tower,VARREL,SLEY,Support,Wuyang,1,4,0.25
Japan - Stage 1,Lijiang Tower,VARREL,TOPDRAGON,DPS,Symmetra,3,9,0.3333
Japan - Stage 1,Lijiang Tower,VARREL,TOPDRAGON,DPS,Tracer,3,9,0.3333
Japan - Stage 1,Lijiang Tower,VARREL,TOPDRAGON,DPS,Pharah,1,9,0.1111
Japan - Stage 1,Lijiang Tower,VARREL,TOPDRAGON,DPS,Vendetta,1,9,0.1111
Japan - Stage 1,Lijiang Tower,VARREL,TOPDRAGON,DPS,Venture,1,9,0.1111
Japan - Stage 1,Midtown,99DIVINE,D4IJIN,Support,Kiriko,1,1,1.0
Japan - Stage 1,Midtown,99DIVINE,HRY,DPS,Tracer,1,1,1.0
Japan - Stage 1,Midtown,99DIVINE,ICHI,Tank,D.Va,1,3,0.3333
Japan - Stage 1,Midtown,99DIVINE,ICHI,Tank,Sigma,1,3,0.3333
Japan - Stage 1,Midtown,99DIVINE,ICHI,Tank,Zarya,1,3,0.3333
Japan - Stage 1,Midtown,99DIVINE,SORI,DPS,Emre,1,1,1.0
Japan - Stage 1,Midtown,99DIVINE,Supreme,Support,Wuyang,1,3,0.3333
Japan - Stage 1,Midtown,99DIVINE,Supreme,Support,Zenyatta,1,3,0.3333
Japan - Stage 1,Midtown,99DIVINE,Supreme,Support,Lúcio,1,3,0.3333
Japan - Stage 1,Midtown,ENTER FORCE.36,Edison,DPS,Echo,2,6,0.3333
Japan - Stage 1,Midtown,ENTER FORCE.36,Edison,DPS,Tracer,2,6,0.3333
Japan - Stage 1,Midtown,ENTER FORCE.36,Edison,DPS,Vendetta,1,6,0.1667
Japan - Stage 1,Midtown,ENTER FORCE.36,Edison,DPS,Symmetra,1,6,0.1667
Japan - Stage 1,Midtown,ENTER FORCE.36,Gaisen,Support,Kiriko,2,3,0.6667
Japan - Stage 1,Midtown,ENTER FORCE.36,Gaisen,Support,Ana,1,3,0.3333
Japan - Stage 1,Midtown,ENTER FORCE.36,Heesung,Tank,Zarya,1,6,0.1667
Japan - Stage 1,Midtown,ENTER FORCE.36,Heesung,Tank,Hazard,1,6,0.1667
Japan - Stage 1,Midtown,ENTER FORCE.36,Heesung,Tank,Domina,1,6,0.1667
Japan - Stage 1,Midtown,ENTER FORCE.36,Heesung,Tank,Orisa,1,6,0.1667
Japan - Stage 1,Midtown,ENTER FORCE.36,Heesung,Tank,D.Va,1,6,0.1667
Japan - Stage 1,Midtown,ENTER FORCE.36,Heesung,Tank,Doomfist,1,6,0.1667
Japan - Stage 1,Midtown,ENTER FORCE.36,NewJ,DPS,Emre,2,5,0.4
Japan - Stage 1,Midtown,ENTER FORCE.36,NewJ,DPS,Widowmaker,2,5,0.4
Japan - Stage 1,Midtown,ENTER FORCE.36,NewJ,DPS,Sombra,1,5,0.2
Japan - Stage 1,Midtown,ENTER FORCE.36,Ydot,Support,Wuyang,2,3,0.6667
Japan - Stage 1,Midtown,ENTER FORCE.36,Ydot,Support,Lúcio,1,3,0.3333
Japan - Stage 1,Midtown,Nyam Gaming,APDO,DPS,Vendetta,1,2,0.5
Japan - Stage 1,Midtown,Nyam Gaming,APDO,DPS,Tracer,1,2,0.5
Japan - Stage 1,Midtown,Nyam Gaming,Roxy,Tank,Zarya,1,1,1.0
Japan - Stage 1,Midtown,Nyam Gaming,Undersea,DPS,Emre,1,1,1.0
Japan - Stage 1,Midtown,Nyam Gaming,mint,Support,Wuyang,1,1,1.0
Japan - Stage 1,Midtown,Nyam Gaming,orca,Support,Kiriko,1,1,1.0
Japan - Stage 1,Midtown,Please Not Hero Ban,Ky0n,DPS,Cassidy,1,1,1.0
Japan - Stage 1,Midtown,Please Not Hero Ban,NEIVIS,Support,Lúcio,1,2,0.5
Japan - Stage 1,Midtown,Please Not Hero Ban,NEIVIS,Support,Baptiste,1,2,0.5
Japan - Stage 1,Midtown,Please Not Hero Ban,Sakume,Support,Kiriko,1,2,0.5
Japan - Stage 1,Midtown,Please Not Hero Ban,Sakume,Support,Illari,1,2,0.5
Japan - Stage 1,Midtown,Please Not Hero Ban,Soae,DPS,Vendetta,1,2,0.5
Japan - Stage 1,Midtown,Please Not Hero Ban,Soae,DPS,Torbjörn,1,2,0.5
Japan - Stage 1,Midtown,Please Not Hero Ban,homerunball,Tank,Zarya,1,3,0.3333
Japan - Stage 1,Midtown,Please Not Hero Ban,homerunball,Tank,Orisa,1,3,0.3333
Japan - Stage 1,Midtown,Please Not Hero Ban,homerunball,Tank,D.Va,1,3,0.3333
Japan - Stage 1,Midtown,VARREL,KSG,Tank,Hazard,1,2,0.5
Japan - Stage 1,Midtown,VARREL,KSG,Tank,D.Va,1,2,0.5
Japan - Stage 1,Midtown,VARREL,NICO,DPS,Emre,1,2,0.5
Japan - Stage 1,Midtown,VARREL,NICO,DPS,Bastion,1,2,0.5
Japan - Stage 1,Midtown,VARREL,QLOUD,Support,Ana,1,1,1.0
Japan - Stage 1,Midtown,VARREL,SLEY,Support,Wuyang,1,2,0.5
Japan - Stage 1,Midtown,VARREL,SLEY,Support,Jetpack Cat,1,2,0.5
Japan - Stage 1,Midtown,VARREL,TOPDRAGON,DPS,Tracer,1,2,0.5
Japan - Stage 1,Midtown,VARREL,TOPDRAGON,DPS,Vendetta,1,2,0.5
Japan - Stage 1,Numbani,99DIVINE,D4IJIN,Support,Kiriko,1,1,1.0
Japan - Stage 1,Numbani,99DIVINE,HRY,DPS,Tracer,1,1,1.0
Japan - Stage 1,Numbani,99DIVINE,ICHI,Tank,Winston,1,1,1.0
Japan - Stage 1,Numbani,99DIVINE,SORI,DPS,Emre,1,1,1.0
Japan - Stage 1,Numbani,99DIVINE,Supreme,Support,Wuyang,1,1,1.0
Japan - Stage 1,Numbani,ENTER FORCE.36,Edison,DPS,Vendetta,1,3,0.3333
Japan - Stage 1,Numbani,ENTER FORCE.36,Edison,DPS,Echo,1,3,0.3333
Japan - Stage 1,Numbani,ENTER FORCE.36,Edison,DPS,Symmetra,1,3,0.3333
Japan - Stage 1,Numbani,ENTER FORCE.36,Gaisen,Support,Kiriko,1,1,1.0
Japan - Stage 1,Numbani,ENTER FORCE.36,Heesung,Tank,Zarya,1,3,0.3333
Japan - Stage 1,Numbani,ENTER FORCE.36,Heesung,Tank,Winston,1,3,0.3333
Japan - Stage 1,Numbani,ENTER FORCE.36,Heesung,Tank,Hazard,1,3,0.3333
Japan - Stage 1,Numbani,ENTER FORCE.36,NewJ,DPS,Sojourn,1,2,0.5
Japan - Stage 1,Numbani,ENTER FORCE.36,NewJ,DPS,Emre,1,2,0.5
Japan - Stage 1,Numbani,ENTER FORCE.36,Ydot,Support,Lúcio,1,1,1.0
Japan - Stage 1,Numbani,Lazuli,DOX,Tank,Ramattra,3,6,0.5
Japan - Stage 1,Numbani,Lazuli,DOX,Tank,Reinhardt,2,6,0.3333
Japan - Stage 1,Numbani,Lazuli,DOX,Tank,Orisa,1,6,0.1667
Japan - Stage 1,Numbani,Lazuli,NHZ,Support,Brigitte,3,5,0.6
Japan - Stage 1,Numbani,Lazuli,NHZ,Support,Lúcio,1,5,0.2
Japan - Stage 1,Numbani,Lazuli,NHZ,Support,Wuyang,1,5,0.2
Japan - Stage 1,Numbani,Lazuli,Setsuna,DPS,Cassidy,3,6,0.5
Japan - Stage 1,Numbani,Lazuli,Setsuna,DPS,Tracer,1,6,0.1667
Japan - Stage 1,Numbani,Lazuli,Setsuna,DPS,Sojourn,1,6,0.1667
Japan - Stage 1,Numbani,Lazuli,Setsuna,DPS,Freja,1,6,0.1667
Japan - Stage 1,Numbani,Lazuli,Yot1y,DPS,Symmetra,3,3,1.0
Japan - Stage 1,Numbani,Lazuli,umi,Support,Baptiste,3,7,0.4286
Japan - Stage 1,Numbani,Lazuli,umi,Support,Juno,3,7,0.4286
Japan - Stage 1,Numbani,Lazuli,umi,Support,Kiriko,1,7,0.1429
Japan - Stage 1,Numbani,Nyam Gaming,APDO,DPS,Vendetta,2,3,0.6667
Japan - Stage 1,Numbani,Nyam Gaming,APDO,DPS,Tracer,1,3,0.3333
Japan - Stage 1,Numbani,Nyam Gaming,Daisy,DPS,Emre,2,2,1.0
Japan - Stage 1,Numbani,Nyam Gaming,Roxy,Tank,D.Va,2,4,0.5
Japan - Stage 1,Numbani,Nyam Gaming,Roxy,Tank,Zarya,1,4,0.25
Japan - Stage 1,Numbani,Nyam Gaming,Roxy,Tank,Orisa,1,4,0.25
Japan - Stage 1,Numbani,Nyam Gaming,mint,Support,Mizuki,1,3,0.3333
Japan - Stage 1,Numbani,Nyam Gaming,mint,Support,Wuyang,1,3,0.3333
Japan - Stage 1,Numbani,Nyam Gaming,mint,Support,Juno,1,3,0.3333
Japan - Stage 1,Numbani,Nyam Gaming,orca,Support,Kiriko,2,2,1.0
Japan - Stage 1,Numbani,TOKYO TAIYOs,Mihawk,Support,Baptiste,2,4,0.5
Japan - Stage 1,Numbani,TOKYO TAIYOs,Mihawk,Support,Illari,1,4,0.25
Japan - Stage 1,Numbani,TOKYO TAIYOs,Mihawk,Support,Kiriko,1,4,0.25
Japan - Stage 1,Numbani,TOKYO TAIYOs,PEPPI,Tank,Sigma,2,3,0.6667
Japan - Stage 1,Numbani,TOKYO TAIYOs,PEPPI,Tank,Wrecking Ball,1,3,0.3333
Japan - Stage 1,Numbani,TOKYO TAIYOs,ans,DPS,Symmetra,1,6,0.1667
Japan - Stage 1,Numbani,TOKYO TAIYOs,ans,DPS,Ashe,1,6,0.1667
Japan - Stage 1,Numbani,TOKYO TAIYOs,ans,DPS,Tracer,1,6,0.1667
Japan - Stage 1,Numbani,TOKYO TAIYOs,ans,DPS,Bastion,1,6,0.1667
Japan - Stage 1,Numbani,TOKYO TAIYOs,ans,DPS,Emre,1,6,0.1667
Japan - Stage 1,Numbani,TOKYO TAIYOs,ans,DPS,Cassidy,1,6,0.1667
Japan - Stage 1,Numbani,TOKYO TAIYOs,epic,Support,Lúcio,2,3,0.6667
Japan - Stage 1,Numbani,TOKYO TAIYOs,epic,Support,Kiriko,1,3,0.3333
Japan - Stage 1,Numbani,TOKYO TAIYOs,ta1yo,DPS,Mei,2,4,0.5
Japan - Stage 1,Numbani,TOKYO TAIYOs,ta1yo,DPS,Vendetta,1,4,0.25
Japan - Stage 1,Numbani,TOKYO TAIYOs,ta1yo,DPS,Symmetra,1,4,0.25
Japan - Stage 1,Numbani,Telomere,Breadturtle,DPS,Tracer,3,7,0.4286
Japan - Stage 1,Numbani,Telomere,Breadturtle,DPS,Symmetra,2,7,0.2857
Japan - Stage 1,Numbani,Telomere,Breadturtle,DPS,Vendetta,2,7,0.2857
Japan - Stage 1,Numbani,Telomere,Elysia,Support,Ana,1,4,0.25
Japan - Stage 1,Numbani,Telomere,Elysia,Support,Juno,1,4,0.25
Japan - Stage 1,Numbani,Telomere,Elysia,Support,Kiriko,1,4,0.25
Japan - Stage 1,Numbani,Telomere,Elysia,Support,Baptiste,1,4,0.25
Japan - Stage 1,Numbani,Telomere,Vosa1q,Tank,D.Va,2,4,0.5
Japan - Stage 1,Numbani,Telomere,Vosa1q,Tank,Ramattra,2,4,0.5
Japan - Stage 1,Numbani,Telomere,kiibo,Support,Brigitte,2,5,0.4
Japan - Stage 1,Numbani,Telomere,kiibo,Support,Kiriko,1,5,0.2
Japan - Stage 1,Numbani,Telomere,kiibo,Support,Moira,1,5,0.2
Japan - Stage 1,Numbani,Telomere,kiibo,Support,Lúcio,1,5,0.2
Japan - Stage 1,Numbani,Telomere,pav2l,DPS,Emre,3,6,0.5
Japan - Stage 1,Numbani,Telomere,pav2l,DPS,Cassidy,2,6,0.3333
Japan - Stage 1,Numbani,Telomere,pav2l,DPS,Sojourn,1,6,0.1667
Japan - Stage 1,Numbani,VARREL,KSG,Tank,D.Va,2,5,0.4
Japan - Stage 1,Numbani,VARREL,KSG,Tank,Zarya,1,5,0.2
Japan - Stage 1,Numbani,VARREL,KSG,Tank,Winston,1,5,0.2
Japan - Stage 1,Numbani,VARREL,KSG,Tank,Orisa,1,5,0.2
Japan - Stage 1,Numbani,VARREL,NICO,DPS,Emre,2,4,0.5
Japan - Stage 1,Numbani,VARREL,NICO,DPS,Cassidy,1,4,0.25
Japan - Stage 1,Numbani,VARREL,NICO,DPS,Genji,1,4,0.25
Japan - Stage 1,Numbani,VARREL,QLOUD,Support,Kiriko,2,3,0.6667
Japan - Stage 1,Numbani,VARREL,QLOUD,Support,Jetpack Cat,1,3,0.3333
Japan - Stage 1,Numbani,VARREL,SLEY,Support,Wuyang,2,5,0.4
Japan - Stage 1,Numbani,VARREL,SLEY,Support,Jetpack Cat,2,5,0.4
Japan - Stage 1,Numbani,VARREL,SLEY,Support,Illari,1,5,0.2
Japan - Stage 1,Numbani,VARREL,TOPDRAGON,DPS,Echo,2,4,0.5
Japan - Stage 1,Numbani,VARREL,TOPDRAGON,DPS,Vendetta,2,4,0.5
Japan - Stage 1,Oasis,99DIVINE,D4IJIN,Support,Kiriko,3,5,0.6
Japan - Stage 1,Oasis,99DIVINE,D4IJIN,Support,Juno,2,5,0.4
Japan - Stage 1,Oasis,99DIVINE,HRY,DPS,Tracer,2,6,0.3333
Japan - Stage 1,Oasis,99DIVINE,HRY,DPS,Vendetta,2,6,0.3333
Japan - Stage 1,Oasis,99DIVINE,HRY,DPS,Pharah,1,6,0.1667
Japan - Stage 1,Oasis,99DIVINE,HRY,DPS,Symmetra,1,6,0.1667
Japan - Stage 1,Oasis,99DIVINE,ICHI,Tank,D.Va,2,8,0.25
Japan - Stage 1,Oasis,99DIVINE,ICHI,Tank,Orisa,1,8,0.125
Japan - Stage 1,Oasis,99DIVINE,ICHI,Tank,Roadhog,1,8,0.125
Japan - Stage 1,Oasis,99DIVINE,ICHI,Tank,Zarya,1,8,0.125
Japan - Stage 1,Oasis,99DIVINE,ICHI,Tank,Wrecking Ball,1,8,0.125
Japan - Stage 1,Oasis,99DIVINE,ICHI,Tank,Hazard,1,8,0.125
Japan - Stage 1,Oasis,99DIVINE,ICHI,Tank,Mauga,1,8,0.125
Japan - Stage 1,Oasis,99DIVINE,SORI,DPS,Sojourn,2,7,0.2857
Japan - Stage 1,Oasis,99DIVINE,SORI,DPS,Cassidy,2,7,0.2857
Japan - Stage 1,Oasis,99DIVINE,SORI,DPS,Emre,1,7,0.1429
Japan - Stage 1,Oasis,99DIVINE,SORI,DPS,Pharah,1,7,0.1429
Japan - Stage 1,Oasis,99DIVINE,SORI,DPS,Symmetra,1,7,0.1429
Japan - Stage 1,Oasis,99DIVINE,Supreme,Support,Jetpack Cat,2,6,0.3333
Japan - Stage 1,Oasis,99DIVINE,Supreme,Support,Wuyang,1,6,0.1667
Japan - Stage 1,Oasis,99DIVINE,Supreme,Support,Juno,1,6,0.1667
Japan - Stage 1,Oasis,99DIVINE,Supreme,Support,Baptiste,1,6,0.1667
Japan - Stage 1,Oasis,99DIVINE,Supreme,Support,Lúcio,1,6,0.1667
Japan - Stage 1,Oasis,99DIVINE,harutoon,DPS,Sojourn,1,2,0.5
Japan - Stage 1,Oasis,99DIVINE,harutoon,DPS,Symmetra,1,2,0.5
Japan - Stage 1,Oasis,ENTER FORCE.36,Edison,DPS,Tracer,3,7,0.4286
Japan - Stage 1,Oasis,ENTER FORCE.36,Edison,DPS,Symmetra,2,7,0.2857
Japan - Stage 1,Oasis,ENTER FORCE.36,Edison,DPS,Pharah,1,7,0.1429
Japan - Stage 1,Oasis,ENTER FORCE.36,Edison,DPS,Vendetta,1,7,0.1429
Japan - Stage 1,Oasis,ENTER FORCE.36,Gaisen,Support,Kiriko,2,4,0.5
Japan - Stage 1,Oasis,ENTER FORCE.36,Gaisen,Support,Juno,2,4,0.5
Japan - Stage 1,Oasis,ENTER FORCE.36,Heesung,Tank,Hazard,1,4,0.25
Japan - Stage 1,Oasis,ENTER FORCE.36,Heesung,Tank,Zarya,1,4,0.25
Japan - Stage 1,Oasis,ENTER FORCE.36,Heesung,Tank,D.Va,1,4,0.25
Japan - Stage 1,Oasis,ENTER FORCE.36,Heesung,Tank,Orisa,1,4,0.25
Japan - Stage 1,Oasis,ENTER FORCE.36,NewJ,DPS,Emre,2,6,0.3333
Japan - Stage 1,Oasis,ENTER FORCE.36,NewJ,DPS,Sojourn,1,6,0.1667
Japan - Stage 1,Oasis,ENTER FORCE.36,NewJ,DPS,Symmetra,1,6,0.1667
Japan - Stage 1,Oasis,ENTER FORCE.36,NewJ,DPS,Tracer,1,6,0.1667
Japan - Stage 1,Oasis,ENTER FORCE.36,NewJ,DPS,Vendetta,1,6,0.1667
Japan - Stage 1,Oasis,ENTER FORCE.36,Ydot,Support,Lúcio,2,3,0.6667
Japan - Stage 1,Oasis,ENTER FORCE.36,Ydot,Support,Brigitte,1,3,0.3333
Japan - Stage 1,Oasis,Lazuli,DOX,Tank,Orisa,3,5,0.6
Japan - Stage 1,Oasis,Lazuli,DOX,Tank,Ramattra,1,5,0.2
Japan - Stage 1,Oasis,Lazuli,DOX,Tank,Doomfist,1,5,0.2
Japan - Stage 1,Oasis,Lazuli,NHZ,Support,Lúcio,3,5,0.6
Japan - Stage 1,Oasis,Lazuli,NHZ,Support,Brigitte,1,5,0.2
Japan - Stage 1,Oasis,Lazuli,NHZ,Support,Lifeweaver,1,5,0.2
Japan - Stage 1,Oasis,Lazuli,Setsuna,DPS,Sojourn,3,6,0.5
Japan - Stage 1,Oasis,Lazuli,Setsuna,DPS,Emre,2,6,0.3333
Japan - Stage 1,Oasis,Lazuli,Setsuna,DPS,Cassidy,1,6,0.1667
Japan - Stage 1,Oasis,Lazuli,Yot1y,DPS,Vendetta,3,6,0.5
Japan - Stage 1,Oasis,Lazuli,Yot1y,DPS,Tracer,2,6,0.3333
Japan - Stage 1,Oasis,Lazuli,Yot1y,DPS,Symmetra,1,6,0.1667
Japan - Stage 1,Oasis,Lazuli,umi,Support,Juno,2,5,0.4
Japan - Stage 1,Oasis,Lazuli,umi,Support,Kiriko,2,5,0.4
Japan - Stage 1,Oasis,Lazuli,umi,Support,Jetpack Cat,1,5,0.2
Japan - Stage 1,Oasis,Nyam Gaming,APDO,DPS,Tracer,3,9,0.3333
Japan - Stage 1,Oasis,Nyam Gaming,APDO,DPS,Symmetra,3,9,0.3333
Japan - Stage 1,Oasis,Nyam Gaming,APDO,DPS,Vendetta,2,9,0.2222
Japan - Stage 1,Oasis,Nyam Gaming,APDO,DPS,Echo,1,9,0.1111
Japan - Stage 1,Oasis,Nyam Gaming,Daisy,DPS,Emre,2,3,0.6667
Japan - Stage 1,Oasis,Nyam Gaming,Daisy,DPS,Symmetra,1,3,0.3333
Japan - Stage 1,Oasis,Nyam Gaming,Roxy,Tank,Zarya,2,4,0.5
Japan - Stage 1,Oasis,Nyam Gaming,Roxy,Tank,Hazard,1,4,0.25
Japan - Stage 1,Oasis,Nyam Gaming,Roxy,Tank,D.Va,1,4,0.25
Japan - Stage 1,Oasis,Nyam Gaming,Undersea,DPS,Echo,1,3,0.3333
Japan - Stage 1,Oasis,Nyam Gaming,Undersea,DPS,Symmetra,1,3,0.3333
Japan - Stage 1,Oasis,Nyam Gaming,Undersea,DPS,Tracer,1,3,0.3333
Japan - Stage 1,Oasis,Nyam Gaming,mint,Support,Lúcio,2,5,0.4
Japan - Stage 1,Oasis,Nyam Gaming,mint,Support,Wuyang,1,5,0.2
Japan - Stage 1,Oasis,Nyam Gaming,mint,Support,Brigitte,1,5,0.2
Japan - Stage 1,Oasis,Nyam Gaming,mint,Support,Juno,1,5,0.2
Japan - Stage 1,Oasis,Nyam Gaming,orca,Support,Kiriko,3,5,0.6
Japan - Stage 1,Oasis,Nyam Gaming,orca,Support,Juno,2,5,0.4
Japan - Stage 1,Oasis,Please Not Hero Ban,Ky0n,DPS,Cassidy,4,5,0.8
Japan - Stage 1,Oasis,Please Not Hero Ban,Ky0n,DPS,Emre,1,5,0.2
Japan - Stage 1,Oasis,Please Not Hero Ban,NEIVIS,Support,Lúcio,3,5,0.6
Japan - Stage 1,Oasis,Please Not Hero Ban,NEIVIS,Support,Kiriko,1,5,0.2
Japan - Stage 1,Oasis,Please Not Hero Ban,NEIVIS,Support,Juno,1,5,0.2
Japan - Stage 1,Oasis,Please Not Hero Ban,Sakume,Support,Kiriko,3,4,0.75
Japan - Stage 1,Oasis,Please Not Hero Ban,Sakume,Support,Illari,1,4,0.25
Japan - Stage 1,Oasis,Please Not Hero Ban,Soae,DPS,Symmetra,4,5,0.8
Japan - Stage 1,Oasis,Please Not Hero Ban,Soae,DPS,Tracer,1,5,0.2
Japan - Stage 1,Oasis,Please Not Hero Ban,homerunball,Tank,D.Va,3,6,0.5
Japan - Stage 1,Oasis,Please Not Hero Ban,homerunball,Tank,Zarya,1,6,0.1667
Japan - Stage 1,Oasis,Please Not Hero Ban,homerunball,Tank,Winston,1,6,0.1667
Japan - Stage 1,Oasis,Please Not Hero Ban,homerunball,Tank,Wrecking Ball,1,6,0.1667
Japan - Stage 1,Oasis,TOKYO TAIYOs,Mihawk,Support,Kiriko,2,3,0.6667
Japan - Stage 1,Oasis,TOKYO TAIYOs,Mihawk,Support,Juno,1,3,0.3333
Japan - Stage 1,Oasis,TOKYO TAIYOs,PEPPI,Tank,D.Va,2,3,0.6667
Japan - Stage 1,Oasis,TOKYO TAIYOs,PEPPI,Tank,Ramattra,1,3,0.3333
Japan - Stage 1,Oasis,TOKYO TAIYOs,ans,DPS,Cassidy,2,3,0.6667
Japan - Stage 1,Oasis,TOKYO TAIYOs,ans,DPS,Sojourn,1,3,0.3333
Japan - Stage 1,Oasis,TOKYO TAIYOs,epic,Support,Wuyang,1,4,0.25
Japan - Stage 1,Oasis,TOKYO TAIYOs,epic,Support,Jetpack Cat,1,4,0.25
Japan - Stage 1,Oasis,TOKYO TAIYOs,epic,Support,Brigitte,1,4,0.25
Japan - Stage 1,Oasis,TOKYO TAIYOs,epic,Support,Lúcio,1,4,0.25
Japan - Stage 1,Oasis,TOKYO TAIYOs,ta1yo,DPS,Symmetra,2,4,0.5
Japan - Stage 1,Oasis,TOKYO TAIYOs,ta1yo,DPS,Tracer,1,4,0.25
Japan - Stage 1,Oasis,TOKYO TAIYOs,ta1yo,DPS,Mei,1,4,0.25
Japan - Stage 1,Oasis,Telomere,Breadturtle,DPS,Tracer,1,2,0.5
Japan - Stage 1,Oasis,Telomere,Breadturtle,DPS,Symmetra,1,2,0.5
Japan - Stage 1,Oasis,Telomere,Elysia,Support,Kiriko,1,1,1.0
Japan - Stage 1,Oasis,Telomere,Leonopteryx,Tank,Winston,1,1,1.0
Japan - Stage 1,Oasis,Telomere,kiibo,Support,Lúcio,1,1,1.0
Japan - Stage 1,Oasis,Telomere,pav2l,DPS,Sojourn,1,1,1.0
Japan - Stage 1,Oasis,VARREL,KSG,Tank,Orisa,1,1,1.0
Japan - Stage 1,Oasis,VARREL,NICO,DPS,Emre,1,1,1.0
Japan - Stage 1,Oasis,VARREL,QLOUD,Support,Juno,1,1,1.0
Japan - Stage 1,Oasis,VARREL,SLEY,Support,Wuyang,1,1,1.0
Japan - Stage 1,Oasis,VARREL,TOPDRAGON,DPS,Echo,1,2,0.5
Japan - Stage 1,Oasis,VARREL,TOPDRAGON,DPS,Symmetra,1,2,0.5
Japan - Stage 1,Rialto,99DIVINE,D4IJIN,Support,Kiriko,6,7,0.8571
Japan - Stage 1,Rialto,99DIVINE,D4IJIN,Support,Juno,1,7,0.1429
Japan - Stage 1,Rialto,99DIVINE,HRY,DPS,Tracer,2,5,0.4
Japan - Stage 1,Rialto,99DIVINE,HRY,DPS,Echo,2,5,0.4
Japan - Stage 1,Rialto,99DIVINE,HRY,DPS,Pharah,1,5,0.2
Japan - Stage 1,Rialto,99DIVINE,ICHI,Tank,Winston,6,7,0.8571
Japan - Stage 1,Rialto,99DIVINE,ICHI,Tank,Mauga,1,7,0.1429
Japan - Stage 1,Rialto,99DIVINE,SORI,DPS,Emre,6,8,0.75
Japan - Stage 1,Rialto,99DIVINE,SORI,DPS,Widowmaker,2,8,0.25
Japan - Stage 1,Rialto,99DIVINE,Supreme,Support,Ana,5,8,0.625
Japan - Stage 1,Rialto,99DIVINE,Supreme,Support,Lúcio,2,8,0.25
Japan - Stage 1,Rialto,99DIVINE,Supreme,Support,Wuyang,1,8,0.125
Japan - Stage 1,Rialto,99DIVINE,harutoon,DPS,Tracer,2,3,0.6667
Japan - Stage 1,Rialto,99DIVINE,harutoon,DPS,Echo,1,3,0.3333
Japan - Stage 1,Rialto,ENTER FORCE.36,Edison,DPS,Tracer,1,3,0.3333
Japan - Stage 1,Rialto,ENTER FORCE.36,Edison,DPS,Vendetta,1,3,0.3333
Japan - Stage 1,Rialto,ENTER FORCE.36,Edison,DPS,Genji,1,3,0.3333
Japan - Stage 1,Rialto,ENTER FORCE.36,Gaisen,Support,Ana,1,2,0.5
Japan - Stage 1,Rialto,ENTER FORCE.36,Gaisen,Support,Mizuki,1,2,0.5
Japan - Stage 1,Rialto,ENTER FORCE.36,Heesung,Tank,Winston,1,3,0.3333
Japan - Stage 1,Rialto,ENTER FORCE.36,Heesung,Tank,D.Va,1,3,0.3333
Japan - Stage 1,Rialto,ENTER FORCE.36,Heesung,Tank,Sigma,1,3,0.3333
Japan - Stage 1,Rialto,ENTER FORCE.36,NewJ,DPS,Emre,1,3,0.3333
Japan - Stage 1,Rialto,ENTER FORCE.36,NewJ,DPS,Sojourn,1,3,0.3333
Japan - Stage 1,Rialto,ENTER FORCE.36,NewJ,DPS,Widowmaker,1,3,0.3333
Japan - Stage 1,Rialto,ENTER FORCE.36,Ydot,Support,Wuyang,1,2,0.5
Japan - Stage 1,Rialto,ENTER FORCE.36,Ydot,Support,Brigitte,1,2,0.5
Japan - Stage 1,Rialto,Lazuli,DOX,Tank,Ramattra,1,2,0.5
Japan - Stage 1,Rialto,Lazuli,DOX,Tank,Orisa,1,2,0.5
Japan - Stage 1,Rialto,Lazuli,NHZ,Support,Kiriko,1,1,1.0
Japan - Stage 1,Rialto,Lazuli,Setsuna,DPS,Widowmaker,1,3,0.3333
Japan - Stage 1,Rialto,Lazuli,Setsuna,DPS,Freja,1,3,0.3333
Japan - Stage 1,Rialto,Lazuli,Setsuna,DPS,Sojourn,1,3,0.3333
Japan - Stage 1,Rialto,Lazuli,Yot1y,DPS,Emre,1,2,0.5
Japan - Stage 1,Rialto,Lazuli,Yot1y,DPS,Tracer,1,2,0.5
Japan - Stage 1,Rialto,Lazuli,umi,Support,Ana,1,1,1.0
Japan - Stage 1,Rialto,Nyam Gaming,APDO,DPS,Emre,1,5,0.2
Japan - Stage 1,Rialto,Nyam Gaming,APDO,DPS,Vendetta,1,5,0.2
Japan - Stage 1,Rialto,Nyam Gaming,APDO,DPS,Cassidy,1,5,0.2
Japan - Stage 1,Rialto,Nyam Gaming,APDO,DPS,Echo,1,5,0.2
Japan - Stage 1,Rialto,Nyam Gaming,APDO,DPS,Widowmaker,1,5,0.2
Japan - Stage 1,Rialto,Nyam Gaming,Daisy,DPS,Pharah,1,5,0.2
Japan - Stage 1,Rialto,Nyam Gaming,Daisy,DPS,Tracer,1,5,0.2
Japan - Stage 1,Rialto,Nyam Gaming,Daisy,DPS,Emre,1,5,0.2
Japan - Stage 1,Rialto,Nyam Gaming,Daisy,DPS,Sojourn,1,5,0.2
Japan - Stage 1,Rialto,Nyam Gaming,Daisy,DPS,Widowmaker,1,5,0.2
Japan - Stage 1,Rialto,Nyam Gaming,Roxy,Tank,D.Va,2,3,0.6667
Japan - Stage 1,Rialto,Nyam Gaming,Roxy,Tank,Sigma,1,3,0.3333
Japan - Stage 1,Rialto,Nyam Gaming,mint,Support,Brigitte,1,2,0.5
Japan - Stage 1,Rialto,Nyam Gaming,mint,Support,Wuyang,1,2,0.5
Japan - Stage 1,Rialto,Nyam Gaming,orca,Support,Ana,2,5,0.4
Japan - Stage 1,Rialto,Nyam Gaming,orca,Support,Kiriko,2,5,0.4
Japan - Stage 1,Rialto,Nyam Gaming,orca,Support,Lúcio,1,5,0.2
Japan - Stage 1,Rialto,Please Not Hero Ban,Ky0n,DPS,Emre,4,10,0.4
Japan - Stage 1,Rialto,Please Not Hero Ban,Ky0n,DPS,Cassidy,2,10,0.2
Japan - Stage 1,Rialto,Please Not Hero Ban,Ky0n,DPS,Tracer,2,10,0.2
Japan - Stage 1,Rialto,Please Not Hero Ban,Ky0n,DPS,Widowmaker,1,10,0.1
Japan - Stage 1,Rialto,Please Not Hero Ban,Ky0n,DPS,Echo,1,10,0.1
Japan - Stage 1,Rialto,Please Not Hero Ban,NEIVIS,Support,Baptiste,3,8,0.375
Japan - Stage 1,Rialto,Please Not Hero Ban,NEIVIS,Support,Kiriko,3,8,0.375
Japan - Stage 1,Rialto,Please Not Hero Ban,NEIVIS,Support,Jetpack Cat,1,8,0.125
Japan - Stage 1,Rialto,Please Not Hero Ban,NEIVIS,Support,Brigitte,1,8,0.125
Japan - Stage 1,Rialto,Please Not Hero Ban,Sakume,Support,Ana,3,7,0.4286
Japan - Stage 1,Rialto,Please Not Hero Ban,Sakume,Support,Illari,2,7,0.2857
Japan - Stage 1,Rialto,Please Not Hero Ban,Sakume,Support,Kiriko,2,7,0.2857
Japan - Stage 1,Rialto,Please Not Hero Ban,Soae,DPS,Symmetra,5,6,0.8333
Japan - Stage 1,Rialto,Please Not Hero Ban,Soae,DPS,Vendetta,1,6,0.1667
Japan - Stage 1,Rialto,Please Not Hero Ban,homerunball,Tank,Orisa,4,8,0.5
Japan - Stage 1,Rialto,Please Not Hero Ban,homerunball,Tank,Sigma,1,8,0.125
Japan - Stage 1,Rialto,Please Not Hero Ban,homerunball,Tank,Wrecking Ball,1,8,0.125
Japan - Stage 1,Rialto,Please Not Hero Ban,homerunball,Tank,Hazard,1,8,0.125
Japan - Stage 1,Rialto,Please Not Hero Ban,homerunball,Tank,Mauga,1,8,0.125
Japan - Stage 1,Rialto,TOKYO TAIYOs,Mihawk,Support,Kiriko,1,2,0.5
Japan - Stage 1,Rialto,TOKYO TAIYOs,Mihawk,Support,Baptiste,1,2,0.5
Japan - Stage 1,Rialto,TOKYO TAIYOs,PEPPI,Tank,Sigma,1,3,0.3333
Japan - Stage 1,Rialto,TOKYO TAIYOs,PEPPI,Tank,D.Va,1,3,0.3333
Japan - Stage 1,Rialto,TOKYO TAIYOs,PEPPI,Tank,Ramattra,1,3,0.3333
Japan - Stage 1,Rialto,TOKYO TAIYOs,ans,DPS,Emre,1,3,0.3333
Japan - Stage 1,Rialto,TOKYO TAIYOs,ans,DPS,Bastion,1,3,0.3333
Japan - Stage 1,Rialto,TOKYO TAIYOs,ans,DPS,Cassidy,1,3,0.3333
Japan - Stage 1,Rialto,TOKYO TAIYOs,epic,Support,Wuyang,1,2,0.5
Japan - Stage 1,Rialto,TOKYO TAIYOs,epic,Support,Lúcio,1,2,0.5
Japan - Stage 1,Rialto,TOKYO TAIYOs,ta1yo,DPS,Symmetra,1,3,0.3333
Japan - Stage 1,Rialto,TOKYO TAIYOs,ta1yo,DPS,Mei,1,3,0.3333
Japan - Stage 1,Rialto,TOKYO TAIYOs,ta1yo,DPS,Tracer,1,3,0.3333
Japan - Stage 1,Rialto,Telomere,Breadturtle,DPS,Echo,2,4,0.5
Japan - Stage 1,Rialto,Telomere,Breadturtle,DPS,Tracer,1,4,0.25
Japan - Stage 1,Rialto,Telomere,Breadturtle,DPS,Vendetta,1,4,0.25
Japan - Stage 1,Rialto,Telomere,Elysia,Support,Ana,2,3,0.6667
Japan - Stage 1,Rialto,Telomere,Elysia,Support,Juno,1,3,0.3333
Japan - Stage 1,Rialto,Telomere,Vosa1q,Tank,D.Va,1,5,0.2
Japan - Stage 1,Rialto,Telomere,Vosa1q,Tank,Doomfist,1,5,0.2
Japan - Stage 1,Rialto,Telomere,Vosa1q,Tank,Winston,1,5,0.2
Japan - Stage 1,Rialto,Telomere,Vosa1q,Tank,Hazard,1,5,0.2
Japan - Stage 1,Rialto,Telomere,Vosa1q,Tank,Zarya,1,5,0.2
Japan - Stage 1,Rialto,Telomere,kiibo,Support,Brigitte,2,4,0.5
Japan - Stage 1,Rialto,Telomere,kiibo,Support,Kiriko,1,4,0.25
Japan - Stage 1,Rialto,Telomere,kiibo,Support,Illari,1,4,0.25
Japan - Stage 1,Rialto,Telomere,pav2l,DPS,Emre,2,5,0.4
Japan - Stage 1,Rialto,Telomere,pav2l,DPS,Widowmaker,2,5,0.4
Japan - Stage 1,Rialto,Telomere,pav2l,DPS,Cassidy,1,5,0.2
Japan - Stage 1,Rialto,VARREL,KSG,Tank,Hazard,3,9,0.3333
Japan - Stage 1,Rialto,VARREL,KSG,Tank,Orisa,2,9,0.2222
Japan - Stage 1,Rialto,VARREL,KSG,Tank,D.Va,2,9,0.2222
Japan - Stage 1,Rialto,VARREL,KSG,Tank,Ramattra,1,9,0.1111
Japan - Stage 1,Rialto,VARREL,KSG,Tank,Wrecking Ball,1,9,0.1111
Japan - Stage 1,Rialto,VARREL,NICO,DPS,Emre,4,8,0.5
Japan - Stage 1,Rialto,VARREL,NICO,DPS,Cassidy,3,8,0.375
Japan - Stage 1,Rialto,VARREL,NICO,DPS,Widowmaker,1,8,0.125
Japan - Stage 1,Rialto,VARREL,QLOUD,Support,Ana,3,6,0.5
Japan - Stage 1,Rialto,VARREL,QLOUD,Support,Baptiste,1,6,0.1667
Japan - Stage 1,Rialto,VARREL,QLOUD,Support,Jetpack Cat,1,6,0.1667
Japan - Stage 1,Rialto,VARREL,QLOUD,Support,Kiriko,1,6,0.1667
Japan - Stage 1,Rialto,VARREL,SLEY,Support,Illari,2,6,0.3333
Japan - Stage 1,Rialto,VARREL,SLEY,Support,Kiriko,2,6,0.3333
Japan - Stage 1,Rialto,VARREL,SLEY,Support,Jetpack Cat,2,6,0.3333
Japan - Stage 1,Rialto,VARREL,TOPDRAGON,DPS,Tracer,3,6,0.5
Japan - Stage 1,Rialto,VARREL,TOPDRAGON,DPS,Echo,2,6,0.3333
Japan - Stage 1,Rialto,VARREL,TOPDRAGON,DPS,Pharah,1,6,0.1667
Japan - Stage 1,Runasapi,ENTER FORCE.36,Edison,DPS,Echo,1,2,0.5
Japan - Stage 1,Runasapi,ENTER FORCE.36,Edison,DPS,Tracer,1,2,0.5
Japan - Stage 1,Runasapi,ENTER FORCE.36,Gaisen,Support,Juno,1,1,1.0
Japan - Stage 1,Runasapi,ENTER FORCE.36,Heesung,Tank,Orisa,1,1,1.0
Japan - Stage 1,Runasapi,ENTER FORCE.36,NewJ,DPS,Emre,1,1,1.0
Japan - Stage 1,Runasapi,ENTER FORCE.36,Ydot,Support,Brigitte,1,1,1.0
Japan - Stage 1,Runasapi,Lazuli,DOX,Tank,Ramattra,3,5,0.6
Japan - Stage 1,Runasapi,Lazuli,DOX,Tank,Orisa,2,5,0.4
Japan - Stage 1,Runasapi,Lazuli,NHZ,Support,Brigitte,3,3,1.0
Japan - Stage 1,Runasapi,Lazuli,Setsuna,DPS,Emre,2,3,0.6667
Japan - Stage 1,Runasapi,Lazuli,Setsuna,DPS,Cassidy,1,3,0.3333
Japan - Stage 1,Runasapi,Lazuli,Yot1y,DPS,Vendetta,3,3,1.0
Japan - Stage 1,Runasapi,Lazuli,umi,Support,Juno,3,3,1.0
Japan - Stage 1,Runasapi,Please Not Hero Ban,Ky0n,DPS,Cassidy,1,2,0.5
Japan - Stage 1,Runasapi,Please Not Hero Ban,Ky0n,DPS,Emre,1,2,0.5
Japan - Stage 1,Runasapi,Please Not Hero Ban,NEIVIS,Support,Wuyang,1,1,1.0
Japan - Stage 1,Runasapi,Please Not Hero Ban,Sakume,Support,Kiriko,1,1,1.0
Japan - Stage 1,Runasapi,Please Not Hero Ban,Soae,DPS,Vendetta,1,1,1.0
Japan - Stage 1,Runasapi,Please Not Hero Ban,homerunball,Tank,Orisa,1,1,1.0
Japan - Stage 1,Runasapi,TOKYO TAIYOs,Mihawk,Support,Kiriko,1,1,1.0
Japan - Stage 1,Runasapi,TOKYO TAIYOs,PEPPI,Tank,D.Va,1,1,1.0
Japan - Stage 1,Runasapi,TOKYO TAIYOs,ans,DPS,Sojourn,1,1,1.0
Japan - Stage 1,Runasapi,TOKYO TAIYOs,epic,Support,Lúcio,1,1,1.0
Japan - Stage 1,Runasapi,TOKYO TAIYOs,ta1yo,DPS,Mei,1,3,0.3333
Japan - Stage 1,Runasapi,TOKYO TAIYOs,ta1yo,DPS,Tracer,1,3,0.3333
Japan - Stage 1,Runasapi,TOKYO TAIYOs,ta1yo,DPS,Symmetra,1,3,0.3333
Japan - Stage 1,Runasapi,Telomere,Breadturtle,DPS,Vendetta,2,2,1.0
Japan - Stage 1,Runasapi,Telomere,Elysia,Support,Juno,2,3,0.6667
Japan - Stage 1,Runasapi,Telomere,Elysia,Support,Moira,1,3,0.3333
Japan - Stage 1,Runasapi,Telomere,Vosa1q,Tank,Ramattra,1,2,0.5
Japan - Stage 1,Runasapi,Telomere,Vosa1q,Tank,Hazard,1,2,0.5
Japan - Stage 1,Runasapi,Telomere,kiibo,Support,Kiriko,1,3,0.3333
Japan - Stage 1,Runasapi,Telomere,kiibo,Support,Lúcio,1,3,0.3333
Japan - Stage 1,Runasapi,Telomere,kiibo,Support,Brigitte,1,3,0.3333
Japan - Stage 1,Runasapi,Telomere,pav2l,DPS,Sojourn,2,3,0.6667
Japan - Stage 1,Runasapi,Telomere,pav2l,DPS,Tracer,1,3,0.3333
Japan - Stage 1,Runasapi,VARREL,KSG,Tank,D.Va,1,2,0.5
Japan - Stage 1,Runasapi,VARREL,KSG,Tank,Hazard,1,2,0.5
Japan - Stage 1,Runasapi,VARREL,NICO,DPS,Symmetra,1,3,0.3333
Japan - Stage 1,Runasapi,VARREL,NICO,DPS,Emre,1,3,0.3333
Japan - Stage 1,Runasapi,VARREL,NICO,DPS,Vendetta,1,3,0.3333
Japan - Stage 1,Runasapi,VARREL,QLOUD,Support,Kiriko,1,2,0.5
Japan - Stage 1,Runasapi,VARREL,QLOUD,Support,Juno,1,2,0.5
Japan - Stage 1,Runasapi,VARREL,SLEY,Support,Wuyang,1,3,0.3333
Japan - Stage 1,Runasapi,VARREL,SLEY,Support,Illari,1,3,0.3333
Japan - Stage 1,Runasapi,VARREL,SLEY,Support,Jetpack Cat,1,3,0.3333
Japan - Stage 1,Runasapi,VARREL,TOPDRAGON,DPS,Vendetta,1,2,0.5
Japan - Stage 1,Runasapi,VARREL,TOPDRAGON,DPS,Tracer,1,2,0.5
Japan - Stage 1,Suravasa,99DIVINE,D4IJIN,Support,Kiriko,1,1,1.0
Japan - Stage 1,Suravasa,99DIVINE,HRY,DPS,Tracer,1,2,0.5
Japan - Stage 1,Suravasa,99DIVINE,HRY,DPS,Symmetra,1,2,0.5
Japan - Stage 1,Suravasa,99DIVINE,ICHI,Tank,Hazard,1,1,1.0
Japan - Stage 1,Suravasa,99DIVINE,SORI,DPS,Emre,1,1,1.0
Japan - Stage 1,Suravasa,99DIVINE,Supreme,Support,Lúcio,1,1,1.0
Japan - Stage 1,Suravasa,ENTER FORCE.36,Edison,DPS,Echo,1,2,0.5
Japan - Stage 1,Suravasa,ENTER FORCE.36,Edison,DPS,Symmetra,1,2,0.5
Japan - Stage 1,Suravasa,ENTER FORCE.36,Gaisen,Support,Kiriko,1,1,1.0
Japan - Stage 1,Suravasa,ENTER FORCE.36,Heesung,Tank,Sigma,1,2,0.5
Japan - Stage 1,Suravasa,ENTER FORCE.36,Heesung,Tank,D.Va,1,2,0.5
Japan - Stage 1,Suravasa,ENTER FORCE.36,NewJ,DPS,Emre,1,1,1.0
Japan - Stage 1,Suravasa,ENTER FORCE.36,Ydot,Support,Wuyang,1,2,0.5
Japan - Stage 1,Suravasa,ENTER FORCE.36,Ydot,Support,Lúcio,1,2,0.5
Japan - Stage 1,Suravasa,Lazuli,DOX,Tank,Ramattra,2,2,1.0
Japan - Stage 1,Suravasa,Lazuli,NHZ,Support,Brigitte,2,2,1.0
Japan - Stage 1,Suravasa,Lazuli,Setsuna,DPS,Sojourn,2,3,0.6667
Japan - Stage 1,Suravasa,Lazuli,Setsuna,DPS,Emre,1,3,0.3333
Japan - Stage 1,Suravasa,Lazuli,Yot1y,DPS,Vendetta,2,4,0.5
Japan - Stage 1,Suravasa,Lazuli,Yot1y,DPS,Symmetra,2,4,0.5
Japan - Stage 1,Suravasa,Lazuli,umi,Support,Juno,2,2,1.0
Japan - Stage 1,Suravasa,Nyam Gaming,APDO,DPS,Vendetta,2,6,0.3333
Japan - Stage 1,Suravasa,Nyam Gaming,APDO,DPS,Tracer,2,6,0.3333
Japan - Stage 1,Suravasa,Nyam Gaming,APDO,DPS,Symmetra,2,6,0.3333
Japan - Stage 1,Suravasa,Nyam Gaming,Daisy,DPS,Emre,2,3,0.6667
Japan - Stage 1,Suravasa,Nyam Gaming,Daisy,DPS,Sojourn,1,3,0.3333
Japan - Stage 1,Suravasa,Nyam Gaming,Roxy,Tank,Zarya,2,5,0.4
Japan - Stage 1,Suravasa,Nyam Gaming,Roxy,Tank,D.Va,2,5,0.4
Japan - Stage 1,Suravasa,Nyam Gaming,Roxy,Tank,Hazard,1,5,0.2
Japan - Stage 1,Suravasa,Nyam Gaming,mint,Support,Lúcio,2,4,0.5
Japan - Stage 1,Suravasa,Nyam Gaming,mint,Support,Wuyang,1,4,0.25
Japan - Stage 1,Suravasa,Nyam Gaming,mint,Support,Brigitte,1,4,0.25
Japan - Stage 1,Suravasa,Nyam Gaming,orca,Support,Kiriko,1,3,0.3333
Japan - Stage 1,Suravasa,Nyam Gaming,orca,Support,Ana,1,3,0.3333
Japan - Stage 1,Suravasa,Nyam Gaming,orca,Support,Juno,1,3,0.3333
Japan - Stage 1,Suravasa,Please Not Hero Ban,Ky0n,DPS,Echo,1,3,0.3333
Japan - Stage 1,Suravasa,Please Not Hero Ban,Ky0n,DPS,Emre,1,3,0.3333
Japan - Stage 1,Suravasa,Please Not Hero Ban,Ky0n,DPS,Tracer,1,3,0.3333
Japan - Stage 1,Suravasa,Please Not Hero Ban,NEIVIS,Support,Illari,1,2,0.5
Japan - Stage 1,Suravasa,Please Not Hero Ban,NEIVIS,Support,Lúcio,1,2,0.5
Japan - Stage 1,Suravasa,Please Not Hero Ban,Sakume,Support,Kiriko,1,3,0.3333
Japan - Stage 1,Suravasa,Please Not Hero Ban,Sakume,Support,Baptiste,1,3,0.3333
Japan - Stage 1,Suravasa,Please Not Hero Ban,Sakume,Support,Juno,1,3,0.3333
Japan - Stage 1,Suravasa,Please Not Hero Ban,Soae,DPS,Torbjörn,1,1,1.0
Japan - Stage 1,Suravasa,Please Not Hero Ban,homerunball,Tank,Orisa,1,2,0.5
Japan - Stage 1,Suravasa,Please Not Hero Ban,homerunball,Tank,D.Va,1,2,0.5
Japan - Stage 1,Suravasa,TOKYO TAIYOs,Mihawk,Support,Kiriko,3,4,0.75
Japan - Stage 1,Suravasa,TOKYO TAIYOs,Mihawk,Support,Juno,1,4,0.25
Japan - Stage 1,Suravasa,TOKYO TAIYOs,PEPPI,Tank,Ramattra,2,4,0.5
Japan - Stage 1,Suravasa,TOKYO TAIYOs,PEPPI,Tank,Sigma,1,4,0.25
Japan - Stage 1,Suravasa,TOKYO TAIYOs,PEPPI,Tank,D.Va,1,4,0.25
Japan - Stage 1,Suravasa,TOKYO TAIYOs,ans,DPS,Cassidy,3,3,1.0
Japan - Stage 1,Suravasa,TOKYO TAIYOs,epic,Support,Lúcio,2,4,0.5
Japan - Stage 1,Suravasa,TOKYO TAIYOs,epic,Support,Juno,1,4,0.25
Japan - Stage 1,Suravasa,TOKYO TAIYOs,epic,Support,Wuyang,1,4,0.25
Japan - Stage 1,Suravasa,TOKYO TAIYOs,ta1yo,DPS,Symmetra,2,4,0.5
Japan - Stage 1,Suravasa,TOKYO TAIYOs,ta1yo,DPS,Mei,1,4,0.25
Japan - Stage 1,Suravasa,TOKYO TAIYOs,ta1yo,DPS,Tracer,1,4,0.25
Japan - Stage 1,Watchpoint: Gibraltar,99DIVINE,D4IJIN,Support,Mizuki,3,5,0.6
Japan - Stage 1,Watchpoint: Gibraltar,99DIVINE,D4IJIN,Support,Kiriko,2,5,0.4
Japan - Stage 1,Watchpoint: Gibraltar,99DIVINE,HRY,DPS,Tracer,3,4,0.75
Japan - Stage 1,Watchpoint: Gibraltar,99DIVINE,HRY,DPS,Vendetta,1,4,0.25
Japan - Stage 1,Watchpoint: Gibraltar,99DIVINE,ICHI,Tank,Winston,2,4,0.5
Japan - Stage 1,Watchpoint: Gibraltar,99DIVINE,ICHI,Tank,D.Va,2,4,0.5
Japan - Stage 1,Watchpoint: Gibraltar,99DIVINE,SORI,DPS,Emre,2,4,0.5
Japan - Stage 1,Watchpoint: Gibraltar,99DIVINE,SORI,DPS,Cassidy,1,4,0.25
Japan - Stage 1,Watchpoint: Gibraltar,99DIVINE,SORI,DPS,Tracer,1,4,0.25
Japan - Stage 1,Watchpoint: Gibraltar,99DIVINE,Supreme,Support,Ana,3,5,0.6
Japan - Stage 1,Watchpoint: Gibraltar,99DIVINE,Supreme,Support,Brigitte,2,5,0.4
Japan - Stage 1,Watchpoint: Gibraltar,ENTER FORCE.36,Edison,DPS,Genji,3,12,0.25
Japan - Stage 1,Watchpoint: Gibraltar,ENTER FORCE.36,Edison,DPS,Tracer,3,12,0.25
Japan - Stage 1,Watchpoint: Gibraltar,ENTER FORCE.36,Edison,DPS,Widowmaker,3,12,0.25
Japan - Stage 1,Watchpoint: Gibraltar,ENTER FORCE.36,Edison,DPS,Vendetta,2,12,0.1667
Japan - Stage 1,Watchpoint: Gibraltar,ENTER FORCE.36,Edison,DPS,Reaper,1,12,0.0833
Japan - Stage 1,Watchpoint: Gibraltar,ENTER FORCE.36,Gaisen,Support,Kiriko,2,4,0.5
Japan - Stage 1,Watchpoint: Gibraltar,ENTER FORCE.36,Gaisen,Support,Ana,1,4,0.25
Japan - Stage 1,Watchpoint: Gibraltar,ENTER FORCE.36,Gaisen,Support,Juno,1,4,0.25
Japan - Stage 1,Watchpoint: Gibraltar,ENTER FORCE.36,Heesung,Tank,D.Va,3,11,0.2727
Japan - Stage 1,Watchpoint: Gibraltar,ENTER FORCE.36,Heesung,Tank,Hazard,2,11,0.1818
Japan - Stage 1,Watchpoint: Gibraltar,ENTER FORCE.36,Heesung,Tank,Winston,2,11,0.1818
Japan - Stage 1,Watchpoint: Gibraltar,ENTER FORCE.36,Heesung,Tank,Zarya,2,11,0.1818
Japan - Stage 1,Watchpoint: Gibraltar,ENTER FORCE.36,Heesung,Tank,Orisa,1,11,0.0909
Japan - Stage 1,Watchpoint: Gibraltar,ENTER FORCE.36,Heesung,Tank,Wrecking Ball,1,11,0.0909
Japan - Stage 1,Watchpoint: Gibraltar,ENTER FORCE.36,NewJ,DPS,Emre,4,8,0.5
Japan - Stage 1,Watchpoint: Gibraltar,ENTER FORCE.36,NewJ,DPS,Tracer,2,8,0.25
Japan - Stage 1,Watchpoint: Gibraltar,ENTER FORCE.36,NewJ,DPS,Symmetra,1,8,0.125
Japan - Stage 1,Watchpoint: Gibraltar,ENTER FORCE.36,NewJ,DPS,Sojourn,1,8,0.125
Japan - Stage 1,Watchpoint: Gibraltar,ENTER FORCE.36,Ydot,Support,Wuyang,3,7,0.4286
Japan - Stage 1,Watchpoint: Gibraltar,ENTER FORCE.36,Ydot,Support,Brigitte,2,7,0.2857
Japan - Stage 1,Watchpoint: Gibraltar,ENTER FORCE.36,Ydot,Support,Lúcio,2,7,0.2857
Japan - Stage 1,Watchpoint: Gibraltar,Lazuli,DOX,Tank,Winston,2,5,0.4
Japan - Stage 1,Watchpoint: Gibraltar,Lazuli,DOX,Tank,Roadhog,1,5,0.2
Japan - Stage 1,Watchpoint: Gibraltar,Lazuli,DOX,Tank,Hazard,1,5,0.2
Japan - Stage 1,Watchpoint: Gibraltar,Lazuli,DOX,Tank,Doomfist,1,5,0.2
Japan - Stage 1,Watchpoint: Gibraltar,Lazuli,NHZ,Support,Ana,1,6,0.1667
Japan - Stage 1,Watchpoint: Gibraltar,Lazuli,NHZ,Support,Kiriko,1,6,0.1667
Japan - Stage 1,Watchpoint: Gibraltar,Lazuli,NHZ,Support,Mercy,1,6,0.1667
Japan - Stage 1,Watchpoint: Gibraltar,Lazuli,NHZ,Support,Brigitte,1,6,0.1667
Japan - Stage 1,Watchpoint: Gibraltar,Lazuli,NHZ,Support,Baptiste,1,6,0.1667
Japan - Stage 1,Watchpoint: Gibraltar,Lazuli,NHZ,Support,Moira,1,6,0.1667
Japan - Stage 1,Watchpoint: Gibraltar,Lazuli,Setsuna,DPS,Widowmaker,3,7,0.4286
Japan - Stage 1,Watchpoint: Gibraltar,Lazuli,Setsuna,DPS,Cassidy,2,7,0.2857
Japan - Stage 1,Watchpoint: Gibraltar,Lazuli,Setsuna,DPS,Tracer,1,7,0.1429
Japan - Stage 1,Watchpoint: Gibraltar,Lazuli,Setsuna,DPS,Hanzo,1,7,0.1429
Japan - Stage 1,Watchpoint: Gibraltar,Lazuli,Yot1y,DPS,Tracer,2,5,0.4
Japan - Stage 1,Watchpoint: Gibraltar,Lazuli,Yot1y,DPS,Emre,1,5,0.2
Japan - Stage 1,Watchpoint: Gibraltar,Lazuli,Yot1y,DPS,Freja,1,5,0.2
Japan - Stage 1,Watchpoint: Gibraltar,Lazuli,Yot1y,DPS,Hanzo,1,5,0.2
Japan - Stage 1,Watchpoint: Gibraltar,Lazuli,smash,Support,Kiriko,1,1,1.0
Japan - Stage 1,Watchpoint: Gibraltar,Lazuli,umi,Support,Wuyang,1,2,0.5
Japan - Stage 1,Watchpoint: Gibraltar,Lazuli,umi,Support,Ana,1,2,0.5
Japan - Stage 1,Watchpoint: Gibraltar,Nyam Gaming,APDO,DPS,Tracer,2,3,0.6667
Japan - Stage 1,Watchpoint: Gibraltar,Nyam Gaming,APDO,DPS,Vendetta,1,3,0.3333
Japan - Stage 1,Watchpoint: Gibraltar,Nyam Gaming,Daisy,DPS,Emre,2,5,0.4
Japan - Stage 1,Watchpoint: Gibraltar,Nyam Gaming,Daisy,DPS,Widowmaker,1,5,0.2
Japan - Stage 1,Watchpoint: Gibraltar,Nyam Gaming,Daisy,DPS,Freja,1,5,0.2
Japan - Stage 1,Watchpoint: Gibraltar,Nyam Gaming,Daisy,DPS,Cassidy,1,5,0.2
Japan - Stage 1,Watchpoint: Gibraltar,Nyam Gaming,Roxy,Tank,Hazard,2,4,0.5
Japan - Stage 1,Watchpoint: Gibraltar,Nyam Gaming,Roxy,Tank,D.Va,1,4,0.25
Japan - Stage 1,Watchpoint: Gibraltar,Nyam Gaming,Roxy,Tank,Sigma,1,4,0.25
Japan - Stage 1,Watchpoint: Gibraltar,Nyam Gaming,mint,Support,Brigitte,2,5,0.4
Japan - Stage 1,Watchpoint: Gibraltar,Nyam Gaming,mint,Support,Lúcio,1,5,0.2
Japan - Stage 1,Watchpoint: Gibraltar,Nyam Gaming,mint,Support,Mizuki,1,5,0.2
Japan - Stage 1,Watchpoint: Gibraltar,Nyam Gaming,mint,Support,Ana,1,5,0.2
Japan - Stage 1,Watchpoint: Gibraltar,Nyam Gaming,orca,Support,Kiriko,2,3,0.6667
Japan - Stage 1,Watchpoint: Gibraltar,Nyam Gaming,orca,Support,Ana,1,3,0.3333
Japan - Stage 1,Watchpoint: Gibraltar,Please Not Hero Ban,Ky0n,DPS,Cassidy,2,4,0.5
Japan - Stage 1,Watchpoint: Gibraltar,Please Not Hero Ban,Ky0n,DPS,Ashe,1,4,0.25
Japan - Stage 1,Watchpoint: Gibraltar,Please Not Hero Ban,Ky0n,DPS,Emre,1,4,0.25
Japan - Stage 1,Watchpoint: Gibraltar,Please Not Hero Ban,NEIVIS,Support,Kiriko,1,3,0.3333
Japan - Stage 1,Watchpoint: Gibraltar,Please Not Hero Ban,NEIVIS,Support,Illari,1,3,0.3333
Japan - Stage 1,Watchpoint: Gibraltar,Please Not Hero Ban,NEIVIS,Support,Brigitte,1,3,0.3333
Japan - Stage 1,Watchpoint: Gibraltar,Please Not Hero Ban,Sakume,Support,Mizuki,1,3,0.3333
Japan - Stage 1,Watchpoint: Gibraltar,Please Not Hero Ban,Sakume,Support,Ana,1,3,0.3333
Japan - Stage 1,Watchpoint: Gibraltar,Please Not Hero Ban,Sakume,Support,Juno,1,3,0.3333
Japan - Stage 1,Watchpoint: Gibraltar,Please Not Hero Ban,Soae,DPS,Symmetra,1,2,0.5
Japan - Stage 1,Watchpoint: Gibraltar,Please Not Hero Ban,Soae,DPS,Tracer,1,2,0.5
Japan - Stage 1,Watchpoint: Gibraltar,Please Not Hero Ban,homerunball,Tank,Orisa,1,2,0.5
Japan - Stage 1,Watchpoint: Gibraltar,Please Not Hero Ban,homerunball,Tank,D.Va,1,2,0.5
Japan - Stage 1,Watchpoint: Gibraltar,TOKYO TAIYOs,Mihawk,Support,Ana,2,8,0.25
Japan - Stage 1,Watchpoint: Gibraltar,TOKYO TAIYOs,Mihawk,Support,Illari,1,8,0.125
Japan - Stage 1,Watchpoint: Gibraltar,TOKYO TAIYOs,Mihawk,Support,Baptiste,1,8,0.125
Japan - Stage 1,Watchpoint: Gibraltar,TOKYO TAIYOs,Mihawk,Support,Mizuki,1,8,0.125
Japan - Stage 1,Watchpoint: Gibraltar,TOKYO TAIYOs,Mihawk,Support,Wuyang,1,8,0.125
Japan - Stage 1,Watchpoint: Gibraltar,TOKYO TAIYOs,Mihawk,Support,Kiriko,1,8,0.125
Japan - Stage 1,Watchpoint: Gibraltar,TOKYO TAIYOs,Mihawk,Support,Zenyatta,1,8,0.125
Japan - Stage 1,Watchpoint: Gibraltar,TOKYO TAIYOs,PEPPI,Tank,Roadhog,4,10,0.4
Japan - Stage 1,Watchpoint: Gibraltar,TOKYO TAIYOs,PEPPI,Tank,D.Va,3,10,0.3
Japan - Stage 1,Watchpoint: Gibraltar,TOKYO TAIYOs,PEPPI,Tank,Winston,1,10,0.1
Japan - Stage 1,Watchpoint: Gibraltar,TOKYO TAIYOs,PEPPI,Tank,Doomfist,1,10,0.1
Japan - Stage 1,Watchpoint: Gibraltar,TOKYO TAIYOs,PEPPI,Tank,Hazard,1,10,0.1
Japan - Stage 1,Watchpoint: Gibraltar,TOKYO TAIYOs,ans,DPS,Cassidy,3,10,0.3
Japan - Stage 1,Watchpoint: Gibraltar,TOKYO TAIYOs,ans,DPS,Widowmaker,3,10,0.3
Japan - Stage 1,Watchpoint: Gibraltar,TOKYO TAIYOs,ans,DPS,Ashe,1,10,0.1
Japan - Stage 1,Watchpoint: Gibraltar,TOKYO TAIYOs,ans,DPS,Emre,1,10,0.1
Japan - Stage 1,Watchpoint: Gibraltar,TOKYO TAIYOs,ans,DPS,Soldier: 76,1,10,0.1
Japan - Stage 1,Watchpoint: Gibraltar,TOKYO TAIYOs,ans,DPS,Bastion,1,10,0.1
Japan - Stage 1,Watchpoint: Gibraltar,TOKYO TAIYOs,epic,Support,Kiriko,3,10,0.3
Japan - Stage 1,Watchpoint: Gibraltar,TOKYO TAIYOs,epic,Support,Lifeweaver,2,10,0.2
Japan - Stage 1,Watchpoint: Gibraltar,TOKYO TAIYOs,epic,Support,Lúcio,2,10,0.2
Japan - Stage 1,Watchpoint: Gibraltar,TOKYO TAIYOs,epic,Support,Jetpack Cat,1,10,0.1
Japan - Stage 1,Watchpoint: Gibraltar,TOKYO TAIYOs,epic,Support,Brigitte,1,10,0.1
Japan - Stage 1,Watchpoint: Gibraltar,TOKYO TAIYOs,epic,Support,Illari,1,10,0.1
Japan - Stage 1,Watchpoint: Gibraltar,TOKYO TAIYOs,ta1yo,DPS,Tracer,4,9,0.4444
Japan - Stage 1,Watchpoint: Gibraltar,TOKYO TAIYOs,ta1yo,DPS,Symmetra,2,9,0.2222
Japan - Stage 1,Watchpoint: Gibraltar,TOKYO TAIYOs,ta1yo,DPS,Ashe,1,9,0.1111
Japan - Stage 1,Watchpoint: Gibraltar,TOKYO TAIYOs,ta1yo,DPS,Emre,1,9,0.1111
Japan - Stage 1,Watchpoint: Gibraltar,TOKYO TAIYOs,ta1yo,DPS,Mei,1,9,0.1111
Japan - Stage 1,Watchpoint: Gibraltar,Telomere,Breadturtle,DPS,Tracer,2,3,0.6667
Japan - Stage 1,Watchpoint: Gibraltar,Telomere,Breadturtle,DPS,Symmetra,1,3,0.3333
Japan - Stage 1,Watchpoint: Gibraltar,Telomere,Elysia,Support,Kiriko,2,3,0.6667
Japan - Stage 1,Watchpoint: Gibraltar,Telomere,Elysia,Support,Wuyang,1,3,0.3333
Japan - Stage 1,Watchpoint: Gibraltar,Telomere,Leonopteryx,Tank,Winston,1,1,1.0
Japan - Stage 1,Watchpoint: Gibraltar,Telomere,Vosa1q,Tank,Winston,1,1,1.0
Japan - Stage 1,Watchpoint: Gibraltar,Telomere,kiibo,Support,Wuyang,1,4,0.25
Japan - Stage 1,Watchpoint: Gibraltar,Telomere,kiibo,Support,Kiriko,1,4,0.25
Japan - Stage 1,Watchpoint: Gibraltar,Telomere,kiibo,Support,Lúcio,1,4,0.25
Japan - Stage 1,Watchpoint: Gibraltar,Telomere,kiibo,Support,Brigitte,1,4,0.25
Japan - Stage 1,Watchpoint: Gibraltar,Telomere,pav2l,DPS,Ashe,2,4,0.5
Japan - Stage 1,Watchpoint: Gibraltar,Telomere,pav2l,DPS,Emre,1,4,0.25
Japan - Stage 1,Watchpoint: Gibraltar,Telomere,pav2l,DPS,Sojourn,1,4,0.25
Japan - Stage 1,Watchpoint: Gibraltar,VARREL,KSG,Tank,Winston,2,5,0.4
Japan - Stage 1,Watchpoint: Gibraltar,VARREL,KSG,Tank,D.Va,1,5,0.2
Japan - Stage 1,Watchpoint: Gibraltar,VARREL,KSG,Tank,Ramattra,1,5,0.2
Japan - Stage 1,Watchpoint: Gibraltar,VARREL,KSG,Tank,Hazard,1,5,0.2
Japan - Stage 1,Watchpoint: Gibraltar,VARREL,NICO,DPS,Ashe,1,5,0.2
Japan - Stage 1,Watchpoint: Gibraltar,VARREL,NICO,DPS,Bastion,1,5,0.2
Japan - Stage 1,Watchpoint: Gibraltar,VARREL,NICO,DPS,Cassidy,1,5,0.2
Japan - Stage 1,Watchpoint: Gibraltar,VARREL,NICO,DPS,Emre,1,5,0.2
Japan - Stage 1,Watchpoint: Gibraltar,VARREL,NICO,DPS,Vendetta,1,5,0.2
Japan - Stage 1,Watchpoint: Gibraltar,VARREL,QLOUD,Support,Kiriko,2,3,0.6667
Japan - Stage 1,Watchpoint: Gibraltar,VARREL,QLOUD,Support,Ana,1,3,0.3333
Japan - Stage 1,Watchpoint: Gibraltar,VARREL,SLEY,Support,Jetpack Cat,1,2,0.5
Japan - Stage 1,Watchpoint: Gibraltar,VARREL,SLEY,Support,Illari,1,2,0.5
Japan - Stage 1,Watchpoint: Gibraltar,VARREL,TOPDRAGON,DPS,Tracer,2,3,0.6667
Japan - Stage 1,Watchpoint: Gibraltar,VARREL,TOPDRAGON,DPS,Emre,1,3,0.3333
Korea - Stage 1,Aatlis,Cheeseburger,Argon,DPS,Tracer,2,5,0.4
Korea - Stage 1,Aatlis,Cheeseburger,Argon,DPS,Symmetra,2,5,0.4
Korea - Stage 1,Aatlis,Cheeseburger,Argon,DPS,Vendetta,1,5,0.2
Korea - Stage 1,Aatlis,Cheeseburger,FARMER,Tank,Hazard,2,3,0.6667
Korea - Stage 1,Aatlis,Cheeseburger,FARMER,Tank,Zarya,1,3,0.3333
Korea - Stage 1,Aatlis,Cheeseburger,Faith,Support,Lúcio,3,3,1.0
Korea - Stage 1,Aatlis,Cheeseburger,Jamelgong,DPS,Vendetta,1,1,1.0
Korea - Stage 1,Aatlis,Cheeseburger,WoochaN,Support,Kiriko,3,6,0.5
Korea - Stage 1,Aatlis,Cheeseburger,WoochaN,Support,Juno,3,6,0.5
Korea - Stage 1,Aatlis,Cheeseburger,ZeSin,DPS,Sojourn,2,4,0.5
Korea - Stage 1,Aatlis,Cheeseburger,ZeSin,DPS,Emre,1,4,0.25
Korea - Stage 1,Aatlis,Cheeseburger,ZeSin,DPS,Symmetra,1,4,0.25
Korea - Stage 1,Aatlis,Crazy Raccoon,CH0R0NG,Support,Lúcio,1,1,1.0
Korea - Stage 1,Aatlis,Crazy Raccoon,Ch0r0ng,Support,Lúcio,1,2,0.5
Korea - Stage 1,Aatlis,Crazy Raccoon,Ch0r0ng,Support,Brigitte,1,2,0.5
Korea - Stage 1,Aatlis,Crazy Raccoon,HeeSang,DPS,Tracer,2,5,0.4
Korea - Stage 1,Aatlis,Crazy Raccoon,HeeSang,DPS,Mei,1,5,0.2
Korea - Stage 1,Aatlis,Crazy Raccoon,HeeSang,DPS,Symmetra,1,5,0.2
Korea - Stage 1,Aatlis,Crazy Raccoon,HeeSang,DPS,Vendetta,1,5,0.2
Korea - Stage 1,Aatlis,Crazy Raccoon,JunBin,Tank,Zarya,1,3,0.3333
Korea - Stage 1,Aatlis,Crazy Raccoon,JunBin,Tank,Mauga,1,3,0.3333
Korea - Stage 1,Aatlis,Crazy Raccoon,JunBin,Tank,Hazard,1,3,0.3333
Korea - Stage 1,Aatlis,Crazy Raccoon,MAX,Tank,Zarya,1,1,1.0
Korea - Stage 1,Aatlis,Crazy Raccoon,STALK3R,DPS,Vendetta,1,6,0.1667
Korea - Stage 1,Aatlis,Crazy Raccoon,STALK3R,DPS,Emre,1,6,0.1667
Korea - Stage 1,Aatlis,Crazy Raccoon,STALK3R,DPS,Sojourn,1,6,0.1667
Korea - Stage 1,Aatlis,Crazy Raccoon,STALK3R,DPS,Reaper,1,6,0.1667
Korea - Stage 1,Aatlis,Crazy Raccoon,STALK3R,DPS,Tracer,1,6,0.1667
Korea - Stage 1,Aatlis,Crazy Raccoon,STALK3R,DPS,Symmetra,1,6,0.1667
Korea - Stage 1,Aatlis,Crazy Raccoon,Vigilante,Support,Kiriko,2,4,0.5
Korea - Stage 1,Aatlis,Crazy Raccoon,Vigilante,Support,Jetpack Cat,1,4,0.25
Korea - Stage 1,Aatlis,Crazy Raccoon,Vigilante,Support,Juno,1,4,0.25
Korea - Stage 1,Aatlis,Poker Face,CARU,Support,Kiriko,2,4,0.5
Korea - Stage 1,Aatlis,Poker Face,CARU,Support,Juno,2,4,0.5
Korea - Stage 1,Aatlis,Poker Face,D4RT,DPS,Symmetra,3,7,0.4286
Korea - Stage 1,Aatlis,Poker Face,D4RT,DPS,Tracer,2,7,0.2857
Korea - Stage 1,Aatlis,Poker Face,D4RT,DPS,Vendetta,1,7,0.1429
Korea - Stage 1,Aatlis,Poker Face,D4RT,DPS,Pharah,1,7,0.1429
Korea - Stage 1,Aatlis,Poker Face,Gur3um,Tank,Hazard,3,7,0.4286
Korea - Stage 1,Aatlis,Poker Face,Gur3um,Tank,Mauga,2,7,0.2857
Korea - Stage 1,Aatlis,Poker Face,Gur3um,Tank,Zarya,2,7,0.2857
Korea - Stage 1,Aatlis,Poker Face,M1NUT2,DPS,Sojourn,3,7,0.4286
Korea - Stage 1,Aatlis,Poker Face,M1NUT2,DPS,Symmetra,1,7,0.1429
Korea - Stage 1,Aatlis,Poker Face,M1NUT2,DPS,Reaper,1,7,0.1429
Korea - Stage 1,Aatlis,Poker Face,M1NUT2,DPS,Emre,1,7,0.1429
Korea - Stage 1,Aatlis,Poker Face,M1NUT2,DPS,Sierra,1,7,0.1429
Korea - Stage 1,Aatlis,Poker Face,TenTen,Support,Lúcio,2,4,0.5
Korea - Stage 1,Aatlis,Poker Face,TenTen,Support,Brigitte,2,4,0.5
Korea - Stage 1,Aatlis,RØDE ONSIDE GAMING,ATTACK,Tank,Zarya,2,6,0.3333
Korea - Stage 1,Aatlis,RØDE ONSIDE GAMING,ATTACK,Tank,Hazard,2,6,0.3333
Korea - Stage 1,Aatlis,RØDE ONSIDE GAMING,ATTACK,Tank,Doomfist,1,6,0.1667
Korea - Stage 1,Aatlis,RØDE ONSIDE GAMING,ATTACK,Tank,D.Va,1,6,0.1667
Korea - Stage 1,Aatlis,RØDE ONSIDE GAMING,KILO,DPS,Emre,3,6,0.5
Korea - Stage 1,Aatlis,RØDE ONSIDE GAMING,KILO,DPS,Sojourn,1,6,0.1667
Korea - Stage 1,Aatlis,RØDE ONSIDE GAMING,KILO,DPS,Symmetra,1,6,0.1667
Korea - Stage 1,Aatlis,RØDE ONSIDE GAMING,KILO,DPS,Tracer,1,6,0.1667
Korea - Stage 1,Aatlis,RØDE ONSIDE GAMING,OPENER,Support,Lúcio,3,4,0.75
Korea - Stage 1,Aatlis,RØDE ONSIDE GAMING,OPENER,Support,Brigitte,1,4,0.25
Korea - Stage 1,Aatlis,RØDE ONSIDE GAMING,SP1NT,DPS,Vendetta,3,7,0.4286
Korea - Stage 1,Aatlis,RØDE ONSIDE GAMING,SP1NT,DPS,Tracer,2,7,0.2857
Korea - Stage 1,Aatlis,RØDE ONSIDE GAMING,SP1NT,DPS,Symmetra,2,7,0.2857
Korea - Stage 1,Aatlis,RØDE ONSIDE GAMING,iRONY,Support,Kiriko,3,4,0.75
Korea - Stage 1,Aatlis,RØDE ONSIDE GAMING,iRONY,Support,Juno,1,4,0.25
Korea - Stage 1,Aatlis,T1,Bliss,Support,Lúcio,2,2,1.0
Korea - Stage 1,Aatlis,T1,Jasm1ne,Tank,Zarya,1,3,0.3333
Korea - Stage 1,Aatlis,T1,Jasm1ne,Tank,Hazard,1,3,0.3333
Korea - Stage 1,Aatlis,T1,Jasm1ne,Tank,Mauga,1,3,0.3333
Korea - Stage 1,Aatlis,T1,Proud,DPS,Echo,1,3,0.3333
Korea - Stage 1,Aatlis,T1,Proud,DPS,Symmetra,1,3,0.3333
Korea - Stage 1,Aatlis,T1,Proud,DPS,Emre,1,3,0.3333
Korea - Stage 1,Aatlis,T1,ZEST,DPS,Vendetta,1,3,0.3333
Korea - Stage 1,Aatlis,T1,ZEST,DPS,Tracer,1,3,0.3333
Korea - Stage 1,Aatlis,T1,ZEST,DPS,Symmetra,1,3,0.3333
Korea - Stage 1,Aatlis,T1,skewed,Support,Kiriko,2,3,0.6667
Korea - Stage 1,Aatlis,T1,skewed,Support,Juno,1,3,0.3333
Korea - Stage 1,Aatlis,Team Falcons,Checkmate,DPS,Tracer,1,2,0.5
Korea - Stage 1,Aatlis,Team Falcons,Checkmate,DPS,Symmetra,1,2,0.5
Korea - Stage 1,Aatlis,Team Falcons,ChiYo,Support,Lúcio,1,1,1.0
Korea - Stage 1,Aatlis,Team Falcons,Fielder,Support,Kiriko,1,1,1.0
Korea - Stage 1,Aatlis,Team Falcons,MER1T,DPS,Emre,1,2,0.5
Korea - Stage 1,Aatlis,Team Falcons,MER1T,DPS,Sojourn,1,2,0.5
Korea - Stage 1,Aatlis,Team Falcons,SOMEONE,Tank,Zarya,1,2,0.5
Korea - Stage 1,Aatlis,Team Falcons,SOMEONE,Tank,D.Va,1,2,0.5
Korea - Stage 1,Aatlis,ZAN Esports,A1IEN,DPS,Sojourn,2,2,1.0
Korea - Stage 1,Aatlis,ZAN Esports,Becky,DPS,Vendetta,2,4,0.5
Korea - Stage 1,Aatlis,ZAN Esports,Becky,DPS,Tracer,1,4,0.25
Korea - Stage 1,Aatlis,ZAN Esports,Becky,DPS,Symmetra,1,4,0.25
Korea - Stage 1,Aatlis,ZAN Esports,HEISER,Tank,Zarya,2,4,0.5
Korea - Stage 1,Aatlis,ZAN Esports,HEISER,Tank,Doomfist,1,4,0.25
Korea - Stage 1,Aatlis,ZAN Esports,HEISER,Tank,Hazard,1,4,0.25
Korea - Stage 1,Aatlis,ZAN Esports,KIVIS,Support,Kiriko,3,5,0.6
Korea - Stage 1,Aatlis,ZAN Esports,KIVIS,Support,Juno,2,5,0.4
Korea - Stage 1,Aatlis,ZAN Esports,Probe,DPS,Sojourn,1,1,1.0
Korea - Stage 1,Aatlis,ZAN Esports,YangJun,Support,Lúcio,3,3,1.0
Korea - Stage 1,Blizzard World,Cheeseburger,Argon,DPS,Tracer,4,5,0.8
Korea - Stage 1,Blizzard World,Cheeseburger,Argon,DPS,Genji,1,5,0.2
Korea - Stage 1,Blizzard World,Cheeseburger,FARMER,Tank,Winston,2,7,0.2857
Korea - Stage 1,Blizzard World,Cheeseburger,FARMER,Tank,Zarya,1,7,0.1429
Korea - Stage 1,Blizzard World,Cheeseburger,FARMER,Tank,Mauga,1,7,0.1429
Korea - Stage 1,Blizzard World,Cheeseburger,FARMER,Tank,Orisa,1,7,0.1429
Korea - Stage 1,Blizzard World,Cheeseburger,FARMER,Tank,Sigma,1,7,0.1429
Korea - Stage 1,Blizzard World,Cheeseburger,FARMER,Tank,Doomfist,1,7,0.1429
Korea - Stage 1,Blizzard World,Cheeseburger,Faith,Support,Brigitte,4,9,0.4444
Korea - Stage 1,Blizzard World,Cheeseburger,Faith,Support,Wuyang,2,9,0.2222
Korea - Stage 1,Blizzard World,Cheeseburger,Faith,Support,Jetpack Cat,1,9,0.1111
Korea - Stage 1,Blizzard World,Cheeseburger,Faith,Support,Lúcio,1,9,0.1111
Korea - Stage 1,Blizzard World,Cheeseburger,Faith,Support,Juno,1,9,0.1111
Korea - Stage 1,Blizzard World,Cheeseburger,SeungAn,Tank,Winston,1,1,1.0
Korea - Stage 1,Blizzard World,Cheeseburger,WoochaN,Support,Ana,4,5,0.8
Korea - Stage 1,Blizzard World,Cheeseburger,WoochaN,Support,Lifeweaver,1,5,0.2
Korea - Stage 1,Blizzard World,Cheeseburger,ZeSin,DPS,Emre,2,6,0.3333
Korea - Stage 1,Blizzard World,Cheeseburger,ZeSin,DPS,Sojourn,2,6,0.3333
Korea - Stage 1,Blizzard World,Cheeseburger,ZeSin,DPS,Widowmaker,1,6,0.1667
Korea - Stage 1,Blizzard World,Cheeseburger,ZeSin,DPS,Cassidy,1,6,0.1667
Korea - Stage 1,Blizzard World,Cheeseburger,Zesin,DPS,Emre,1,2,0.5
Korea - Stage 1,Blizzard World,Cheeseburger,Zesin,DPS,Cassidy,1,2,0.5
Korea - Stage 1,Blizzard World,Crazy Raccoon,CH0R0NG,Support,Lúcio,2,8,0.25
Korea - Stage 1,Blizzard World,Crazy Raccoon,CH0R0NG,Support,Brigitte,2,8,0.25
Korea - Stage 1,Blizzard World,Crazy Raccoon,CH0R0NG,Support,Kiriko,1,8,0.125
Korea - Stage 1,Blizzard World,Crazy Raccoon,CH0R0NG,Support,Illari,1,8,0.125
Korea - Stage 1,Blizzard World,Crazy Raccoon,CH0R0NG,Support,Jetpack Cat,1,8,0.125
Korea - Stage 1,Blizzard World,Crazy Raccoon,CH0R0NG,Support,Ana,1,8,0.125
Korea - Stage 1,Blizzard World,Crazy Raccoon,Ch0r0ng,Support,Lúcio,1,3,0.3333
Korea - Stage 1,Blizzard World,Crazy Raccoon,Ch0r0ng,Support,Wuyang,1,3,0.3333
Korea - Stage 1,Blizzard World,Crazy Raccoon,Ch0r0ng,Support,Lifeweaver,1,3,0.3333
Korea - Stage 1,Blizzard World,Crazy Raccoon,HeeSang,DPS,Tracer,5,13,0.3846
Korea - Stage 1,Blizzard World,Crazy Raccoon,HeeSang,DPS,Symmetra,4,13,0.3077
Korea - Stage 1,Blizzard World,Crazy Raccoon,HeeSang,DPS,Genji,1,13,0.0769
Korea - Stage 1,Blizzard World,Crazy Raccoon,HeeSang,DPS,Vendetta,1,13,0.0769
Korea - Stage 1,Blizzard World,Crazy Raccoon,HeeSang,DPS,Pharah,1,13,0.0769
Korea - Stage 1,Blizzard World,Crazy Raccoon,HeeSang,DPS,Mei,1,13,0.0769
Korea - Stage 1,Blizzard World,Crazy Raccoon,JunBin,Tank,D.Va,3,9,0.3333
Korea - Stage 1,Blizzard World,Crazy Raccoon,JunBin,Tank,Zarya,2,9,0.2222
Korea - Stage 1,Blizzard World,Crazy Raccoon,JunBin,Tank,Hazard,1,9,0.1111
Korea - Stage 1,Blizzard World,Crazy Raccoon,JunBin,Tank,Domina,1,9,0.1111
Korea - Stage 1,Blizzard World,Crazy Raccoon,JunBin,Tank,Mauga,1,9,0.1111
Korea - Stage 1,Blizzard World,Crazy Raccoon,JunBin,Tank,Roadhog,1,9,0.1111
Korea - Stage 1,Blizzard World,Crazy Raccoon,MAX,Tank,Mauga,1,4,0.25
Korea - Stage 1,Blizzard World,Crazy Raccoon,MAX,Tank,Orisa,1,4,0.25
Korea - Stage 1,Blizzard World,Crazy Raccoon,MAX,Tank,Wrecking Ball,1,4,0.25
Korea - Stage 1,Blizzard World,Crazy Raccoon,MAX,Tank,D.Va,1,4,0.25
Korea - Stage 1,Blizzard World,Crazy Raccoon,STALK3R,DPS,Sojourn,3,9,0.3333
Korea - Stage 1,Blizzard World,Crazy Raccoon,STALK3R,DPS,Emre,2,9,0.2222
Korea - Stage 1,Blizzard World,Crazy Raccoon,STALK3R,DPS,Cassidy,1,9,0.1111
Korea - Stage 1,Blizzard World,Crazy Raccoon,STALK3R,DPS,Bastion,1,9,0.1111
Korea - Stage 1,Blizzard World,Crazy Raccoon,STALK3R,DPS,Vendetta,1,9,0.1111
Korea - Stage 1,Blizzard World,Crazy Raccoon,STALK3R,DPS,Mei,1,9,0.1111
Korea - Stage 1,Blizzard World,Crazy Raccoon,Vigilante,Support,Kiriko,4,8,0.5
Korea - Stage 1,Blizzard World,Crazy Raccoon,Vigilante,Support,Ana,1,8,0.125
Korea - Stage 1,Blizzard World,Crazy Raccoon,Vigilante,Support,Jetpack Cat,1,8,0.125
Korea - Stage 1,Blizzard World,Crazy Raccoon,Vigilante,Support,Mizuki,1,8,0.125
Korea - Stage 1,Blizzard World,Crazy Raccoon,Vigilante,Support,Juno,1,8,0.125
Korea - Stage 1,Blizzard World,New Era,D0D0,DPS,Tracer,3,6,0.5
Korea - Stage 1,Blizzard World,New Era,D0D0,DPS,Genji,2,6,0.3333
Korea - Stage 1,Blizzard World,New Era,D0D0,DPS,Symmetra,1,6,0.1667
Korea - Stage 1,Blizzard World,New Era,MCD,Support,Ana,3,5,0.6
Korea - Stage 1,Blizzard World,New Era,MCD,Support,Lúcio,1,5,0.2
Korea - Stage 1,Blizzard World,New Era,MCD,Support,Mercy,1,5,0.2
Korea - Stage 1,Blizzard World,New Era,Secret,Support,Brigitte,2,5,0.4
Korea - Stage 1,Blizzard World,New Era,Secret,Support,Illari,1,5,0.2
Korea - Stage 1,Blizzard World,New Era,Secret,Support,Wuyang,1,5,0.2
Korea - Stage 1,Blizzard World,New Era,Secret,Support,Lúcio,1,5,0.2
Korea - Stage 1,Blizzard World,New Era,SoLA,Tank,Domina,1,2,0.5
Korea - Stage 1,Blizzard World,New Era,SoLA,Tank,D.Va,1,2,0.5
Korea - Stage 1,Blizzard World,New Era,Yate,Tank,Wrecking Ball,1,1,1.0
Korea - Stage 1,Blizzard World,New Era,perr,DPS,Emre,2,5,0.4
Korea - Stage 1,Blizzard World,New Era,perr,DPS,Cassidy,1,5,0.2
Korea - Stage 1,Blizzard World,New Era,perr,DPS,Sojourn,1,5,0.2
Korea - Stage 1,Blizzard World,New Era,perr,DPS,Widowmaker,1,5,0.2
Korea - Stage 1,Blizzard World,RØDE ONSIDE GAMING,ATTACK,Tank,Zarya,5,12,0.4167
Korea - Stage 1,Blizzard World,RØDE ONSIDE GAMING,ATTACK,Tank,D.Va,4,12,0.3333
Korea - Stage 1,Blizzard World,RØDE ONSIDE GAMING,ATTACK,Tank,Winston,2,12,0.1667
Korea - Stage 1,Blizzard World,RØDE ONSIDE GAMING,ATTACK,Tank,Reinhardt,1,12,0.0833
Korea - Stage 1,Blizzard World,RØDE ONSIDE GAMING,KILO,DPS,Emre,6,13,0.4615
Korea - Stage 1,Blizzard World,RØDE ONSIDE GAMING,KILO,DPS,Sojourn,4,13,0.3077
Korea - Stage 1,Blizzard World,RØDE ONSIDE GAMING,KILO,DPS,Cassidy,2,13,0.1538
Korea - Stage 1,Blizzard World,RØDE ONSIDE GAMING,KILO,DPS,Bastion,1,13,0.0769
Korea - Stage 1,Blizzard World,RØDE ONSIDE GAMING,OPENER,Support,Brigitte,5,17,0.2941
Korea - Stage 1,Blizzard World,RØDE ONSIDE GAMING,OPENER,Support,Wuyang,5,17,0.2941
Korea - Stage 1,Blizzard World,RØDE ONSIDE GAMING,OPENER,Support,Lúcio,4,17,0.2353
Korea - Stage 1,Blizzard World,RØDE ONSIDE GAMING,OPENER,Support,Juno,3,17,0.1765
Korea - Stage 1,Blizzard World,RØDE ONSIDE GAMING,SP1NT,DPS,Tracer,7,18,0.3889
Korea - Stage 1,Blizzard World,RØDE ONSIDE GAMING,SP1NT,DPS,Symmetra,5,18,0.2778
Korea - Stage 1,Blizzard World,RØDE ONSIDE GAMING,SP1NT,DPS,Genji,2,18,0.1111
Korea - Stage 1,Blizzard World,RØDE ONSIDE GAMING,SP1NT,DPS,Pharah,2,18,0.1111
Korea - Stage 1,Blizzard World,RØDE ONSIDE GAMING,SP1NT,DPS,Mei,1,18,0.0556
Korea - Stage 1,Blizzard World,RØDE ONSIDE GAMING,SP1NT,DPS,Vendetta,1,18,0.0556
Korea - Stage 1,Blizzard World,RØDE ONSIDE GAMING,iRONY,Support,Ana,5,13,0.3846
Korea - Stage 1,Blizzard World,RØDE ONSIDE GAMING,iRONY,Support,Kiriko,4,13,0.3077
Korea - Stage 1,Blizzard World,RØDE ONSIDE GAMING,iRONY,Support,Mercy,2,13,0.1538
Korea - Stage 1,Blizzard World,RØDE ONSIDE GAMING,iRONY,Support,Jetpack Cat,1,13,0.0769
Korea - Stage 1,Blizzard World,RØDE ONSIDE GAMING,iRONY,Support,Baptiste,1,13,0.0769
Korea - Stage 1,Blizzard World,T1,Bliss,Support,Lúcio,4,8,0.5
Korea - Stage 1,Blizzard World,T1,Bliss,Support,Wuyang,3,8,0.375
Korea - Stage 1,Blizzard World,T1,Bliss,Support,Jetpack Cat,1,8,0.125
Korea - Stage 1,Blizzard World,T1,DONGHAK,Tank,Roadhog,1,5,0.2
Korea - Stage 1,Blizzard World,T1,DONGHAK,Tank,Junker Queen,1,5,0.2
Korea - Stage 1,Blizzard World,T1,DONGHAK,Tank,Sigma,1,5,0.2
Korea - Stage 1,Blizzard World,T1,DONGHAK,Tank,Wrecking Ball,1,5,0.2
Korea - Stage 1,Blizzard World,T1,DONGHAK,Tank,Winston,1,5,0.2
Korea - Stage 1,Blizzard World,T1,Jasm1ne,Tank,Zarya,2,8,0.25
Korea - Stage 1,Blizzard World,T1,Jasm1ne,Tank,Sigma,1,8,0.125
Korea - Stage 1,Blizzard World,T1,Jasm1ne,Tank,Domina,1,8,0.125
Korea - Stage 1,Blizzard World,T1,Jasm1ne,Tank,Wrecking Ball,1,8,0.125
Korea - Stage 1,Blizzard World,T1,Jasm1ne,Tank,Mauga,1,8,0.125
Korea - Stage 1,Blizzard World,T1,Jasm1ne,Tank,D.Va,1,8,0.125
Korea - Stage 1,Blizzard World,T1,Jasm1ne,Tank,Doomfist,1,8,0.125
Korea - Stage 1,Blizzard World,T1,Proud,DPS,Emre,3,8,0.375
Korea - Stage 1,Blizzard World,T1,Proud,DPS,Sojourn,2,8,0.25
Korea - Stage 1,Blizzard World,T1,Proud,DPS,Symmetra,2,8,0.25
Korea - Stage 1,Blizzard World,T1,Proud,DPS,Sombra,1,8,0.125
Korea - Stage 1,Blizzard World,T1,ZEST,DPS,Tracer,5,10,0.5
Korea - Stage 1,Blizzard World,T1,ZEST,DPS,Symmetra,2,10,0.2
Korea - Stage 1,Blizzard World,T1,ZEST,DPS,Vendetta,2,10,0.2
Korea - Stage 1,Blizzard World,T1,ZEST,DPS,Echo,1,10,0.1
Korea - Stage 1,Blizzard World,T1,skewed,Support,Kiriko,3,9,0.3333
Korea - Stage 1,Blizzard World,T1,skewed,Support,Ana,2,9,0.2222
Korea - Stage 1,Blizzard World,T1,skewed,Support,Juno,2,9,0.2222
Korea - Stage 1,Blizzard World,T1,skewed,Support,Baptiste,1,9,0.1111
Korea - Stage 1,Blizzard World,T1,skewed,Support,Moira,1,9,0.1111
Korea - Stage 1,Blizzard World,Team Falcons,Checkmate,DPS,Symmetra,3,7,0.4286
Korea - Stage 1,Blizzard World,Team Falcons,Checkmate,DPS,Venture,1,7,0.1429
Korea - Stage 1,Blizzard World,Team Falcons,Checkmate,DPS,Widowmaker,1,7,0.1429
Korea - Stage 1,Blizzard World,Team Falcons,Checkmate,DPS,Vendetta,1,7,0.1429
Korea - Stage 1,Blizzard World,Team Falcons,Checkmate,DPS,Tracer,1,7,0.1429
Korea - Stage 1,Blizzard World,Team Falcons,ChiYo,Support,Lúcio,4,6,0.6667
Korea - Stage 1,Blizzard World,Team Falcons,ChiYo,Support,Jetpack Cat,2,6,0.3333
Korea - Stage 1,Blizzard World,Team Falcons,Fielder,Support,Kiriko,3,6,0.5
Korea - Stage 1,Blizzard World,Team Falcons,Fielder,Support,Juno,2,6,0.3333
Korea - Stage 1,Blizzard World,Team Falcons,Fielder,Support,Baptiste,1,6,0.1667
Korea - Stage 1,Blizzard World,Team Falcons,Hanbin,Tank,D.Va,3,7,0.4286
Korea - Stage 1,Blizzard World,Team Falcons,Hanbin,Tank,Wrecking Ball,1,7,0.1429
Korea - Stage 1,Blizzard World,Team Falcons,Hanbin,Tank,Zarya,1,7,0.1429
Korea - Stage 1,Blizzard World,Team Falcons,Hanbin,Tank,Mauga,1,7,0.1429
Korea - Stage 1,Blizzard World,Team Falcons,Hanbin,Tank,Ramattra,1,7,0.1429
Korea - Stage 1,Blizzard World,Team Falcons,MER1T,DPS,Emre,1,2,0.5
Korea - Stage 1,Blizzard World,Team Falcons,MER1T,DPS,Symmetra,1,2,0.5
Korea - Stage 1,Blizzard World,Team Falcons,Mer1t,DPS,Sojourn,2,4,0.5
Korea - Stage 1,Blizzard World,Team Falcons,Mer1t,DPS,Cassidy,1,4,0.25
Korea - Stage 1,Blizzard World,Team Falcons,Mer1t,DPS,Bastion,1,4,0.25
Korea - Stage 1,Blizzard World,ZETA DIVISION,BERNAR,Tank,Winston,2,8,0.25
Korea - Stage 1,Blizzard World,ZETA DIVISION,BERNAR,Tank,D.Va,2,8,0.25
Korea - Stage 1,Blizzard World,ZETA DIVISION,BERNAR,Tank,Mauga,1,8,0.125
Korea - Stage 1,Blizzard World,ZETA DIVISION,BERNAR,Tank,Domina,1,8,0.125
Korea - Stage 1,Blizzard World,ZETA DIVISION,BERNAR,Tank,Wrecking Ball,1,8,0.125
Korea - Stage 1,Blizzard World,ZETA DIVISION,BERNAR,Tank,Sigma,1,8,0.125
Korea - Stage 1,Blizzard World,ZETA DIVISION,Mealgaru,Tank,Winston,3,5,0.6
Korea - Stage 1,Blizzard World,ZETA DIVISION,Mealgaru,Tank,Wrecking Ball,1,5,0.2
Korea - Stage 1,Blizzard World,ZETA DIVISION,Mealgaru,Tank,Mauga,1,5,0.2
Korea - Stage 1,Blizzard World,ZETA DIVISION,Proper,DPS,Tracer,5,14,0.3571
Korea - Stage 1,Blizzard World,ZETA DIVISION,Proper,DPS,Symmetra,5,14,0.3571
Korea - Stage 1,Blizzard World,ZETA DIVISION,Proper,DPS,Genji,2,14,0.1429
Korea - Stage 1,Blizzard World,ZETA DIVISION,Proper,DPS,Sojourn,1,14,0.0714
Korea - Stage 1,Blizzard World,ZETA DIVISION,Proper,DPS,Cassidy,1,14,0.0714
Korea - Stage 1,Blizzard World,ZETA DIVISION,Viol2t,Support,Illari,4,12,0.3333
Korea - Stage 1,Blizzard World,ZETA DIVISION,Viol2t,Support,Juno,3,12,0.25
Korea - Stage 1,Blizzard World,ZETA DIVISION,Viol2t,Support,Lúcio,2,12,0.1667
Korea - Stage 1,Blizzard World,ZETA DIVISION,Viol2t,Support,Brigitte,1,12,0.0833
Korea - Stage 1,Blizzard World,ZETA DIVISION,Viol2t,Support,Kiriko,1,12,0.0833
Korea - Stage 1,Blizzard World,ZETA DIVISION,Viol2t,Support,Jetpack Cat,1,12,0.0833
Korea - Stage 1,Blizzard World,ZETA DIVISION,knife,DPS,Sojourn,5,15,0.3333
Korea - Stage 1,Blizzard World,ZETA DIVISION,knife,DPS,Emre,3,15,0.2
Korea - Stage 1,Blizzard World,ZETA DIVISION,knife,DPS,Symmetra,2,15,0.1333
Korea - Stage 1,Blizzard World,ZETA DIVISION,knife,DPS,Widowmaker,2,15,0.1333
Korea - Stage 1,Blizzard World,ZETA DIVISION,knife,DPS,Sombra,1,15,0.0667
Korea - Stage 1,Blizzard World,ZETA DIVISION,knife,DPS,Venture,1,15,0.0667
Korea - Stage 1,Blizzard World,ZETA DIVISION,knife,DPS,Cassidy,1,15,0.0667
Korea - Stage 1,Blizzard World,ZETA DIVISION,shu,Support,Ana,5,11,0.4545
Korea - Stage 1,Blizzard World,ZETA DIVISION,shu,Support,Kiriko,2,11,0.1818
Korea - Stage 1,Blizzard World,ZETA DIVISION,shu,Support,Lúcio,2,11,0.1818
Korea - Stage 1,Blizzard World,ZETA DIVISION,shu,Support,Juno,1,11,0.0909
Korea - Stage 1,Blizzard World,ZETA DIVISION,shu,Support,Lifeweaver,1,11,0.0909
Korea - Stage 1,Busan,Cheeseburger,Argon,DPS,Symmetra,2,6,0.3333
Korea - Stage 1,Busan,Cheeseburger,Argon,DPS,Tracer,2,6,0.3333
Korea - Stage 1,Busan,Cheeseburger,Argon,DPS,Vendetta,1,6,0.1667
Korea - Stage 1,Busan,Cheeseburger,Argon,DPS,Pharah,1,6,0.1667
Korea - Stage 1,Busan,Cheeseburger,Faith,Support,Lúcio,2,3,0.6667
Korea - Stage 1,Busan,Cheeseburger,Faith,Support,Jetpack Cat,1,3,0.3333
Korea - Stage 1,Busan,Cheeseburger,SeungAn,Tank,D.Va,3,5,0.6
Korea - Stage 1,Busan,Cheeseburger,SeungAn,Tank,Orisa,1,5,0.2
Korea - Stage 1,Busan,Cheeseburger,SeungAn,Tank,Doomfist,1,5,0.2
Korea - Stage 1,Busan,Cheeseburger,WoochaN,Support,Kiriko,2,3,0.6667
Korea - Stage 1,Busan,Cheeseburger,WoochaN,Support,Ana,1,3,0.3333
Korea - Stage 1,Busan,Cheeseburger,ZeSin,DPS,Emre,1,2,0.5
Korea - Stage 1,Busan,Cheeseburger,ZeSin,DPS,Bastion,1,2,0.5
Korea - Stage 1,Busan,Cheeseburger,Zesin,DPS,Sojourn,1,2,0.5
Korea - Stage 1,Busan,Cheeseburger,Zesin,DPS,Symmetra,1,2,0.5
Korea - Stage 1,Busan,Crazy Raccoon,CH0R0NG,Support,Lúcio,2,2,1.0
Korea - Stage 1,Busan,Crazy Raccoon,Ch0r0ng,Support,Wuyang,1,3,0.3333
Korea - Stage 1,Busan,Crazy Raccoon,Ch0r0ng,Support,Lúcio,1,3,0.3333
Korea - Stage 1,Busan,Crazy Raccoon,Ch0r0ng,Support,Jetpack Cat,1,3,0.3333
Korea - Stage 1,Busan,Crazy Raccoon,HeeSang,DPS,Symmetra,3,5,0.6
Korea - Stage 1,Busan,Crazy Raccoon,HeeSang,DPS,Tracer,2,5,0.4
Korea - Stage 1,Busan,Crazy Raccoon,JunBin,Tank,Wrecking Ball,1,2,0.5
Korea - Stage 1,Busan,Crazy Raccoon,JunBin,Tank,Ramattra,1,2,0.5
Korea - Stage 1,Busan,Crazy Raccoon,MAX,Tank,D.Va,2,4,0.5
Korea - Stage 1,Busan,Crazy Raccoon,MAX,Tank,Sigma,1,4,0.25
Korea - Stage 1,Busan,Crazy Raccoon,MAX,Tank,Winston,1,4,0.25
Korea - Stage 1,Busan,Crazy Raccoon,STALK3R,DPS,Vendetta,2,6,0.3333
Korea - Stage 1,Busan,Crazy Raccoon,STALK3R,DPS,Emre,2,6,0.3333
Korea - Stage 1,Busan,Crazy Raccoon,STALK3R,DPS,Sojourn,1,6,0.1667
Korea - Stage 1,Busan,Crazy Raccoon,STALK3R,DPS,Bastion,1,6,0.1667
Korea - Stage 1,Busan,Crazy Raccoon,Vigilante,Support,Kiriko,3,5,0.6
Korea - Stage 1,Busan,Crazy Raccoon,Vigilante,Support,Juno,1,5,0.2
Korea - Stage 1,Busan,Crazy Raccoon,Vigilante,Support,Ana,1,5,0.2
Korea - Stage 1,Busan,New Era,D0D0,DPS,Tracer,2,5,0.4
Korea - Stage 1,Busan,New Era,D0D0,DPS,Symmetra,2,5,0.4
Korea - Stage 1,Busan,New Era,D0D0,DPS,Vendetta,1,5,0.2
Korea - Stage 1,Busan,New Era,MCD,Support,Wuyang,1,3,0.3333
Korea - Stage 1,Busan,New Era,MCD,Support,Zenyatta,1,3,0.3333
Korea - Stage 1,Busan,New Era,MCD,Support,Kiriko,1,3,0.3333
Korea - Stage 1,Busan,New Era,MCD,Tank,Orisa,1,1,1.0
Korea - Stage 1,Busan,New Era,Secret,Support,Kiriko,2,4,0.5
Korea - Stage 1,Busan,New Era,Secret,Support,Juno,1,4,0.25
Korea - Stage 1,Busan,New Era,Secret,Support,Brigitte,1,4,0.25
Korea - Stage 1,Busan,New Era,SoLA,Tank,D.Va,1,1,1.0
Korea - Stage 1,Busan,New Era,Yate,Support,Lúcio,1,1,1.0
Korea - Stage 1,Busan,New Era,Yate,Tank,Wrecking Ball,1,1,1.0
Korea - Stage 1,Busan,New Era,perr,DPS,Sojourn,2,4,0.5
Korea - Stage 1,Busan,New Era,perr,DPS,Symmetra,1,4,0.25
Korea - Stage 1,Busan,New Era,perr,DPS,Emre,1,4,0.25
Korea - Stage 1,Busan,Poker Face,CARU,Support,Kiriko,3,7,0.4286
Korea - Stage 1,Busan,Poker Face,CARU,Support,Juno,3,7,0.4286
Korea - Stage 1,Busan,Poker Face,CARU,Support,Ana,1,7,0.1429
Korea - Stage 1,Busan,Poker Face,D4RT,DPS,Vendetta,2,3,0.6667
Korea - Stage 1,Busan,Poker Face,D4RT,DPS,Tracer,1,3,0.3333
Korea - Stage 1,Busan,Poker Face,Fearful,Tank,Wrecking Ball,1,2,0.5
Korea - Stage 1,Busan,Poker Face,Fearful,Tank,Ramattra,1,2,0.5
Korea - Stage 1,Busan,Poker Face,Gur3um,Tank,D.Va,1,3,0.3333
Korea - Stage 1,Busan,Poker Face,Gur3um,Tank,Zarya,1,3,0.3333
Korea - Stage 1,Busan,Poker Face,Gur3um,Tank,Wrecking Ball,1,3,0.3333
Korea - Stage 1,Busan,Poker Face,M1NUT2,DPS,Symmetra,2,6,0.3333
Korea - Stage 1,Busan,Poker Face,M1NUT2,DPS,Emre,2,6,0.3333
Korea - Stage 1,Busan,Poker Face,M1NUT2,DPS,Bastion,1,6,0.1667
Korea - Stage 1,Busan,Poker Face,M1NUT2,DPS,Cassidy,1,6,0.1667
Korea - Stage 1,Busan,Poker Face,TenTen,Support,Wuyang,2,4,0.5
Korea - Stage 1,Busan,Poker Face,TenTen,Support,Lúcio,1,4,0.25
Korea - Stage 1,Busan,Poker Face,TenTen,Support,Jetpack Cat,1,4,0.25
Korea - Stage 1,Busan,RØDE ONSIDE GAMING,ATTACK,Tank,D.Va,2,5,0.4
Korea - Stage 1,Busan,RØDE ONSIDE GAMING,ATTACK,Tank,Wrecking Ball,1,5,0.2
Korea - Stage 1,Busan,RØDE ONSIDE GAMING,ATTACK,Tank,Hazard,1,5,0.2
Korea - Stage 1,Busan,RØDE ONSIDE GAMING,ATTACK,Tank,Zarya,1,5,0.2
Korea - Stage 1,Busan,RØDE ONSIDE GAMING,KILO,DPS,Symmetra,2,5,0.4
Korea - Stage 1,Busan,RØDE ONSIDE GAMING,KILO,DPS,Emre,2,5,0.4
Korea - Stage 1,Busan,RØDE ONSIDE GAMING,KILO,DPS,Sojourn,1,5,0.2
Korea - Stage 1,Busan,RØDE ONSIDE GAMING,OPENER,Support,Lúcio,4,4,1.0
Korea - Stage 1,Busan,RØDE ONSIDE GAMING,SP1NT,DPS,Vendetta,2,7,0.2857
Korea - Stage 1,Busan,RØDE ONSIDE GAMING,SP1NT,DPS,Tracer,2,7,0.2857
Korea - Stage 1,Busan,RØDE ONSIDE GAMING,SP1NT,DPS,Symmetra,2,7,0.2857
Korea - Stage 1,Busan,RØDE ONSIDE GAMING,SP1NT,DPS,Genji,1,7,0.1429
Korea - Stage 1,Busan,RØDE ONSIDE GAMING,iRONY,Support,Kiriko,4,5,0.8
Korea - Stage 1,Busan,RØDE ONSIDE GAMING,iRONY,Support,Juno,1,5,0.2
Korea - Stage 1,Busan,T1,Bliss,Support,Lúcio,2,4,0.5
Korea - Stage 1,Busan,T1,Bliss,Support,Wuyang,1,4,0.25
Korea - Stage 1,Busan,T1,Bliss,Support,Brigitte,1,4,0.25
Korea - Stage 1,Busan,T1,DONGHAK,Tank,D.Va,1,2,0.5
Korea - Stage 1,Busan,T1,DONGHAK,Tank,Wrecking Ball,1,2,0.5
Korea - Stage 1,Busan,T1,Jasm1ne,Tank,D.Va,1,2,0.5
Korea - Stage 1,Busan,T1,Jasm1ne,Tank,Zarya,1,2,0.5
Korea - Stage 1,Busan,T1,Proud,DPS,Emre,2,3,0.6667
Korea - Stage 1,Busan,T1,Proud,DPS,Sojourn,1,3,0.3333
Korea - Stage 1,Busan,T1,ZEST,DPS,Vendetta,2,4,0.5
Korea - Stage 1,Busan,T1,ZEST,DPS,Tracer,1,4,0.25
Korea - Stage 1,Busan,T1,ZEST,DPS,Symmetra,1,4,0.25
Korea - Stage 1,Busan,T1,skewed,Support,Kiriko,2,4,0.5
Korea - Stage 1,Busan,T1,skewed,Support,Juno,1,4,0.25
Korea - Stage 1,Busan,T1,skewed,Support,Ana,1,4,0.25
Korea - Stage 1,Busan,Team Falcons,Checkmate,DPS,Vendetta,1,3,0.3333
Korea - Stage 1,Busan,Team Falcons,Checkmate,DPS,Tracer,1,3,0.3333
Korea - Stage 1,Busan,Team Falcons,Checkmate,DPS,Symmetra,1,3,0.3333
Korea - Stage 1,Busan,Team Falcons,ChiYo,Support,Lúcio,2,2,1.0
Korea - Stage 1,Busan,Team Falcons,Fielder,Support,Kiriko,2,5,0.4
Korea - Stage 1,Busan,Team Falcons,Fielder,Support,Jetpack Cat,2,5,0.4
Korea - Stage 1,Busan,Team Falcons,Fielder,Support,Juno,1,5,0.2
Korea - Stage 1,Busan,Team Falcons,Hanbin,Tank,Zarya,2,5,0.4
Korea - Stage 1,Busan,Team Falcons,Hanbin,Tank,D.Va,1,5,0.2
Korea - Stage 1,Busan,Team Falcons,Hanbin,Tank,Sigma,1,5,0.2
Korea - Stage 1,Busan,Team Falcons,Hanbin,Tank,Orisa,1,5,0.2
Korea - Stage 1,Busan,Team Falcons,MER1T,DPS,Sojourn,2,3,0.6667
Korea - Stage 1,Busan,Team Falcons,MER1T,DPS,Cassidy,1,3,0.3333
Korea - Stage 1,Busan,ZAN Esports,A1IEN,DPS,Sojourn,2,2,1.0
Korea - Stage 1,Busan,ZAN Esports,Becky,DPS,Vendetta,3,4,0.75
Korea - Stage 1,Busan,ZAN Esports,Becky,DPS,Tracer,1,4,0.25
Korea - Stage 1,Busan,ZAN Esports,HEISER,Tank,D.Va,2,5,0.4
Korea - Stage 1,Busan,ZAN Esports,HEISER,Tank,Orisa,1,5,0.2
Korea - Stage 1,Busan,ZAN Esports,HEISER,Tank,Zarya,1,5,0.2
Korea - Stage 1,Busan,ZAN Esports,HEISER,Tank,Doomfist,1,5,0.2
Korea - Stage 1,Busan,ZAN Esports,KIVIS,Support,Kiriko,3,5,0.6
Korea - Stage 1,Busan,ZAN Esports,KIVIS,Support,Juno,2,5,0.4
Korea - Stage 1,Busan,ZAN Esports,Probe,DPS,Emre,1,1,1.0
Korea - Stage 1,Busan,ZAN Esports,YangJun,Support,Lúcio,3,3,1.0
Korea - Stage 1,Busan,ZETA DIVISION,BERNAR,Tank,Orisa,1,3,0.3333
Korea - Stage 1,Busan,ZETA DIVISION,BERNAR,Tank,Doomfist,1,3,0.3333
Korea - Stage 1,Busan,ZETA DIVISION,BERNAR,Tank,Zarya,1,3,0.3333
Korea - Stage 1,Busan,ZETA DIVISION,Mealgaru,Tank,D.Va,1,3,0.3333
Korea - Stage 1,Busan,ZETA DIVISION,Mealgaru,Tank,Zarya,1,3,0.3333
Korea - Stage 1,Busan,ZETA DIVISION,Mealgaru,Tank,Winston,1,3,0.3333
Korea - Stage 1,Busan,ZETA DIVISION,Proper,DPS,Tracer,3,8,0.375
Korea - Stage 1,Busan,ZETA DIVISION,Proper,DPS,Symmetra,2,8,0.25
Korea - Stage 1,Busan,ZETA DIVISION,Proper,DPS,Emre,1,8,0.125
Korea - Stage 1,Busan,ZETA DIVISION,Proper,DPS,Cassidy,1,8,0.125
Korea - Stage 1,Busan,ZETA DIVISION,Proper,DPS,Vendetta,1,8,0.125
Korea - Stage 1,Busan,ZETA DIVISION,Viol2t,Support,Lúcio,3,5,0.6
Korea - Stage 1,Busan,ZETA DIVISION,Viol2t,Support,Brigitte,1,5,0.2
Korea - Stage 1,Busan,ZETA DIVISION,Viol2t,Support,Illari,1,5,0.2
Korea - Stage 1,Busan,ZETA DIVISION,knife,DPS,Emre,3,8,0.375
Korea - Stage 1,Busan,ZETA DIVISION,knife,DPS,Sojourn,2,8,0.25
Korea - Stage 1,Busan,ZETA DIVISION,knife,DPS,Sombra,2,8,0.25
Korea - Stage 1,Busan,ZETA DIVISION,knife,DPS,Symmetra,1,8,0.125
Korea - Stage 1,Busan,ZETA DIVISION,shu,Support,Kiriko,2,4,0.5
Korea - Stage 1,Busan,ZETA DIVISION,shu,Support,Baptiste,1,4,0.25
Korea - Stage 1,Busan,ZETA DIVISION,shu,Support,Ana,1,4,0.25
Korea - Stage 1,Esperança,Cheeseburger,Argon,DPS,Pharah,1,3,0.3333
Korea - Stage 1,Esperança,Cheeseburger,Argon,DPS,Tracer,1,3,0.3333
Korea - Stage 1,Esperança,Cheeseburger,Argon,DPS,Symmetra,1,3,0.3333
Korea - Stage 1,Esperança,Cheeseburger,Faith,Support,Lúcio,1,2,0.5
Korea - Stage 1,Esperança,Cheeseburger,Faith,Support,Jetpack Cat,1,2,0.5
Korea - Stage 1,Esperança,Cheeseburger,SeungAn,Tank,D.Va,1,2,0.5
Korea - Stage 1,Esperança,Cheeseburger,SeungAn,Tank,Mauga,1,2,0.5
Korea - Stage 1,Esperança,Cheeseburger,WoochaN,Support,Kiriko,1,3,0.3333
Korea - Stage 1,Esperança,Cheeseburger,WoochaN,Support,Ana,1,3,0.3333
Korea - Stage 1,Esperança,Cheeseburger,WoochaN,Support,Lúcio,1,3,0.3333
Korea - Stage 1,Esperança,Cheeseburger,ZeSin,DPS,Emre,1,3,0.3333
Korea - Stage 1,Esperança,Cheeseburger,ZeSin,DPS,Bastion,1,3,0.3333
Korea - Stage 1,Esperança,Cheeseburger,ZeSin,DPS,Anran,1,3,0.3333
Korea - Stage 1,Esperança,Crazy Raccoon,Ch0r0ng,Support,Lúcio,2,4,0.5
Korea - Stage 1,Esperança,Crazy Raccoon,Ch0r0ng,Support,Brigitte,1,4,0.25
Korea - Stage 1,Esperança,Crazy Raccoon,Ch0r0ng,Support,Juno,1,4,0.25
Korea - Stage 1,Esperança,Crazy Raccoon,HeeSang,DPS,Sojourn,1,5,0.2
Korea - Stage 1,Esperança,Crazy Raccoon,HeeSang,DPS,Cassidy,1,5,0.2
Korea - Stage 1,Esperança,Crazy Raccoon,HeeSang,DPS,Pharah,1,5,0.2
Korea - Stage 1,Esperança,Crazy Raccoon,HeeSang,DPS,Tracer,1,5,0.2
Korea - Stage 1,Esperança,Crazy Raccoon,HeeSang,DPS,Symmetra,1,5,0.2
Korea - Stage 1,Esperança,Crazy Raccoon,JunBin,Tank,Ramattra,1,2,0.5
Korea - Stage 1,Esperança,Crazy Raccoon,JunBin,Tank,Wrecking Ball,1,2,0.5
Korea - Stage 1,Esperança,Crazy Raccoon,MAX,Tank,D.Va,1,2,0.5
Korea - Stage 1,Esperança,Crazy Raccoon,MAX,Tank,Orisa,1,2,0.5
Korea - Stage 1,Esperança,Crazy Raccoon,STALK3R,DPS,Tracer,1,3,0.3333
Korea - Stage 1,Esperança,Crazy Raccoon,STALK3R,DPS,Vendetta,1,3,0.3333
Korea - Stage 1,Esperança,Crazy Raccoon,STALK3R,DPS,Emre,1,3,0.3333
Korea - Stage 1,Esperança,Crazy Raccoon,Vigilante,Support,Kiriko,1,4,0.25
Korea - Stage 1,Esperança,Crazy Raccoon,Vigilante,Support,Baptiste,1,4,0.25
Korea - Stage 1,Esperança,Crazy Raccoon,Vigilante,Support,Juno,1,4,0.25
Korea - Stage 1,Esperança,Crazy Raccoon,Vigilante,Support,Ana,1,4,0.25
Korea - Stage 1,Esperança,New Era,D0D0,DPS,Tracer,1,1,1.0
Korea - Stage 1,Esperança,New Era,MCD,Tank,Zarya,1,1,1.0
Korea - Stage 1,Esperança,New Era,Secret,Support,Kiriko,1,1,1.0
Korea - Stage 1,Esperança,New Era,Yate,Support,Lúcio,1,1,1.0
Korea - Stage 1,Esperança,New Era,perr,DPS,Sojourn,1,1,1.0
Korea - Stage 1,Esperança,Poker Face,CARU,Support,Kiriko,3,4,0.75
Korea - Stage 1,Esperança,Poker Face,CARU,Support,Juno,1,4,0.25
Korea - Stage 1,Esperança,Poker Face,D4RT,DPS,Tracer,2,5,0.4
Korea - Stage 1,Esperança,Poker Face,D4RT,DPS,Vendetta,1,5,0.2
Korea - Stage 1,Esperança,Poker Face,D4RT,DPS,Venture,1,5,0.2
Korea - Stage 1,Esperança,Poker Face,D4RT,DPS,Pharah,1,5,0.2
Korea - Stage 1,Esperança,Poker Face,Fearful,Tank,Ramattra,1,1,1.0
Korea - Stage 1,Esperança,Poker Face,Gur3um,Tank,Zarya,1,3,0.3333
Korea - Stage 1,Esperança,Poker Face,Gur3um,Tank,D.Va,1,3,0.3333
Korea - Stage 1,Esperança,Poker Face,Gur3um,Tank,Doomfist,1,3,0.3333
Korea - Stage 1,Esperança,Poker Face,M1NUT2,DPS,Emre,2,6,0.3333
Korea - Stage 1,Esperança,Poker Face,M1NUT2,DPS,Widowmaker,2,6,0.3333
Korea - Stage 1,Esperança,Poker Face,M1NUT2,DPS,Cassidy,1,6,0.1667
Korea - Stage 1,Esperança,Poker Face,M1NUT2,DPS,Symmetra,1,6,0.1667
Korea - Stage 1,Esperança,Poker Face,TenTen,Support,Lúcio,3,4,0.75
Korea - Stage 1,Esperança,Poker Face,TenTen,Support,Jetpack Cat,1,4,0.25
Korea - Stage 1,Esperança,RØDE ONSIDE GAMING,ATTACK,Tank,Ramattra,1,1,1.0
Korea - Stage 1,Esperança,RØDE ONSIDE GAMING,KILO,DPS,Sojourn,1,2,0.5
Korea - Stage 1,Esperança,RØDE ONSIDE GAMING,KILO,DPS,Emre,1,2,0.5
Korea - Stage 1,Esperança,RØDE ONSIDE GAMING,OPENER,Support,Lúcio,1,1,1.0
Korea - Stage 1,Esperança,RØDE ONSIDE GAMING,SP1NT,DPS,Pharah,1,2,0.5
Korea - Stage 1,Esperança,RØDE ONSIDE GAMING,SP1NT,DPS,Symmetra,1,2,0.5
Korea - Stage 1,Esperança,RØDE ONSIDE GAMING,iRONY,Support,Kiriko,1,1,1.0
Korea - Stage 1,Esperança,T1,Bliss,Support,Lúcio,3,4,0.75
Korea - Stage 1,Esperança,T1,Bliss,Support,Jetpack Cat,1,4,0.25
Korea - Stage 1,Esperança,T1,DONGHAK,Tank,Hazard,1,2,0.5
Korea - Stage 1,Esperança,T1,DONGHAK,Tank,Wrecking Ball,1,2,0.5
Korea - Stage 1,Esperança,T1,Jasm1ne,Tank,D.Va,1,2,0.5
Korea - Stage 1,Esperança,T1,Jasm1ne,Tank,Zarya,1,2,0.5
Korea - Stage 1,Esperança,T1,Proud,DPS,Sojourn,2,4,0.5
Korea - Stage 1,Esperança,T1,Proud,DPS,Emre,1,4,0.25
Korea - Stage 1,Esperança,T1,Proud,DPS,Bastion,1,4,0.25
Korea - Stage 1,Esperança,T1,ZEST,DPS,Symmetra,2,5,0.4
Korea - Stage 1,Esperança,T1,ZEST,DPS,Tracer,2,5,0.4
Korea - Stage 1,Esperança,T1,ZEST,DPS,Venture,1,5,0.2
Korea - Stage 1,Esperança,T1,skewed,Support,Kiriko,3,5,0.6
Korea - Stage 1,Esperança,T1,skewed,Support,Juno,1,5,0.2
Korea - Stage 1,Esperança,T1,skewed,Support,Ana,1,5,0.2
Korea - Stage 1,Esperança,Team Falcons,Checkmate,DPS,Symmetra,3,6,0.5
Korea - Stage 1,Esperança,Team Falcons,Checkmate,DPS,Vendetta,1,6,0.1667
Korea - Stage 1,Esperança,Team Falcons,Checkmate,DPS,Tracer,1,6,0.1667
Korea - Stage 1,Esperança,Team Falcons,Checkmate,DPS,Pharah,1,6,0.1667
Korea - Stage 1,Esperança,Team Falcons,ChiYo,Support,Lúcio,3,5,0.6
Korea - Stage 1,Esperança,Team Falcons,ChiYo,Support,Juno,1,5,0.2
Korea - Stage 1,Esperança,Team Falcons,ChiYo,Support,Brigitte,1,5,0.2
Korea - Stage 1,Esperança,Team Falcons,Fielder,Support,Kiriko,3,6,0.5
Korea - Stage 1,Esperança,Team Falcons,Fielder,Support,Juno,1,6,0.1667
Korea - Stage 1,Esperança,Team Falcons,Fielder,Support,Ana,1,6,0.1667
Korea - Stage 1,Esperança,Team Falcons,Fielder,Support,Brigitte,1,6,0.1667
Korea - Stage 1,Esperança,Team Falcons,Hanbin,Tank,D.Va,3,4,0.75
Korea - Stage 1,Esperança,Team Falcons,Hanbin,Tank,Ramattra,1,4,0.25
Korea - Stage 1,Esperança,Team Falcons,MER1T,DPS,Cassidy,2,6,0.3333
Korea - Stage 1,Esperança,Team Falcons,MER1T,DPS,Sojourn,2,6,0.3333
Korea - Stage 1,Esperança,Team Falcons,MER1T,DPS,Bastion,1,6,0.1667
Korea - Stage 1,Esperança,Team Falcons,MER1T,DPS,Emre,1,6,0.1667
Korea - Stage 1,Esperança,Team Falcons,Mer1t,DPS,Symmetra,1,1,1.0
Korea - Stage 1,Esperança,ZAN Esports,A1IEN,DPS,Sojourn,2,5,0.4
Korea - Stage 1,Esperança,ZAN Esports,A1IEN,DPS,Bastion,2,5,0.4
Korea - Stage 1,Esperança,ZAN Esports,A1IEN,DPS,Emre,1,5,0.2
Korea - Stage 1,Esperança,ZAN Esports,Becky,DPS,Vendetta,3,7,0.4286
Korea - Stage 1,Esperança,ZAN Esports,Becky,DPS,Tracer,3,7,0.4286
Korea - Stage 1,Esperança,ZAN Esports,Becky,DPS,Symmetra,1,7,0.1429
Korea - Stage 1,Esperança,ZAN Esports,HEISER,Tank,Orisa,1,6,0.1667
Korea - Stage 1,Esperança,ZAN Esports,HEISER,Tank,Zarya,1,6,0.1667
Korea - Stage 1,Esperança,ZAN Esports,HEISER,Tank,Hazard,1,6,0.1667
Korea - Stage 1,Esperança,ZAN Esports,HEISER,Tank,Wrecking Ball,1,6,0.1667
Korea - Stage 1,Esperança,ZAN Esports,HEISER,Tank,Doomfist,1,6,0.1667
Korea - Stage 1,Esperança,ZAN Esports,HEISER,Tank,D.Va,1,6,0.1667
Korea - Stage 1,Esperança,ZAN Esports,KIVIS,Support,Kiriko,3,7,0.4286
Korea - Stage 1,Esperança,ZAN Esports,KIVIS,Support,Ana,2,7,0.2857
Korea - Stage 1,Esperança,ZAN Esports,KIVIS,Support,Juno,1,7,0.1429
Korea - Stage 1,Esperança,ZAN Esports,KIVIS,Support,Jetpack Cat,1,7,0.1429
Korea - Stage 1,Esperança,ZAN Esports,YangJun,Support,Lúcio,2,5,0.4
Korea - Stage 1,Esperança,ZAN Esports,YangJun,Support,Jetpack Cat,2,5,0.4
Korea - Stage 1,Esperança,ZAN Esports,YangJun,Support,Lifeweaver,1,5,0.2
Korea - Stage 1,Esperança,ZAN Esports,Yangjun,Support,Lúcio,1,1,1.0
Korea - Stage 1,Esperança,ZETA DIVISION,BERNAR,Tank,D.Va,1,2,0.5
Korea - Stage 1,Esperança,ZETA DIVISION,BERNAR,Tank,Wrecking Ball,1,2,0.5
Korea - Stage 1,Esperança,ZETA DIVISION,Proper,DPS,Vendetta,1,2,0.5
Korea - Stage 1,Esperança,ZETA DIVISION,Proper,DPS,Tracer,1,2,0.5
Korea - Stage 1,Esperança,ZETA DIVISION,Viol2t,Support,Lúcio,1,2,0.5
Korea - Stage 1,Esperança,ZETA DIVISION,Viol2t,Support,Jetpack Cat,1,2,0.5
Korea - Stage 1,Esperança,ZETA DIVISION,knife,DPS,Symmetra,1,3,0.3333
Korea - Stage 1,Esperança,ZETA DIVISION,knife,DPS,Tracer,1,3,0.3333
Korea - Stage 1,Esperança,ZETA DIVISION,knife,DPS,Cassidy,1,3,0.3333
Korea - Stage 1,Esperança,ZETA DIVISION,shu,Support,Kiriko,2,2,1.0
Korea - Stage 1,Havana,Cheeseburger,Argon,DPS,Emre,1,4,0.25
Korea - Stage 1,Havana,Cheeseburger,Argon,DPS,Hanzo,1,4,0.25
Korea - Stage 1,Havana,Cheeseburger,Argon,DPS,Pharah,1,4,0.25
Korea - Stage 1,Havana,Cheeseburger,Argon,DPS,Tracer,1,4,0.25
Korea - Stage 1,Havana,Cheeseburger,FARMER,Tank,Sigma,2,4,0.5
Korea - Stage 1,Havana,Cheeseburger,FARMER,Tank,Zarya,1,4,0.25
Korea - Stage 1,Havana,Cheeseburger,FARMER,Tank,Doomfist,1,4,0.25
Korea - Stage 1,Havana,Cheeseburger,Faith,Support,Wuyang,2,5,0.4
Korea - Stage 1,Havana,Cheeseburger,Faith,Support,Brigitte,1,5,0.2
Korea - Stage 1,Havana,Cheeseburger,Faith,Support,Lúcio,1,5,0.2
Korea - Stage 1,Havana,Cheeseburger,Faith,Support,Zenyatta,1,5,0.2
Korea - Stage 1,Havana,Cheeseburger,Jamelgong,DPS,Mei,1,2,0.5
Korea - Stage 1,Havana,Cheeseburger,Jamelgong,DPS,Genji,1,2,0.5
Korea - Stage 1,Havana,Cheeseburger,WoochaN,Support,Ana,1,2,0.5
Korea - Stage 1,Havana,Cheeseburger,WoochaN,Support,Kiriko,1,2,0.5
Korea - Stage 1,Havana,Cheeseburger,Zesin,DPS,Sojourn,1,3,0.3333
Korea - Stage 1,Havana,Cheeseburger,Zesin,DPS,Emre,1,3,0.3333
Korea - Stage 1,Havana,Cheeseburger,Zesin,DPS,Widowmaker,1,3,0.3333
Korea - Stage 1,Havana,Crazy Raccoon,CH0R0NG,Support,Lúcio,2,6,0.3333
Korea - Stage 1,Havana,Crazy Raccoon,CH0R0NG,Support,Wuyang,2,6,0.3333
Korea - Stage 1,Havana,Crazy Raccoon,CH0R0NG,Support,Juno,1,6,0.1667
Korea - Stage 1,Havana,Crazy Raccoon,CH0R0NG,Support,Jetpack Cat,1,6,0.1667
Korea - Stage 1,Havana,Crazy Raccoon,Ch0r0ng,Support,Lúcio,1,3,0.3333
Korea - Stage 1,Havana,Crazy Raccoon,Ch0r0ng,Support,Brigitte,1,3,0.3333
Korea - Stage 1,Havana,Crazy Raccoon,Ch0r0ng,Support,Jetpack Cat,1,3,0.3333
Korea - Stage 1,Havana,Crazy Raccoon,HeeSang,DPS,Symmetra,2,10,0.2
Korea - Stage 1,Havana,Crazy Raccoon,HeeSang,DPS,Genji,2,10,0.2
Korea - Stage 1,Havana,Crazy Raccoon,HeeSang,DPS,Vendetta,2,10,0.2
Korea - Stage 1,Havana,Crazy Raccoon,HeeSang,DPS,Venture,1,10,0.1
Korea - Stage 1,Havana,Crazy Raccoon,HeeSang,DPS,Sojourn,1,10,0.1
Korea - Stage 1,Havana,Crazy Raccoon,HeeSang,DPS,Mei,1,10,0.1
Korea - Stage 1,Havana,Crazy Raccoon,HeeSang,DPS,Tracer,1,10,0.1
Korea - Stage 1,Havana,Crazy Raccoon,JunBin,Tank,D.Va,2,4,0.5
Korea - Stage 1,Havana,Crazy Raccoon,JunBin,Tank,Zarya,1,4,0.25
Korea - Stage 1,Havana,Crazy Raccoon,JunBin,Tank,Mauga,1,4,0.25
Korea - Stage 1,Havana,Crazy Raccoon,MAX,Tank,D.Va,4,6,0.6667
Korea - Stage 1,Havana,Crazy Raccoon,MAX,Tank,Sigma,1,6,0.1667
Korea - Stage 1,Havana,Crazy Raccoon,MAX,Tank,Zarya,1,6,0.1667
Korea - Stage 1,Havana,Crazy Raccoon,STALK3R,DPS,Sojourn,3,14,0.2143
Korea - Stage 1,Havana,Crazy Raccoon,STALK3R,DPS,Symmetra,2,14,0.1429
Korea - Stage 1,Havana,Crazy Raccoon,STALK3R,DPS,Widowmaker,2,14,0.1429
Korea - Stage 1,Havana,Crazy Raccoon,STALK3R,DPS,Emre,2,14,0.1429
Korea - Stage 1,Havana,Crazy Raccoon,STALK3R,DPS,Cassidy,1,14,0.0714
Korea - Stage 1,Havana,Crazy Raccoon,STALK3R,DPS,Tracer,1,14,0.0714
Korea - Stage 1,Havana,Crazy Raccoon,STALK3R,DPS,Genji,1,14,0.0714
Korea - Stage 1,Havana,Crazy Raccoon,STALK3R,DPS,Reaper,1,14,0.0714
Korea - Stage 1,Havana,Crazy Raccoon,STALK3R,DPS,Bastion,1,14,0.0714
Korea - Stage 1,Havana,Crazy Raccoon,Vigilante,Support,Kiriko,3,6,0.5
Korea - Stage 1,Havana,Crazy Raccoon,Vigilante,Support,Ana,2,6,0.3333
Korea - Stage 1,Havana,Crazy Raccoon,Vigilante,Support,Juno,1,6,0.1667
Korea - Stage 1,Havana,New Era,D0D0,DPS,Genji,4,7,0.5714
Korea - Stage 1,Havana,New Era,D0D0,DPS,Vendetta,2,7,0.2857
Korea - Stage 1,Havana,New Era,D0D0,DPS,Anran,1,7,0.1429
Korea - Stage 1,Havana,New Era,MCD,Support,Illari,1,4,0.25
Korea - Stage 1,Havana,New Era,MCD,Support,Brigitte,1,4,0.25
Korea - Stage 1,Havana,New Era,MCD,Support,Ana,1,4,0.25
Korea - Stage 1,Havana,New Era,MCD,Support,Kiriko,1,4,0.25
Korea - Stage 1,Havana,New Era,MCD,Tank,Zarya,2,3,0.6667
Korea - Stage 1,Havana,New Era,MCD,Tank,Orisa,1,3,0.3333
Korea - Stage 1,Havana,New Era,Secret,Support,Ana,1,7,0.1429
Korea - Stage 1,Havana,New Era,Secret,Support,Brigitte,1,7,0.1429
Korea - Stage 1,Havana,New Era,Secret,Support,Jetpack Cat,1,7,0.1429
Korea - Stage 1,Havana,New Era,Secret,Support,Baptiste,1,7,0.1429
Korea - Stage 1,Havana,New Era,Secret,Support,Juno,1,7,0.1429
Korea - Stage 1,Havana,New Era,Secret,Support,Kiriko,1,7,0.1429
Korea - Stage 1,Havana,New Era,Secret,Support,Mizuki,1,7,0.1429
Korea - Stage 1,Havana,New Era,SoLA,Tank,D.Va,2,3,0.6667
Korea - Stage 1,Havana,New Era,SoLA,Tank,Orisa,1,3,0.3333
Korea - Stage 1,Havana,New Era,Yate,Support,Lúcio,2,2,1.0
Korea - Stage 1,Havana,New Era,perr,DPS,Emre,4,9,0.4444
Korea - Stage 1,Havana,New Era,perr,DPS,Widowmaker,3,9,0.3333
Korea - Stage 1,Havana,New Era,perr,DPS,Sojourn,2,9,0.2222
Korea - Stage 1,Havana,RØDE ONSIDE GAMING,ATTACK,Tank,Zarya,3,9,0.3333
Korea - Stage 1,Havana,RØDE ONSIDE GAMING,ATTACK,Tank,D.Va,1,9,0.1111
Korea - Stage 1,Havana,RØDE ONSIDE GAMING,ATTACK,Tank,Hazard,1,9,0.1111
Korea - Stage 1,Havana,RØDE ONSIDE GAMING,ATTACK,Tank,Winston,1,9,0.1111
Korea - Stage 1,Havana,RØDE ONSIDE GAMING,ATTACK,Tank,Orisa,1,9,0.1111
Korea - Stage 1,Havana,RØDE ONSIDE GAMING,ATTACK,Tank,Doomfist,1,9,0.1111
Korea - Stage 1,Havana,RØDE ONSIDE GAMING,ATTACK,Tank,Mauga,1,9,0.1111
Korea - Stage 1,Havana,RØDE ONSIDE GAMING,KILO,DPS,Emre,2,7,0.2857
Korea - Stage 1,Havana,RØDE ONSIDE GAMING,KILO,DPS,Sojourn,1,7,0.1429
Korea - Stage 1,Havana,RØDE ONSIDE GAMING,KILO,DPS,Widowmaker,1,7,0.1429
Korea - Stage 1,Havana,RØDE ONSIDE GAMING,KILO,DPS,Bastion,1,7,0.1429
Korea - Stage 1,Havana,RØDE ONSIDE GAMING,KILO,DPS,Venture,1,7,0.1429
Korea - Stage 1,Havana,RØDE ONSIDE GAMING,KILO,DPS,Sombra,1,7,0.1429
Korea - Stage 1,Havana,RØDE ONSIDE GAMING,OPENER,Support,Lúcio,2,5,0.4
Korea - Stage 1,Havana,RØDE ONSIDE GAMING,OPENER,Support,Wuyang,1,5,0.2
Korea - Stage 1,Havana,RØDE ONSIDE GAMING,OPENER,Support,Juno,1,5,0.2
Korea - Stage 1,Havana,RØDE ONSIDE GAMING,OPENER,Support,Jetpack Cat,1,5,0.2
Korea - Stage 1,Havana,RØDE ONSIDE GAMING,SP1NT,DPS,Vendetta,2,9,0.2222
Korea - Stage 1,Havana,RØDE ONSIDE GAMING,SP1NT,DPS,Tracer,2,9,0.2222
Korea - Stage 1,Havana,RØDE ONSIDE GAMING,SP1NT,DPS,Pharah,1,9,0.1111
Korea - Stage 1,Havana,RØDE ONSIDE GAMING,SP1NT,DPS,Genji,1,9,0.1111
Korea - Stage 1,Havana,RØDE ONSIDE GAMING,SP1NT,DPS,Symmetra,1,9,0.1111
Korea - Stage 1,Havana,RØDE ONSIDE GAMING,SP1NT,DPS,Mei,1,9,0.1111
Korea - Stage 1,Havana,RØDE ONSIDE GAMING,SP1NT,DPS,Widowmaker,1,9,0.1111
Korea - Stage 1,Havana,RØDE ONSIDE GAMING,iRONY,Support,Kiriko,3,5,0.6
Korea - Stage 1,Havana,RØDE ONSIDE GAMING,iRONY,Support,Ana,1,5,0.2
Korea - Stage 1,Havana,RØDE ONSIDE GAMING,iRONY,Support,Baptiste,1,5,0.2
Korea - Stage 1,Havana,T1,Bliss,Support,Lúcio,4,5,0.8
Korea - Stage 1,Havana,T1,Bliss,Support,Jetpack Cat,1,5,0.2
Korea - Stage 1,Havana,T1,DONGHAK,Tank,Orisa,2,9,0.2222
Korea - Stage 1,Havana,T1,DONGHAK,Tank,Zarya,1,9,0.1111
Korea - Stage 1,Havana,T1,DONGHAK,Tank,Ramattra,1,9,0.1111
Korea - Stage 1,Havana,T1,DONGHAK,Tank,Roadhog,1,9,0.1111
Korea - Stage 1,Havana,T1,DONGHAK,Tank,D.Va,1,9,0.1111
Korea - Stage 1,Havana,T1,DONGHAK,Tank,Junker Queen,1,9,0.1111
Korea - Stage 1,Havana,T1,DONGHAK,Tank,Sigma,1,9,0.1111
Korea - Stage 1,Havana,T1,DONGHAK,Tank,Mauga,1,9,0.1111
Korea - Stage 1,Havana,T1,Jasm1ne,Tank,Zarya,2,4,0.5
Korea - Stage 1,Havana,T1,Jasm1ne,Tank,Wrecking Ball,1,4,0.25
Korea - Stage 1,Havana,T1,Jasm1ne,Tank,Orisa,1,4,0.25
Korea - Stage 1,Havana,T1,Proud,DPS,Emre,3,8,0.375
Korea - Stage 1,Havana,T1,Proud,DPS,Sojourn,2,8,0.25
Korea - Stage 1,Havana,T1,Proud,DPS,Widowmaker,1,8,0.125
Korea - Stage 1,Havana,T1,Proud,DPS,Venture,1,8,0.125
Korea - Stage 1,Havana,T1,Proud,DPS,Bastion,1,8,0.125
Korea - Stage 1,Havana,T1,ZEST,DPS,Vendetta,4,8,0.5
Korea - Stage 1,Havana,T1,ZEST,DPS,Tracer,2,8,0.25
Korea - Stage 1,Havana,T1,ZEST,DPS,Symmetra,1,8,0.125
Korea - Stage 1,Havana,T1,ZEST,DPS,Genji,1,8,0.125
Korea - Stage 1,Havana,T1,skewed,Support,Kiriko,2,10,0.2
Korea - Stage 1,Havana,T1,skewed,Support,Baptiste,2,10,0.2
Korea - Stage 1,Havana,T1,skewed,Support,Juno,2,10,0.2
Korea - Stage 1,Havana,T1,skewed,Support,Ana,2,10,0.2
Korea - Stage 1,Havana,T1,skewed,Support,Illari,1,10,0.1
Korea - Stage 1,Havana,T1,skewed,Support,Lifeweaver,1,10,0.1
Korea - Stage 1,Havana,Team Falcons,Checkmate,DPS,Genji,1,2,0.5
Korea - Stage 1,Havana,Team Falcons,Checkmate,DPS,Vendetta,1,2,0.5
Korea - Stage 1,Havana,Team Falcons,ChiYo,Support,Brigitte,1,3,0.3333
Korea - Stage 1,Havana,Team Falcons,ChiYo,Support,Juno,1,3,0.3333
Korea - Stage 1,Havana,Team Falcons,ChiYo,Support,Lúcio,1,3,0.3333
Korea - Stage 1,Havana,Team Falcons,Fielder,Support,Ana,1,4,0.25
Korea - Stage 1,Havana,Team Falcons,Fielder,Support,Lúcio,1,4,0.25
Korea - Stage 1,Havana,Team Falcons,Fielder,Support,Kiriko,1,4,0.25
Korea - Stage 1,Havana,Team Falcons,Fielder,Support,Juno,1,4,0.25
Korea - Stage 1,Havana,Team Falcons,Hanbin,Tank,D.Va,1,2,0.5
Korea - Stage 1,Havana,Team Falcons,Hanbin,Tank,Zarya,1,2,0.5
Korea - Stage 1,Havana,Team Falcons,MER1T,DPS,Emre,1,2,0.5
Korea - Stage 1,Havana,Team Falcons,MER1T,DPS,Bastion,1,2,0.5
Korea - Stage 1,Havana,Team Falcons,Mer1t,DPS,Emre,1,2,0.5
Korea - Stage 1,Havana,Team Falcons,Mer1t,DPS,Hanzo,1,2,0.5
Korea - Stage 1,Havana,ZAN Esports,A1IEN,DPS,Sojourn,3,8,0.375
Korea - Stage 1,Havana,ZAN Esports,A1IEN,DPS,Bastion,3,8,0.375
Korea - Stage 1,Havana,ZAN Esports,A1IEN,DPS,Emre,1,8,0.125
Korea - Stage 1,Havana,ZAN Esports,A1IEN,DPS,Vendetta,1,8,0.125
Korea - Stage 1,Havana,ZAN Esports,Becky,DPS,Mei,3,11,0.2727
Korea - Stage 1,Havana,ZAN Esports,Becky,DPS,Vendetta,2,11,0.1818
Korea - Stage 1,Havana,ZAN Esports,Becky,DPS,Symmetra,2,11,0.1818
Korea - Stage 1,Havana,ZAN Esports,Becky,DPS,Venture,1,11,0.0909
Korea - Stage 1,Havana,ZAN Esports,Becky,DPS,Anran,1,11,0.0909
Korea - Stage 1,Havana,ZAN Esports,Becky,DPS,Pharah,1,11,0.0909
Korea - Stage 1,Havana,ZAN Esports,Becky,DPS,Tracer,1,11,0.0909
Korea - Stage 1,Havana,ZAN Esports,HEISER,Tank,D.Va,3,12,0.25
Korea - Stage 1,Havana,ZAN Esports,HEISER,Tank,Doomfist,3,12,0.25
Korea - Stage 1,Havana,ZAN Esports,HEISER,Tank,Zarya,2,12,0.1667
Korea - Stage 1,Havana,ZAN Esports,HEISER,Tank,Sigma,2,12,0.1667
Korea - Stage 1,Havana,ZAN Esports,HEISER,Tank,Ramattra,1,12,0.0833
Korea - Stage 1,Havana,ZAN Esports,HEISER,Tank,Reinhardt,1,12,0.0833
Korea - Stage 1,Havana,ZAN Esports,KIVIS,Support,Kiriko,4,6,0.6667
Korea - Stage 1,Havana,ZAN Esports,KIVIS,Support,Illari,1,6,0.1667
Korea - Stage 1,Havana,ZAN Esports,KIVIS,Support,Ana,1,6,0.1667
Korea - Stage 1,Havana,ZAN Esports,Probe,DPS,Emre,1,3,0.3333
Korea - Stage 1,Havana,ZAN Esports,Probe,DPS,Widowmaker,1,3,0.3333
Korea - Stage 1,Havana,ZAN Esports,Probe,DPS,Symmetra,1,3,0.3333
Korea - Stage 1,Havana,ZAN Esports,YangJun,Support,Lúcio,3,7,0.4286
Korea - Stage 1,Havana,ZAN Esports,YangJun,Support,Juno,2,7,0.2857
Korea - Stage 1,Havana,ZAN Esports,YangJun,Support,Ana,1,7,0.1429
Korea - Stage 1,Havana,ZAN Esports,YangJun,Support,Jetpack Cat,1,7,0.1429
Korea - Stage 1,Havana,ZAN Esports,Yangjun,Support,Lúcio,1,1,1.0
Korea - Stage 1,Havana,ZETA DIVISION,BERNAR,Tank,D.Va,1,5,0.2
Korea - Stage 1,Havana,ZETA DIVISION,BERNAR,Tank,Orisa,1,5,0.2
Korea - Stage 1,Havana,ZETA DIVISION,BERNAR,Tank,Sigma,1,5,0.2
Korea - Stage 1,Havana,ZETA DIVISION,BERNAR,Tank,Zarya,1,5,0.2
Korea - Stage 1,Havana,ZETA DIVISION,BERNAR,Tank,Domina,1,5,0.2
Korea - Stage 1,Havana,ZETA DIVISION,Mealgaru,Tank,Zarya,2,8,0.25
Korea - Stage 1,Havana,ZETA DIVISION,Mealgaru,Tank,Doomfist,2,8,0.25
Korea - Stage 1,Havana,ZETA DIVISION,Mealgaru,Tank,D.Va,2,8,0.25
Korea - Stage 1,Havana,ZETA DIVISION,Mealgaru,Tank,Sigma,1,8,0.125
Korea - Stage 1,Havana,ZETA DIVISION,Mealgaru,Tank,Mauga,1,8,0.125
Korea - Stage 1,Havana,ZETA DIVISION,Proper,DPS,Tracer,5,15,0.3333
Korea - Stage 1,Havana,ZETA DIVISION,Proper,DPS,Widowmaker,3,15,0.2
Korea - Stage 1,Havana,ZETA DIVISION,Proper,DPS,Venture,2,15,0.1333
Korea - Stage 1,Havana,ZETA DIVISION,Proper,DPS,Cassidy,1,15,0.0667
Korea - Stage 1,Havana,ZETA DIVISION,Proper,DPS,Bastion,1,15,0.0667
Korea - Stage 1,Havana,ZETA DIVISION,Proper,DPS,Symmetra,1,15,0.0667
Korea - Stage 1,Havana,ZETA DIVISION,Proper,DPS,Mei,1,15,0.0667
Korea - Stage 1,Havana,ZETA DIVISION,Proper,DPS,Ashe,1,15,0.0667
Korea - Stage 1,Havana,ZETA DIVISION,Viol2t,Support,Jetpack Cat,3,10,0.3
Korea - Stage 1,Havana,ZETA DIVISION,Viol2t,Support,Illari,2,10,0.2
Korea - Stage 1,Havana,ZETA DIVISION,Viol2t,Support,Lúcio,1,10,0.1
Korea - Stage 1,Havana,ZETA DIVISION,Viol2t,Support,Brigitte,1,10,0.1
Korea - Stage 1,Havana,ZETA DIVISION,Viol2t,Support,Juno,1,10,0.1
Korea - Stage 1,Havana,ZETA DIVISION,Viol2t,Support,Wuyang,1,10,0.1
Korea - Stage 1,Havana,ZETA DIVISION,Viol2t,Support,Zenyatta,1,10,0.1
Korea - Stage 1,Havana,ZETA DIVISION,knife,DPS,Emre,3,14,0.2143
Korea - Stage 1,Havana,ZETA DIVISION,knife,DPS,Sojourn,3,14,0.2143
Korea - Stage 1,Havana,ZETA DIVISION,knife,DPS,Bastion,3,14,0.2143
Korea - Stage 1,Havana,ZETA DIVISION,knife,DPS,Symmetra,1,14,0.0714
Korea - Stage 1,Havana,ZETA DIVISION,knife,DPS,Reaper,1,14,0.0714
Korea - Stage 1,Havana,ZETA DIVISION,knife,DPS,Widowmaker,1,14,0.0714
Korea - Stage 1,Havana,ZETA DIVISION,knife,DPS,Mei,1,14,0.0714
Korea - Stage 1,Havana,ZETA DIVISION,knife,DPS,Genji,1,14,0.0714
Korea - Stage 1,Havana,ZETA DIVISION,shu,Support,Ana,4,10,0.4
Korea - Stage 1,Havana,ZETA DIVISION,shu,Support,Baptiste,2,10,0.2
Korea - Stage 1,Havana,ZETA DIVISION,shu,Support,Kiriko,1,10,0.1
Korea - Stage 1,Havana,ZETA DIVISION,shu,Support,Jetpack Cat,1,10,0.1
Korea - Stage 1,Havana,ZETA DIVISION,shu,Support,Juno,1,10,0.1
Korea - Stage 1,Havana,ZETA DIVISION,shu,Support,Lúcio,1,10,0.1
Korea - Stage 1,Lijiang Tower,Cheeseburger,Argon,DPS,Tracer,3,11,0.2727
Korea - Stage 1,Lijiang Tower,Cheeseburger,Argon,DPS,Pharah,3,11,0.2727
Korea - Stage 1,Lijiang Tower,Cheeseburger,Argon,DPS,Symmetra,3,11,0.2727
Korea - Stage 1,Lijiang Tower,Cheeseburger,Argon,DPS,Echo,2,11,0.1818
Korea - Stage 1,Lijiang Tower,Cheeseburger,FARMER,Tank,Zarya,3,8,0.375
Korea - Stage 1,Lijiang Tower,Cheeseburger,FARMER,Tank,Hazard,2,8,0.25
Korea - Stage 1,Lijiang Tower,Cheeseburger,FARMER,Tank,Mauga,1,8,0.125
Korea - Stage 1,Lijiang Tower,Cheeseburger,FARMER,Tank,Winston,1,8,0.125
Korea - Stage 1,Lijiang Tower,Cheeseburger,FARMER,Tank,Roadhog,1,8,0.125
Korea - Stage 1,Lijiang Tower,Cheeseburger,Faith,Support,Lúcio,2,5,0.4
Korea - Stage 1,Lijiang Tower,Cheeseburger,Faith,Support,Jetpack Cat,2,5,0.4
Korea - Stage 1,Lijiang Tower,Cheeseburger,Faith,Support,Brigitte,1,5,0.2
Korea - Stage 1,Lijiang Tower,Cheeseburger,Jamelgong,DPS,Vendetta,1,3,0.3333
Korea - Stage 1,Lijiang Tower,Cheeseburger,Jamelgong,DPS,Tracer,1,3,0.3333
Korea - Stage 1,Lijiang Tower,Cheeseburger,Jamelgong,DPS,Symmetra,1,3,0.3333
Korea - Stage 1,Lijiang Tower,Cheeseburger,SeungAn,Tank,Mauga,1,3,0.3333
Korea - Stage 1,Lijiang Tower,Cheeseburger,SeungAn,Tank,D.Va,1,3,0.3333
Korea - Stage 1,Lijiang Tower,Cheeseburger,SeungAn,Tank,Hazard,1,3,0.3333
Korea - Stage 1,Lijiang Tower,Cheeseburger,WoochaN,Support,Kiriko,2,5,0.4
Korea - Stage 1,Lijiang Tower,Cheeseburger,WoochaN,Support,Ana,2,5,0.4
Korea - Stage 1,Lijiang Tower,Cheeseburger,WoochaN,Support,Juno,1,5,0.2
Korea - Stage 1,Lijiang Tower,Cheeseburger,ZeSin,DPS,Widowmaker,2,4,0.5
Korea - Stage 1,Lijiang Tower,Cheeseburger,ZeSin,DPS,Sojourn,1,4,0.25
Korea - Stage 1,Lijiang Tower,Cheeseburger,ZeSin,DPS,Cassidy,1,4,0.25
Korea - Stage 1,Lijiang Tower,Cheeseburger,Zesin,DPS,Emre,1,1,1.0
Korea - Stage 1,Lijiang Tower,Crazy Raccoon,CH0R0NG,Support,Jetpack Cat,3,5,0.6
Korea - Stage 1,Lijiang Tower,Crazy Raccoon,CH0R0NG,Support,Lúcio,2,5,0.4
Korea - Stage 1,Lijiang Tower,Crazy Raccoon,Ch0r0ng,Support,Lúcio,1,2,0.5
Korea - Stage 1,Lijiang Tower,Crazy Raccoon,Ch0r0ng,Support,Jetpack Cat,1,2,0.5
Korea - Stage 1,Lijiang Tower,Crazy Raccoon,HeeSang,DPS,Symmetra,5,11,0.4545
Korea - Stage 1,Lijiang Tower,Crazy Raccoon,HeeSang,DPS,Tracer,4,11,0.3636
Korea - Stage 1,Lijiang Tower,Crazy Raccoon,HeeSang,DPS,Pharah,2,11,0.1818
Korea - Stage 1,Lijiang Tower,Crazy Raccoon,JunBin,Tank,Ramattra,2,6,0.3333
Korea - Stage 1,Lijiang Tower,Crazy Raccoon,JunBin,Tank,Mauga,1,6,0.1667
Korea - Stage 1,Lijiang Tower,Crazy Raccoon,JunBin,Tank,Orisa,1,6,0.1667
Korea - Stage 1,Lijiang Tower,Crazy Raccoon,JunBin,Tank,Winston,1,6,0.1667
Korea - Stage 1,Lijiang Tower,Crazy Raccoon,JunBin,Tank,Wrecking Ball,1,6,0.1667
Korea - Stage 1,Lijiang Tower,Crazy Raccoon,MAX,Tank,D.Va,2,3,0.6667
Korea - Stage 1,Lijiang Tower,Crazy Raccoon,MAX,Tank,Zarya,1,3,0.3333
Korea - Stage 1,Lijiang Tower,Crazy Raccoon,STALK3R,DPS,Emre,2,8,0.25
Korea - Stage 1,Lijiang Tower,Crazy Raccoon,STALK3R,DPS,Bastion,2,8,0.25
Korea - Stage 1,Lijiang Tower,Crazy Raccoon,STALK3R,DPS,Vendetta,1,8,0.125
Korea - Stage 1,Lijiang Tower,Crazy Raccoon,STALK3R,DPS,Tracer,1,8,0.125
Korea - Stage 1,Lijiang Tower,Crazy Raccoon,STALK3R,DPS,Symmetra,1,8,0.125
Korea - Stage 1,Lijiang Tower,Crazy Raccoon,STALK3R,DPS,Sojourn,1,8,0.125
Korea - Stage 1,Lijiang Tower,Crazy Raccoon,Vigilante,Support,Kiriko,5,7,0.7143
Korea - Stage 1,Lijiang Tower,Crazy Raccoon,Vigilante,Support,Juno,1,7,0.1429
Korea - Stage 1,Lijiang Tower,Crazy Raccoon,Vigilante,Support,Ana,1,7,0.1429
Korea - Stage 1,Lijiang Tower,New Era,D0D0,DPS,Vendetta,2,6,0.3333
Korea - Stage 1,Lijiang Tower,New Era,D0D0,DPS,Tracer,2,6,0.3333
Korea - Stage 1,Lijiang Tower,New Era,D0D0,DPS,Symmetra,2,6,0.3333
Korea - Stage 1,Lijiang Tower,New Era,MCD,Support,Wuyang,1,2,0.5
Korea - Stage 1,Lijiang Tower,New Era,MCD,Support,Kiriko,1,2,0.5
Korea - Stage 1,Lijiang Tower,New Era,Secret,Support,Kiriko,1,3,0.3333
Korea - Stage 1,Lijiang Tower,New Era,Secret,Support,Juno,1,3,0.3333
Korea - Stage 1,Lijiang Tower,New Era,Secret,Support,Lúcio,1,3,0.3333
Korea - Stage 1,Lijiang Tower,New Era,SoLA,Tank,Zarya,1,2,0.5
Korea - Stage 1,Lijiang Tower,New Era,SoLA,Tank,D.Va,1,2,0.5
Korea - Stage 1,Lijiang Tower,New Era,perr,DPS,Sojourn,1,3,0.3333
Korea - Stage 1,Lijiang Tower,New Era,perr,DPS,Emre,1,3,0.3333
Korea - Stage 1,Lijiang Tower,New Era,perr,DPS,Symmetra,1,3,0.3333
Korea - Stage 1,Lijiang Tower,Poker Face,CARU,Support,Kiriko,3,4,0.75
Korea - Stage 1,Lijiang Tower,Poker Face,CARU,Support,Juno,1,4,0.25
Korea - Stage 1,Lijiang Tower,Poker Face,D4RT,DPS,Symmetra,2,5,0.4
Korea - Stage 1,Lijiang Tower,Poker Face,D4RT,DPS,Vendetta,1,5,0.2
Korea - Stage 1,Lijiang Tower,Poker Face,D4RT,DPS,Tracer,1,5,0.2
Korea - Stage 1,Lijiang Tower,Poker Face,D4RT,DPS,Pharah,1,5,0.2
Korea - Stage 1,Lijiang Tower,Poker Face,Gur3um,Tank,Zarya,2,5,0.4
Korea - Stage 1,Lijiang Tower,Poker Face,Gur3um,Tank,Mauga,1,5,0.2
Korea - Stage 1,Lijiang Tower,Poker Face,Gur3um,Tank,Wrecking Ball,1,5,0.2
Korea - Stage 1,Lijiang Tower,Poker Face,Gur3um,Tank,Hazard,1,5,0.2
Korea - Stage 1,Lijiang Tower,Poker Face,M1NUT2,DPS,Sojourn,2,7,0.2857
Korea - Stage 1,Lijiang Tower,Poker Face,M1NUT2,DPS,Widowmaker,2,7,0.2857
Korea - Stage 1,Lijiang Tower,Poker Face,M1NUT2,DPS,Emre,2,7,0.2857
Korea - Stage 1,Lijiang Tower,Poker Face,M1NUT2,DPS,Symmetra,1,7,0.1429
Korea - Stage 1,Lijiang Tower,Poker Face,TenTen,Support,Lúcio,3,4,0.75
Korea - Stage 1,Lijiang Tower,Poker Face,TenTen,Support,Illari,1,4,0.25
Korea - Stage 1,Lijiang Tower,RØDE ONSIDE GAMING,ATTACK,Tank,Hazard,2,9,0.2222
Korea - Stage 1,Lijiang Tower,RØDE ONSIDE GAMING,ATTACK,Tank,D.Va,2,9,0.2222
Korea - Stage 1,Lijiang Tower,RØDE ONSIDE GAMING,ATTACK,Tank,Mauga,2,9,0.2222
Korea - Stage 1,Lijiang Tower,RØDE ONSIDE GAMING,ATTACK,Tank,Doomfist,1,9,0.1111
Korea - Stage 1,Lijiang Tower,RØDE ONSIDE GAMING,ATTACK,Tank,Orisa,1,9,0.1111
Korea - Stage 1,Lijiang Tower,RØDE ONSIDE GAMING,ATTACK,Tank,Ramattra,1,9,0.1111
Korea - Stage 1,Lijiang Tower,RØDE ONSIDE GAMING,KILO,DPS,Emre,3,7,0.4286
Korea - Stage 1,Lijiang Tower,RØDE ONSIDE GAMING,KILO,DPS,Sojourn,2,7,0.2857
Korea - Stage 1,Lijiang Tower,RØDE ONSIDE GAMING,KILO,DPS,Bastion,2,7,0.2857
Korea - Stage 1,Lijiang Tower,RØDE ONSIDE GAMING,OPENER,Support,Lúcio,3,5,0.6
Korea - Stage 1,Lijiang Tower,RØDE ONSIDE GAMING,OPENER,Support,Jetpack Cat,2,5,0.4
Korea - Stage 1,Lijiang Tower,RØDE ONSIDE GAMING,SP1NT,DPS,Symmetra,4,12,0.3333
Korea - Stage 1,Lijiang Tower,RØDE ONSIDE GAMING,SP1NT,DPS,Pharah,2,12,0.1667
Korea - Stage 1,Lijiang Tower,RØDE ONSIDE GAMING,SP1NT,DPS,Reaper,2,12,0.1667
Korea - Stage 1,Lijiang Tower,RØDE ONSIDE GAMING,SP1NT,DPS,Tracer,2,12,0.1667
Korea - Stage 1,Lijiang Tower,RØDE ONSIDE GAMING,SP1NT,DPS,Anran,1,12,0.0833
Korea - Stage 1,Lijiang Tower,RØDE ONSIDE GAMING,SP1NT,DPS,Sombra,1,12,0.0833
Korea - Stage 1,Lijiang Tower,RØDE ONSIDE GAMING,iRONY,Support,Kiriko,5,5,1.0
Korea - Stage 1,Lijiang Tower,T1,Bliss,Support,Lúcio,3,3,1.0
Korea - Stage 1,Lijiang Tower,T1,DONGHAK,Tank,Zarya,1,5,0.2
Korea - Stage 1,Lijiang Tower,T1,DONGHAK,Tank,Orisa,1,5,0.2
Korea - Stage 1,Lijiang Tower,T1,DONGHAK,Tank,Ramattra,1,5,0.2
Korea - Stage 1,Lijiang Tower,T1,DONGHAK,Tank,Wrecking Ball,1,5,0.2
Korea - Stage 1,Lijiang Tower,T1,DONGHAK,Tank,Mauga,1,5,0.2
Korea - Stage 1,Lijiang Tower,T1,Jasm1ne,Tank,Zarya,1,1,1.0
Korea - Stage 1,Lijiang Tower,T1,Proud,DPS,Symmetra,2,6,0.3333
Korea - Stage 1,Lijiang Tower,T1,Proud,DPS,Emre,2,6,0.3333
Korea - Stage 1,Lijiang Tower,T1,Proud,DPS,Sojourn,1,6,0.1667
Korea - Stage 1,Lijiang Tower,T1,Proud,DPS,Tracer,1,6,0.1667
Korea - Stage 1,Lijiang Tower,T1,ZEST,DPS,Vendetta,2,7,0.2857
Korea - Stage 1,Lijiang Tower,T1,ZEST,DPS,Pharah,2,7,0.2857
Korea - Stage 1,Lijiang Tower,T1,ZEST,DPS,Symmetra,1,7,0.1429
Korea - Stage 1,Lijiang Tower,T1,ZEST,DPS,Genji,1,7,0.1429
Korea - Stage 1,Lijiang Tower,T1,ZEST,DPS,Tracer,1,7,0.1429
Korea - Stage 1,Lijiang Tower,T1,skewed,Support,Kiriko,3,4,0.75
Korea - Stage 1,Lijiang Tower,T1,skewed,Support,Juno,1,4,0.25
Korea - Stage 1,Lijiang Tower,Team Falcons,Checkmate,DPS,Symmetra,4,11,0.3636
Korea - Stage 1,Lijiang Tower,Team Falcons,Checkmate,DPS,Vendetta,2,11,0.1818
Korea - Stage 1,Lijiang Tower,Team Falcons,Checkmate,DPS,Pharah,2,11,0.1818
Korea - Stage 1,Lijiang Tower,Team Falcons,Checkmate,DPS,Tracer,2,11,0.1818
Korea - Stage 1,Lijiang Tower,Team Falcons,Checkmate,DPS,Genji,1,11,0.0909
Korea - Stage 1,Lijiang Tower,Team Falcons,ChiYo,Support,Lúcio,5,6,0.8333
Korea - Stage 1,Lijiang Tower,Team Falcons,ChiYo,Support,Jetpack Cat,1,6,0.1667
Korea - Stage 1,Lijiang Tower,Team Falcons,Fielder,Support,Kiriko,6,10,0.6
Korea - Stage 1,Lijiang Tower,Team Falcons,Fielder,Support,Juno,4,10,0.4
Korea - Stage 1,Lijiang Tower,Team Falcons,Hanbin,Tank,D.Va,2,6,0.3333
Korea - Stage 1,Lijiang Tower,Team Falcons,Hanbin,Tank,Ramattra,1,6,0.1667
Korea - Stage 1,Lijiang Tower,Team Falcons,Hanbin,Tank,Orisa,1,6,0.1667
Korea - Stage 1,Lijiang Tower,Team Falcons,Hanbin,Tank,Doomfist,1,6,0.1667
Korea - Stage 1,Lijiang Tower,Team Falcons,Hanbin,Tank,Mauga,1,6,0.1667
Korea - Stage 1,Lijiang Tower,Team Falcons,MER1T,DPS,Emre,1,5,0.2
Korea - Stage 1,Lijiang Tower,Team Falcons,MER1T,DPS,Symmetra,1,5,0.2
Korea - Stage 1,Lijiang Tower,Team Falcons,MER1T,DPS,Cassidy,1,5,0.2
Korea - Stage 1,Lijiang Tower,Team Falcons,MER1T,DPS,Bastion,1,5,0.2
Korea - Stage 1,Lijiang Tower,Team Falcons,MER1T,DPS,Tracer,1,5,0.2
Korea - Stage 1,Lijiang Tower,Team Falcons,Mer1t,DPS,Sojourn,2,8,0.25
Korea - Stage 1,Lijiang Tower,Team Falcons,Mer1t,DPS,Reaper,1,8,0.125
Korea - Stage 1,Lijiang Tower,Team Falcons,Mer1t,DPS,Mei,1,8,0.125
Korea - Stage 1,Lijiang Tower,Team Falcons,Mer1t,DPS,Bastion,1,8,0.125
Korea - Stage 1,Lijiang Tower,Team Falcons,Mer1t,DPS,Cassidy,1,8,0.125
Korea - Stage 1,Lijiang Tower,Team Falcons,Mer1t,DPS,Tracer,1,8,0.125
Korea - Stage 1,Lijiang Tower,Team Falcons,Mer1t,DPS,Emre,1,8,0.125
Korea - Stage 1,Lijiang Tower,Team Falcons,SOMEONE,Tank,Zarya,1,2,0.5
Korea - Stage 1,Lijiang Tower,Team Falcons,SOMEONE,Tank,D.Va,1,2,0.5
Korea - Stage 1,Lijiang Tower,ZAN Esports,A1IEN,DPS,Emre,4,10,0.4
Korea - Stage 1,Lijiang Tower,ZAN Esports,A1IEN,DPS,Sojourn,2,10,0.2
Korea - Stage 1,Lijiang Tower,ZAN Esports,A1IEN,DPS,Genji,1,10,0.1
Korea - Stage 1,Lijiang Tower,ZAN Esports,A1IEN,DPS,Symmetra,1,10,0.1
Korea - Stage 1,Lijiang Tower,ZAN Esports,A1IEN,DPS,Cassidy,1,10,0.1
Korea - Stage 1,Lijiang Tower,ZAN Esports,A1IEN,DPS,Widowmaker,1,10,0.1
Korea - Stage 1,Lijiang Tower,ZAN Esports,Becky,DPS,Pharah,4,9,0.4444
Korea - Stage 1,Lijiang Tower,ZAN Esports,Becky,DPS,Vendetta,2,9,0.2222
Korea - Stage 1,Lijiang Tower,ZAN Esports,Becky,DPS,Symmetra,2,9,0.2222
Korea - Stage 1,Lijiang Tower,ZAN Esports,Becky,DPS,Tracer,1,9,0.1111
Korea - Stage 1,Lijiang Tower,ZAN Esports,HEISER,Tank,Zarya,2,11,0.1818
Korea - Stage 1,Lijiang Tower,ZAN Esports,HEISER,Tank,Doomfist,2,11,0.1818
Korea - Stage 1,Lijiang Tower,ZAN Esports,HEISER,Tank,Hazard,2,11,0.1818
Korea - Stage 1,Lijiang Tower,ZAN Esports,HEISER,Tank,D.Va,2,11,0.1818
Korea - Stage 1,Lijiang Tower,ZAN Esports,HEISER,Tank,Ramattra,1,11,0.0909
Korea - Stage 1,Lijiang Tower,ZAN Esports,HEISER,Tank,Wrecking Ball,1,11,0.0909
Korea - Stage 1,Lijiang Tower,ZAN Esports,HEISER,Tank,Mauga,1,11,0.0909
Korea - Stage 1,Lijiang Tower,ZAN Esports,KIVIS,Support,Kiriko,5,8,0.625
Korea - Stage 1,Lijiang Tower,ZAN Esports,KIVIS,Support,Juno,3,8,0.375
Korea - Stage 1,Lijiang Tower,ZAN Esports,YangJun,Support,Lúcio,3,5,0.6
Korea - Stage 1,Lijiang Tower,ZAN Esports,YangJun,Support,Juno,1,5,0.2
Korea - Stage 1,Lijiang Tower,ZAN Esports,YangJun,Support,Brigitte,1,5,0.2
Korea - Stage 1,Lijiang Tower,ZAN Esports,Yangjun,Support,Lúcio,1,1,1.0
Korea - Stage 1,Lijiang Tower,ZETA DIVISION,BERNAR,Tank,Zarya,2,5,0.4
Korea - Stage 1,Lijiang Tower,ZETA DIVISION,BERNAR,Tank,D.Va,1,5,0.2
Korea - Stage 1,Lijiang Tower,ZETA DIVISION,BERNAR,Tank,Orisa,1,5,0.2
Korea - Stage 1,Lijiang Tower,ZETA DIVISION,BERNAR,Tank,Wrecking Ball,1,5,0.2
Korea - Stage 1,Lijiang Tower,ZETA DIVISION,Mealgaru,Tank,Wrecking Ball,2,5,0.4
Korea - Stage 1,Lijiang Tower,ZETA DIVISION,Mealgaru,Tank,Doomfist,2,5,0.4
Korea - Stage 1,Lijiang Tower,ZETA DIVISION,Mealgaru,Tank,Mauga,1,5,0.2
Korea - Stage 1,Lijiang Tower,ZETA DIVISION,Proper,DPS,Pharah,3,11,0.2727
Korea - Stage 1,Lijiang Tower,ZETA DIVISION,Proper,DPS,Symmetra,3,11,0.2727
Korea - Stage 1,Lijiang Tower,ZETA DIVISION,Proper,DPS,Vendetta,1,11,0.0909
Korea - Stage 1,Lijiang Tower,ZETA DIVISION,Proper,DPS,Echo,1,11,0.0909
Korea - Stage 1,Lijiang Tower,ZETA DIVISION,Proper,DPS,Mei,1,11,0.0909
Korea - Stage 1,Lijiang Tower,ZETA DIVISION,Proper,DPS,Genji,1,11,0.0909
Korea - Stage 1,Lijiang Tower,ZETA DIVISION,Proper,DPS,Tracer,1,11,0.0909
Korea - Stage 1,Lijiang Tower,ZETA DIVISION,Viol2t,Support,Jetpack Cat,4,7,0.5714
Korea - Stage 1,Lijiang Tower,ZETA DIVISION,Viol2t,Support,Lúcio,1,7,0.1429
Korea - Stage 1,Lijiang Tower,ZETA DIVISION,Viol2t,Support,Juno,1,7,0.1429
Korea - Stage 1,Lijiang Tower,ZETA DIVISION,Viol2t,Support,Illari,1,7,0.1429
Korea - Stage 1,Lijiang Tower,ZETA DIVISION,knife,DPS,Cassidy,3,12,0.25
Korea - Stage 1,Lijiang Tower,ZETA DIVISION,knife,DPS,Mei,2,12,0.1667
Korea - Stage 1,Lijiang Tower,ZETA DIVISION,knife,DPS,Emre,2,12,0.1667
Korea - Stage 1,Lijiang Tower,ZETA DIVISION,knife,DPS,Tracer,1,12,0.0833
Korea - Stage 1,Lijiang Tower,ZETA DIVISION,knife,DPS,Sojourn,1,12,0.0833
Korea - Stage 1,Lijiang Tower,ZETA DIVISION,knife,DPS,Sierra,1,12,0.0833
Korea - Stage 1,Lijiang Tower,ZETA DIVISION,knife,DPS,Symmetra,1,12,0.0833
Korea - Stage 1,Lijiang Tower,ZETA DIVISION,knife,DPS,Bastion,1,12,0.0833
Korea - Stage 1,Lijiang Tower,ZETA DIVISION,shu,Support,Ana,4,9,0.4444
Korea - Stage 1,Lijiang Tower,ZETA DIVISION,shu,Support,Kiriko,3,9,0.3333
Korea - Stage 1,Lijiang Tower,ZETA DIVISION,shu,Support,Juno,2,9,0.2222
Korea - Stage 1,Midtown,Crazy Raccoon,Ch0r0ng,Support,Lúcio,1,1,1.0
Korea - Stage 1,Midtown,Crazy Raccoon,HeeSang,DPS,Tracer,1,2,0.5
Korea - Stage 1,Midtown,Crazy Raccoon,HeeSang,DPS,Symmetra,1,2,0.5
Korea - Stage 1,Midtown,Crazy Raccoon,MAX,Tank,Zarya,1,1,1.0
Korea - Stage 1,Midtown,Crazy Raccoon,STALK3R,DPS,Cassidy,1,2,0.5
Korea - Stage 1,Midtown,Crazy Raccoon,STALK3R,DPS,Emre,1,2,0.5
Korea - Stage 1,Midtown,Crazy Raccoon,Vigilante,Support,Baptiste,1,2,0.5
Korea - Stage 1,Midtown,Crazy Raccoon,Vigilante,Support,Kiriko,1,2,0.5
Korea - Stage 1,Midtown,New Era,D0D0,DPS,Vendetta,1,2,0.5
Korea - Stage 1,Midtown,New Era,D0D0,DPS,Venture,1,2,0.5
Korea - Stage 1,Midtown,New Era,MCD,Support,Ana,2,6,0.3333
Korea - Stage 1,Midtown,New Era,MCD,Support,Illari,1,6,0.1667
Korea - Stage 1,Midtown,New Era,MCD,Support,Brigitte,1,6,0.1667
Korea - Stage 1,Midtown,New Era,MCD,Support,Juno,1,6,0.1667
Korea - Stage 1,Midtown,New Era,MCD,Support,Lúcio,1,6,0.1667
Korea - Stage 1,Midtown,New Era,Secret,Support,Wuyang,1,4,0.25
Korea - Stage 1,Midtown,New Era,Secret,Support,Ana,1,4,0.25
Korea - Stage 1,Midtown,New Era,Secret,Support,Illari,1,4,0.25
Korea - Stage 1,Midtown,New Era,Secret,Support,Kiriko,1,4,0.25
Korea - Stage 1,Midtown,New Era,SoLA,Tank,D.Va,2,2,1.0
Korea - Stage 1,Midtown,New Era,perr,DPS,Widowmaker,2,4,0.5
Korea - Stage 1,Midtown,New Era,perr,DPS,Sojourn,1,4,0.25
Korea - Stage 1,Midtown,New Era,perr,DPS,Emre,1,4,0.25
Korea - Stage 1,Midtown,Poker Face,CARU,Support,Baptiste,1,2,0.5
Korea - Stage 1,Midtown,Poker Face,CARU,Support,Ana,1,2,0.5
Korea - Stage 1,Midtown,Poker Face,D4RT,DPS,Vendetta,1,3,0.3333
Korea - Stage 1,Midtown,Poker Face,D4RT,DPS,Mei,1,3,0.3333
Korea - Stage 1,Midtown,Poker Face,D4RT,DPS,Hanzo,1,3,0.3333
Korea - Stage 1,Midtown,Poker Face,Gur3um,Tank,Zarya,1,2,0.5
Korea - Stage 1,Midtown,Poker Face,Gur3um,Tank,D.Va,1,2,0.5
Korea - Stage 1,Midtown,Poker Face,M1NUT2,DPS,Symmetra,1,3,0.3333
Korea - Stage 1,Midtown,Poker Face,M1NUT2,DPS,Emre,1,3,0.3333
Korea - Stage 1,Midtown,Poker Face,M1NUT2,DPS,Widowmaker,1,3,0.3333
Korea - Stage 1,Midtown,Poker Face,TenTen,Support,Lúcio,1,2,0.5
Korea - Stage 1,Midtown,Poker Face,TenTen,Support,Wuyang,1,2,0.5
Korea - Stage 1,Midtown,RØDE ONSIDE GAMING,ATTACK,Tank,Zarya,1,2,0.5
Korea - Stage 1,Midtown,RØDE ONSIDE GAMING,ATTACK,Tank,D.Va,1,2,0.5
Korea - Stage 1,Midtown,RØDE ONSIDE GAMING,KILO,DPS,Sojourn,1,2,0.5
Korea - Stage 1,Midtown,RØDE ONSIDE GAMING,KILO,DPS,Emre,1,2,0.5
Korea - Stage 1,Midtown,RØDE ONSIDE GAMING,OPENER,Support,Lúcio,1,1,1.0
Korea - Stage 1,Midtown,RØDE ONSIDE GAMING,SP1NT,DPS,Vendetta,1,3,0.3333
Korea - Stage 1,Midtown,RØDE ONSIDE GAMING,SP1NT,DPS,Genji,1,3,0.3333
Korea - Stage 1,Midtown,RØDE ONSIDE GAMING,SP1NT,DPS,Widowmaker,1,3,0.3333
Korea - Stage 1,Midtown,RØDE ONSIDE GAMING,iRONY,Support,Kiriko,1,1,1.0
Korea - Stage 1,Midtown,Team Falcons,Checkmate,DPS,Symmetra,1,1,1.0
Korea - Stage 1,Midtown,Team Falcons,ChiYo,Support,Lúcio,1,1,1.0
Korea - Stage 1,Midtown,Team Falcons,Fielder,Support,Kiriko,1,2,0.5
Korea - Stage 1,Midtown,Team Falcons,Fielder,Support,Juno,1,2,0.5
Korea - Stage 1,Midtown,Team Falcons,Hanbin,Tank,D.Va,1,1,1.0
Korea - Stage 1,Midtown,Team Falcons,Mer1t,DPS,Sojourn,1,3,0.3333
Korea - Stage 1,Midtown,Team Falcons,Mer1t,DPS,Emre,1,3,0.3333
Korea - Stage 1,Midtown,Team Falcons,Mer1t,DPS,Cassidy,1,3,0.3333
Korea - Stage 1,Midtown,ZAN Esports,A1IEN,DPS,Sojourn,1,4,0.25
Korea - Stage 1,Midtown,ZAN Esports,A1IEN,DPS,Cassidy,1,4,0.25
Korea - Stage 1,Midtown,ZAN Esports,A1IEN,DPS,Emre,1,4,0.25
Korea - Stage 1,Midtown,ZAN Esports,A1IEN,DPS,Genji,1,4,0.25
Korea - Stage 1,Midtown,ZAN Esports,Becky,DPS,Vendetta,2,3,0.6667
Korea - Stage 1,Midtown,ZAN Esports,Becky,DPS,Echo,1,3,0.3333
Korea - Stage 1,Midtown,ZAN Esports,HEISER,Tank,Zarya,2,5,0.4
Korea - Stage 1,Midtown,ZAN Esports,HEISER,Tank,Orisa,1,5,0.2
Korea - Stage 1,Midtown,ZAN Esports,HEISER,Tank,D.Va,1,5,0.2
Korea - Stage 1,Midtown,ZAN Esports,HEISER,Tank,Doomfist,1,5,0.2
Korea - Stage 1,Midtown,ZAN Esports,KIVIS,Support,Kiriko,2,2,1.0
Korea - Stage 1,Midtown,ZAN Esports,YangJun,Support,Lúcio,1,2,0.5
Korea - Stage 1,Midtown,ZAN Esports,YangJun,Support,Brigitte,1,2,0.5
Korea - Stage 1,Midtown,ZAN Esports,Yangjun,Support,Lúcio,1,1,1.0
Korea - Stage 1,Numbani,Cheeseburger,Argon,DPS,Vendetta,1,5,0.2
Korea - Stage 1,Numbani,Cheeseburger,Argon,DPS,Tracer,1,5,0.2
Korea - Stage 1,Numbani,Cheeseburger,Argon,DPS,Mei,1,5,0.2
Korea - Stage 1,Numbani,Cheeseburger,Argon,DPS,Echo,1,5,0.2
Korea - Stage 1,Numbani,Cheeseburger,Argon,DPS,Freja,1,5,0.2
Korea - Stage 1,Numbani,Cheeseburger,Faith,Support,Lúcio,1,2,0.5
Korea - Stage 1,Numbani,Cheeseburger,Faith,Support,Jetpack Cat,1,2,0.5
Korea - Stage 1,Numbani,Cheeseburger,SeungAn,Tank,Orisa,1,4,0.25
Korea - Stage 1,Numbani,Cheeseburger,SeungAn,Tank,Ramattra,1,4,0.25
Korea - Stage 1,Numbani,Cheeseburger,SeungAn,Tank,Doomfist,1,4,0.25
Korea - Stage 1,Numbani,Cheeseburger,SeungAn,Tank,Zarya,1,4,0.25
Korea - Stage 1,Numbani,Cheeseburger,WoochaN,Support,Kiriko,1,2,0.5
Korea - Stage 1,Numbani,Cheeseburger,WoochaN,Support,Ana,1,2,0.5
Korea - Stage 1,Numbani,Cheeseburger,ZeSin,DPS,Bastion,1,1,1.0
Korea - Stage 1,Numbani,Cheeseburger,Zesin,DPS,Emre,1,3,0.3333
Korea - Stage 1,Numbani,Cheeseburger,Zesin,DPS,Sojourn,1,3,0.3333
Korea - Stage 1,Numbani,Cheeseburger,Zesin,DPS,Vendetta,1,3,0.3333
Korea - Stage 1,Numbani,Crazy Raccoon,Ch0r0ng,Support,Lúcio,1,1,1.0
Korea - Stage 1,Numbani,Crazy Raccoon,HeeSang,DPS,Vendetta,1,1,1.0
Korea - Stage 1,Numbani,Crazy Raccoon,JunBin,Tank,Zarya,1,2,0.5
Korea - Stage 1,Numbani,Crazy Raccoon,JunBin,Tank,D.Va,1,2,0.5
Korea - Stage 1,Numbani,Crazy Raccoon,STALK3R,DPS,Reaper,1,2,0.5
Korea - Stage 1,Numbani,Crazy Raccoon,STALK3R,DPS,Emre,1,2,0.5
Korea - Stage 1,Numbani,Crazy Raccoon,Vigilante,Support,Kiriko,1,1,1.0
Korea - Stage 1,Numbani,Poker Face,CARU,Support,Kiriko,4,5,0.8
Korea - Stage 1,Numbani,Poker Face,CARU,Support,Ana,1,5,0.2
Korea - Stage 1,Numbani,Poker Face,D4RT,DPS,Vendetta,4,12,0.3333
Korea - Stage 1,Numbani,Poker Face,D4RT,DPS,Widowmaker,2,12,0.1667
Korea - Stage 1,Numbani,Poker Face,D4RT,DPS,Echo,2,12,0.1667
Korea - Stage 1,Numbani,Poker Face,D4RT,DPS,Tracer,1,12,0.0833
Korea - Stage 1,Numbani,Poker Face,D4RT,DPS,Hanzo,1,12,0.0833
Korea - Stage 1,Numbani,Poker Face,D4RT,DPS,Mei,1,12,0.0833
Korea - Stage 1,Numbani,Poker Face,D4RT,DPS,Sierra,1,12,0.0833
Korea - Stage 1,Numbani,Poker Face,Fearful,Tank,Zarya,1,3,0.3333
Korea - Stage 1,Numbani,Poker Face,Fearful,Tank,D.Va,1,3,0.3333
Korea - Stage 1,Numbani,Poker Face,Fearful,Tank,Mauga,1,3,0.3333
Korea - Stage 1,Numbani,Poker Face,Gur3um,Tank,Hazard,3,7,0.4286
Korea - Stage 1,Numbani,Poker Face,Gur3um,Tank,Zarya,3,7,0.4286
Korea - Stage 1,Numbani,Poker Face,Gur3um,Tank,Wrecking Ball,1,7,0.1429
Korea - Stage 1,Numbani,Poker Face,M1NUT2,DPS,Emre,4,9,0.4444
Korea - Stage 1,Numbani,Poker Face,M1NUT2,DPS,Widowmaker,2,9,0.2222
Korea - Stage 1,Numbani,Poker Face,M1NUT2,DPS,Hanzo,1,9,0.1111
Korea - Stage 1,Numbani,Poker Face,M1NUT2,DPS,Tracer,1,9,0.1111
Korea - Stage 1,Numbani,Poker Face,M1NUT2,DPS,Bastion,1,9,0.1111
Korea - Stage 1,Numbani,Poker Face,TenTen,Support,Lúcio,4,5,0.8
Korea - Stage 1,Numbani,Poker Face,TenTen,Support,Jetpack Cat,1,5,0.2
Korea - Stage 1,Numbani,RØDE ONSIDE GAMING,ATTACK,Tank,D.Va,2,4,0.5
Korea - Stage 1,Numbani,RØDE ONSIDE GAMING,ATTACK,Tank,Zarya,1,4,0.25
Korea - Stage 1,Numbani,RØDE ONSIDE GAMING,ATTACK,Tank,Hazard,1,4,0.25
Korea - Stage 1,Numbani,RØDE ONSIDE GAMING,KILO,DPS,Sojourn,2,5,0.4
Korea - Stage 1,Numbani,RØDE ONSIDE GAMING,KILO,DPS,Emre,2,5,0.4
Korea - Stage 1,Numbani,RØDE ONSIDE GAMING,KILO,DPS,Mei,1,5,0.2
Korea - Stage 1,Numbani,RØDE ONSIDE GAMING,OPENER,Support,Brigitte,1,3,0.3333
Korea - Stage 1,Numbani,RØDE ONSIDE GAMING,OPENER,Support,Kiriko,1,3,0.3333
Korea - Stage 1,Numbani,RØDE ONSIDE GAMING,OPENER,Support,Lúcio,1,3,0.3333
Korea - Stage 1,Numbani,RØDE ONSIDE GAMING,SP1NT,DPS,Vendetta,2,4,0.5
Korea - Stage 1,Numbani,RØDE ONSIDE GAMING,SP1NT,DPS,Symmetra,1,4,0.25
Korea - Stage 1,Numbani,RØDE ONSIDE GAMING,SP1NT,DPS,Pharah,1,4,0.25
Korea - Stage 1,Numbani,RØDE ONSIDE GAMING,iRONY,Support,Mizuki,1,4,0.25
Korea - Stage 1,Numbani,RØDE ONSIDE GAMING,iRONY,Support,Lúcio,1,4,0.25
Korea - Stage 1,Numbani,RØDE ONSIDE GAMING,iRONY,Support,Jetpack Cat,1,4,0.25
Korea - Stage 1,Numbani,RØDE ONSIDE GAMING,iRONY,Support,Kiriko,1,4,0.25
Korea - Stage 1,Numbani,T1,Bliss,Support,Lúcio,2,3,0.6667
Korea - Stage 1,Numbani,T1,Bliss,Support,Mercy,1,3,0.3333
Korea - Stage 1,Numbani,T1,Jasm1ne,Tank,D.Va,1,2,0.5
Korea - Stage 1,Numbani,T1,Jasm1ne,Tank,Zarya,1,2,0.5
Korea - Stage 1,Numbani,T1,Proud,DPS,Sojourn,1,3,0.3333
Korea - Stage 1,Numbani,T1,Proud,DPS,Emre,1,3,0.3333
Korea - Stage 1,Numbani,T1,Proud,DPS,Widowmaker,1,3,0.3333
Korea - Stage 1,Numbani,T1,ZEST,DPS,Vendetta,2,3,0.6667
Korea - Stage 1,Numbani,T1,ZEST,DPS,Venture,1,3,0.3333
Korea - Stage 1,Numbani,T1,skewed,Support,Kiriko,2,2,1.0
Korea - Stage 1,Numbani,Team Falcons,Checkmate,DPS,Vendetta,2,7,0.2857
Korea - Stage 1,Numbani,Team Falcons,Checkmate,DPS,Echo,1,7,0.1429
Korea - Stage 1,Numbani,Team Falcons,Checkmate,DPS,Pharah,1,7,0.1429
Korea - Stage 1,Numbani,Team Falcons,Checkmate,DPS,Symmetra,1,7,0.1429
Korea - Stage 1,Numbani,Team Falcons,Checkmate,DPS,Mei,1,7,0.1429
Korea - Stage 1,Numbani,Team Falcons,Checkmate,DPS,Tracer,1,7,0.1429
Korea - Stage 1,Numbani,Team Falcons,ChiYo,Support,Lúcio,3,7,0.4286
Korea - Stage 1,Numbani,Team Falcons,ChiYo,Support,Juno,2,7,0.2857
Korea - Stage 1,Numbani,Team Falcons,ChiYo,Support,Jetpack Cat,2,7,0.2857
Korea - Stage 1,Numbani,Team Falcons,Fielder,Support,Kiriko,3,8,0.375
Korea - Stage 1,Numbani,Team Falcons,Fielder,Support,Juno,3,8,0.375
Korea - Stage 1,Numbani,Team Falcons,Fielder,Support,Lúcio,1,8,0.125
Korea - Stage 1,Numbani,Team Falcons,Fielder,Support,Ana,1,8,0.125
Korea - Stage 1,Numbani,Team Falcons,Hanbin,Tank,D.Va,2,3,0.6667
Korea - Stage 1,Numbani,Team Falcons,Hanbin,Tank,Zarya,1,3,0.3333
Korea - Stage 1,Numbani,Team Falcons,MER1T,DPS,Emre,2,3,0.6667
Korea - Stage 1,Numbani,Team Falcons,MER1T,DPS,Symmetra,1,3,0.3333
Korea - Stage 1,Numbani,Team Falcons,Mer1t,DPS,Symmetra,1,2,0.5
Korea - Stage 1,Numbani,Team Falcons,Mer1t,DPS,Bastion,1,2,0.5
Korea - Stage 1,Numbani,Team Falcons,SOMEONE,Tank,D.Va,2,4,0.5
Korea - Stage 1,Numbani,Team Falcons,SOMEONE,Tank,Zarya,1,4,0.25
Korea - Stage 1,Numbani,Team Falcons,SOMEONE,Tank,Reinhardt,1,4,0.25
Korea - Stage 1,Numbani,ZETA DIVISION,BERNAR,Tank,Orisa,1,3,0.3333
Korea - Stage 1,Numbani,ZETA DIVISION,BERNAR,Tank,Zarya,1,3,0.3333
Korea - Stage 1,Numbani,ZETA DIVISION,BERNAR,Tank,D.Va,1,3,0.3333
Korea - Stage 1,Numbani,ZETA DIVISION,Mealgaru,Tank,D.Va,1,2,0.5
Korea - Stage 1,Numbani,ZETA DIVISION,Mealgaru,Tank,Ramattra,1,2,0.5
Korea - Stage 1,Numbani,ZETA DIVISION,Proper,DPS,Vendetta,1,4,0.25
Korea - Stage 1,Numbani,ZETA DIVISION,Proper,DPS,Mei,1,4,0.25
Korea - Stage 1,Numbani,ZETA DIVISION,Proper,DPS,Tracer,1,4,0.25
Korea - Stage 1,Numbani,ZETA DIVISION,Proper,DPS,Echo,1,4,0.25
Korea - Stage 1,Numbani,ZETA DIVISION,Viol2t,Support,Brigitte,1,2,0.5
Korea - Stage 1,Numbani,ZETA DIVISION,Viol2t,Support,Jetpack Cat,1,2,0.5
Korea - Stage 1,Numbani,ZETA DIVISION,knife,DPS,Symmetra,1,6,0.1667
Korea - Stage 1,Numbani,ZETA DIVISION,knife,DPS,Mei,1,6,0.1667
Korea - Stage 1,Numbani,ZETA DIVISION,knife,DPS,Venture,1,6,0.1667
Korea - Stage 1,Numbani,ZETA DIVISION,knife,DPS,Bastion,1,6,0.1667
Korea - Stage 1,Numbani,ZETA DIVISION,knife,DPS,Genji,1,6,0.1667
Korea - Stage 1,Numbani,ZETA DIVISION,knife,DPS,Vendetta,1,6,0.1667
Korea - Stage 1,Numbani,ZETA DIVISION,shu,Support,Baptiste,1,3,0.3333
Korea - Stage 1,Numbani,ZETA DIVISION,shu,Support,Kiriko,1,3,0.3333
Korea - Stage 1,Numbani,ZETA DIVISION,shu,Support,Ana,1,3,0.3333
Korea - Stage 1,Oasis,Cheeseburger,Argon,DPS,Tracer,2,6,0.3333
Korea - Stage 1,Oasis,Cheeseburger,Argon,DPS,Symmetra,2,6,0.3333
Korea - Stage 1,Oasis,Cheeseburger,Argon,DPS,Vendetta,1,6,0.1667
Korea - Stage 1,Oasis,Cheeseburger,Argon,DPS,Echo,1,6,0.1667
Korea - Stage 1,Oasis,Cheeseburger,FARMER,Tank,Hazard,2,3,0.6667
Korea - Stage 1,Oasis,Cheeseburger,FARMER,Tank,Mauga,1,3,0.3333
Korea - Stage 1,Oasis,Cheeseburger,Faith,Support,Lúcio,3,3,1.0
Korea - Stage 1,Oasis,Cheeseburger,SeungAn,Tank,D.Va,1,1,1.0
Korea - Stage 1,Oasis,Cheeseburger,WoochaN,Support,Kiriko,3,6,0.5
Korea - Stage 1,Oasis,Cheeseburger,WoochaN,Support,Juno,3,6,0.5
Korea - Stage 1,Oasis,Cheeseburger,ZeSin,DPS,Sojourn,2,3,0.6667
Korea - Stage 1,Oasis,Cheeseburger,ZeSin,DPS,Emre,1,3,0.3333
Korea - Stage 1,Oasis,Crazy Raccoon,Ch0r0ng,Support,Brigitte,1,4,0.25
Korea - Stage 1,Oasis,Crazy Raccoon,Ch0r0ng,Support,Kiriko,1,4,0.25
Korea - Stage 1,Oasis,Crazy Raccoon,Ch0r0ng,Support,Jetpack Cat,1,4,0.25
Korea - Stage 1,Oasis,Crazy Raccoon,Ch0r0ng,Support,Lúcio,1,4,0.25
Korea - Stage 1,Oasis,Crazy Raccoon,HeeSang,DPS,Vendetta,1,4,0.25
Korea - Stage 1,Oasis,Crazy Raccoon,HeeSang,DPS,Tracer,1,4,0.25
Korea - Stage 1,Oasis,Crazy Raccoon,HeeSang,DPS,Symmetra,1,4,0.25
Korea - Stage 1,Oasis,Crazy Raccoon,HeeSang,DPS,Pharah,1,4,0.25
Korea - Stage 1,Oasis,Crazy Raccoon,JunBin,Tank,Hazard,1,4,0.25
Korea - Stage 1,Oasis,Crazy Raccoon,JunBin,Tank,Orisa,1,4,0.25
Korea - Stage 1,Oasis,Crazy Raccoon,JunBin,Tank,Ramattra,1,4,0.25
Korea - Stage 1,Oasis,Crazy Raccoon,JunBin,Tank,Mauga,1,4,0.25
Korea - Stage 1,Oasis,Crazy Raccoon,STALK3R,DPS,Emre,1,4,0.25
Korea - Stage 1,Oasis,Crazy Raccoon,STALK3R,DPS,Tracer,1,4,0.25
Korea - Stage 1,Oasis,Crazy Raccoon,STALK3R,DPS,Sierra,1,4,0.25
Korea - Stage 1,Oasis,Crazy Raccoon,STALK3R,DPS,Symmetra,1,4,0.25
Korea - Stage 1,Oasis,Crazy Raccoon,Vigilante,Support,Juno,2,3,0.6667
Korea - Stage 1,Oasis,Crazy Raccoon,Vigilante,Support,Kiriko,1,3,0.3333
Korea - Stage 1,Oasis,New Era,D0D0,DPS,Vendetta,2,6,0.3333
Korea - Stage 1,Oasis,New Era,D0D0,DPS,Tracer,2,6,0.3333
Korea - Stage 1,Oasis,New Era,D0D0,DPS,Genji,1,6,0.1667
Korea - Stage 1,Oasis,New Era,D0D0,DPS,Symmetra,1,6,0.1667
Korea - Stage 1,Oasis,New Era,MCD,Support,Juno,1,2,0.5
Korea - Stage 1,Oasis,New Era,MCD,Support,Kiriko,1,2,0.5
Korea - Stage 1,Oasis,New Era,MCD,Tank,Orisa,1,2,0.5
Korea - Stage 1,Oasis,New Era,MCD,Tank,Zarya,1,2,0.5
Korea - Stage 1,Oasis,New Era,Secret,Support,Brigitte,1,3,0.3333
Korea - Stage 1,Oasis,New Era,Secret,Support,Kiriko,1,3,0.3333
Korea - Stage 1,Oasis,New Era,Secret,Support,Lúcio,1,3,0.3333
Korea - Stage 1,Oasis,New Era,SoLA,Tank,Zarya,1,1,1.0
Korea - Stage 1,Oasis,New Era,Yate,Support,Lúcio,1,1,1.0
Korea - Stage 1,Oasis,New Era,Yate,Tank,Hazard,1,1,1.0
Korea - Stage 1,Oasis,New Era,perr,DPS,Sojourn,2,6,0.3333
Korea - Stage 1,Oasis,New Era,perr,DPS,Cassidy,2,6,0.3333
Korea - Stage 1,Oasis,New Era,perr,DPS,Emre,1,6,0.1667
Korea - Stage 1,Oasis,New Era,perr,DPS,Symmetra,1,6,0.1667
Korea - Stage 1,Oasis,Poker Face,CARU,Support,Kiriko,3,3,1.0
Korea - Stage 1,Oasis,Poker Face,D4RT,DPS,Symmetra,3,7,0.4286
Korea - Stage 1,Oasis,Poker Face,D4RT,DPS,Tracer,2,7,0.2857
Korea - Stage 1,Oasis,Poker Face,D4RT,DPS,Vendetta,1,7,0.1429
Korea - Stage 1,Oasis,Poker Face,D4RT,DPS,Pharah,1,7,0.1429
Korea - Stage 1,Oasis,Poker Face,Gur3um,Tank,Hazard,3,5,0.6
Korea - Stage 1,Oasis,Poker Face,Gur3um,Tank,Zarya,1,5,0.2
Korea - Stage 1,Oasis,Poker Face,Gur3um,Tank,Wrecking Ball,1,5,0.2
Korea - Stage 1,Oasis,Poker Face,M1NUT2,DPS,Sojourn,2,5,0.4
Korea - Stage 1,Oasis,Poker Face,M1NUT2,DPS,Emre,2,5,0.4
Korea - Stage 1,Oasis,Poker Face,M1NUT2,DPS,Symmetra,1,5,0.2
Korea - Stage 1,Oasis,Poker Face,TenTen,Support,Lúcio,3,3,1.0
Korea - Stage 1,Oasis,RØDE ONSIDE GAMING,ATTACK,Tank,Hazard,2,3,0.6667
Korea - Stage 1,Oasis,RØDE ONSIDE GAMING,ATTACK,Tank,D.Va,1,3,0.3333
Korea - Stage 1,Oasis,RØDE ONSIDE GAMING,KILO,DPS,Emre,2,3,0.6667
Korea - Stage 1,Oasis,RØDE ONSIDE GAMING,KILO,DPS,Sojourn,1,3,0.3333
Korea - Stage 1,Oasis,RØDE ONSIDE GAMING,OPENER,Support,Lúcio,2,3,0.6667
Korea - Stage 1,Oasis,RØDE ONSIDE GAMING,OPENER,Support,Brigitte,1,3,0.3333
Korea - Stage 1,Oasis,RØDE ONSIDE GAMING,SP1NT,DPS,Tracer,3,6,0.5
Korea - Stage 1,Oasis,RØDE ONSIDE GAMING,SP1NT,DPS,Symmetra,3,6,0.5
Korea - Stage 1,Oasis,RØDE ONSIDE GAMING,iRONY,Support,Kiriko,3,4,0.75
Korea - Stage 1,Oasis,RØDE ONSIDE GAMING,iRONY,Support,Juno,1,4,0.25
Korea - Stage 1,Oasis,T1,Bliss,Support,Lúcio,2,3,0.6667
Korea - Stage 1,Oasis,T1,Bliss,Support,Brigitte,1,3,0.3333
Korea - Stage 1,Oasis,T1,DONGHAK,Tank,Hazard,1,2,0.5
Korea - Stage 1,Oasis,T1,DONGHAK,Tank,D.Va,1,2,0.5
Korea - Stage 1,Oasis,T1,Jasm1ne,Tank,Zarya,2,3,0.6667
Korea - Stage 1,Oasis,T1,Jasm1ne,Tank,D.Va,1,3,0.3333
Korea - Stage 1,Oasis,T1,Proud,DPS,Emre,2,4,0.5
Korea - Stage 1,Oasis,T1,Proud,DPS,Sojourn,1,4,0.25
Korea - Stage 1,Oasis,T1,Proud,DPS,Symmetra,1,4,0.25
Korea - Stage 1,Oasis,T1,ZEST,DPS,Vendetta,2,6,0.3333
Korea - Stage 1,Oasis,T1,ZEST,DPS,Symmetra,2,6,0.3333
Korea - Stage 1,Oasis,T1,ZEST,DPS,Echo,1,6,0.1667
Korea - Stage 1,Oasis,T1,ZEST,DPS,Tracer,1,6,0.1667
Korea - Stage 1,Oasis,T1,skewed,Support,Kiriko,3,6,0.5
Korea - Stage 1,Oasis,T1,skewed,Support,Juno,3,6,0.5
Korea - Stage 1,Oasis,Team Falcons,Checkmate,DPS,Vendetta,2,5,0.4
Korea - Stage 1,Oasis,Team Falcons,Checkmate,DPS,Symmetra,2,5,0.4
Korea - Stage 1,Oasis,Team Falcons,Checkmate,DPS,Tracer,1,5,0.2
Korea - Stage 1,Oasis,Team Falcons,ChiYo,Support,Lúcio,2,5,0.4
Korea - Stage 1,Oasis,Team Falcons,ChiYo,Support,Brigitte,2,5,0.4
Korea - Stage 1,Oasis,Team Falcons,ChiYo,Support,Juno,1,5,0.2
Korea - Stage 1,Oasis,Team Falcons,Fielder,Support,Kiriko,3,6,0.5
Korea - Stage 1,Oasis,Team Falcons,Fielder,Support,Juno,2,6,0.3333
Korea - Stage 1,Oasis,Team Falcons,Fielder,Support,Moira,1,6,0.1667
Korea - Stage 1,Oasis,Team Falcons,Hanbin,Tank,D.Va,1,2,0.5
Korea - Stage 1,Oasis,Team Falcons,Hanbin,Tank,Zarya,1,2,0.5
Korea - Stage 1,Oasis,Team Falcons,MER1T,DPS,Sojourn,1,1,1.0
Korea - Stage 1,Oasis,Team Falcons,Mer1t,DPS,Sojourn,1,2,0.5
Korea - Stage 1,Oasis,Team Falcons,Mer1t,DPS,Emre,1,2,0.5
Korea - Stage 1,Oasis,Team Falcons,SOMEONE,Tank,Zarya,1,1,1.0
Korea - Stage 1,Oasis,ZAN Esports,A1IEN,DPS,Sojourn,1,2,0.5
Korea - Stage 1,Oasis,ZAN Esports,A1IEN,DPS,Genji,1,2,0.5
Korea - Stage 1,Oasis,ZAN Esports,Becky,DPS,Tracer,2,4,0.5
Korea - Stage 1,Oasis,ZAN Esports,Becky,DPS,Symmetra,2,4,0.5
Korea - Stage 1,Oasis,ZAN Esports,HEISER,Tank,Hazard,2,4,0.5
Korea - Stage 1,Oasis,ZAN Esports,HEISER,Tank,D.Va,1,4,0.25
Korea - Stage 1,Oasis,ZAN Esports,HEISER,Tank,Doomfist,1,4,0.25
Korea - Stage 1,Oasis,ZAN Esports,KIVIS,Support,Kiriko,2,3,0.6667
Korea - Stage 1,Oasis,ZAN Esports,KIVIS,Support,Juno,1,3,0.3333
Korea - Stage 1,Oasis,ZAN Esports,Probe,DPS,Emre,1,2,0.5
Korea - Stage 1,Oasis,ZAN Esports,Probe,DPS,Sojourn,1,2,0.5
Korea - Stage 1,Oasis,ZAN Esports,YangJun,Support,Lúcio,2,2,1.0
Korea - Stage 1,Oasis,ZETA DIVISION,Mealgaru,Tank,Wrecking Ball,1,3,0.3333
Korea - Stage 1,Oasis,ZETA DIVISION,Mealgaru,Tank,Winston,1,3,0.3333
Korea - Stage 1,Oasis,ZETA DIVISION,Mealgaru,Tank,Mauga,1,3,0.3333
Korea - Stage 1,Oasis,ZETA DIVISION,Proper,DPS,Echo,2,4,0.5
Korea - Stage 1,Oasis,ZETA DIVISION,Proper,DPS,Genji,1,4,0.25
Korea - Stage 1,Oasis,ZETA DIVISION,Proper,DPS,Tracer,1,4,0.25
Korea - Stage 1,Oasis,ZETA DIVISION,Viol2t,Support,Jetpack Cat,1,3,0.3333
Korea - Stage 1,Oasis,ZETA DIVISION,Viol2t,Support,Lúcio,1,3,0.3333
Korea - Stage 1,Oasis,ZETA DIVISION,Viol2t,Support,Brigitte,1,3,0.3333
Korea - Stage 1,Oasis,ZETA DIVISION,knife,DPS,Tracer,1,3,0.3333
Korea - Stage 1,Oasis,ZETA DIVISION,knife,DPS,Symmetra,1,3,0.3333
Korea - Stage 1,Oasis,ZETA DIVISION,knife,DPS,Cassidy,1,3,0.3333
Korea - Stage 1,Oasis,ZETA DIVISION,shu,Support,Juno,2,3,0.6667
Korea - Stage 1,Oasis,ZETA DIVISION,shu,Support,Kiriko,1,3,0.3333
Korea - Stage 1,Rialto,Cheeseburger,Argon,DPS,Tracer,2,4,0.5
Korea - Stage 1,Rialto,Cheeseburger,Argon,DPS,Widowmaker,2,4,0.5
Korea - Stage 1,Rialto,Cheeseburger,Faith,Support,Jetpack Cat,2,2,1.0
Korea - Stage 1,Rialto,Cheeseburger,SeungAn,Tank,Zarya,2,3,0.6667
Korea - Stage 1,Rialto,Cheeseburger,SeungAn,Tank,Doomfist,1,3,0.3333
Korea - Stage 1,Rialto,Cheeseburger,WoochaN,Support,Ana,2,3,0.6667
Korea - Stage 1,Rialto,Cheeseburger,WoochaN,Support,Lúcio,1,3,0.3333
Korea - Stage 1,Rialto,Cheeseburger,ZeSin,DPS,Bastion,2,2,1.0
Korea - Stage 1,Rialto,Crazy Raccoon,CH0R0NG,Support,Lúcio,1,1,1.0
Korea - Stage 1,Rialto,Crazy Raccoon,Ch0r0ng,Support,Jetpack Cat,1,3,0.3333
Korea - Stage 1,Rialto,Crazy Raccoon,Ch0r0ng,Support,Lúcio,1,3,0.3333
Korea - Stage 1,Rialto,Crazy Raccoon,Ch0r0ng,Support,Brigitte,1,3,0.3333
Korea - Stage 1,Rialto,Crazy Raccoon,HeeSang,DPS,Tracer,2,8,0.25
Korea - Stage 1,Rialto,Crazy Raccoon,HeeSang,DPS,Echo,1,8,0.125
Korea - Stage 1,Rialto,Crazy Raccoon,HeeSang,DPS,Vendetta,1,8,0.125
Korea - Stage 1,Rialto,Crazy Raccoon,HeeSang,DPS,Cassidy,1,8,0.125
Korea - Stage 1,Rialto,Crazy Raccoon,HeeSang,DPS,Ashe,1,8,0.125
Korea - Stage 1,Rialto,Crazy Raccoon,HeeSang,DPS,Pharah,1,8,0.125
Korea - Stage 1,Rialto,Crazy Raccoon,HeeSang,DPS,Hanzo,1,8,0.125
Korea - Stage 1,Rialto,Crazy Raccoon,JunBin,Tank,D.Va,2,4,0.5
Korea - Stage 1,Rialto,Crazy Raccoon,JunBin,Tank,Mauga,1,4,0.25
Korea - Stage 1,Rialto,Crazy Raccoon,JunBin,Tank,Ramattra,1,4,0.25
Korea - Stage 1,Rialto,Crazy Raccoon,MAX,Tank,D.Va,1,2,0.5
Korea - Stage 1,Rialto,Crazy Raccoon,MAX,Tank,Orisa,1,2,0.5
Korea - Stage 1,Rialto,Crazy Raccoon,STALK3R,DPS,Vendetta,2,7,0.2857
Korea - Stage 1,Rialto,Crazy Raccoon,STALK3R,DPS,Mei,1,7,0.1429
Korea - Stage 1,Rialto,Crazy Raccoon,STALK3R,DPS,Tracer,1,7,0.1429
Korea - Stage 1,Rialto,Crazy Raccoon,STALK3R,DPS,Symmetra,1,7,0.1429
Korea - Stage 1,Rialto,Crazy Raccoon,STALK3R,DPS,Pharah,1,7,0.1429
Korea - Stage 1,Rialto,Crazy Raccoon,STALK3R,DPS,Widowmaker,1,7,0.1429
Korea - Stage 1,Rialto,Crazy Raccoon,Vigilante,Support,Kiriko,2,3,0.6667
Korea - Stage 1,Rialto,Crazy Raccoon,Vigilante,Support,Ana,1,3,0.3333
Korea - Stage 1,Rialto,New Era,D0D0,DPS,Tracer,2,3,0.6667
Korea - Stage 1,Rialto,New Era,D0D0,DPS,Venture,1,3,0.3333
Korea - Stage 1,Rialto,New Era,MCD,Support,Ana,2,4,0.5
Korea - Stage 1,Rialto,New Era,MCD,Support,Brigitte,1,4,0.25
Korea - Stage 1,Rialto,New Era,MCD,Support,Kiriko,1,4,0.25
Korea - Stage 1,Rialto,New Era,Secret,Support,Kiriko,1,3,0.3333
Korea - Stage 1,Rialto,New Era,Secret,Support,Brigitte,1,3,0.3333
Korea - Stage 1,Rialto,New Era,Secret,Support,Lúcio,1,3,0.3333
Korea - Stage 1,Rialto,New Era,SoLA,Tank,D.Va,1,1,1.0
Korea - Stage 1,Rialto,New Era,Yate,Tank,Hazard,1,1,1.0
Korea - Stage 1,Rialto,New Era,perr,DPS,Cassidy,2,3,0.6667
Korea - Stage 1,Rialto,New Era,perr,DPS,Emre,1,3,0.3333
Korea - Stage 1,Rialto,Poker Face,CARU,Support,Kiriko,3,7,0.4286
Korea - Stage 1,Rialto,Poker Face,CARU,Support,Ana,2,7,0.2857
Korea - Stage 1,Rialto,Poker Face,CARU,Support,Zenyatta,1,7,0.1429
Korea - Stage 1,Rialto,Poker Face,CARU,Support,Juno,1,7,0.1429
Korea - Stage 1,Rialto,Poker Face,D4RT,DPS,Tracer,5,12,0.4167
Korea - Stage 1,Rialto,Poker Face,D4RT,DPS,Widowmaker,4,12,0.3333
Korea - Stage 1,Rialto,Poker Face,D4RT,DPS,Echo,2,12,0.1667
Korea - Stage 1,Rialto,Poker Face,D4RT,DPS,Hanzo,1,12,0.0833
Korea - Stage 1,Rialto,Poker Face,Fearful,Tank,D.Va,1,1,1.0
Korea - Stage 1,Rialto,Poker Face,Gur3um,Tank,D.Va,2,6,0.3333
Korea - Stage 1,Rialto,Poker Face,Gur3um,Tank,Winston,2,6,0.3333
Korea - Stage 1,Rialto,Poker Face,Gur3um,Tank,Orisa,1,6,0.1667
Korea - Stage 1,Rialto,Poker Face,Gur3um,Tank,Ramattra,1,6,0.1667
Korea - Stage 1,Rialto,Poker Face,M1NUT2,DPS,Emre,4,8,0.5
Korea - Stage 1,Rialto,Poker Face,M1NUT2,DPS,Symmetra,1,8,0.125
Korea - Stage 1,Rialto,Poker Face,M1NUT2,DPS,Widowmaker,1,8,0.125
Korea - Stage 1,Rialto,Poker Face,M1NUT2,DPS,Cassidy,1,8,0.125
Korea - Stage 1,Rialto,Poker Face,M1NUT2,DPS,Bastion,1,8,0.125
Korea - Stage 1,Rialto,Poker Face,TenTen,Support,Lúcio,4,9,0.4444
Korea - Stage 1,Rialto,Poker Face,TenTen,Support,Jetpack Cat,2,9,0.2222
Korea - Stage 1,Rialto,Poker Face,TenTen,Support,Wuyang,2,9,0.2222
Korea - Stage 1,Rialto,Poker Face,TenTen,Support,Illari,1,9,0.1111
Korea - Stage 1,Rialto,RØDE ONSIDE GAMING,ATTACK,Tank,D.Va,2,4,0.5
Korea - Stage 1,Rialto,RØDE ONSIDE GAMING,ATTACK,Tank,Hazard,1,4,0.25
Korea - Stage 1,Rialto,RØDE ONSIDE GAMING,ATTACK,Tank,Winston,1,4,0.25
Korea - Stage 1,Rialto,RØDE ONSIDE GAMING,KILO,DPS,Emre,2,7,0.2857
Korea - Stage 1,Rialto,RØDE ONSIDE GAMING,KILO,DPS,Widowmaker,2,7,0.2857
Korea - Stage 1,Rialto,RØDE ONSIDE GAMING,KILO,DPS,Sojourn,1,7,0.1429
Korea - Stage 1,Rialto,RØDE ONSIDE GAMING,KILO,DPS,Symmetra,1,7,0.1429
Korea - Stage 1,Rialto,RØDE ONSIDE GAMING,KILO,DPS,Bastion,1,7,0.1429
Korea - Stage 1,Rialto,RØDE ONSIDE GAMING,OPENER,Support,Lúcio,3,4,0.75
Korea - Stage 1,Rialto,RØDE ONSIDE GAMING,OPENER,Support,Brigitte,1,4,0.25
Korea - Stage 1,Rialto,RØDE ONSIDE GAMING,SP1NT,DPS,Pharah,2,8,0.25
Korea - Stage 1,Rialto,RØDE ONSIDE GAMING,SP1NT,DPS,Symmetra,1,8,0.125
Korea - Stage 1,Rialto,RØDE ONSIDE GAMING,SP1NT,DPS,Venture,1,8,0.125
Korea - Stage 1,Rialto,RØDE ONSIDE GAMING,SP1NT,DPS,Vendetta,1,8,0.125
Korea - Stage 1,Rialto,RØDE ONSIDE GAMING,SP1NT,DPS,Mei,1,8,0.125
Korea - Stage 1,Rialto,RØDE ONSIDE GAMING,SP1NT,DPS,Tracer,1,8,0.125
Korea - Stage 1,Rialto,RØDE ONSIDE GAMING,SP1NT,DPS,Sierra,1,8,0.125
Korea - Stage 1,Rialto,RØDE ONSIDE GAMING,iRONY,Support,Kiriko,3,4,0.75
Korea - Stage 1,Rialto,RØDE ONSIDE GAMING,iRONY,Support,Ana,1,4,0.25
Korea - Stage 1,Rialto,T1,Bliss,Support,Lúcio,1,1,1.0
Korea - Stage 1,Rialto,T1,Jasm1ne,Tank,D.Va,1,2,0.5
Korea - Stage 1,Rialto,T1,Jasm1ne,Tank,Reinhardt,1,2,0.5
Korea - Stage 1,Rialto,T1,Proud,DPS,Sojourn,1,1,1.0
Korea - Stage 1,Rialto,T1,ZEST,DPS,Symmetra,1,2,0.5
Korea - Stage 1,Rialto,T1,ZEST,DPS,Pharah,1,2,0.5
Korea - Stage 1,Rialto,T1,skewed,Support,Kiriko,1,1,1.0
Korea - Stage 1,Rialto,Team Falcons,Checkmate,DPS,Symmetra,1,5,0.2
Korea - Stage 1,Rialto,Team Falcons,Checkmate,DPS,Tracer,1,5,0.2
Korea - Stage 1,Rialto,Team Falcons,Checkmate,DPS,Genji,1,5,0.2
Korea - Stage 1,Rialto,Team Falcons,Checkmate,DPS,Pharah,1,5,0.2
Korea - Stage 1,Rialto,Team Falcons,Checkmate,DPS,Echo,1,5,0.2
Korea - Stage 1,Rialto,Team Falcons,ChiYo,Support,Brigitte,2,3,0.6667
Korea - Stage 1,Rialto,Team Falcons,ChiYo,Support,Lúcio,1,3,0.3333
Korea - Stage 1,Rialto,Team Falcons,Fielder,Support,Kiriko,2,4,0.5
Korea - Stage 1,Rialto,Team Falcons,Fielder,Support,Baptiste,1,4,0.25
Korea - Stage 1,Rialto,Team Falcons,Fielder,Support,Juno,1,4,0.25
Korea - Stage 1,Rialto,Team Falcons,Hanbin,Tank,Zarya,1,3,0.3333
Korea - Stage 1,Rialto,Team Falcons,Hanbin,Tank,Sigma,1,3,0.3333
Korea - Stage 1,Rialto,Team Falcons,Hanbin,Tank,D.Va,1,3,0.3333
Korea - Stage 1,Rialto,Team Falcons,MER1T,DPS,Emre,1,2,0.5
Korea - Stage 1,Rialto,Team Falcons,MER1T,DPS,Widowmaker,1,2,0.5
Korea - Stage 1,Rialto,Team Falcons,Mer1t,DPS,Sojourn,1,3,0.3333
Korea - Stage 1,Rialto,Team Falcons,Mer1t,DPS,Emre,1,3,0.3333
Korea - Stage 1,Rialto,Team Falcons,Mer1t,DPS,Symmetra,1,3,0.3333
Korea - Stage 1,Rialto,ZAN Esports,A1IEN,DPS,Emre,1,2,0.5
Korea - Stage 1,Rialto,ZAN Esports,A1IEN,DPS,Bastion,1,2,0.5
Korea - Stage 1,Rialto,ZAN Esports,Becky,DPS,Tracer,2,3,0.6667
Korea - Stage 1,Rialto,ZAN Esports,Becky,DPS,Pharah,1,3,0.3333
Korea - Stage 1,Rialto,ZAN Esports,HEISER,Tank,Hazard,1,3,0.3333
Korea - Stage 1,Rialto,ZAN Esports,HEISER,Tank,Zarya,1,3,0.3333
Korea - Stage 1,Rialto,ZAN Esports,HEISER,Tank,D.Va,1,3,0.3333
Korea - Stage 1,Rialto,ZAN Esports,KIVIS,Support,Ana,2,2,1.0
Korea - Stage 1,Rialto,ZAN Esports,YangJun,Support,Illari,1,2,0.5
Korea - Stage 1,Rialto,ZAN Esports,YangJun,Support,Jetpack Cat,1,2,0.5
Korea - Stage 1,Rialto,ZETA DIVISION,BERNAR,Tank,Orisa,2,4,0.5
Korea - Stage 1,Rialto,ZETA DIVISION,BERNAR,Tank,Hazard,1,4,0.25
Korea - Stage 1,Rialto,ZETA DIVISION,BERNAR,Tank,D.Va,1,4,0.25
Korea - Stage 1,Rialto,ZETA DIVISION,Proper,DPS,Tracer,2,5,0.4
Korea - Stage 1,Rialto,ZETA DIVISION,Proper,DPS,Pharah,1,5,0.2
Korea - Stage 1,Rialto,ZETA DIVISION,Proper,DPS,Vendetta,1,5,0.2
Korea - Stage 1,Rialto,ZETA DIVISION,Proper,DPS,Echo,1,5,0.2
Korea - Stage 1,Rialto,ZETA DIVISION,Viol2t,Support,Illari,1,2,0.5
Korea - Stage 1,Rialto,ZETA DIVISION,Viol2t,Support,Jetpack Cat,1,2,0.5
Korea - Stage 1,Rialto,ZETA DIVISION,knife,DPS,Emre,2,5,0.4
Korea - Stage 1,Rialto,ZETA DIVISION,knife,DPS,Sojourn,1,5,0.2
Korea - Stage 1,Rialto,ZETA DIVISION,knife,DPS,Tracer,1,5,0.2
Korea - Stage 1,Rialto,ZETA DIVISION,knife,DPS,Mei,1,5,0.2
Korea - Stage 1,Rialto,ZETA DIVISION,shu,Support,Baptiste,1,3,0.3333
Korea - Stage 1,Rialto,ZETA DIVISION,shu,Support,Kiriko,1,3,0.3333
Korea - Stage 1,Rialto,ZETA DIVISION,shu,Support,Ana,1,3,0.3333
Korea - Stage 1,Runasapi,Cheeseburger,Argon,DPS,Vendetta,1,2,0.5
Korea - Stage 1,Runasapi,Cheeseburger,Argon,DPS,Tracer,1,2,0.5
Korea - Stage 1,Runasapi,Cheeseburger,Faith,Support,Lúcio,1,2,0.5
Korea - Stage 1,Runasapi,Cheeseburger,Faith,Support,Jetpack Cat,1,2,0.5
Korea - Stage 1,Runasapi,Cheeseburger,SeungAn,Tank,D.Va,1,2,0.5
Korea - Stage 1,Runasapi,Cheeseburger,SeungAn,Tank,Mauga,1,2,0.5
Korea - Stage 1,Runasapi,Cheeseburger,WoochaN,Support,Kiriko,2,2,1.0
Korea - Stage 1,Runasapi,Cheeseburger,ZeSin,DPS,Bastion,1,1,1.0
Korea - Stage 1,Runasapi,Cheeseburger,Zesin,DPS,Sojourn,1,1,1.0
Korea - Stage 1,Runasapi,Crazy Raccoon,CH0R0NG,Support,Lúcio,3,3,1.0
Korea - Stage 1,Runasapi,Crazy Raccoon,HeeSang,DPS,Pharah,2,3,0.6667
Korea - Stage 1,Runasapi,Crazy Raccoon,HeeSang,DPS,Vendetta,1,3,0.3333
Korea - Stage 1,Runasapi,Crazy Raccoon,JunBin,Tank,Zarya,2,2,1.0
Korea - Stage 1,Runasapi,Crazy Raccoon,MAX,Tank,Zarya,1,2,0.5
Korea - Stage 1,Runasapi,Crazy Raccoon,MAX,Tank,Mauga,1,2,0.5
Korea - Stage 1,Runasapi,Crazy Raccoon,STALK3R,DPS,Tracer,2,5,0.4
Korea - Stage 1,Runasapi,Crazy Raccoon,STALK3R,DPS,Emre,2,5,0.4
Korea - Stage 1,Runasapi,Crazy Raccoon,STALK3R,DPS,Sojourn,1,5,0.2
Korea - Stage 1,Runasapi,Crazy Raccoon,Vigilante,Support,Kiriko,3,6,0.5
Korea - Stage 1,Runasapi,Crazy Raccoon,Vigilante,Support,Juno,3,6,0.5
Korea - Stage 1,Runasapi,New Era,D0D0,DPS,Genji,1,1,1.0
Korea - Stage 1,Runasapi,New Era,MCD,Tank,Hazard,1,1,1.0
Korea - Stage 1,Runasapi,New Era,Secret,Support,Brigitte,1,1,1.0
Korea - Stage 1,Runasapi,New Era,Yate,Support,Juno,1,1,1.0
Korea - Stage 1,Runasapi,New Era,perr,DPS,Emre,1,1,1.0
Korea - Stage 1,Runasapi,Poker Face,CARU,Support,Kiriko,1,2,0.5
Korea - Stage 1,Runasapi,Poker Face,CARU,Support,Ana,1,2,0.5
Korea - Stage 1,Runasapi,Poker Face,D4RT,DPS,Vendetta,1,2,0.5
Korea - Stage 1,Runasapi,Poker Face,D4RT,DPS,Tracer,1,2,0.5
Korea - Stage 1,Runasapi,Poker Face,Fearful,Tank,D.Va,1,2,0.5
Korea - Stage 1,Runasapi,Poker Face,Fearful,Tank,Mauga,1,2,0.5
Korea - Stage 1,Runasapi,Poker Face,Gur3um,Tank,D.Va,1,1,1.0
Korea - Stage 1,Runasapi,Poker Face,M1NUT2,DPS,Sojourn,1,2,0.5
Korea - Stage 1,Runasapi,Poker Face,M1NUT2,DPS,Bastion,1,2,0.5
Korea - Stage 1,Runasapi,Poker Face,TenTen,Support,Lúcio,1,2,0.5
Korea - Stage 1,Runasapi,Poker Face,TenTen,Support,Jetpack Cat,1,2,0.5
Korea - Stage 1,Runasapi,RØDE ONSIDE GAMING,ATTACK,Tank,Zarya,5,12,0.4167
Korea - Stage 1,Runasapi,RØDE ONSIDE GAMING,ATTACK,Tank,D.Va,4,12,0.3333
Korea - Stage 1,Runasapi,RØDE ONSIDE GAMING,ATTACK,Tank,Doomfist,1,12,0.0833
Korea - Stage 1,Runasapi,RØDE ONSIDE GAMING,ATTACK,Tank,Mauga,1,12,0.0833
Korea - Stage 1,Runasapi,RØDE ONSIDE GAMING,ATTACK,Tank,Ramattra,1,12,0.0833
Korea - Stage 1,Runasapi,RØDE ONSIDE GAMING,KILO,DPS,Emre,5,13,0.3846
Korea - Stage 1,Runasapi,RØDE ONSIDE GAMING,KILO,DPS,Sojourn,4,13,0.3077
Korea - Stage 1,Runasapi,RØDE ONSIDE GAMING,KILO,DPS,Widowmaker,1,13,0.0769
Korea - Stage 1,Runasapi,RØDE ONSIDE GAMING,KILO,DPS,Tracer,1,13,0.0769
Korea - Stage 1,Runasapi,RØDE ONSIDE GAMING,KILO,DPS,Sierra,1,13,0.0769
Korea - Stage 1,Runasapi,RØDE ONSIDE GAMING,KILO,DPS,Bastion,1,13,0.0769
Korea - Stage 1,Runasapi,RØDE ONSIDE GAMING,OPENER,Support,Lúcio,5,8,0.625
Korea - Stage 1,Runasapi,RØDE ONSIDE GAMING,OPENER,Support,Brigitte,2,8,0.25
Korea - Stage 1,Runasapi,RØDE ONSIDE GAMING,OPENER,Support,Jetpack Cat,1,8,0.125
Korea - Stage 1,Runasapi,RØDE ONSIDE GAMING,SP1NT,DPS,Tracer,5,16,0.3125
Korea - Stage 1,Runasapi,RØDE ONSIDE GAMING,SP1NT,DPS,Vendetta,4,16,0.25
Korea - Stage 1,Runasapi,RØDE ONSIDE GAMING,SP1NT,DPS,Symmetra,3,16,0.1875
Korea - Stage 1,Runasapi,RØDE ONSIDE GAMING,SP1NT,DPS,Pharah,3,16,0.1875
Korea - Stage 1,Runasapi,RØDE ONSIDE GAMING,SP1NT,DPS,Mei,1,16,0.0625
Korea - Stage 1,Runasapi,RØDE ONSIDE GAMING,iRONY,Support,Kiriko,7,8,0.875
Korea - Stage 1,Runasapi,RØDE ONSIDE GAMING,iRONY,Support,Juno,1,8,0.125
Korea - Stage 1,Runasapi,T1,Bliss,Support,Brigitte,1,1,1.0
Korea - Stage 1,Runasapi,T1,Jasm1ne,Tank,D.Va,1,2,0.5
Korea - Stage 1,Runasapi,T1,Jasm1ne,Tank,Orisa,1,2,0.5
Korea - Stage 1,Runasapi,T1,Proud,DPS,Sojourn,1,1,1.0
Korea - Stage 1,Runasapi,T1,ZEST,DPS,Echo,1,2,0.5
Korea - Stage 1,Runasapi,T1,ZEST,DPS,Vendetta,1,2,0.5
Korea - Stage 1,Runasapi,T1,skewed,Support,Kiriko,1,2,0.5
Korea - Stage 1,Runasapi,T1,skewed,Support,Juno,1,2,0.5
Korea - Stage 1,Runasapi,Team Falcons,Checkmate,DPS,Symmetra,2,5,0.4
Korea - Stage 1,Runasapi,Team Falcons,Checkmate,DPS,Tracer,2,5,0.4
Korea - Stage 1,Runasapi,Team Falcons,Checkmate,DPS,Pharah,1,5,0.2
Korea - Stage 1,Runasapi,Team Falcons,ChiYo,Support,Lúcio,2,5,0.4
Korea - Stage 1,Runasapi,Team Falcons,ChiYo,Support,Juno,2,5,0.4
Korea - Stage 1,Runasapi,Team Falcons,ChiYo,Support,Jetpack Cat,1,5,0.2
Korea - Stage 1,Runasapi,Team Falcons,Fielder,Support,Kiriko,3,6,0.5
Korea - Stage 1,Runasapi,Team Falcons,Fielder,Support,Baptiste,1,6,0.1667
Korea - Stage 1,Runasapi,Team Falcons,Fielder,Support,Ana,1,6,0.1667
Korea - Stage 1,Runasapi,Team Falcons,Fielder,Support,Juno,1,6,0.1667
Korea - Stage 1,Runasapi,Team Falcons,Hanbin,Tank,Ramattra,2,3,0.6667
Korea - Stage 1,Runasapi,Team Falcons,Hanbin,Tank,Zarya,1,3,0.3333
Korea - Stage 1,Runasapi,Team Falcons,MER1T,DPS,Emre,1,1,1.0
Korea - Stage 1,Runasapi,Team Falcons,Mer1t,DPS,Emre,2,3,0.6667
Korea - Stage 1,Runasapi,Team Falcons,Mer1t,DPS,Bastion,1,3,0.3333
Korea - Stage 1,Runasapi,Team Falcons,SOMEONE,Tank,Zarya,1,2,0.5
Korea - Stage 1,Runasapi,Team Falcons,SOMEONE,Tank,Ramattra,1,2,0.5
Korea - Stage 1,Runasapi,ZAN Esports,A1IEN,DPS,Sojourn,1,1,1.0
Korea - Stage 1,Runasapi,ZAN Esports,Becky,DPS,Tracer,1,1,1.0
Korea - Stage 1,Runasapi,ZAN Esports,HEISER,Tank,D.Va,1,2,0.5
Korea - Stage 1,Runasapi,ZAN Esports,HEISER,Tank,Wrecking Ball,1,2,0.5
Korea - Stage 1,Runasapi,ZAN Esports,KIVIS,Support,Kiriko,1,2,0.5
Korea - Stage 1,Runasapi,ZAN Esports,KIVIS,Support,Juno,1,2,0.5
Korea - Stage 1,Runasapi,ZAN Esports,YangJun,Support,Lúcio,1,1,1.0
Korea - Stage 1,Runasapi,ZETA DIVISION,Mealgaru,Tank,Zarya,2,5,0.4
Korea - Stage 1,Runasapi,ZETA DIVISION,Mealgaru,Tank,Ramattra,2,5,0.4
Korea - Stage 1,Runasapi,ZETA DIVISION,Mealgaru,Tank,D.Va,1,5,0.2
Korea - Stage 1,Runasapi,ZETA DIVISION,Proper,DPS,Tracer,2,5,0.4
Korea - Stage 1,Runasapi,ZETA DIVISION,Proper,DPS,Pharah,2,5,0.4
Korea - Stage 1,Runasapi,ZETA DIVISION,Proper,DPS,Echo,1,5,0.2
Korea - Stage 1,Runasapi,ZETA DIVISION,Viol2t,Support,Lúcio,2,5,0.4
Korea - Stage 1,Runasapi,ZETA DIVISION,Viol2t,Support,Illari,2,5,0.4
Korea - Stage 1,Runasapi,ZETA DIVISION,Viol2t,Support,Brigitte,1,5,0.2
Korea - Stage 1,Runasapi,ZETA DIVISION,knife,DPS,Emre,4,6,0.6667
Korea - Stage 1,Runasapi,ZETA DIVISION,knife,DPS,Sojourn,1,6,0.1667
Korea - Stage 1,Runasapi,ZETA DIVISION,knife,DPS,Symmetra,1,6,0.1667
Korea - Stage 1,Runasapi,ZETA DIVISION,shu,Support,Juno,3,5,0.6
Korea - Stage 1,Runasapi,ZETA DIVISION,shu,Support,Kiriko,2,5,0.4
Korea - Stage 1,Suravasa,Cheeseburger,Argon,DPS,Vendetta,1,2,0.5
Korea - Stage 1,Suravasa,Cheeseburger,Argon,DPS,Symmetra,1,2,0.5
Korea - Stage 1,Suravasa,Cheeseburger,Faith,Support,Lúcio,1,1,1.0
Korea - Stage 1,Suravasa,Cheeseburger,SeungAn,Tank,D.Va,1,2,0.5
Korea - Stage 1,Suravasa,Cheeseburger,SeungAn,Tank,Doomfist,1,2,0.5
Korea - Stage 1,Suravasa,Cheeseburger,WoochaN,Support,Kiriko,1,1,1.0
Korea - Stage 1,Suravasa,Cheeseburger,ZeSin,DPS,Sojourn,1,1,1.0
Korea - Stage 1,Suravasa,Crazy Raccoon,CH0R0NG,Support,Lúcio,1,2,0.5
Korea - Stage 1,Suravasa,Crazy Raccoon,CH0R0NG,Support,Jetpack Cat,1,2,0.5
Korea - Stage 1,Suravasa,Crazy Raccoon,Ch0r0ng,Support,Jetpack Cat,2,3,0.6667
Korea - Stage 1,Suravasa,Crazy Raccoon,Ch0r0ng,Support,Lúcio,1,3,0.3333
Korea - Stage 1,Suravasa,Crazy Raccoon,HeeSang,DPS,Tracer,3,9,0.3333
Korea - Stage 1,Suravasa,Crazy Raccoon,HeeSang,DPS,Symmetra,2,9,0.2222
Korea - Stage 1,Suravasa,Crazy Raccoon,HeeSang,DPS,Vendetta,1,9,0.1111
Korea - Stage 1,Suravasa,Crazy Raccoon,HeeSang,DPS,Cassidy,1,9,0.1111
Korea - Stage 1,Suravasa,Crazy Raccoon,HeeSang,DPS,Soldier: 76,1,9,0.1111
Korea - Stage 1,Suravasa,Crazy Raccoon,HeeSang,DPS,Sombra,1,9,0.1111
Korea - Stage 1,Suravasa,Crazy Raccoon,JunBin,Tank,Wrecking Ball,3,5,0.6
Korea - Stage 1,Suravasa,Crazy Raccoon,JunBin,Tank,Hazard,1,5,0.2
Korea - Stage 1,Suravasa,Crazy Raccoon,JunBin,Tank,Mauga,1,5,0.2
Korea - Stage 1,Suravasa,Crazy Raccoon,MAX,Tank,D.Va,1,2,0.5
Korea - Stage 1,Suravasa,Crazy Raccoon,MAX,Tank,Domina,1,2,0.5
Korea - Stage 1,Suravasa,Crazy Raccoon,STALK3R,DPS,Bastion,2,7,0.2857
Korea - Stage 1,Suravasa,Crazy Raccoon,STALK3R,DPS,Vendetta,1,7,0.1429
Korea - Stage 1,Suravasa,Crazy Raccoon,STALK3R,DPS,Sojourn,1,7,0.1429
Korea - Stage 1,Suravasa,Crazy Raccoon,STALK3R,DPS,Sombra,1,7,0.1429
Korea - Stage 1,Suravasa,Crazy Raccoon,STALK3R,DPS,Cassidy,1,7,0.1429
Korea - Stage 1,Suravasa,Crazy Raccoon,STALK3R,DPS,Emre,1,7,0.1429
Korea - Stage 1,Suravasa,Crazy Raccoon,Vigilante,Support,Ana,2,4,0.5
Korea - Stage 1,Suravasa,Crazy Raccoon,Vigilante,Support,Kiriko,1,4,0.25
Korea - Stage 1,Suravasa,Crazy Raccoon,Vigilante,Support,Juno,1,4,0.25
Korea - Stage 1,Suravasa,New Era,D0D0,DPS,Tracer,2,4,0.5
Korea - Stage 1,Suravasa,New Era,D0D0,DPS,Vendetta,1,4,0.25
Korea - Stage 1,Suravasa,New Era,D0D0,DPS,Symmetra,1,4,0.25
Korea - Stage 1,Suravasa,New Era,MCD,Support,Brigitte,1,3,0.3333
Korea - Stage 1,Suravasa,New Era,MCD,Support,Ana,1,3,0.3333
Korea - Stage 1,Suravasa,New Era,MCD,Support,Juno,1,3,0.3333
Korea - Stage 1,Suravasa,New Era,Secret,Support,Kiriko,1,3,0.3333
Korea - Stage 1,Suravasa,New Era,Secret,Support,Juno,1,3,0.3333
Korea - Stage 1,Suravasa,New Era,Secret,Support,Brigitte,1,3,0.3333
Korea - Stage 1,Suravasa,New Era,SoLA,Tank,D.Va,1,1,1.0
Korea - Stage 1,Suravasa,New Era,Yate,Tank,Hazard,1,2,0.5
Korea - Stage 1,Suravasa,New Era,Yate,Tank,Wrecking Ball,1,2,0.5
Korea - Stage 1,Suravasa,New Era,perr,DPS,Sojourn,1,2,0.5
Korea - Stage 1,Suravasa,New Era,perr,DPS,Emre,1,2,0.5
Korea - Stage 1,Suravasa,T1,Bliss,Support,Lúcio,3,5,0.6
Korea - Stage 1,Suravasa,T1,Bliss,Support,Wuyang,1,5,0.2
Korea - Stage 1,Suravasa,T1,Bliss,Support,Jetpack Cat,1,5,0.2
Korea - Stage 1,Suravasa,T1,DONGHAK,Tank,Wrecking Ball,1,1,1.0
Korea - Stage 1,Suravasa,T1,Jasm1ne,Tank,D.Va,1,3,0.3333
Korea - Stage 1,Suravasa,T1,Jasm1ne,Tank,Doomfist,1,3,0.3333
Korea - Stage 1,Suravasa,T1,Jasm1ne,Tank,Wrecking Ball,1,3,0.3333
Korea - Stage 1,Suravasa,T1,Proud,DPS,Emre,2,4,0.5
Korea - Stage 1,Suravasa,T1,Proud,DPS,Sojourn,1,4,0.25
Korea - Stage 1,Suravasa,T1,Proud,DPS,Symmetra,1,4,0.25
Korea - Stage 1,Suravasa,T1,ZEST,DPS,Vendetta,2,6,0.3333
Korea - Stage 1,Suravasa,T1,ZEST,DPS,Sombra,1,6,0.1667
Korea - Stage 1,Suravasa,T1,ZEST,DPS,Echo,1,6,0.1667
Korea - Stage 1,Suravasa,T1,ZEST,DPS,Tracer,1,6,0.1667
Korea - Stage 1,Suravasa,T1,ZEST,DPS,Symmetra,1,6,0.1667
Korea - Stage 1,Suravasa,T1,skewed,Support,Kiriko,2,5,0.4
Korea - Stage 1,Suravasa,T1,skewed,Support,Juno,1,5,0.2
Korea - Stage 1,Suravasa,T1,skewed,Support,Ana,1,5,0.2
Korea - Stage 1,Suravasa,T1,skewed,Support,Jetpack Cat,1,5,0.2
Korea - Stage 1,Suravasa,Team Falcons,Checkmate,DPS,Vendetta,2,3,0.6667
Korea - Stage 1,Suravasa,Team Falcons,Checkmate,DPS,Symmetra,1,3,0.3333
Korea - Stage 1,Suravasa,Team Falcons,ChiYo,Support,Lúcio,2,2,1.0
Korea - Stage 1,Suravasa,Team Falcons,Fielder,Support,Kiriko,2,4,0.5
Korea - Stage 1,Suravasa,Team Falcons,Fielder,Support,Juno,2,4,0.5
Korea - Stage 1,Suravasa,Team Falcons,Hanbin,Tank,D.Va,1,1,1.0
Korea - Stage 1,Suravasa,Team Falcons,MER1T,DPS,Emre,1,1,1.0
Korea - Stage 1,Suravasa,Team Falcons,Mer1t,DPS,Symmetra,1,1,1.0
Korea - Stage 1,Suravasa,Team Falcons,SOMEONE,Tank,Zarya,1,1,1.0
Korea - Stage 1,Suravasa,ZAN Esports,A1IEN,DPS,Emre,1,1,1.0
Korea - Stage 1,Suravasa,ZAN Esports,Becky,DPS,Vendetta,2,3,0.6667
Korea - Stage 1,Suravasa,ZAN Esports,Becky,DPS,Symmetra,1,3,0.3333
Korea - Stage 1,Suravasa,ZAN Esports,HEISER,Tank,D.Va,1,3,0.3333
Korea - Stage 1,Suravasa,ZAN Esports,HEISER,Tank,Doomfist,1,3,0.3333
Korea - Stage 1,Suravasa,ZAN Esports,HEISER,Tank,Zarya,1,3,0.3333
Korea - Stage 1,Suravasa,ZAN Esports,KIVIS,Support,Baptiste,1,3,0.3333
Korea - Stage 1,Suravasa,ZAN Esports,KIVIS,Support,Kiriko,1,3,0.3333
Korea - Stage 1,Suravasa,ZAN Esports,KIVIS,Support,Juno,1,3,0.3333
Korea - Stage 1,Suravasa,ZAN Esports,Probe,DPS,Emre,1,2,0.5
Korea - Stage 1,Suravasa,ZAN Esports,Probe,DPS,Symmetra,1,2,0.5
Korea - Stage 1,Suravasa,ZAN Esports,YangJun,Support,Lúcio,2,3,0.6667
Korea - Stage 1,Suravasa,ZAN Esports,YangJun,Support,Lifeweaver,1,3,0.3333
Korea - Stage 1,Suravasa,ZETA DIVISION,BERNAR,Tank,D.Va,2,2,1.0
Korea - Stage 1,Suravasa,ZETA DIVISION,Mealgaru,Tank,Wrecking Ball,2,3,0.6667
Korea - Stage 1,Suravasa,ZETA DIVISION,Mealgaru,Tank,Winston,1,3,0.3333
Korea - Stage 1,Suravasa,ZETA DIVISION,Proper,DPS,Tracer,3,9,0.3333
Korea - Stage 1,Suravasa,ZETA DIVISION,Proper,DPS,Symmetra,3,9,0.3333
Korea - Stage 1,Suravasa,ZETA DIVISION,Proper,DPS,Vendetta,2,9,0.2222
Korea - Stage 1,Suravasa,ZETA DIVISION,Proper,DPS,Echo,1,9,0.1111
Korea - Stage 1,Suravasa,ZETA DIVISION,Viol2t,Support,Illari,2,5,0.4
Korea - Stage 1,Suravasa,ZETA DIVISION,Viol2t,Support,Brigitte,1,5,0.2
Korea - Stage 1,Suravasa,ZETA DIVISION,Viol2t,Support,Lúcio,1,5,0.2
Korea - Stage 1,Suravasa,ZETA DIVISION,Viol2t,Support,Jetpack Cat,1,5,0.2
Korea - Stage 1,Suravasa,ZETA DIVISION,knife,DPS,Sojourn,2,8,0.25
Korea - Stage 1,Suravasa,ZETA DIVISION,knife,DPS,Symmetra,1,8,0.125
Korea - Stage 1,Suravasa,ZETA DIVISION,knife,DPS,Mei,1,8,0.125
Korea - Stage 1,Suravasa,ZETA DIVISION,knife,DPS,Emre,1,8,0.125
Korea - Stage 1,Suravasa,ZETA DIVISION,knife,DPS,Cassidy,1,8,0.125
Korea - Stage 1,Suravasa,ZETA DIVISION,knife,DPS,Sombra,1,8,0.125
Korea - Stage 1,Suravasa,ZETA DIVISION,knife,DPS,Bastion,1,8,0.125
Korea - Stage 1,Suravasa,ZETA DIVISION,shu,Support,Ana,4,4,1.0
Korea - Stage 1,Watchpoint: Gibraltar,Cheeseburger,Argon,DPS,Tracer,4,7,0.5714
Korea - Stage 1,Watchpoint: Gibraltar,Cheeseburger,Argon,DPS,Symmetra,2,7,0.2857
Korea - Stage 1,Watchpoint: Gibraltar,Cheeseburger,Argon,DPS,Vendetta,1,7,0.1429
Korea - Stage 1,Watchpoint: Gibraltar,Cheeseburger,FARMER,Tank,Zarya,1,2,0.5
Korea - Stage 1,Watchpoint: Gibraltar,Cheeseburger,FARMER,Tank,Winston,1,2,0.5
Korea - Stage 1,Watchpoint: Gibraltar,Cheeseburger,Faith,Support,Brigitte,3,6,0.5
Korea - Stage 1,Watchpoint: Gibraltar,Cheeseburger,Faith,Support,Lúcio,1,6,0.1667
Korea - Stage 1,Watchpoint: Gibraltar,Cheeseburger,Faith,Support,Ana,1,6,0.1667
Korea - Stage 1,Watchpoint: Gibraltar,Cheeseburger,Faith,Support,Zenyatta,1,6,0.1667
Korea - Stage 1,Watchpoint: Gibraltar,Cheeseburger,SeungAn,Tank,Winston,2,2,1.0
Korea - Stage 1,Watchpoint: Gibraltar,Cheeseburger,WoochaN,Support,Kiriko,2,4,0.5
Korea - Stage 1,Watchpoint: Gibraltar,Cheeseburger,WoochaN,Support,Ana,2,4,0.5
Korea - Stage 1,Watchpoint: Gibraltar,Cheeseburger,ZeSin,DPS,Cassidy,3,10,0.3
Korea - Stage 1,Watchpoint: Gibraltar,Cheeseburger,ZeSin,DPS,Widowmaker,2,10,0.2
Korea - Stage 1,Watchpoint: Gibraltar,Cheeseburger,ZeSin,DPS,Emre,1,10,0.1
Korea - Stage 1,Watchpoint: Gibraltar,Cheeseburger,ZeSin,DPS,Freja,1,10,0.1
Korea - Stage 1,Watchpoint: Gibraltar,Cheeseburger,ZeSin,DPS,Reaper,1,10,0.1
Korea - Stage 1,Watchpoint: Gibraltar,Cheeseburger,ZeSin,DPS,Anran,1,10,0.1
Korea - Stage 1,Watchpoint: Gibraltar,Cheeseburger,ZeSin,DPS,Hanzo,1,10,0.1
Korea - Stage 1,Watchpoint: Gibraltar,New Era,D0D0,DPS,Tracer,1,2,0.5
Korea - Stage 1,Watchpoint: Gibraltar,New Era,D0D0,DPS,Hanzo,1,2,0.5
Korea - Stage 1,Watchpoint: Gibraltar,New Era,MCD,Support,Zenyatta,1,2,0.5
Korea - Stage 1,Watchpoint: Gibraltar,New Era,MCD,Support,Kiriko,1,2,0.5
Korea - Stage 1,Watchpoint: Gibraltar,New Era,Secret,Support,Brigitte,1,1,1.0
Korea - Stage 1,Watchpoint: Gibraltar,New Era,Yate,Tank,Wrecking Ball,1,3,0.3333
Korea - Stage 1,Watchpoint: Gibraltar,New Era,Yate,Tank,Winston,1,3,0.3333
Korea - Stage 1,Watchpoint: Gibraltar,New Era,Yate,Tank,Doomfist,1,3,0.3333
Korea - Stage 1,Watchpoint: Gibraltar,New Era,perr,DPS,Hanzo,1,3,0.3333
Korea - Stage 1,Watchpoint: Gibraltar,New Era,perr,DPS,Emre,1,3,0.3333
Korea - Stage 1,Watchpoint: Gibraltar,New Era,perr,DPS,Cassidy,1,3,0.3333
Korea - Stage 1,Watchpoint: Gibraltar,RØDE ONSIDE GAMING,ATTACK,Tank,D.Va,2,2,1.0
Korea - Stage 1,Watchpoint: Gibraltar,RØDE ONSIDE GAMING,KILO,DPS,Emre,2,4,0.5
Korea - Stage 1,Watchpoint: Gibraltar,RØDE ONSIDE GAMING,KILO,DPS,Cassidy,1,4,0.25
Korea - Stage 1,Watchpoint: Gibraltar,RØDE ONSIDE GAMING,KILO,DPS,Widowmaker,1,4,0.25
Korea - Stage 1,Watchpoint: Gibraltar,RØDE ONSIDE GAMING,OPENER,Support,Wuyang,1,3,0.3333
Korea - Stage 1,Watchpoint: Gibraltar,RØDE ONSIDE GAMING,OPENER,Support,Lúcio,1,3,0.3333
Korea - Stage 1,Watchpoint: Gibraltar,RØDE ONSIDE GAMING,OPENER,Support,Brigitte,1,3,0.3333
Korea - Stage 1,Watchpoint: Gibraltar,RØDE ONSIDE GAMING,SP1NT,DPS,Torbjörn,2,5,0.4
Korea - Stage 1,Watchpoint: Gibraltar,RØDE ONSIDE GAMING,SP1NT,DPS,Genji,2,5,0.4
Korea - Stage 1,Watchpoint: Gibraltar,RØDE ONSIDE GAMING,SP1NT,DPS,Tracer,1,5,0.2
Korea - Stage 1,Watchpoint: Gibraltar,RØDE ONSIDE GAMING,iRONY,Support,Ana,2,3,0.6667
Korea - Stage 1,Watchpoint: Gibraltar,RØDE ONSIDE GAMING,iRONY,Support,Kiriko,1,3,0.3333
Korea - Stage 1,Watchpoint: Gibraltar,T1,Bliss,Support,Lúcio,1,1,1.0
Korea - Stage 1,Watchpoint: Gibraltar,T1,DONGHAK,Tank,Wrecking Ball,1,3,0.3333
Korea - Stage 1,Watchpoint: Gibraltar,T1,DONGHAK,Tank,Hazard,1,3,0.3333
Korea - Stage 1,Watchpoint: Gibraltar,T1,DONGHAK,Tank,Mauga,1,3,0.3333
Korea - Stage 1,Watchpoint: Gibraltar,T1,Proud,DPS,Emre,1,2,0.5
Korea - Stage 1,Watchpoint: Gibraltar,T1,Proud,DPS,Reaper,1,2,0.5
Korea - Stage 1,Watchpoint: Gibraltar,T1,ZEST,DPS,Tracer,1,1,1.0
Korea - Stage 1,Watchpoint: Gibraltar,T1,skewed,Support,Kiriko,1,1,1.0
Korea - Stage 1,Watchpoint: Gibraltar,Team Falcons,Checkmate,DPS,Tracer,2,8,0.25
Korea - Stage 1,Watchpoint: Gibraltar,Team Falcons,Checkmate,DPS,Torbjörn,2,8,0.25
Korea - Stage 1,Watchpoint: Gibraltar,Team Falcons,Checkmate,DPS,Vendetta,1,8,0.125
Korea - Stage 1,Watchpoint: Gibraltar,Team Falcons,Checkmate,DPS,Widowmaker,1,8,0.125
Korea - Stage 1,Watchpoint: Gibraltar,Team Falcons,Checkmate,DPS,Mei,1,8,0.125
Korea - Stage 1,Watchpoint: Gibraltar,Team Falcons,Checkmate,DPS,Reaper,1,8,0.125
Korea - Stage 1,Watchpoint: Gibraltar,Team Falcons,ChiYo,Support,Brigitte,3,7,0.4286
Korea - Stage 1,Watchpoint: Gibraltar,Team Falcons,ChiYo,Support,Jetpack Cat,2,7,0.2857
Korea - Stage 1,Watchpoint: Gibraltar,Team Falcons,ChiYo,Support,Lifeweaver,1,7,0.1429
Korea - Stage 1,Watchpoint: Gibraltar,Team Falcons,ChiYo,Support,Juno,1,7,0.1429
Korea - Stage 1,Watchpoint: Gibraltar,Team Falcons,Fielder,Support,Kiriko,4,7,0.5714
Korea - Stage 1,Watchpoint: Gibraltar,Team Falcons,Fielder,Support,Ana,1,7,0.1429
Korea - Stage 1,Watchpoint: Gibraltar,Team Falcons,Fielder,Support,Juno,1,7,0.1429
Korea - Stage 1,Watchpoint: Gibraltar,Team Falcons,Fielder,Support,Baptiste,1,7,0.1429
Korea - Stage 1,Watchpoint: Gibraltar,Team Falcons,Hanbin,Tank,Winston,1,2,0.5
Korea - Stage 1,Watchpoint: Gibraltar,Team Falcons,Hanbin,Tank,D.Va,1,2,0.5
Korea - Stage 1,Watchpoint: Gibraltar,Team Falcons,MER1T,DPS,Cassidy,2,6,0.3333
Korea - Stage 1,Watchpoint: Gibraltar,Team Falcons,MER1T,DPS,Emre,2,6,0.3333
Korea - Stage 1,Watchpoint: Gibraltar,Team Falcons,MER1T,DPS,Hanzo,2,6,0.3333
Korea - Stage 1,Watchpoint: Gibraltar,Team Falcons,Mer1t,DPS,Cassidy,1,3,0.3333
Korea - Stage 1,Watchpoint: Gibraltar,Team Falcons,Mer1t,DPS,Hanzo,1,3,0.3333
Korea - Stage 1,Watchpoint: Gibraltar,Team Falcons,Mer1t,DPS,Bastion,1,3,0.3333
Korea - Stage 1,Watchpoint: Gibraltar,Team Falcons,SOMEONE,Tank,D.Va,1,2,0.5
Korea - Stage 1,Watchpoint: Gibraltar,Team Falcons,SOMEONE,Tank,Mauga,1,2,0.5
Korea - Stage 1,Watchpoint: Gibraltar,ZAN Esports,A1IEN,DPS,Emre,2,4,0.5
Korea - Stage 1,Watchpoint: Gibraltar,ZAN Esports,A1IEN,DPS,Cassidy,1,4,0.25
Korea - Stage 1,Watchpoint: Gibraltar,ZAN Esports,A1IEN,DPS,Bastion,1,4,0.25
Korea - Stage 1,Watchpoint: Gibraltar,ZAN Esports,Becky,DPS,Tracer,3,5,0.6
Korea - Stage 1,Watchpoint: Gibraltar,ZAN Esports,Becky,DPS,Symmetra,1,5,0.2
Korea - Stage 1,Watchpoint: Gibraltar,ZAN Esports,Becky,DPS,Venture,1,5,0.2
Korea - Stage 1,Watchpoint: Gibraltar,ZAN Esports,HEISER,Tank,Winston,2,8,0.25
Korea - Stage 1,Watchpoint: Gibraltar,ZAN Esports,HEISER,Tank,D.Va,2,8,0.25
Korea - Stage 1,Watchpoint: Gibraltar,ZAN Esports,HEISER,Tank,Hazard,2,8,0.25
Korea - Stage 1,Watchpoint: Gibraltar,ZAN Esports,HEISER,Tank,Wrecking Ball,2,8,0.25
Korea - Stage 1,Watchpoint: Gibraltar,ZAN Esports,KIVIS,Support,Kiriko,3,3,1.0
Korea - Stage 1,Watchpoint: Gibraltar,ZAN Esports,Probe,DPS,Emre,1,2,0.5
Korea - Stage 1,Watchpoint: Gibraltar,ZAN Esports,Probe,DPS,Widowmaker,1,2,0.5
Korea - Stage 1,Watchpoint: Gibraltar,ZAN Esports,YangJun,Support,Brigitte,3,6,0.5
Korea - Stage 1,Watchpoint: Gibraltar,ZAN Esports,YangJun,Support,Lúcio,2,6,0.3333
Korea - Stage 1,Watchpoint: Gibraltar,ZAN Esports,YangJun,Support,Wuyang,1,6,0.1667
Korea - Stage 1,Watchpoint: Gibraltar,ZETA DIVISION,BERNAR,Tank,Winston,1,1,1.0
Korea - Stage 1,Watchpoint: Gibraltar,ZETA DIVISION,Mealgaru,Tank,Wrecking Ball,2,4,0.5
Korea - Stage 1,Watchpoint: Gibraltar,ZETA DIVISION,Mealgaru,Tank,D.Va,1,4,0.25
Korea - Stage 1,Watchpoint: Gibraltar,ZETA DIVISION,Mealgaru,Tank,Zarya,1,4,0.25
Korea - Stage 1,Watchpoint: Gibraltar,ZETA DIVISION,Proper,DPS,Tracer,3,9,0.3333
Korea - Stage 1,Watchpoint: Gibraltar,ZETA DIVISION,Proper,DPS,Genji,1,9,0.1111
Korea - Stage 1,Watchpoint: Gibraltar,ZETA DIVISION,Proper,DPS,Symmetra,1,9,0.1111
Korea - Stage 1,Watchpoint: Gibraltar,ZETA DIVISION,Proper,DPS,Cassidy,1,9,0.1111
Korea - Stage 1,Watchpoint: Gibraltar,ZETA DIVISION,Proper,DPS,Sierra,1,9,0.1111
Korea - Stage 1,Watchpoint: Gibraltar,ZETA DIVISION,Proper,DPS,Reaper,1,9,0.1111
Korea - Stage 1,Watchpoint: Gibraltar,ZETA DIVISION,Proper,DPS,Pharah,1,9,0.1111
Korea - Stage 1,Watchpoint: Gibraltar,ZETA DIVISION,Viol2t,Support,Illari,2,4,0.5
Korea - Stage 1,Watchpoint: Gibraltar,ZETA DIVISION,Viol2t,Support,Jetpack Cat,2,4,0.5
Korea - Stage 1,Watchpoint: Gibraltar,ZETA DIVISION,knife,DPS,Mei,1,8,0.125
Korea - Stage 1,Watchpoint: Gibraltar,ZETA DIVISION,knife,DPS,Hanzo,1,8,0.125
Korea - Stage 1,Watchpoint: Gibraltar,ZETA DIVISION,knife,DPS,Venture,1,8,0.125
Korea - Stage 1,Watchpoint: Gibraltar,ZETA DIVISION,knife,DPS,Cassidy,1,8,0.125
Korea - Stage 1,Watchpoint: Gibraltar,ZETA DIVISION,knife,DPS,Reaper,1,8,0.125
Korea - Stage 1,Watchpoint: Gibraltar,ZETA DIVISION,knife,DPS,Symmetra,1,8,0.125
Korea - Stage 1,Watchpoint: Gibraltar,ZETA DIVISION,knife,DPS,Bastion,1,8,0.125
Korea - Stage 1,Watchpoint: Gibraltar,ZETA DIVISION,knife,DPS,Widowmaker,1,8,0.125
Korea - Stage 1,Watchpoint: Gibraltar,ZETA DIVISION,shu,Support,Ana,2,3,0.6667
Korea - Stage 1,Watchpoint: Gibraltar,ZETA DIVISION,shu,Support,Baptiste,1,3,0.3333
Non-Partner Team Index,Lijiang Tower,99DIVINE,D4IJIN,Support,Ana,6,6,1.0
Non-Partner Team Index,Lijiang Tower,99DIVINE,HRY,DPS,Genji,6,6,1.0
Non-Partner Team Index,Lijiang Tower,99DIVINE,ICHI,Tank,Winston,6,6,1.0
Non-Partner Team Index,Lijiang Tower,99DIVINE,SORI,DPS,Tracer,6,6,1.0
Non-Partner Team Index,Lijiang Tower,99DIVINE,Supreme,Support,Lúcio,6,6,1.0
Non-Partner Team Index,Lijiang Tower,Al Qadsiah,Ade,DPS,Tracer,3,3,1.0
Non-Partner Team Index,Lijiang Tower,Al Qadsiah,Galaa,Support,Ana,3,3,1.0
Non-Partner Team Index,Lijiang Tower,Al Qadsiah,SirMajed,Support,Lúcio,3,3,1.0
Non-Partner Team Index,Lijiang Tower,Al Qadsiah,Taejong,DPS,Genji,3,3,1.0
Non-Partner Team Index,Lijiang Tower,Al Qadsiah,Vestola,Tank,Winston,3,3,1.0
Non-Partner Team Index,Lijiang Tower,Cheeseburger,Argon,DPS,Tracer,5,5,1.0
Non-Partner Team Index,Lijiang Tower,Cheeseburger,Faith,Support,Ana,5,5,1.0
Non-Partner Team Index,Lijiang Tower,Cheeseburger,SeungAn,Tank,Winston,5,5,1.0
Non-Partner Team Index,Lijiang Tower,Cheeseburger,WoochaN,Support,Lúcio,5,5,1.0
Non-Partner Team Index,Lijiang Tower,Cheeseburger,Zesin,DPS,Genji,5,5,1.0
Non-Partner Team Index,Lijiang Tower,DEG,Limbo,Tank,Winston,5,5,1.0
Non-Partner Team Index,Lijiang Tower,DEG,SINCE,Support,Lúcio,5,5,1.0
Non-Partner Team Index,Lijiang Tower,DEG,Saya,Support,Ana,5,5,1.0
Non-Partner Team Index,Lijiang Tower,DEG,Wangming,DPS,Genji,5,5,1.0
Non-Partner Team Index,Lijiang Tower,DEG,skyshow,DPS,Tracer,5,5,1.0
Non-Partner Team Index,Lijiang Tower,Extinction,Grapes,Support,Lúcio,2,2,1.0
Non-Partner Team Index,Lijiang Tower,Extinction,Ryan,DPS,Tracer,2,2,1.0
Non-Partner Team Index,Lijiang Tower,Extinction,pdk,DPS,Genji,2,2,1.0
Non-Partner Team Index,Lijiang Tower,Extinction,scuffed,Support,Ana,2,2,1.0
Non-Partner Team Index,Lijiang Tower,Extinction,sniper,Tank,Winston,2,2,1.0
Non-Partner Team Index,Lijiang Tower,FURY,Ezrai,Support,Lúcio,6,6,1.0
Non-Partner Team Index,Lijiang Tower,FURY,PKFishy,DPS,Tracer,6,6,1.0
Non-Partner Team Index,Lijiang Tower,FURY,Pugz,Support,Ana,6,6,1.0
Non-Partner Team Index,Lijiang Tower,FURY,Regr3t,DPS,Genji,6,6,1.0
Non-Partner Team Index,Lijiang Tower,FURY,Scorch,Tank,Winston,6,6,1.0
North America - Stage 1,Aatlis,Dallas Fuel,Cjay,Support,Baptiste,2,5,0.4
North America - Stage 1,Aatlis,Dallas Fuel,Cjay,Support,Juno,2,5,0.4
North America - Stage 1,Aatlis,Dallas Fuel,Cjay,Support,Kiriko,1,5,0.2
North America - Stage 1,Aatlis,Dallas Fuel,Kellan,Tank,Reinhardt,2,6,0.3333
North America - Stage 1,Aatlis,Dallas Fuel,Kellan,Tank,D.Va,2,6,0.3333
North America - Stage 1,Aatlis,Dallas Fuel,Kellan,Tank,Wrecking Ball,1,6,0.1667
North America - Stage 1,Aatlis,Dallas Fuel,Kellan,Tank,Ramattra,1,6,0.1667
North America - Stage 1,Aatlis,Dallas Fuel,Kronik,DPS,Cassidy,3,5,0.6
North America - Stage 1,Aatlis,Dallas Fuel,Kronik,DPS,Sojourn,2,5,0.4
North America - Stage 1,Aatlis,Dallas Fuel,Lukemino,Support,Lúcio,3,6,0.5
North America - Stage 1,Aatlis,Dallas Fuel,Lukemino,Support,Brigitte,2,6,0.3333
North America - Stage 1,Aatlis,Dallas Fuel,Lukemino,Support,Kiriko,1,6,0.1667
North America - Stage 1,Aatlis,Dallas Fuel,Seonjun,DPS,Tracer,4,9,0.4444
North America - Stage 1,Aatlis,Dallas Fuel,Seonjun,DPS,Symmetra,3,9,0.3333
North America - Stage 1,Aatlis,Dallas Fuel,Seonjun,DPS,Mei,1,9,0.1111
North America - Stage 1,Aatlis,Dallas Fuel,Seonjun,DPS,Vendetta,1,9,0.1111
North America - Stage 1,Aatlis,Disguised,Lep,Support,Lúcio,1,3,0.3333
North America - Stage 1,Aatlis,Disguised,Lep,Support,Brigitte,1,3,0.3333
North America - Stage 1,Aatlis,Disguised,Lep,Support,Juno,1,3,0.3333
North America - Stage 1,Aatlis,Disguised,PGE,DPS,Cassidy,2,6,0.3333
North America - Stage 1,Aatlis,Disguised,PGE,DPS,Emre,2,6,0.3333
North America - Stage 1,Aatlis,Disguised,PGE,DPS,Sojourn,1,6,0.1667
North America - Stage 1,Aatlis,Disguised,PGE,DPS,Tracer,1,6,0.1667
North America - Stage 1,Aatlis,Disguised,Rokit,DPS,Symmetra,2,4,0.5
North America - Stage 1,Aatlis,Disguised,Rokit,DPS,Venture,1,4,0.25
North America - Stage 1,Aatlis,Disguised,Rokit,DPS,Tracer,1,4,0.25
North America - Stage 1,Aatlis,Disguised,Scyle,Support,Kiriko,2,3,0.6667
North America - Stage 1,Aatlis,Disguised,Scyle,Support,Juno,1,3,0.3333
North America - Stage 1,Aatlis,Disguised,Tred,Tank,Ramattra,2,3,0.6667
North America - Stage 1,Aatlis,Disguised,Tred,Tank,D.Va,1,3,0.3333
North America - Stage 1,Aatlis,Extinction,Grapes,Support,Brigitte,1,2,0.5
North America - Stage 1,Aatlis,Extinction,Grapes,Support,Wuyang,1,2,0.5
North America - Stage 1,Aatlis,Extinction,Ryan,DPS,Tracer,1,2,0.5
North America - Stage 1,Aatlis,Extinction,Ryan,DPS,Symmetra,1,2,0.5
North America - Stage 1,Aatlis,Extinction,pdk,DPS,Sojourn,1,1,1.0
North America - Stage 1,Aatlis,Extinction,scuffed,Support,Juno,1,1,1.0
North America - Stage 1,Aatlis,Extinction,sniper,Tank,D.Va,1,1,1.0
North America - Stage 1,Aatlis,LuneX Gaming,NenWhy,Support,Lúcio,2,3,0.6667
North America - Stage 1,Aatlis,LuneX Gaming,NenWhy,Support,Brigitte,1,3,0.3333
North America - Stage 1,Aatlis,LuneX Gaming,Zeb,Tank,Orisa,2,2,1.0
North America - Stage 1,Aatlis,LuneX Gaming,xomba,DPS,Tracer,2,4,0.5
North America - Stage 1,Aatlis,LuneX Gaming,xomba,DPS,Symmetra,2,4,0.5
North America - Stage 1,Aatlis,LuneX Gaming,xten,DPS,Sojourn,2,2,1.0
North America - Stage 1,Aatlis,LuneX Gaming,zzz,Support,Kiriko,2,3,0.6667
North America - Stage 1,Aatlis,LuneX Gaming,zzz,Support,Juno,1,3,0.3333
North America - Stage 1,Aatlis,Spacestation Gaming,Admiral,Support,Lúcio,4,4,1.0
North America - Stage 1,Aatlis,Spacestation Gaming,Hawk,Tank,Zarya,2,7,0.2857
North America - Stage 1,Aatlis,Spacestation Gaming,Hawk,Tank,D.Va,2,7,0.2857
North America - Stage 1,Aatlis,Spacestation Gaming,Hawk,Tank,Ramattra,1,7,0.1429
North America - Stage 1,Aatlis,Spacestation Gaming,Hawk,Tank,Hazard,1,7,0.1429
North America - Stage 1,Aatlis,Spacestation Gaming,Hawk,Tank,Doomfist,1,7,0.1429
North America - Stage 1,Aatlis,Spacestation Gaming,Lethal,DPS,Emre,3,6,0.5
North America - Stage 1,Aatlis,Spacestation Gaming,Lethal,DPS,Cassidy,2,6,0.3333
North America - Stage 1,Aatlis,Spacestation Gaming,Lethal,DPS,Venture,1,6,0.1667
North America - Stage 1,Aatlis,Spacestation Gaming,Sugarfree,DPS,Symmetra,3,7,0.4286
North America - Stage 1,Aatlis,Spacestation Gaming,Sugarfree,DPS,Tracer,2,7,0.2857
North America - Stage 1,Aatlis,Spacestation Gaming,Sugarfree,DPS,Pharah,1,7,0.1429
North America - Stage 1,Aatlis,Spacestation Gaming,Sugarfree,DPS,Vendetta,1,7,0.1429
North America - Stage 1,Aatlis,Spacestation Gaming,UltraViolet,Support,Kiriko,3,6,0.5
North America - Stage 1,Aatlis,Spacestation Gaming,UltraViolet,Support,Juno,2,6,0.3333
North America - Stage 1,Aatlis,Spacestation Gaming,UltraViolet,Support,Baptiste,1,6,0.1667
North America - Stage 1,Aatlis,Team Liquid,Coluge,Tank,D.Va,1,2,0.5
North America - Stage 1,Aatlis,Team Liquid,Coluge,Tank,Zarya,1,2,0.5
North America - Stage 1,Aatlis,Team Liquid,Escanor,Support,Juno,2,5,0.4
North America - Stage 1,Aatlis,Team Liquid,Escanor,Support,Baptiste,1,5,0.2
North America - Stage 1,Aatlis,Team Liquid,Escanor,Support,Kiriko,1,5,0.2
North America - Stage 1,Aatlis,Team Liquid,Escanor,Support,Jetpack Cat,1,5,0.2
North America - Stage 1,Aatlis,Team Liquid,Infekted,Tank,Orisa,2,3,0.6667
North America - Stage 1,Aatlis,Team Liquid,Infekted,Tank,Mauga,1,3,0.3333
North America - Stage 1,Aatlis,Team Liquid,TR33,DPS,Emre,3,6,0.5
North America - Stage 1,Aatlis,Team Liquid,TR33,DPS,Sojourn,1,6,0.1667
North America - Stage 1,Aatlis,Team Liquid,TR33,DPS,Cassidy,1,6,0.1667
North America - Stage 1,Aatlis,Team Liquid,TR33,DPS,Tracer,1,6,0.1667
North America - Stage 1,Aatlis,Team Liquid,Vega,Support,Lúcio,2,4,0.5
North America - Stage 1,Aatlis,Team Liquid,Vega,Support,Brigitte,2,4,0.5
North America - Stage 1,Aatlis,Team Liquid,Zeruhh,DPS,Tracer,2,4,0.5
North America - Stage 1,Aatlis,Team Liquid,Zeruhh,DPS,Vendetta,2,4,0.5
North America - Stage 1,Blizzard World,Dallas Fuel,Cjay,Support,Ana,2,2,1.0
North America - Stage 1,Blizzard World,Dallas Fuel,Kellan,Tank,Sigma,2,3,0.6667
North America - Stage 1,Blizzard World,Dallas Fuel,Kellan,Tank,Wrecking Ball,1,3,0.3333
North America - Stage 1,Blizzard World,Dallas Fuel,Kronik,DPS,Sojourn,2,3,0.6667
North America - Stage 1,Blizzard World,Dallas Fuel,Kronik,DPS,Widowmaker,1,3,0.3333
North America - Stage 1,Blizzard World,Dallas Fuel,Lukemino,Support,Illari,2,4,0.5
North America - Stage 1,Blizzard World,Dallas Fuel,Lukemino,Support,Brigitte,1,4,0.25
North America - Stage 1,Blizzard World,Dallas Fuel,Lukemino,Support,Mercy,1,4,0.25
North America - Stage 1,Blizzard World,Dallas Fuel,Seonjun,DPS,Tracer,2,2,1.0
North America - Stage 1,Blizzard World,Disguised,Lep,Support,Lúcio,1,3,0.3333
North America - Stage 1,Blizzard World,Disguised,Lep,Support,Juno,1,3,0.3333
North America - Stage 1,Blizzard World,Disguised,Lep,Support,Lifeweaver,1,3,0.3333
North America - Stage 1,Blizzard World,Disguised,PGE,DPS,Emre,1,3,0.3333
North America - Stage 1,Blizzard World,Disguised,PGE,DPS,Widowmaker,1,3,0.3333
North America - Stage 1,Blizzard World,Disguised,PGE,DPS,Venture,1,3,0.3333
North America - Stage 1,Blizzard World,Disguised,Rokit,DPS,Vendetta,1,2,0.5
North America - Stage 1,Blizzard World,Disguised,Rokit,DPS,Symmetra,1,2,0.5
North America - Stage 1,Blizzard World,Disguised,Scyle,Support,Kiriko,1,2,0.5
North America - Stage 1,Blizzard World,Disguised,Scyle,Support,Jetpack Cat,1,2,0.5
North America - Stage 1,Blizzard World,Disguised,Tred,Tank,Zarya,1,2,0.5
North America - Stage 1,Blizzard World,Disguised,Tred,Tank,D.Va,1,2,0.5
North America - Stage 1,Blizzard World,Extinction,Grapes,Support,Juno,1,3,0.3333
North America - Stage 1,Blizzard World,Extinction,Grapes,Support,Wuyang,1,3,0.3333
North America - Stage 1,Blizzard World,Extinction,Grapes,Support,Brigitte,1,3,0.3333
North America - Stage 1,Blizzard World,Extinction,Ryan,DPS,Tracer,1,2,0.5
North America - Stage 1,Blizzard World,Extinction,Ryan,DPS,Symmetra,1,2,0.5
North America - Stage 1,Blizzard World,Extinction,pdk,DPS,Emre,1,2,0.5
North America - Stage 1,Blizzard World,Extinction,pdk,DPS,Sojourn,1,2,0.5
North America - Stage 1,Blizzard World,Extinction,scuffed,Support,Kiriko,1,2,0.5
North America - Stage 1,Blizzard World,Extinction,scuffed,Support,Juno,1,2,0.5
North America - Stage 1,Blizzard World,Extinction,sniper,Tank,D.Va,1,3,0.3333
North America - Stage 1,Blizzard World,Extinction,sniper,Tank,Wrecking Ball,1,3,0.3333
North America - Stage 1,Blizzard World,Extinction,sniper,Tank,Domina,1,3,0.3333
North America - Stage 1,Blizzard World,LuneX Gaming,NenWhy,Support,Lúcio,1,2,0.5
North America - Stage 1,Blizzard World,LuneX Gaming,NenWhy,Support,Jetpack Cat,1,2,0.5
North America - Stage 1,Blizzard World,LuneX Gaming,Zeb,Tank,Orisa,1,2,0.5
North America - Stage 1,Blizzard World,LuneX Gaming,Zeb,Tank,Zarya,1,2,0.5
North America - Stage 1,Blizzard World,LuneX Gaming,xomba,DPS,Tracer,1,1,1.0
North America - Stage 1,Blizzard World,LuneX Gaming,xten,DPS,Sojourn,1,1,1.0
North America - Stage 1,Blizzard World,LuneX Gaming,zzz,Support,Baptiste,1,1,1.0
North America - Stage 1,Blizzard World,Spacestation Gaming,Admiral,Support,Lúcio,3,7,0.4286
North America - Stage 1,Blizzard World,Spacestation Gaming,Admiral,Support,Jetpack Cat,3,7,0.4286
North America - Stage 1,Blizzard World,Spacestation Gaming,Admiral,Support,Brigitte,1,7,0.1429
North America - Stage 1,Blizzard World,Spacestation Gaming,Hawk,Tank,Zarya,2,6,0.3333
North America - Stage 1,Blizzard World,Spacestation Gaming,Hawk,Tank,Orisa,2,6,0.3333
North America - Stage 1,Blizzard World,Spacestation Gaming,Hawk,Tank,D.Va,1,6,0.1667
North America - Stage 1,Blizzard World,Spacestation Gaming,Hawk,Tank,Doomfist,1,6,0.1667
North America - Stage 1,Blizzard World,Spacestation Gaming,Lethal,DPS,Emre,3,6,0.5
North America - Stage 1,Blizzard World,Spacestation Gaming,Lethal,DPS,Widowmaker,2,6,0.3333
North America - Stage 1,Blizzard World,Spacestation Gaming,Lethal,DPS,Sojourn,1,6,0.1667
North America - Stage 1,Blizzard World,Spacestation Gaming,Sugarfree,DPS,Tracer,2,4,0.5
North America - Stage 1,Blizzard World,Spacestation Gaming,Sugarfree,DPS,Genji,1,4,0.25
North America - Stage 1,Blizzard World,Spacestation Gaming,Sugarfree,DPS,Widowmaker,1,4,0.25
North America - Stage 1,Blizzard World,Spacestation Gaming,UltraViolet,Support,Kiriko,2,5,0.4
North America - Stage 1,Blizzard World,Spacestation Gaming,UltraViolet,Support,Ana,1,5,0.2
North America - Stage 1,Blizzard World,Spacestation Gaming,UltraViolet,Support,Juno,1,5,0.2
North America - Stage 1,Blizzard World,Spacestation Gaming,UltraViolet,Support,Lúcio,1,5,0.2
North America - Stage 1,Blizzard World,Team Liquid,Coluge,Tank,Zarya,1,1,1.0
North America - Stage 1,Blizzard World,Team Liquid,Escanor,Support,Kiriko,4,6,0.6667
North America - Stage 1,Blizzard World,Team Liquid,Escanor,Support,Jetpack Cat,1,6,0.1667
North America - Stage 1,Blizzard World,Team Liquid,Escanor,Support,Juno,1,6,0.1667
North America - Stage 1,Blizzard World,Team Liquid,Infekted,Tank,Orisa,2,5,0.4
North America - Stage 1,Blizzard World,Team Liquid,Infekted,Tank,Sigma,1,5,0.2
North America - Stage 1,Blizzard World,Team Liquid,Infekted,Tank,Wrecking Ball,1,5,0.2
North America - Stage 1,Blizzard World,Team Liquid,Infekted,Tank,Reinhardt,1,5,0.2
North America - Stage 1,Blizzard World,Team Liquid,TR33,DPS,Emre,3,8,0.375
North America - Stage 1,Blizzard World,Team Liquid,TR33,DPS,Widowmaker,2,8,0.25
North America - Stage 1,Blizzard World,Team Liquid,TR33,DPS,Sojourn,1,8,0.125
North America - Stage 1,Blizzard World,Team Liquid,TR33,DPS,Vendetta,1,8,0.125
North America - Stage 1,Blizzard World,Team Liquid,TR33,DPS,Cassidy,1,8,0.125
North America - Stage 1,Blizzard World,Team Liquid,Vega,Support,Lúcio,3,6,0.5
North America - Stage 1,Blizzard World,Team Liquid,Vega,Support,Wuyang,1,6,0.1667
North America - Stage 1,Blizzard World,Team Liquid,Vega,Support,Illari,1,6,0.1667
North America - Stage 1,Blizzard World,Team Liquid,Vega,Support,Kiriko,1,6,0.1667
North America - Stage 1,Blizzard World,Team Liquid,Zeruhh,DPS,Tracer,3,6,0.5
North America - Stage 1,Blizzard World,Team Liquid,Zeruhh,DPS,Symmetra,2,6,0.3333
North America - Stage 1,Blizzard World,Team Liquid,Zeruhh,DPS,Vendetta,1,6,0.1667
North America - Stage 1,Busan,Dallas Fuel,Cjay,Support,Ana,3,9,0.3333
North America - Stage 1,Busan,Dallas Fuel,Cjay,Support,Kiriko,2,9,0.2222
North America - Stage 1,Busan,Dallas Fuel,Cjay,Support,Juno,2,9,0.2222
North America - Stage 1,Busan,Dallas Fuel,Cjay,Support,Jetpack Cat,1,9,0.1111
North America - Stage 1,Busan,Dallas Fuel,Cjay,Support,Mizuki,1,9,0.1111
North America - Stage 1,Busan,Dallas Fuel,Kellan,Tank,Winston,3,8,0.375
North America - Stage 1,Busan,Dallas Fuel,Kellan,Tank,Wrecking Ball,3,8,0.375
North America - Stage 1,Busan,Dallas Fuel,Kellan,Tank,Ramattra,2,8,0.25
North America - Stage 1,Busan,Dallas Fuel,Kronik,DPS,Ashe,2,8,0.25
North America - Stage 1,Busan,Dallas Fuel,Kronik,DPS,Sojourn,2,8,0.25
North America - Stage 1,Busan,Dallas Fuel,Kronik,DPS,Emre,2,8,0.25
North America - Stage 1,Busan,Dallas Fuel,Kronik,DPS,Widowmaker,1,8,0.125
North America - Stage 1,Busan,Dallas Fuel,Kronik,DPS,Cassidy,1,8,0.125
North America - Stage 1,Busan,Dallas Fuel,Lukemino,Support,Wuyang,3,8,0.375
North America - Stage 1,Busan,Dallas Fuel,Lukemino,Support,Mercy,1,8,0.125
North America - Stage 1,Busan,Dallas Fuel,Lukemino,Support,Kiriko,1,8,0.125
North America - Stage 1,Busan,Dallas Fuel,Lukemino,Support,Jetpack Cat,1,8,0.125
North America - Stage 1,Busan,Dallas Fuel,Lukemino,Support,Juno,1,8,0.125
North America - Stage 1,Busan,Dallas Fuel,Lukemino,Support,Brigitte,1,8,0.125
North America - Stage 1,Busan,Dallas Fuel,Seonjun,DPS,Tracer,4,7,0.5714
North America - Stage 1,Busan,Dallas Fuel,Seonjun,DPS,Symmetra,3,7,0.4286
North America - Stage 1,Busan,Extinction,Grapes,Support,Jetpack Cat,1,3,0.3333
North America - Stage 1,Busan,Extinction,Grapes,Support,Moira,1,3,0.3333
North America - Stage 1,Busan,Extinction,Grapes,Support,Baptiste,1,3,0.3333
North America - Stage 1,Busan,Extinction,Ryan,DPS,Tracer,1,2,0.5
North America - Stage 1,Busan,Extinction,Ryan,DPS,Symmetra,1,2,0.5
North America - Stage 1,Busan,Extinction,pdk,DPS,Widowmaker,1,2,0.5
North America - Stage 1,Busan,Extinction,pdk,DPS,Cassidy,1,2,0.5
North America - Stage 1,Busan,Extinction,scuffed,Support,Kiriko,1,2,0.5
North America - Stage 1,Busan,Extinction,scuffed,Support,Mizuki,1,2,0.5
North America - Stage 1,Busan,Extinction,sniper,Tank,Doomfist,1,3,0.3333
North America - Stage 1,Busan,Extinction,sniper,Tank,D.Va,1,3,0.3333
North America - Stage 1,Busan,Extinction,sniper,Tank,Mauga,1,3,0.3333
North America - Stage 1,Busan,LuneX Gaming,NenWhy,Support,Lúcio,1,1,1.0
North America - Stage 1,Busan,LuneX Gaming,Zeb,Tank,Zarya,1,1,1.0
North America - Stage 1,Busan,LuneX Gaming,xomba,DPS,Tracer,1,2,0.5
North America - Stage 1,Busan,LuneX Gaming,xomba,DPS,Symmetra,1,2,0.5
North America - Stage 1,Busan,LuneX Gaming,xten,DPS,Reaper,1,1,1.0
North America - Stage 1,Busan,LuneX Gaming,zzz,Support,Kiriko,1,1,1.0
North America - Stage 1,Busan,Spacestation Gaming,Admiral,Support,Brigitte,3,6,0.5
North America - Stage 1,Busan,Spacestation Gaming,Admiral,Support,Lúcio,2,6,0.3333
North America - Stage 1,Busan,Spacestation Gaming,Admiral,Support,Kiriko,1,6,0.1667
North America - Stage 1,Busan,Spacestation Gaming,Hawk,Tank,Zarya,3,10,0.3
North America - Stage 1,Busan,Spacestation Gaming,Hawk,Tank,D.Va,2,10,0.2
North America - Stage 1,Busan,Spacestation Gaming,Hawk,Tank,Orisa,2,10,0.2
North America - Stage 1,Busan,Spacestation Gaming,Hawk,Tank,Doomfist,2,10,0.2
North America - Stage 1,Busan,Spacestation Gaming,Hawk,Tank,Mauga,1,10,0.1
North America - Stage 1,Busan,Spacestation Gaming,Lethal,DPS,Emre,3,6,0.5
North America - Stage 1,Busan,Spacestation Gaming,Lethal,DPS,Sojourn,1,6,0.1667
North America - Stage 1,Busan,Spacestation Gaming,Lethal,DPS,Cassidy,1,6,0.1667
North America - Stage 1,Busan,Spacestation Gaming,Lethal,DPS,Widowmaker,1,6,0.1667
North America - Stage 1,Busan,Spacestation Gaming,Sugarfree,DPS,Tracer,4,10,0.4
North America - Stage 1,Busan,Spacestation Gaming,Sugarfree,DPS,Symmetra,4,10,0.4
North America - Stage 1,Busan,Spacestation Gaming,Sugarfree,DPS,Vendetta,2,10,0.2
North America - Stage 1,Busan,Spacestation Gaming,UltraViolet,Support,Juno,3,7,0.4286
North America - Stage 1,Busan,Spacestation Gaming,UltraViolet,Support,Wuyang,1,7,0.1429
North America - Stage 1,Busan,Spacestation Gaming,UltraViolet,Support,Kiriko,1,7,0.1429
North America - Stage 1,Busan,Spacestation Gaming,UltraViolet,Support,Baptiste,1,7,0.1429
North America - Stage 1,Busan,Spacestation Gaming,UltraViolet,Support,Ana,1,7,0.1429
North America - Stage 1,Busan,Team Liquid,Escanor,Support,Juno,2,2,1.0
North America - Stage 1,Busan,Team Liquid,Infekted,Tank,D.Va,2,5,0.4
North America - Stage 1,Busan,Team Liquid,Infekted,Tank,Mauga,2,5,0.4
North America - Stage 1,Busan,Team Liquid,Infekted,Tank,Orisa,1,5,0.2
North America - Stage 1,Busan,Team Liquid,TR33,DPS,Emre,2,4,0.5
North America - Stage 1,Busan,Team Liquid,TR33,DPS,Vendetta,1,4,0.25
North America - Stage 1,Busan,Team Liquid,TR33,DPS,Widowmaker,1,4,0.25
North America - Stage 1,Busan,Team Liquid,Vega,Support,Brigitte,2,4,0.5
North America - Stage 1,Busan,Team Liquid,Vega,Support,Kiriko,2,4,0.5
North America - Stage 1,Busan,Team Liquid,Zeruhh,DPS,Tracer,2,4,0.5
North America - Stage 1,Busan,Team Liquid,Zeruhh,DPS,Symmetra,2,4,0.5
North America - Stage 1,Esperança,Dallas Fuel,Cjay,Support,Kiriko,2,4,0.5
North America - Stage 1,Esperança,Dallas Fuel,Cjay,Support,Juno,2,4,0.5
North America - Stage 1,Esperança,Dallas Fuel,Kellan,Tank,Winston,2,2,1.0
North America - Stage 1,Esperança,Dallas Fuel,Kronik,DPS,Sojourn,2,2,1.0
North America - Stage 1,Esperança,Dallas Fuel,Lukemino,Support,Ana,1,2,0.5
North America - Stage 1,Esperança,Dallas Fuel,Lukemino,Support,Illari,1,2,0.5
North America - Stage 1,Esperança,Dallas Fuel,Seonjun,DPS,Tracer,1,2,0.5
North America - Stage 1,Esperança,Dallas Fuel,Seonjun,DPS,Pharah,1,2,0.5
North America - Stage 1,Esperança,Disguised,Lep,Support,Lúcio,1,1,1.0
North America - Stage 1,Esperança,Disguised,PGE,DPS,Emre,1,2,0.5
North America - Stage 1,Esperança,Disguised,PGE,DPS,Bastion,1,2,0.5
North America - Stage 1,Esperança,Disguised,Rokit,DPS,Vendetta,1,1,1.0
North America - Stage 1,Esperança,Disguised,Scyle,Support,Kiriko,1,1,1.0
North America - Stage 1,Esperança,Disguised,Tred,Tank,D.Va,1,2,0.5
North America - Stage 1,Esperança,Disguised,Tred,Tank,Zarya,1,2,0.5
North America - Stage 1,Esperança,Extinction,Grapes,Support,Lúcio,2,3,0.6667
North America - Stage 1,Esperança,Extinction,Grapes,Support,Juno,1,3,0.3333
North America - Stage 1,Esperança,Extinction,Ryan,DPS,Tracer,3,3,1.0
North America - Stage 1,Esperança,Extinction,pdk,DPS,Emre,2,3,0.6667
North America - Stage 1,Esperança,Extinction,pdk,DPS,Sojourn,1,3,0.3333
North America - Stage 1,Esperança,Extinction,scuffed,Support,Kiriko,3,3,1.0
North America - Stage 1,Esperança,Extinction,sniper,Tank,D.Va,3,4,0.75
North America - Stage 1,Esperança,Extinction,sniper,Tank,Zarya,1,4,0.25
North America - Stage 1,Esperança,LuneX Gaming,NenWhy,Support,Lúcio,1,1,1.0
North America - Stage 1,Esperança,LuneX Gaming,Zeb,Tank,Domina,1,1,1.0
North America - Stage 1,Esperança,LuneX Gaming,xomba,DPS,Vendetta,1,1,1.0
North America - Stage 1,Esperança,LuneX Gaming,xten,DPS,Emre,1,1,1.0
North America - Stage 1,Esperança,LuneX Gaming,zzz,Support,Kiriko,1,1,1.0
North America - Stage 1,Esperança,Spacestation Gaming,Admiral,Support,Lúcio,2,3,0.6667
North America - Stage 1,Esperança,Spacestation Gaming,Admiral,Support,Brigitte,1,3,0.3333
North America - Stage 1,Esperança,Spacestation Gaming,Hawk,Tank,Zarya,2,4,0.5
North America - Stage 1,Esperança,Spacestation Gaming,Hawk,Tank,D.Va,2,4,0.5
North America - Stage 1,Esperança,Spacestation Gaming,Lethal,DPS,Emre,1,4,0.25
North America - Stage 1,Esperança,Spacestation Gaming,Lethal,DPS,Sojourn,1,4,0.25
North America - Stage 1,Esperança,Spacestation Gaming,Lethal,DPS,Cassidy,1,4,0.25
North America - Stage 1,Esperança,Spacestation Gaming,Lethal,DPS,Widowmaker,1,4,0.25
North America - Stage 1,Esperança,Spacestation Gaming,Sugarfree,DPS,Tracer,2,3,0.6667
North America - Stage 1,Esperança,Spacestation Gaming,Sugarfree,DPS,Vendetta,1,3,0.3333
North America - Stage 1,Esperança,Spacestation Gaming,UltraViolet,Support,Juno,2,4,0.5
North America - Stage 1,Esperança,Spacestation Gaming,UltraViolet,Support,Kiriko,2,4,0.5
North America - Stage 1,Esperança,Team Liquid,Coluge,Tank,Winston,1,1,1.0
North America - Stage 1,Esperança,Team Liquid,Escanor,Support,Kiriko,1,2,0.5
North America - Stage 1,Esperança,Team Liquid,Escanor,Support,Lúcio,1,2,0.5
North America - Stage 1,Esperança,Team Liquid,Infekted,Tank,Winston,1,1,1.0
North America - Stage 1,Esperança,Team Liquid,TR33,DPS,Sojourn,1,2,0.5
North America - Stage 1,Esperança,Team Liquid,TR33,DPS,Emre,1,2,0.5
North America - Stage 1,Esperança,Team Liquid,Vega,Support,Lúcio,1,2,0.5
North America - Stage 1,Esperança,Team Liquid,Vega,Support,Kiriko,1,2,0.5
North America - Stage 1,Esperança,Team Liquid,Zeruhh,DPS,Vendetta,2,3,0.6667
North America - Stage 1,Esperança,Team Liquid,Zeruhh,DPS,Pharah,1,3,0.3333
North America - Stage 1,Havana,Disguised,Lep,Support,Lúcio,1,3,0.3333
North America - Stage 1,Havana,Disguised,Lep,Support,Brigitte,1,3,0.3333
North America - Stage 1,Havana,Disguised,Lep,Support,Juno,1,3,0.3333
North America - Stage 1,Havana,Disguised,PGE,DPS,Emre,1,3,0.3333
North America - Stage 1,Havana,Disguised,PGE,DPS,Sojourn,1,3,0.3333
North America - Stage 1,Havana,Disguised,PGE,DPS,Hanzo,1,3,0.3333
North America - Stage 1,Havana,Disguised,Rokit,DPS,Vendetta,1,1,1.0
North America - Stage 1,Havana,Disguised,Scyle,Support,Kiriko,1,2,0.5
North America - Stage 1,Havana,Disguised,Scyle,Support,Juno,1,2,0.5
North America - Stage 1,Havana,Disguised,Tred,Tank,Zarya,1,1,1.0
North America - Stage 1,Havana,LuneX Gaming,NenWhy,Support,Juno,1,3,0.3333
North America - Stage 1,Havana,LuneX Gaming,NenWhy,Support,Brigitte,1,3,0.3333
North America - Stage 1,Havana,LuneX Gaming,NenWhy,Support,Jetpack Cat,1,3,0.3333
North America - Stage 1,Havana,LuneX Gaming,Zeb,Tank,Orisa,1,1,1.0
North America - Stage 1,Havana,LuneX Gaming,xomba,DPS,Tracer,1,3,0.3333
North America - Stage 1,Havana,LuneX Gaming,xomba,DPS,Vendetta,1,3,0.3333
North America - Stage 1,Havana,LuneX Gaming,xomba,DPS,Symmetra,1,3,0.3333
North America - Stage 1,Havana,LuneX Gaming,xten,DPS,Sojourn,1,3,0.3333
North America - Stage 1,Havana,LuneX Gaming,xten,DPS,Emre,1,3,0.3333
North America - Stage 1,Havana,LuneX Gaming,xten,DPS,Freja,1,3,0.3333
North America - Stage 1,Havana,LuneX Gaming,zzz,Support,Kiriko,1,2,0.5
North America - Stage 1,Havana,LuneX Gaming,zzz,Support,Juno,1,2,0.5
North America - Stage 1,Havana,Team Liquid,Coluge,Tank,Zarya,1,2,0.5
North America - Stage 1,Havana,Team Liquid,Coluge,Tank,Sigma,1,2,0.5
North America - Stage 1,Havana,Team Liquid,Escanor,Support,Kiriko,2,3,0.6667
North America - Stage 1,Havana,Team Liquid,Escanor,Support,Juno,1,3,0.3333
North America - Stage 1,Havana,Team Liquid,Infekted,Tank,Orisa,1,3,0.3333
North America - Stage 1,Havana,Team Liquid,Infekted,Tank,Domina,1,3,0.3333
North America - Stage 1,Havana,Team Liquid,Infekted,Tank,Wrecking Ball,1,3,0.3333
North America - Stage 1,Havana,Team Liquid,TR33,DPS,Emre,2,5,0.4
North America - Stage 1,Havana,Team Liquid,TR33,DPS,Widowmaker,2,5,0.4
North America - Stage 1,Havana,Team Liquid,TR33,DPS,Venture,1,5,0.2
North America - Stage 1,Havana,Team Liquid,Vega,Support,Illari,2,5,0.4
North America - Stage 1,Havana,Team Liquid,Vega,Support,Lúcio,1,5,0.2
North America - Stage 1,Havana,Team Liquid,Vega,Support,Kiriko,1,5,0.2
North America - Stage 1,Havana,Team Liquid,Vega,Support,Brigitte,1,5,0.2
North America - Stage 1,Havana,Team Liquid,Zeruhh,DPS,Tracer,2,4,0.5
North America - Stage 1,Havana,Team Liquid,Zeruhh,DPS,Vendetta,1,4,0.25
North America - Stage 1,Havana,Team Liquid,Zeruhh,DPS,Symmetra,1,4,0.25
North America - Stage 1,Lijiang Tower,Dallas Fuel,Cjay,Support,Juno,2,5,0.4
North America - Stage 1,Lijiang Tower,Dallas Fuel,Cjay,Support,Kiriko,2,5,0.4
North America - Stage 1,Lijiang Tower,Dallas Fuel,Cjay,Support,Ana,1,5,0.2
North America - Stage 1,Lijiang Tower,Dallas Fuel,Kellan,Tank,D.Va,2,4,0.5
North America - Stage 1,Lijiang Tower,Dallas Fuel,Kellan,Tank,Wrecking Ball,1,4,0.25
North America - Stage 1,Lijiang Tower,Dallas Fuel,Kellan,Tank,Winston,1,4,0.25
North America - Stage 1,Lijiang Tower,Dallas Fuel,Kronik,DPS,Sojourn,2,7,0.2857
North America - Stage 1,Lijiang Tower,Dallas Fuel,Kronik,DPS,Cassidy,2,7,0.2857
North America - Stage 1,Lijiang Tower,Dallas Fuel,Kronik,DPS,Emre,1,7,0.1429
North America - Stage 1,Lijiang Tower,Dallas Fuel,Kronik,DPS,Symmetra,1,7,0.1429
North America - Stage 1,Lijiang Tower,Dallas Fuel,Kronik,DPS,Ashe,1,7,0.1429
North America - Stage 1,Lijiang Tower,Dallas Fuel,Lukemino,Support,Brigitte,2,9,0.2222
North America - Stage 1,Lijiang Tower,Dallas Fuel,Lukemino,Support,Wuyang,2,9,0.2222
North America - Stage 1,Lijiang Tower,Dallas Fuel,Lukemino,Support,Illari,2,9,0.2222
North America - Stage 1,Lijiang Tower,Dallas Fuel,Lukemino,Support,Kiriko,1,9,0.1111
North America - Stage 1,Lijiang Tower,Dallas Fuel,Lukemino,Support,Jetpack Cat,1,9,0.1111
North America - Stage 1,Lijiang Tower,Dallas Fuel,Lukemino,Support,Juno,1,9,0.1111
North America - Stage 1,Lijiang Tower,Dallas Fuel,Seonjun,DPS,Pharah,2,8,0.25
North America - Stage 1,Lijiang Tower,Dallas Fuel,Seonjun,DPS,Symmetra,2,8,0.25
North America - Stage 1,Lijiang Tower,Dallas Fuel,Seonjun,DPS,Tracer,2,8,0.25
North America - Stage 1,Lijiang Tower,Dallas Fuel,Seonjun,DPS,Vendetta,1,8,0.125
North America - Stage 1,Lijiang Tower,Dallas Fuel,Seonjun,DPS,Genji,1,8,0.125
North America - Stage 1,Lijiang Tower,Disguised,Lep,Support,Lúcio,2,6,0.3333
North America - Stage 1,Lijiang Tower,Disguised,Lep,Support,Brigitte,2,6,0.3333
North America - Stage 1,Lijiang Tower,Disguised,Lep,Support,Juno,1,6,0.1667
North America - Stage 1,Lijiang Tower,Disguised,Lep,Support,Jetpack Cat,1,6,0.1667
North America - Stage 1,Lijiang Tower,Disguised,PGE,DPS,Emre,5,9,0.5556
North America - Stage 1,Lijiang Tower,Disguised,PGE,DPS,Cassidy,2,9,0.2222
North America - Stage 1,Lijiang Tower,Disguised,PGE,DPS,Soldier: 76,1,9,0.1111
North America - Stage 1,Lijiang Tower,Disguised,PGE,DPS,Sojourn,1,9,0.1111
North America - Stage 1,Lijiang Tower,Disguised,Rokit,DPS,Tracer,5,14,0.3571
North America - Stage 1,Lijiang Tower,Disguised,Rokit,DPS,Vendetta,3,14,0.2143
North America - Stage 1,Lijiang Tower,Disguised,Rokit,DPS,Symmetra,3,14,0.2143
North America - Stage 1,Lijiang Tower,Disguised,Rokit,DPS,Venture,2,14,0.1429
North America - Stage 1,Lijiang Tower,Disguised,Rokit,DPS,Genji,1,14,0.0714
North America - Stage 1,Lijiang Tower,Disguised,Scyle,Support,Juno,3,7,0.4286
North America - Stage 1,Lijiang Tower,Disguised,Scyle,Support,Kiriko,2,7,0.2857
North America - Stage 1,Lijiang Tower,Disguised,Scyle,Support,Mizuki,1,7,0.1429
North America - Stage 1,Lijiang Tower,Disguised,Scyle,Support,Baptiste,1,7,0.1429
North America - Stage 1,Lijiang Tower,Disguised,Tred,Tank,D.Va,4,9,0.4444
North America - Stage 1,Lijiang Tower,Disguised,Tred,Tank,Ramattra,2,9,0.2222
North America - Stage 1,Lijiang Tower,Disguised,Tred,Tank,Zarya,2,9,0.2222
North America - Stage 1,Lijiang Tower,Disguised,Tred,Tank,Wrecking Ball,1,9,0.1111
North America - Stage 1,Lijiang Tower,Extinction,Grapes,Support,Lúcio,3,3,1.0
North America - Stage 1,Lijiang Tower,Extinction,Ryan,DPS,Symmetra,3,8,0.375
North America - Stage 1,Lijiang Tower,Extinction,Ryan,DPS,Echo,2,8,0.25
North America - Stage 1,Lijiang Tower,Extinction,Ryan,DPS,Vendetta,2,8,0.25
North America - Stage 1,Lijiang Tower,Extinction,Ryan,DPS,Tracer,1,8,0.125
North America - Stage 1,Lijiang Tower,Extinction,pdk,DPS,Sojourn,3,4,0.75
North America - Stage 1,Lijiang Tower,Extinction,pdk,DPS,Emre,1,4,0.25
North America - Stage 1,Lijiang Tower,Extinction,scuffed,Support,Kiriko,3,6,0.5
North America - Stage 1,Lijiang Tower,Extinction,scuffed,Support,Juno,3,6,0.5
North America - Stage 1,Lijiang Tower,Extinction,sniper,Tank,D.Va,3,3,1.0
North America - Stage 1,Lijiang Tower,LuneX Gaming,NenWhy,Support,Lúcio,2,5,0.4
North America - Stage 1,Lijiang Tower,LuneX Gaming,NenWhy,Support,Brigitte,2,5,0.4
North America - Stage 1,Lijiang Tower,LuneX Gaming,NenWhy,Support,Jetpack Cat,1,5,0.2
North America - Stage 1,Lijiang Tower,LuneX Gaming,Zeb,Tank,Orisa,3,5,0.6
North America - Stage 1,Lijiang Tower,LuneX Gaming,Zeb,Tank,Domina,1,5,0.2
North America - Stage 1,Lijiang Tower,LuneX Gaming,Zeb,Tank,Zarya,1,5,0.2
North America - Stage 1,Lijiang Tower,LuneX Gaming,xomba,DPS,Vendetta,3,8,0.375
North America - Stage 1,Lijiang Tower,LuneX Gaming,xomba,DPS,Tracer,2,8,0.25
North America - Stage 1,Lijiang Tower,LuneX Gaming,xomba,DPS,Symmetra,2,8,0.25
North America - Stage 1,Lijiang Tower,LuneX Gaming,xomba,DPS,Pharah,1,8,0.125
North America - Stage 1,Lijiang Tower,LuneX Gaming,xten,DPS,Sojourn,2,5,0.4
North America - Stage 1,Lijiang Tower,LuneX Gaming,xten,DPS,Emre,2,5,0.4
North America - Stage 1,Lijiang Tower,LuneX Gaming,xten,DPS,Reaper,1,5,0.2
North America - Stage 1,Lijiang Tower,LuneX Gaming,zzz,Support,Juno,4,6,0.6667
North America - Stage 1,Lijiang Tower,LuneX Gaming,zzz,Support,Kiriko,2,6,0.3333
North America - Stage 1,Lijiang Tower,Spacestation Gaming,Admiral,Support,Lúcio,4,6,0.6667
North America - Stage 1,Lijiang Tower,Spacestation Gaming,Admiral,Support,Brigitte,1,6,0.1667
North America - Stage 1,Lijiang Tower,Spacestation Gaming,Admiral,Support,Jetpack Cat,1,6,0.1667
North America - Stage 1,Lijiang Tower,Spacestation Gaming,Hawk,Tank,D.Va,4,9,0.4444
North America - Stage 1,Lijiang Tower,Spacestation Gaming,Hawk,Tank,Ramattra,2,9,0.2222
North America - Stage 1,Lijiang Tower,Spacestation Gaming,Hawk,Tank,Hazard,1,9,0.1111
North America - Stage 1,Lijiang Tower,Spacestation Gaming,Hawk,Tank,Zarya,1,9,0.1111
North America - Stage 1,Lijiang Tower,Spacestation Gaming,Hawk,Tank,Mauga,1,9,0.1111
North America - Stage 1,Lijiang Tower,Spacestation Gaming,Lethal,DPS,Emre,3,6,0.5
North America - Stage 1,Lijiang Tower,Spacestation Gaming,Lethal,DPS,Cassidy,2,6,0.3333
North America - Stage 1,Lijiang Tower,Spacestation Gaming,Lethal,DPS,Tracer,1,6,0.1667
North America - Stage 1,Lijiang Tower,Spacestation Gaming,Sugarfree,DPS,Symmetra,4,10,0.4
North America - Stage 1,Lijiang Tower,Spacestation Gaming,Sugarfree,DPS,Tracer,2,10,0.2
North America - Stage 1,Lijiang Tower,Spacestation Gaming,Sugarfree,DPS,Vendetta,2,10,0.2
North America - Stage 1,Lijiang Tower,Spacestation Gaming,Sugarfree,DPS,Pharah,1,10,0.1
North America - Stage 1,Lijiang Tower,Spacestation Gaming,Sugarfree,DPS,Genji,1,10,0.1
North America - Stage 1,Lijiang Tower,Spacestation Gaming,UltraViolet,Support,Kiriko,3,7,0.4286
North America - Stage 1,Lijiang Tower,Spacestation Gaming,UltraViolet,Support,Juno,2,7,0.2857
North America - Stage 1,Lijiang Tower,Spacestation Gaming,UltraViolet,Support,Baptiste,1,7,0.1429
North America - Stage 1,Lijiang Tower,Spacestation Gaming,UltraViolet,Support,Ana,1,7,0.1429
North America - Stage 1,Lijiang Tower,Team Liquid,Coluge,Tank,D.Va,2,4,0.5
North America - Stage 1,Lijiang Tower,Team Liquid,Coluge,Tank,Zarya,1,4,0.25
North America - Stage 1,Lijiang Tower,Team Liquid,Coluge,Tank,Ramattra,1,4,0.25
North America - Stage 1,Lijiang Tower,Team Liquid,Escanor,Support,Kiriko,3,6,0.5
North America - Stage 1,Lijiang Tower,Team Liquid,Escanor,Support,Juno,2,6,0.3333
North America - Stage 1,Lijiang Tower,Team Liquid,Escanor,Support,Jetpack Cat,1,6,0.1667
North America - Stage 1,Lijiang Tower,Team Liquid,Infekted,Tank,Mauga,1,3,0.3333
North America - Stage 1,Lijiang Tower,Team Liquid,Infekted,Tank,Wrecking Ball,1,3,0.3333
North America - Stage 1,Lijiang Tower,Team Liquid,Infekted,Tank,Orisa,1,3,0.3333
North America - Stage 1,Lijiang Tower,Team Liquid,TR33,DPS,Emre,3,7,0.4286
North America - Stage 1,Lijiang Tower,Team Liquid,TR33,DPS,Pharah,1,7,0.1429
North America - Stage 1,Lijiang Tower,Team Liquid,TR33,DPS,Cassidy,1,7,0.1429
North America - Stage 1,Lijiang Tower,Team Liquid,TR33,DPS,Symmetra,1,7,0.1429
North America - Stage 1,Lijiang Tower,Team Liquid,TR33,DPS,Vendetta,1,7,0.1429
North America - Stage 1,Lijiang Tower,Team Liquid,Vega,Support,Brigitte,2,7,0.2857
North America - Stage 1,Lijiang Tower,Team Liquid,Vega,Support,Juno,2,7,0.2857
North America - Stage 1,Lijiang Tower,Team Liquid,Vega,Support,Illari,1,7,0.1429
North America - Stage 1,Lijiang Tower,Team Liquid,Vega,Support,Wuyang,1,7,0.1429
North America - Stage 1,Lijiang Tower,Team Liquid,Vega,Support,Lúcio,1,7,0.1429
North America - Stage 1,Lijiang Tower,Team Liquid,Zeruhh,DPS,Symmetra,4,10,0.4
North America - Stage 1,Lijiang Tower,Team Liquid,Zeruhh,DPS,Tracer,3,10,0.3
North America - Stage 1,Lijiang Tower,Team Liquid,Zeruhh,DPS,Pharah,2,10,0.2
North America - Stage 1,Lijiang Tower,Team Liquid,Zeruhh,DPS,Vendetta,1,10,0.1
North America - Stage 1,Midtown,Dallas Fuel,Cjay,Support,Kiriko,2,2,1.0
North America - Stage 1,Midtown,Dallas Fuel,Kellan,Tank,Sigma,2,4,0.5
North America - Stage 1,Midtown,Dallas Fuel,Kellan,Tank,Zarya,2,4,0.5
North America - Stage 1,Midtown,Dallas Fuel,Kronik,DPS,Emre,2,4,0.5
North America - Stage 1,Midtown,Dallas Fuel,Kronik,DPS,Hanzo,2,4,0.5
North America - Stage 1,Midtown,Dallas Fuel,Lukemino,Support,Lúcio,2,4,0.5
North America - Stage 1,Midtown,Dallas Fuel,Lukemino,Support,Wuyang,1,4,0.25
North America - Stage 1,Midtown,Dallas Fuel,Lukemino,Support,Brigitte,1,4,0.25
North America - Stage 1,Midtown,Dallas Fuel,Seonjun,DPS,Vendetta,2,4,0.5
North America - Stage 1,Midtown,Dallas Fuel,Seonjun,DPS,Echo,1,4,0.25
North America - Stage 1,Midtown,Dallas Fuel,Seonjun,DPS,Widowmaker,1,4,0.25
North America - Stage 1,Midtown,Disguised,Lep,Support,Lúcio,1,2,0.5
North America - Stage 1,Midtown,Disguised,Lep,Support,Jetpack Cat,1,2,0.5
North America - Stage 1,Midtown,Disguised,PGE,DPS,Emre,1,3,0.3333
North America - Stage 1,Midtown,Disguised,PGE,DPS,Tracer,1,3,0.3333
North America - Stage 1,Midtown,Disguised,PGE,DPS,Widowmaker,1,3,0.3333
North America - Stage 1,Midtown,Disguised,Rokit,DPS,Symmetra,1,2,0.5
North America - Stage 1,Midtown,Disguised,Rokit,DPS,Tracer,1,2,0.5
North America - Stage 1,Midtown,Disguised,Scyle,Support,Kiriko,1,2,0.5
North America - Stage 1,Midtown,Disguised,Scyle,Support,Juno,1,2,0.5
North America - Stage 1,Midtown,Disguised,Tred,Tank,D.Va,1,3,0.3333
North America - Stage 1,Midtown,Disguised,Tred,Tank,Ramattra,1,3,0.3333
North America - Stage 1,Midtown,Disguised,Tred,Tank,Doomfist,1,3,0.3333
North America - Stage 1,Midtown,Spacestation Gaming,Admiral,Support,Lúcio,1,2,0.5
North America - Stage 1,Midtown,Spacestation Gaming,Admiral,Support,Juno,1,2,0.5
North America - Stage 1,Midtown,Spacestation Gaming,Hawk,Tank,Zarya,1,2,0.5
North America - Stage 1,Midtown,Spacestation Gaming,Hawk,Tank,D.Va,1,2,0.5
North America - Stage 1,Midtown,Spacestation Gaming,Lethal,DPS,Emre,1,1,1.0
North America - Stage 1,Midtown,Spacestation Gaming,Sugarfree,DPS,Tracer,1,1,1.0
North America - Stage 1,Midtown,Spacestation Gaming,UltraViolet,Support,Kiriko,1,1,1.0
North America - Stage 1,Numbani,Dallas Fuel,Cjay,Support,Moira,1,5,0.2
North America - Stage 1,Numbani,Dallas Fuel,Cjay,Support,Jetpack Cat,1,5,0.2
North America - Stage 1,Numbani,Dallas Fuel,Cjay,Support,Kiriko,1,5,0.2
North America - Stage 1,Numbani,Dallas Fuel,Cjay,Support,Juno,1,5,0.2
North America - Stage 1,Numbani,Dallas Fuel,Cjay,Support,Ana,1,5,0.2
North America - Stage 1,Numbani,Dallas Fuel,Kellan,Tank,Wrecking Ball,2,4,0.5
North America - Stage 1,Numbani,Dallas Fuel,Kellan,Tank,Ramattra,1,4,0.25
North America - Stage 1,Numbani,Dallas Fuel,Kellan,Tank,D.Va,1,4,0.25
North America - Stage 1,Numbani,Dallas Fuel,Kronik,DPS,Freja,1,4,0.25
North America - Stage 1,Numbani,Dallas Fuel,Kronik,DPS,Cassidy,1,4,0.25
North America - Stage 1,Numbani,Dallas Fuel,Kronik,DPS,Sojourn,1,4,0.25
North America - Stage 1,Numbani,Dallas Fuel,Kronik,DPS,Emre,1,4,0.25
North America - Stage 1,Numbani,Dallas Fuel,Lukemino,Support,Mercy,1,4,0.25
North America - Stage 1,Numbani,Dallas Fuel,Lukemino,Support,Brigitte,1,4,0.25
North America - Stage 1,Numbani,Dallas Fuel,Lukemino,Support,Kiriko,1,4,0.25
North America - Stage 1,Numbani,Dallas Fuel,Lukemino,Support,Juno,1,4,0.25
North America - Stage 1,Numbani,Dallas Fuel,Seonjun,DPS,Torbjörn,1,5,0.2
North America - Stage 1,Numbani,Dallas Fuel,Seonjun,DPS,Sombra,1,5,0.2
North America - Stage 1,Numbani,Dallas Fuel,Seonjun,DPS,Widowmaker,1,5,0.2
North America - Stage 1,Numbani,Dallas Fuel,Seonjun,DPS,Tracer,1,5,0.2
North America - Stage 1,Numbani,Dallas Fuel,Seonjun,DPS,Echo,1,5,0.2
North America - Stage 1,Numbani,Disguised,Lep,Support,Lúcio,1,1,1.0
North America - Stage 1,Numbani,Disguised,PGE,DPS,Emre,1,2,0.5
North America - Stage 1,Numbani,Disguised,PGE,DPS,Cassidy,1,2,0.5
North America - Stage 1,Numbani,Disguised,Rokit,DPS,Symmetra,1,2,0.5
North America - Stage 1,Numbani,Disguised,Rokit,DPS,Tracer,1,2,0.5
North America - Stage 1,Numbani,Disguised,Scyle,Support,Kiriko,1,1,1.0
North America - Stage 1,Numbani,Disguised,Tred,Tank,Ramattra,1,2,0.5
North America - Stage 1,Numbani,Disguised,Tred,Tank,D.Va,1,2,0.5
North America - Stage 1,Numbani,Extinction,Grapes,Support,Moira,1,2,0.5
North America - Stage 1,Numbani,Extinction,Grapes,Support,Zenyatta,1,2,0.5
North America - Stage 1,Numbani,Extinction,Ryan,DPS,Widowmaker,1,2,0.5
North America - Stage 1,Numbani,Extinction,Ryan,DPS,Ashe,1,2,0.5
North America - Stage 1,Numbani,Extinction,pdk,DPS,Cassidy,1,3,0.3333
North America - Stage 1,Numbani,Extinction,pdk,DPS,Tracer,1,3,0.3333
North America - Stage 1,Numbani,Extinction,pdk,DPS,Hanzo,1,3,0.3333
North America - Stage 1,Numbani,Extinction,scuffed,Support,Jetpack Cat,1,2,0.5
North America - Stage 1,Numbani,Extinction,scuffed,Support,Lifeweaver,1,2,0.5
North America - Stage 1,Numbani,Extinction,sniper,Tank,Roadhog,1,3,0.3333
North America - Stage 1,Numbani,Extinction,sniper,Tank,Reinhardt,1,3,0.3333
North America - Stage 1,Numbani,Extinction,sniper,Tank,Orisa,1,3,0.3333
North America - Stage 1,Numbani,Spacestation Gaming,Admiral,Support,Lúcio,1,4,0.25
North America - Stage 1,Numbani,Spacestation Gaming,Admiral,Support,Brigitte,1,4,0.25
North America - Stage 1,Numbani,Spacestation Gaming,Admiral,Support,Jetpack Cat,1,4,0.25
North America - Stage 1,Numbani,Spacestation Gaming,Admiral,Support,Juno,1,4,0.25
North America - Stage 1,Numbani,Spacestation Gaming,Hawk,Tank,D.Va,2,4,0.5
North America - Stage 1,Numbani,Spacestation Gaming,Hawk,Tank,Hazard,1,4,0.25
North America - Stage 1,Numbani,Spacestation Gaming,Hawk,Tank,Zarya,1,4,0.25
North America - Stage 1,Numbani,Spacestation Gaming,Lethal,DPS,Emre,2,4,0.5
North America - Stage 1,Numbani,Spacestation Gaming,Lethal,DPS,Sojourn,1,4,0.25
North America - Stage 1,Numbani,Spacestation Gaming,Lethal,DPS,Hanzo,1,4,0.25
North America - Stage 1,Numbani,Spacestation Gaming,Sugarfree,DPS,Symmetra,2,4,0.5
North America - Stage 1,Numbani,Spacestation Gaming,Sugarfree,DPS,Tracer,2,4,0.5
North America - Stage 1,Numbani,Spacestation Gaming,UltraViolet,Support,Kiriko,2,4,0.5
North America - Stage 1,Numbani,Spacestation Gaming,UltraViolet,Support,Juno,1,4,0.25
North America - Stage 1,Numbani,Spacestation Gaming,UltraViolet,Support,Wuyang,1,4,0.25
North America - Stage 1,Oasis,Dallas Fuel,Cjay,Support,Kiriko,1,1,1.0
North America - Stage 1,Oasis,Dallas Fuel,Kellan,Tank,Wrecking Ball,1,1,1.0
North America - Stage 1,Oasis,Dallas Fuel,Kronik,DPS,Sojourn,1,1,1.0
North America - Stage 1,Oasis,Dallas Fuel,Lukemino,Support,Illari,1,3,0.3333
North America - Stage 1,Oasis,Dallas Fuel,Lukemino,Support,Wuyang,1,3,0.3333
North America - Stage 1,Oasis,Dallas Fuel,Lukemino,Support,Baptiste,1,3,0.3333
North America - Stage 1,Oasis,Dallas Fuel,Seonjun,DPS,Pharah,1,2,0.5
North America - Stage 1,Oasis,Dallas Fuel,Seonjun,DPS,Symmetra,1,2,0.5
North America - Stage 1,Oasis,Extinction,Grapes,Support,Lúcio,1,1,1.0
North America - Stage 1,Oasis,Extinction,Ryan,DPS,Vendetta,1,1,1.0
North America - Stage 1,Oasis,Extinction,pdk,DPS,Sojourn,1,1,1.0
North America - Stage 1,Oasis,Extinction,scuffed,Support,Kiriko,1,2,0.5
North America - Stage 1,Oasis,Extinction,scuffed,Support,Juno,1,2,0.5
North America - Stage 1,Oasis,Extinction,sniper,Tank,D.Va,1,1,1.0
North America - Stage 1,Oasis,LuneX Gaming,NenWhy,Support,Brigitte,1,2,0.5
North America - Stage 1,Oasis,LuneX Gaming,NenWhy,Support,Lúcio,1,2,0.5
North America - Stage 1,Oasis,LuneX Gaming,Zeb,Tank,Zarya,2,3,0.6667
North America - Stage 1,Oasis,LuneX Gaming,Zeb,Tank,Orisa,1,3,0.3333
North America - Stage 1,Oasis,LuneX Gaming,xomba,DPS,Tracer,2,4,0.5
North America - Stage 1,Oasis,LuneX Gaming,xomba,DPS,Symmetra,2,4,0.5
North America - Stage 1,Oasis,LuneX Gaming,xten,DPS,Emre,2,5,0.4
North America - Stage 1,Oasis,LuneX Gaming,xten,DPS,Reaper,2,5,0.4
North America - Stage 1,Oasis,LuneX Gaming,xten,DPS,Cassidy,1,5,0.2
North America - Stage 1,Oasis,LuneX Gaming,zzz,Support,Juno,1,2,0.5
North America - Stage 1,Oasis,LuneX Gaming,zzz,Support,Kiriko,1,2,0.5
North America - Stage 1,Oasis,Team Liquid,Escanor,Support,Kiriko,2,4,0.5
North America - Stage 1,Oasis,Team Liquid,Escanor,Support,Jetpack Cat,1,4,0.25
North America - Stage 1,Oasis,Team Liquid,Escanor,Support,Juno,1,4,0.25
North America - Stage 1,Oasis,Team Liquid,Infekted,Tank,Orisa,1,4,0.25
North America - Stage 1,Oasis,Team Liquid,Infekted,Tank,Winston,1,4,0.25
North America - Stage 1,Oasis,Team Liquid,Infekted,Tank,Wrecking Ball,1,4,0.25
North America - Stage 1,Oasis,Team Liquid,Infekted,Tank,Mauga,1,4,0.25
North America - Stage 1,Oasis,Team Liquid,TR33,DPS,Emre,2,5,0.4
North America - Stage 1,Oasis,Team Liquid,TR33,DPS,Sojourn,1,5,0.2
North America - Stage 1,Oasis,Team Liquid,TR33,DPS,Cassidy,1,5,0.2
North America - Stage 1,Oasis,Team Liquid,TR33,DPS,Tracer,1,5,0.2
North America - Stage 1,Oasis,Team Liquid,Vega,Support,Lúcio,2,2,1.0
North America - Stage 1,Oasis,Team Liquid,Zeruhh,DPS,Vendetta,1,4,0.25
North America - Stage 1,Oasis,Team Liquid,Zeruhh,DPS,Tracer,1,4,0.25
North America - Stage 1,Oasis,Team Liquid,Zeruhh,DPS,Pharah,1,4,0.25
North America - Stage 1,Oasis,Team Liquid,Zeruhh,DPS,Symmetra,1,4,0.25
North America - Stage 1,Rialto,Dallas Fuel,Cjay,Support,Ana,3,4,0.75
North America - Stage 1,Rialto,Dallas Fuel,Cjay,Support,Kiriko,1,4,0.25
North America - Stage 1,Rialto,Dallas Fuel,Kellan,Tank,Winston,3,5,0.6
North America - Stage 1,Rialto,Dallas Fuel,Kellan,Tank,Ramattra,1,5,0.2
North America - Stage 1,Rialto,Dallas Fuel,Kellan,Tank,Zarya,1,5,0.2
North America - Stage 1,Rialto,Dallas Fuel,Kronik,DPS,Sojourn,3,6,0.5
North America - Stage 1,Rialto,Dallas Fuel,Kronik,DPS,Widowmaker,2,6,0.3333
North America - Stage 1,Rialto,Dallas Fuel,Kronik,DPS,Emre,1,6,0.1667
North America - Stage 1,Rialto,Dallas Fuel,Lukemino,Support,Kiriko,3,8,0.375
North America - Stage 1,Rialto,Dallas Fuel,Lukemino,Support,Jetpack Cat,2,8,0.25
North America - Stage 1,Rialto,Dallas Fuel,Lukemino,Support,Lúcio,2,8,0.25
North America - Stage 1,Rialto,Dallas Fuel,Lukemino,Support,Brigitte,1,8,0.125
North America - Stage 1,Rialto,Dallas Fuel,Seonjun,DPS,Echo,2,6,0.3333
North America - Stage 1,Rialto,Dallas Fuel,Seonjun,DPS,Tracer,2,6,0.3333
North America - Stage 1,Rialto,Dallas Fuel,Seonjun,DPS,Pharah,1,6,0.1667
North America - Stage 1,Rialto,Dallas Fuel,Seonjun,DPS,Vendetta,1,6,0.1667
North America - Stage 1,Rialto,Disguised,Lep,Support,Lúcio,2,6,0.3333
North America - Stage 1,Rialto,Disguised,Lep,Support,Jetpack Cat,2,6,0.3333
North America - Stage 1,Rialto,Disguised,Lep,Support,Juno,1,6,0.1667
North America - Stage 1,Rialto,Disguised,Lep,Support,Brigitte,1,6,0.1667
North America - Stage 1,Rialto,Disguised,PGE,DPS,Emre,3,9,0.3333
North America - Stage 1,Rialto,Disguised,PGE,DPS,Widowmaker,3,9,0.3333
North America - Stage 1,Rialto,Disguised,PGE,DPS,Sojourn,2,9,0.2222
North America - Stage 1,Rialto,Disguised,PGE,DPS,Cassidy,1,9,0.1111
North America - Stage 1,Rialto,Disguised,Rokit,DPS,Vendetta,3,8,0.375
North America - Stage 1,Rialto,Disguised,Rokit,DPS,Tracer,2,8,0.25
North America - Stage 1,Rialto,Disguised,Rokit,DPS,Venture,1,8,0.125
North America - Stage 1,Rialto,Disguised,Rokit,DPS,Symmetra,1,8,0.125
North America - Stage 1,Rialto,Disguised,Rokit,DPS,Hanzo,1,8,0.125
North America - Stage 1,Rialto,Disguised,Scyle,Support,Kiriko,2,5,0.4
North America - Stage 1,Rialto,Disguised,Scyle,Support,Juno,1,5,0.2
North America - Stage 1,Rialto,Disguised,Scyle,Support,Baptiste,1,5,0.2
North America - Stage 1,Rialto,Disguised,Scyle,Support,Zenyatta,1,5,0.2
North America - Stage 1,Rialto,Disguised,Tred,Tank,Ramattra,2,6,0.3333
North America - Stage 1,Rialto,Disguised,Tred,Tank,D.Va,2,6,0.3333
North America - Stage 1,Rialto,Disguised,Tred,Tank,Hazard,1,6,0.1667
North America - Stage 1,Rialto,Disguised,Tred,Tank,Doomfist,1,6,0.1667
North America - Stage 1,Rialto,Extinction,Grapes,Support,Brigitte,1,3,0.3333
North America - Stage 1,Rialto,Extinction,Grapes,Support,Wuyang,1,3,0.3333
North America - Stage 1,Rialto,Extinction,Grapes,Support,Jetpack Cat,1,3,0.3333
North America - Stage 1,Rialto,Extinction,Ryan,DPS,Tracer,1,2,0.5
North America - Stage 1,Rialto,Extinction,Ryan,DPS,Widowmaker,1,2,0.5
North America - Stage 1,Rialto,Extinction,pdk,DPS,Emre,1,1,1.0
North America - Stage 1,Rialto,Extinction,scuffed,Support,Ana,1,2,0.5
North America - Stage 1,Rialto,Extinction,scuffed,Support,Juno,1,2,0.5
North America - Stage 1,Rialto,Extinction,sniper,Tank,D.Va,1,1,1.0
North America - Stage 1,Rialto,Spacestation Gaming,Admiral,Support,Lúcio,2,4,0.5
North America - Stage 1,Rialto,Spacestation Gaming,Admiral,Support,Kiriko,1,4,0.25
North America - Stage 1,Rialto,Spacestation Gaming,Admiral,Support,Brigitte,1,4,0.25
North America - Stage 1,Rialto,Spacestation Gaming,Hawk,Tank,D.Va,3,5,0.6
North America - Stage 1,Rialto,Spacestation Gaming,Hawk,Tank,Zarya,1,5,0.2
North America - Stage 1,Rialto,Spacestation Gaming,Hawk,Tank,Ramattra,1,5,0.2
North America - Stage 1,Rialto,Spacestation Gaming,Lethal,DPS,Emre,3,7,0.4286
North America - Stage 1,Rialto,Spacestation Gaming,Lethal,DPS,Widowmaker,2,7,0.2857
North America - Stage 1,Rialto,Spacestation Gaming,Lethal,DPS,Hanzo,1,7,0.1429
North America - Stage 1,Rialto,Spacestation Gaming,Lethal,DPS,Cassidy,1,7,0.1429
North America - Stage 1,Rialto,Spacestation Gaming,Sugarfree,DPS,Echo,3,7,0.4286
North America - Stage 1,Rialto,Spacestation Gaming,Sugarfree,DPS,Symmetra,2,7,0.2857
North America - Stage 1,Rialto,Spacestation Gaming,Sugarfree,DPS,Tracer,1,7,0.1429
North America - Stage 1,Rialto,Spacestation Gaming,Sugarfree,DPS,Pharah,1,7,0.1429
North America - Stage 1,Rialto,Spacestation Gaming,UltraViolet,Support,Kiriko,2,4,0.5
North America - Stage 1,Rialto,Spacestation Gaming,UltraViolet,Support,Baptiste,1,4,0.25
North America - Stage 1,Rialto,Spacestation Gaming,UltraViolet,Support,Wuyang,1,4,0.25
North America - Stage 1,Runasapi,Dallas Fuel,Cjay,Support,Kiriko,3,4,0.75
North America - Stage 1,Runasapi,Dallas Fuel,Cjay,Support,Juno,1,4,0.25
North America - Stage 1,Runasapi,Dallas Fuel,Kellan,Tank,Ramattra,2,3,0.6667
North America - Stage 1,Runasapi,Dallas Fuel,Kellan,Tank,Wrecking Ball,1,3,0.3333
North America - Stage 1,Runasapi,Dallas Fuel,Kronik,DPS,Sojourn,3,4,0.75
North America - Stage 1,Runasapi,Dallas Fuel,Kronik,DPS,Emre,1,4,0.25
North America - Stage 1,Runasapi,Dallas Fuel,Lukemino,Support,Illari,1,5,0.2
North America - Stage 1,Runasapi,Dallas Fuel,Lukemino,Support,Juno,1,5,0.2
North America - Stage 1,Runasapi,Dallas Fuel,Lukemino,Support,Brigitte,1,5,0.2
North America - Stage 1,Runasapi,Dallas Fuel,Lukemino,Support,Wuyang,1,5,0.2
North America - Stage 1,Runasapi,Dallas Fuel,Lukemino,Support,Lúcio,1,5,0.2
North America - Stage 1,Runasapi,Dallas Fuel,Seonjun,DPS,Pharah,2,3,0.6667
North America - Stage 1,Runasapi,Dallas Fuel,Seonjun,DPS,Tracer,1,3,0.3333
North America - Stage 1,Runasapi,Disguised,Lep,Support,Lúcio,2,2,1.0
North America - Stage 1,Runasapi,Disguised,PGE,DPS,Emre,2,5,0.4
North America - Stage 1,Runasapi,Disguised,PGE,DPS,Sojourn,1,5,0.2
North America - Stage 1,Runasapi,Disguised,PGE,DPS,Tracer,1,5,0.2
North America - Stage 1,Runasapi,Disguised,PGE,DPS,Cassidy,1,5,0.2
North America - Stage 1,Runasapi,Disguised,Rokit,DPS,Symmetra,1,2,0.5
North America - Stage 1,Runasapi,Disguised,Rokit,DPS,Vendetta,1,2,0.5
North America - Stage 1,Runasapi,Disguised,Scyle,Support,Kiriko,2,2,1.0
North America - Stage 1,Runasapi,Disguised,Tred,Tank,D.Va,1,3,0.3333
North America - Stage 1,Runasapi,Disguised,Tred,Tank,Ramattra,1,3,0.3333
North America - Stage 1,Runasapi,Disguised,Tred,Tank,Zarya,1,3,0.3333
North America - Stage 1,Runasapi,LuneX Gaming,NenWhy,Support,Lúcio,5,5,1.0
North America - Stage 1,Runasapi,LuneX Gaming,Zeb,Tank,Orisa,3,6,0.5
North America - Stage 1,Runasapi,LuneX Gaming,Zeb,Tank,Zarya,2,6,0.3333
North America - Stage 1,Runasapi,LuneX Gaming,Zeb,Tank,Doomfist,1,6,0.1667
North America - Stage 1,Runasapi,LuneX Gaming,xomba,DPS,Vendetta,3,5,0.6
North America - Stage 1,Runasapi,LuneX Gaming,xomba,DPS,Tracer,2,5,0.4
North America - Stage 1,Runasapi,LuneX Gaming,xten,DPS,Sojourn,3,5,0.6
North America - Stage 1,Runasapi,LuneX Gaming,xten,DPS,Emre,1,5,0.2
North America - Stage 1,Runasapi,LuneX Gaming,xten,DPS,Reaper,1,5,0.2
North America - Stage 1,Runasapi,LuneX Gaming,zzz,Support,Kiriko,5,5,1.0
North America - Stage 1,Runasapi,Spacestation Gaming,Admiral,Support,Lúcio,3,5,0.6
North America - Stage 1,Runasapi,Spacestation Gaming,Admiral,Support,Brigitte,1,5,0.2
North America - Stage 1,Runasapi,Spacestation Gaming,Admiral,Support,Juno,1,5,0.2
North America - Stage 1,Runasapi,Spacestation Gaming,Hawk,Tank,D.Va,3,6,0.5
North America - Stage 1,Runasapi,Spacestation Gaming,Hawk,Tank,Zarya,2,6,0.3333
North America - Stage 1,Runasapi,Spacestation Gaming,Hawk,Tank,Mauga,1,6,0.1667
North America - Stage 1,Runasapi,Spacestation Gaming,Lethal,DPS,Emre,3,6,0.5
North America - Stage 1,Runasapi,Spacestation Gaming,Lethal,DPS,Sojourn,2,6,0.3333
North America - Stage 1,Runasapi,Spacestation Gaming,Lethal,DPS,Cassidy,1,6,0.1667
North America - Stage 1,Runasapi,Spacestation Gaming,Sugarfree,DPS,Tracer,3,6,0.5
North America - Stage 1,Runasapi,Spacestation Gaming,Sugarfree,DPS,Vendetta,2,6,0.3333
North America - Stage 1,Runasapi,Spacestation Gaming,Sugarfree,DPS,Echo,1,6,0.1667
North America - Stage 1,Runasapi,Spacestation Gaming,UltraViolet,Support,Kiriko,3,8,0.375
North America - Stage 1,Runasapi,Spacestation Gaming,UltraViolet,Support,Juno,3,8,0.375
North America - Stage 1,Runasapi,Spacestation Gaming,UltraViolet,Support,Ana,1,8,0.125
North America - Stage 1,Runasapi,Spacestation Gaming,UltraViolet,Support,Zenyatta,1,8,0.125
North America - Stage 1,Runasapi,Team Liquid,Escanor,Support,Juno,3,4,0.75
North America - Stage 1,Runasapi,Team Liquid,Escanor,Support,Kiriko,1,4,0.25
North America - Stage 1,Runasapi,Team Liquid,Infekted,Tank,Mauga,2,5,0.4
North America - Stage 1,Runasapi,Team Liquid,Infekted,Tank,Orisa,2,5,0.4
North America - Stage 1,Runasapi,Team Liquid,Infekted,Tank,D.Va,1,5,0.2
North America - Stage 1,Runasapi,Team Liquid,TR33,DPS,Emre,2,5,0.4
North America - Stage 1,Runasapi,Team Liquid,TR33,DPS,Cassidy,2,5,0.4
North America - Stage 1,Runasapi,Team Liquid,TR33,DPS,Sojourn,1,5,0.2
North America - Stage 1,Runasapi,Team Liquid,Vega,Support,Brigitte,3,4,0.75
North America - Stage 1,Runasapi,Team Liquid,Vega,Support,Lúcio,1,4,0.25
North America - Stage 1,Runasapi,Team Liquid,Zeruhh,DPS,Genji,3,7,0.4286
North America - Stage 1,Runasapi,Team Liquid,Zeruhh,DPS,Pharah,2,7,0.2857
North America - Stage 1,Runasapi,Team Liquid,Zeruhh,DPS,Vendetta,1,7,0.1429
North America - Stage 1,Runasapi,Team Liquid,Zeruhh,DPS,Tracer,1,7,0.1429
North America - Stage 1,Suravasa,Dallas Fuel,Cjay,Support,Ana,3,4,0.75
North America - Stage 1,Suravasa,Dallas Fuel,Cjay,Support,Jetpack Cat,1,4,0.25
North America - Stage 1,Suravasa,Dallas Fuel,Kellan,Tank,Winston,2,4,0.5
North America - Stage 1,Suravasa,Dallas Fuel,Kellan,Tank,D.Va,1,4,0.25
North America - Stage 1,Suravasa,Dallas Fuel,Kellan,Tank,Wrecking Ball,1,4,0.25
North America - Stage 1,Suravasa,Dallas Fuel,Kronik,DPS,Sojourn,3,6,0.5
North America - Stage 1,Suravasa,Dallas Fuel,Kronik,DPS,Symmetra,1,6,0.1667
North America - Stage 1,Suravasa,Dallas Fuel,Kronik,DPS,Anran,1,6,0.1667
North America - Stage 1,Suravasa,Dallas Fuel,Kronik,DPS,Cassidy,1,6,0.1667
North America - Stage 1,Suravasa,Dallas Fuel,Lukemino,Support,Illari,3,7,0.4286
North America - Stage 1,Suravasa,Dallas Fuel,Lukemino,Support,Lúcio,1,7,0.1429
North America - Stage 1,Suravasa,Dallas Fuel,Lukemino,Support,Mercy,1,7,0.1429
North America - Stage 1,Suravasa,Dallas Fuel,Lukemino,Support,Brigitte,1,7,0.1429
North America - Stage 1,Suravasa,Dallas Fuel,Lukemino,Support,Jetpack Cat,1,7,0.1429
North America - Stage 1,Suravasa,Dallas Fuel,Seonjun,DPS,Symmetra,3,8,0.375
North America - Stage 1,Suravasa,Dallas Fuel,Seonjun,DPS,Echo,2,8,0.25
North America - Stage 1,Suravasa,Dallas Fuel,Seonjun,DPS,Vendetta,1,8,0.125
North America - Stage 1,Suravasa,Dallas Fuel,Seonjun,DPS,Junkrat,1,8,0.125
North America - Stage 1,Suravasa,Dallas Fuel,Seonjun,DPS,Tracer,1,8,0.125
North America - Stage 1,Suravasa,Disguised,Lep,Support,Lúcio,1,2,0.5
North America - Stage 1,Suravasa,Disguised,Lep,Support,Brigitte,1,2,0.5
North America - Stage 1,Suravasa,Disguised,PGE,DPS,Emre,2,3,0.6667
North America - Stage 1,Suravasa,Disguised,PGE,DPS,Cassidy,1,3,0.3333
North America - Stage 1,Suravasa,Disguised,Rokit,DPS,Symmetra,1,3,0.3333
North America - Stage 1,Suravasa,Disguised,Rokit,DPS,Tracer,1,3,0.3333
North America - Stage 1,Suravasa,Disguised,Rokit,DPS,Vendetta,1,3,0.3333
North America - Stage 1,Suravasa,Disguised,Scyle,Support,Baptiste,1,2,0.5
North America - Stage 1,Suravasa,Disguised,Scyle,Support,Juno,1,2,0.5
North America - Stage 1,Suravasa,Disguised,Tred,Tank,D.Va,2,3,0.6667
North America - Stage 1,Suravasa,Disguised,Tred,Tank,Wrecking Ball,1,3,0.3333
North America - Stage 1,Suravasa,Extinction,Grapes,Support,Lúcio,3,4,0.75
North America - Stage 1,Suravasa,Extinction,Grapes,Support,Kiriko,1,4,0.25
North America - Stage 1,Suravasa,Extinction,Ryan,DPS,Tracer,4,7,0.5714
North America - Stage 1,Suravasa,Extinction,Ryan,DPS,Symmetra,3,7,0.4286
North America - Stage 1,Suravasa,Extinction,pdk,DPS,Emre,3,5,0.6
North America - Stage 1,Suravasa,Extinction,pdk,DPS,Sojourn,2,5,0.4
North America - Stage 1,Suravasa,Extinction,scuffed,Support,Kiriko,3,6,0.5
North America - Stage 1,Suravasa,Extinction,scuffed,Support,Juno,2,6,0.3333
North America - Stage 1,Suravasa,Extinction,scuffed,Support,Lúcio,1,6,0.1667
North America - Stage 1,Suravasa,Extinction,sniper,Tank,D.Va,4,5,0.8
North America - Stage 1,Suravasa,Extinction,sniper,Tank,Sigma,1,5,0.2
North America - Stage 1,Suravasa,LuneX Gaming,NenWhy,Support,Lúcio,3,5,0.6
North America - Stage 1,Suravasa,LuneX Gaming,NenWhy,Support,Kiriko,1,5,0.2
North America - Stage 1,Suravasa,LuneX Gaming,NenWhy,Support,Juno,1,5,0.2
North America - Stage 1,Suravasa,LuneX Gaming,Zeb,Tank,Domina,2,4,0.5
North America - Stage 1,Suravasa,LuneX Gaming,Zeb,Tank,Orisa,2,4,0.5
North America - Stage 1,Suravasa,LuneX Gaming,xomba,DPS,Tracer,2,5,0.4
North America - Stage 1,Suravasa,LuneX Gaming,xomba,DPS,Vendetta,2,5,0.4
North America - Stage 1,Suravasa,LuneX Gaming,xomba,DPS,Symmetra,1,5,0.2
North America - Stage 1,Suravasa,LuneX Gaming,xten,DPS,Sojourn,3,5,0.6
North America - Stage 1,Suravasa,LuneX Gaming,xten,DPS,Emre,2,5,0.4
North America - Stage 1,Suravasa,LuneX Gaming,zzz,Support,Kiriko,3,7,0.4286
North America - Stage 1,Suravasa,LuneX Gaming,zzz,Support,Juno,2,7,0.2857
North America - Stage 1,Suravasa,LuneX Gaming,zzz,Support,Lúcio,1,7,0.1429
North America - Stage 1,Suravasa,LuneX Gaming,zzz,Support,Zenyatta,1,7,0.1429
North America - Stage 1,Suravasa,Spacestation Gaming,Admiral,Support,Lúcio,4,5,0.8
North America - Stage 1,Suravasa,Spacestation Gaming,Admiral,Support,Brigitte,1,5,0.2
North America - Stage 1,Suravasa,Spacestation Gaming,Hawk,Tank,D.Va,3,9,0.3333
North America - Stage 1,Suravasa,Spacestation Gaming,Hawk,Tank,Orisa,2,9,0.2222
North America - Stage 1,Suravasa,Spacestation Gaming,Hawk,Tank,Hazard,1,9,0.1111
North America - Stage 1,Suravasa,Spacestation Gaming,Hawk,Tank,Sigma,1,9,0.1111
North America - Stage 1,Suravasa,Spacestation Gaming,Hawk,Tank,Mauga,1,9,0.1111
North America - Stage 1,Suravasa,Spacestation Gaming,Hawk,Tank,Zarya,1,9,0.1111
North America - Stage 1,Suravasa,Spacestation Gaming,Lethal,DPS,Emre,3,9,0.3333
North America - Stage 1,Suravasa,Spacestation Gaming,Lethal,DPS,Sojourn,3,9,0.3333
North America - Stage 1,Suravasa,Spacestation Gaming,Lethal,DPS,Tracer,2,9,0.2222
North America - Stage 1,Suravasa,Spacestation Gaming,Lethal,DPS,Cassidy,1,9,0.1111
North America - Stage 1,Suravasa,Spacestation Gaming,Sugarfree,DPS,Symmetra,4,7,0.5714
North America - Stage 1,Suravasa,Spacestation Gaming,Sugarfree,DPS,Tracer,2,7,0.2857
North America - Stage 1,Suravasa,Spacestation Gaming,Sugarfree,DPS,Pharah,1,7,0.1429
North America - Stage 1,Suravasa,Spacestation Gaming,UltraViolet,Support,Kiriko,4,6,0.6667
North America - Stage 1,Suravasa,Spacestation Gaming,UltraViolet,Support,Juno,2,6,0.3333
North America - Stage 1,Suravasa,Team Liquid,Escanor,Support,Juno,2,3,0.6667
North America - Stage 1,Suravasa,Team Liquid,Escanor,Support,Kiriko,1,3,0.3333
North America - Stage 1,Suravasa,Team Liquid,Infekted,Tank,Wrecking Ball,2,7,0.2857
North America - Stage 1,Suravasa,Team Liquid,Infekted,Tank,Orisa,2,7,0.2857
North America - Stage 1,Suravasa,Team Liquid,Infekted,Tank,Ramattra,1,7,0.1429
North America - Stage 1,Suravasa,Team Liquid,Infekted,Tank,Sigma,1,7,0.1429
North America - Stage 1,Suravasa,Team Liquid,Infekted,Tank,Mauga,1,7,0.1429
North America - Stage 1,Suravasa,Team Liquid,TR33,DPS,Emre,3,6,0.5
North America - Stage 1,Suravasa,Team Liquid,TR33,DPS,Sombra,1,6,0.1667
North America - Stage 1,Suravasa,Team Liquid,TR33,DPS,Tracer,1,6,0.1667
North America - Stage 1,Suravasa,Team Liquid,TR33,DPS,Symmetra,1,6,0.1667
North America - Stage 1,Suravasa,Team Liquid,Vega,Support,Brigitte,2,3,0.6667
North America - Stage 1,Suravasa,Team Liquid,Vega,Support,Lúcio,1,3,0.3333
North America - Stage 1,Suravasa,Team Liquid,Zeruhh,DPS,Tracer,3,7,0.4286
North America - Stage 1,Suravasa,Team Liquid,Zeruhh,DPS,Symmetra,3,7,0.4286
North America - Stage 1,Suravasa,Team Liquid,Zeruhh,DPS,Genji,1,7,0.1429
North America - Stage 1,Watchpoint: Gibraltar,Dallas Fuel,Cjay,Support,Kiriko,2,3,0.6667
North America - Stage 1,Watchpoint: Gibraltar,Dallas Fuel,Cjay,Support,Ana,1,3,0.3333
North America - Stage 1,Watchpoint: Gibraltar,Dallas Fuel,Kellan,Tank,Winston,2,4,0.5
North America - Stage 1,Watchpoint: Gibraltar,Dallas Fuel,Kellan,Tank,D.Va,1,4,0.25
North America - Stage 1,Watchpoint: Gibraltar,Dallas Fuel,Kellan,Tank,Wrecking Ball,1,4,0.25
North America - Stage 1,Watchpoint: Gibraltar,Dallas Fuel,Kronik,DPS,Widowmaker,3,5,0.6
North America - Stage 1,Watchpoint: Gibraltar,Dallas Fuel,Kronik,DPS,Cassidy,2,5,0.4
North America - Stage 1,Watchpoint: Gibraltar,Dallas Fuel,Lukemino,Support,Brigitte,1,6,0.1667
North America - Stage 1,Watchpoint: Gibraltar,Dallas Fuel,Lukemino,Support,Kiriko,1,6,0.1667
North America - Stage 1,Watchpoint: Gibraltar,Dallas Fuel,Lukemino,Support,Illari,1,6,0.1667
North America - Stage 1,Watchpoint: Gibraltar,Dallas Fuel,Lukemino,Support,Lúcio,1,6,0.1667
North America - Stage 1,Watchpoint: Gibraltar,Dallas Fuel,Lukemino,Support,Ana,1,6,0.1667
North America - Stage 1,Watchpoint: Gibraltar,Dallas Fuel,Lukemino,Support,Jetpack Cat,1,6,0.1667
North America - Stage 1,Watchpoint: Gibraltar,Dallas Fuel,Seonjun,DPS,Tracer,2,4,0.5
North America - Stage 1,Watchpoint: Gibraltar,Dallas Fuel,Seonjun,DPS,Vendetta,1,4,0.25
North America - Stage 1,Watchpoint: Gibraltar,Dallas Fuel,Seonjun,DPS,Genji,1,4,0.25
North America - Stage 1,Watchpoint: Gibraltar,Disguised,Lep,Support,Lúcio,1,1,1.0
North America - Stage 1,Watchpoint: Gibraltar,Disguised,PGE,DPS,Emre,1,3,0.3333
North America - Stage 1,Watchpoint: Gibraltar,Disguised,PGE,DPS,Cassidy,1,3,0.3333
North America - Stage 1,Watchpoint: Gibraltar,Disguised,PGE,DPS,Widowmaker,1,3,0.3333
North America - Stage 1,Watchpoint: Gibraltar,Disguised,Rokit,DPS,Vendetta,1,1,1.0
North America - Stage 1,Watchpoint: Gibraltar,Disguised,Scyle,Support,Kiriko,1,1,1.0
North America - Stage 1,Watchpoint: Gibraltar,Disguised,Tred,Tank,D.Va,1,3,0.3333
North America - Stage 1,Watchpoint: Gibraltar,Disguised,Tred,Tank,Doomfist,1,3,0.3333
North America - Stage 1,Watchpoint: Gibraltar,Disguised,Tred,Tank,Winston,1,3,0.3333
North America - Stage 1,Watchpoint: Gibraltar,Extinction,Grapes,Support,Wuyang,1,3,0.3333
North America - Stage 1,Watchpoint: Gibraltar,Extinction,Grapes,Support,Lúcio,1,3,0.3333
North America - Stage 1,Watchpoint: Gibraltar,Extinction,Grapes,Support,Jetpack Cat,1,3,0.3333
North America - Stage 1,Watchpoint: Gibraltar,Extinction,Ryan,DPS,Tracer,1,1,1.0
North America - Stage 1,Watchpoint: Gibraltar,Extinction,pdk,DPS,Freja,1,3,0.3333
North America - Stage 1,Watchpoint: Gibraltar,Extinction,pdk,DPS,Cassidy,1,3,0.3333
North America - Stage 1,Watchpoint: Gibraltar,Extinction,pdk,DPS,Sojourn,1,3,0.3333
North America - Stage 1,Watchpoint: Gibraltar,Extinction,scuffed,Support,Kiriko,1,1,1.0
North America - Stage 1,Watchpoint: Gibraltar,Extinction,sniper,Tank,Wrecking Ball,1,2,0.5
North America - Stage 1,Watchpoint: Gibraltar,Extinction,sniper,Tank,Sigma,1,2,0.5
North America - Stage 1,Watchpoint: Gibraltar,LuneX Gaming,NenWhy,Support,Brigitte,3,9,0.3333
North America - Stage 1,Watchpoint: Gibraltar,LuneX Gaming,NenWhy,Support,Lúcio,3,9,0.3333
North America - Stage 1,Watchpoint: Gibraltar,LuneX Gaming,NenWhy,Support,Illari,2,9,0.2222
North America - Stage 1,Watchpoint: Gibraltar,LuneX Gaming,NenWhy,Support,Jetpack Cat,1,9,0.1111
North America - Stage 1,Watchpoint: Gibraltar,LuneX Gaming,Zeb,Tank,Doomfist,2,4,0.5
North America - Stage 1,Watchpoint: Gibraltar,LuneX Gaming,Zeb,Tank,Wrecking Ball,2,4,0.5
North America - Stage 1,Watchpoint: Gibraltar,LuneX Gaming,xomba,DPS,Tracer,4,5,0.8
North America - Stage 1,Watchpoint: Gibraltar,LuneX Gaming,xomba,DPS,Symmetra,1,5,0.2
North America - Stage 1,Watchpoint: Gibraltar,LuneX Gaming,xten,DPS,Freja,3,7,0.4286
North America - Stage 1,Watchpoint: Gibraltar,LuneX Gaming,xten,DPS,Emre,2,7,0.2857
North America - Stage 1,Watchpoint: Gibraltar,LuneX Gaming,xten,DPS,Widowmaker,1,7,0.1429
North America - Stage 1,Watchpoint: Gibraltar,LuneX Gaming,xten,DPS,Cassidy,1,7,0.1429
North America - Stage 1,Watchpoint: Gibraltar,LuneX Gaming,zzz,Support,Kiriko,4,4,1.0
North America - Stage 1,Watchpoint: Gibraltar,Spacestation Gaming,Admiral,Support,Lúcio,4,5,0.8
North America - Stage 1,Watchpoint: Gibraltar,Spacestation Gaming,Admiral,Support,Kiriko,1,5,0.2
North America - Stage 1,Watchpoint: Gibraltar,Spacestation Gaming,Hawk,Tank,D.Va,3,6,0.5
North America - Stage 1,Watchpoint: Gibraltar,Spacestation Gaming,Hawk,Tank,Sigma,1,6,0.1667
North America - Stage 1,Watchpoint: Gibraltar,Spacestation Gaming,Hawk,Tank,Ramattra,1,6,0.1667
North America - Stage 1,Watchpoint: Gibraltar,Spacestation Gaming,Hawk,Tank,Zarya,1,6,0.1667
North America - Stage 1,Watchpoint: Gibraltar,Spacestation Gaming,Lethal,DPS,Emre,3,10,0.3
North America - Stage 1,Watchpoint: Gibraltar,Spacestation Gaming,Lethal,DPS,Widowmaker,3,10,0.3
North America - Stage 1,Watchpoint: Gibraltar,Spacestation Gaming,Lethal,DPS,Cassidy,2,10,0.2
North America - Stage 1,Watchpoint: Gibraltar,Spacestation Gaming,Lethal,DPS,Sojourn,2,10,0.2
North America - Stage 1,Watchpoint: Gibraltar,Spacestation Gaming,Sugarfree,DPS,Tracer,3,8,0.375
North America - Stage 1,Watchpoint: Gibraltar,Spacestation Gaming,Sugarfree,DPS,Symmetra,3,8,0.375
North America - Stage 1,Watchpoint: Gibraltar,Spacestation Gaming,Sugarfree,DPS,Vendetta,1,8,0.125
North America - Stage 1,Watchpoint: Gibraltar,Spacestation Gaming,Sugarfree,DPS,Genji,1,8,0.125
North America - Stage 1,Watchpoint: Gibraltar,Spacestation Gaming,UltraViolet,Support,Kiriko,4,7,0.5714
North America - Stage 1,Watchpoint: Gibraltar,Spacestation Gaming,UltraViolet,Support,Wuyang,3,7,0.4286
North America - Stage 1,Watchpoint: Gibraltar,Team Liquid,Coluge,Tank,D.Va,1,1,1.0
North America - Stage 1,Watchpoint: Gibraltar,Team Liquid,Escanor,Support,Kiriko,5,6,0.8333
North America - Stage 1,Watchpoint: Gibraltar,Team Liquid,Escanor,Support,Ana,1,6,0.1667
North America - Stage 1,Watchpoint: Gibraltar,Team Liquid,Infekted,Tank,Winston,2,6,0.3333
North America - Stage 1,Watchpoint: Gibraltar,Team Liquid,Infekted,Tank,Wrecking Ball,2,6,0.3333
North America - Stage 1,Watchpoint: Gibraltar,Team Liquid,Infekted,Tank,D.Va,2,6,0.3333
North America - Stage 1,Watchpoint: Gibraltar,Team Liquid,TR33,DPS,Widowmaker,3,12,0.25
North America - Stage 1,Watchpoint: Gibraltar,Team Liquid,TR33,DPS,Emre,2,12,0.1667
North America - Stage 1,Watchpoint: Gibraltar,Team Liquid,TR33,DPS,Hanzo,1,12,0.0833
North America - Stage 1,Watchpoint: Gibraltar,Team Liquid,TR33,DPS,Sombra,1,12,0.0833
North America - Stage 1,Watchpoint: Gibraltar,Team Liquid,TR33,DPS,Sojourn,1,12,0.0833
North America - Stage 1,Watchpoint: Gibraltar,Team Liquid,TR33,DPS,Cassidy,1,12,0.0833
North America - Stage 1,Watchpoint: Gibraltar,Team Liquid,TR33,DPS,Tracer,1,12,0.0833
North America - Stage 1,Watchpoint: Gibraltar,Team Liquid,TR33,DPS,Venture,1,12,0.0833
North America - Stage 1,Watchpoint: Gibraltar,Team Liquid,TR33,DPS,Bastion,1,12,0.0833
North America - Stage 1,Watchpoint: Gibraltar,Team Liquid,Vega,Support,Lúcio,3,7,0.4286
North America - Stage 1,Watchpoint: Gibraltar,Team Liquid,Vega,Support,Wuyang,2,7,0.2857
North America - Stage 1,Watchpoint: Gibraltar,Team Liquid,Vega,Support,Brigitte,2,7,0.2857
North America - Stage 1,Watchpoint: Gibraltar,Team Liquid,Zeruhh,DPS,Tracer,4,7,0.5714
North America - Stage 1,Watchpoint: Gibraltar,Team Liquid,Zeruhh,DPS,Vendetta,2,7,0.2857
North America - Stage 1,Watchpoint: Gibraltar,Team Liquid,Zeruhh,DPS,Genji,1,7,0.1429
Pacific - Stage 1,Aatlis,FURY,Exrai,Support,Kiriko,2,3,0.6667
Pacific - Stage 1,Aatlis,FURY,Exrai,Support,Juno,1,3,0.3333
Pacific - Stage 1,Aatlis,FURY,PKFishy,DPS,Vendetta,1,3,0.3333
Pacific - Stage 1,Aatlis,FURY,PKFishy,DPS,Tracer,1,3,0.3333
Pacific - Stage 1,Aatlis,FURY,PKFishy,DPS,Symmetra,1,3,0.3333
Pacific - Stage 1,Aatlis,FURY,Pugz,Support,Lúcio,1,2,0.5
Pacific - Stage 1,Aatlis,FURY,Pugz,Support,Wuyang,1,2,0.5
Pacific - Stage 1,Aatlis,FURY,Regr3t,DPS,Emre,2,3,0.6667
Pacific - Stage 1,Aatlis,FURY,Regr3t,DPS,Sojourn,1,3,0.3333
Pacific - Stage 1,Aatlis,FURY,Scorch,Tank,Zarya,1,3,0.3333
Pacific - Stage 1,Aatlis,FURY,Scorch,Tank,Orisa,1,3,0.3333
Pacific - Stage 1,Aatlis,FURY,Scorch,Tank,D.Va,1,3,0.3333
Pacific - Stage 1,Aatlis,MieMieYang,Elva,DPS,Tracer,1,3,0.3333
Pacific - Stage 1,Aatlis,MieMieYang,Elva,DPS,Pharah,1,3,0.3333
Pacific - Stage 1,Aatlis,MieMieYang,Elva,DPS,Echo,1,3,0.3333
Pacific - Stage 1,Aatlis,MieMieYang,Hyunjae,Support,Mizuki,1,2,0.5
Pacific - Stage 1,Aatlis,MieMieYang,Hyunjae,Support,Lúcio,1,2,0.5
Pacific - Stage 1,Aatlis,MieMieYang,Kairen,Tank,Orisa,1,1,1.0
Pacific - Stage 1,Aatlis,MieMieYang,MSCG,Support,Kiriko,1,1,1.0
Pacific - Stage 1,Aatlis,MieMieYang,Sunset,DPS,Emre,1,2,0.5
Pacific - Stage 1,Aatlis,MieMieYang,Sunset,DPS,Symmetra,1,2,0.5
Pacific - Stage 1,Aatlis,Rankers,Despair,Tank,D.Va,1,2,0.5
Pacific - Stage 1,Aatlis,Rankers,Despair,Tank,Mauga,1,2,0.5
Pacific - Stage 1,Aatlis,Rankers,FEI,Support,Brigitte,1,2,0.5
Pacific - Stage 1,Aatlis,Rankers,FEI,Support,Illari,1,2,0.5
Pacific - Stage 1,Aatlis,Rankers,Tom4to,Support,Kiriko,1,1,1.0
Pacific - Stage 1,Aatlis,Rankers,Zephyr,DPS,Sojourn,1,2,0.5
Pacific - Stage 1,Aatlis,Rankers,Zephyr,DPS,Tracer,1,2,0.5
Pacific - Stage 1,Aatlis,Rankers,brysonbtw,DPS,Echo,1,2,0.5
Pacific - Stage 1,Aatlis,Rankers,brysonbtw,DPS,Symmetra,1,2,0.5
Pacific - Stage 1,Aatlis,Team Secret,Hyvision,DPS,Emre,2,2,1.0
Pacific - Stage 1,Aatlis,Team Secret,PaLee,Support,Lúcio,1,3,0.3333
Pacific - Stage 1,Aatlis,Team Secret,PaLee,Support,Moira,1,3,0.3333
Pacific - Stage 1,Aatlis,Team Secret,PaLee,Support,Kiriko,1,3,0.3333
Pacific - Stage 1,Aatlis,Team Secret,UYOU,Tank,Wrecking Ball,1,2,0.5
Pacific - Stage 1,Aatlis,Team Secret,UYOU,Tank,Hazard,1,2,0.5
Pacific - Stage 1,Aatlis,Team Secret,Yoshinori2k,DPS,Symmetra,2,5,0.4
Pacific - Stage 1,Aatlis,Team Secret,Yoshinori2k,DPS,Vendetta,1,5,0.2
Pacific - Stage 1,Aatlis,Team Secret,Yoshinori2k,DPS,Echo,1,5,0.2
Pacific - Stage 1,Aatlis,Team Secret,Yoshinori2k,DPS,Tracer,1,5,0.2
Pacific - Stage 1,Aatlis,Team Secret,Yui,Support,Mizuki,1,3,0.3333
Pacific - Stage 1,Aatlis,Team Secret,Yui,Support,Baptiste,1,3,0.3333
Pacific - Stage 1,Aatlis,Team Secret,Yui,Support,Illari,1,3,0.3333
Pacific - Stage 1,Aatlis,The Gatos Guapos,Ackyy,Support,Kiriko,2,3,0.6667
Pacific - Stage 1,Aatlis,The Gatos Guapos,Ackyy,Support,Juno,1,3,0.3333
Pacific - Stage 1,Aatlis,The Gatos Guapos,Colourhex,DPS,Emre,1,1,1.0
Pacific - Stage 1,Aatlis,The Gatos Guapos,Nyang,DPS,Emre,1,3,0.3333
Pacific - Stage 1,Aatlis,The Gatos Guapos,Nyang,DPS,Sojourn,1,3,0.3333
Pacific - Stage 1,Aatlis,The Gatos Guapos,Nyang,DPS,Symmetra,1,3,0.3333
Pacific - Stage 1,Aatlis,The Gatos Guapos,Punk,Tank,Zarya,1,3,0.3333
Pacific - Stage 1,Aatlis,The Gatos Guapos,Punk,Tank,Ramattra,1,3,0.3333
Pacific - Stage 1,Aatlis,The Gatos Guapos,Punk,Tank,Mauga,1,3,0.3333
Pacific - Stage 1,Aatlis,The Gatos Guapos,sgy,DPS,Vendetta,1,3,0.3333
Pacific - Stage 1,Aatlis,The Gatos Guapos,sgy,DPS,Tracer,1,3,0.3333
Pacific - Stage 1,Aatlis,The Gatos Guapos,sgy,DPS,Anran,1,3,0.3333
Pacific - Stage 1,Aatlis,The Gatos Guapos,wntr,Support,Lúcio,1,3,0.3333
Pacific - Stage 1,Aatlis,The Gatos Guapos,wntr,Support,Brigitte,1,3,0.3333
Pacific - Stage 1,Aatlis,The Gatos Guapos,wntr,Support,Juno,1,3,0.3333
Pacific - Stage 1,Blizzard World,MieMieYang,Elva,DPS,Tracer,2,5,0.4
Pacific - Stage 1,Blizzard World,MieMieYang,Elva,DPS,Echo,1,5,0.2
Pacific - Stage 1,Blizzard World,MieMieYang,Elva,DPS,Pharah,1,5,0.2
Pacific - Stage 1,Blizzard World,MieMieYang,Elva,DPS,Hanzo,1,5,0.2
Pacific - Stage 1,Blizzard World,MieMieYang,Hyunjae,Support,Ana,1,3,0.3333
Pacific - Stage 1,Blizzard World,MieMieYang,Hyunjae,Support,Jetpack Cat,1,3,0.3333
Pacific - Stage 1,Blizzard World,MieMieYang,Hyunjae,Support,Illari,1,3,0.3333
Pacific - Stage 1,Blizzard World,MieMieYang,Kairen,Tank,D.Va,2,4,0.5
Pacific - Stage 1,Blizzard World,MieMieYang,Kairen,Tank,Zarya,1,4,0.25
Pacific - Stage 1,Blizzard World,MieMieYang,Kairen,Tank,Ramattra,1,4,0.25
Pacific - Stage 1,Blizzard World,MieMieYang,MSCG,Support,Illari,1,2,0.5
Pacific - Stage 1,Blizzard World,MieMieYang,MSCG,Support,Kiriko,1,2,0.5
Pacific - Stage 1,Blizzard World,MieMieYang,Sunset,DPS,Sojourn,1,3,0.3333
Pacific - Stage 1,Blizzard World,MieMieYang,Sunset,DPS,Emre,1,3,0.3333
Pacific - Stage 1,Blizzard World,MieMieYang,Sunset,DPS,Widowmaker,1,3,0.3333
Pacific - Stage 1,Blizzard World,Quasar Esports,Beeple,Support,Kiriko,1,1,1.0
Pacific - Stage 1,Blizzard World,Quasar Esports,Huntin,Support,Ana,1,1,1.0
Pacific - Stage 1,Blizzard World,Quasar Esports,Lumi,Tank,Winston,1,2,0.5
Pacific - Stage 1,Blizzard World,Quasar Esports,Lumi,Tank,Domina,1,2,0.5
Pacific - Stage 1,Blizzard World,Quasar Esports,TKL,DPS,Ashe,1,2,0.5
Pacific - Stage 1,Blizzard World,Quasar Esports,TKL,DPS,Sojourn,1,2,0.5
Pacific - Stage 1,Blizzard World,Quasar Esports,Yoko,DPS,Tracer,1,1,1.0
Pacific - Stage 1,Blizzard World,Rankers,Despair,Tank,Zarya,1,2,0.5
Pacific - Stage 1,Blizzard World,Rankers,Despair,Tank,D.Va,1,2,0.5
Pacific - Stage 1,Blizzard World,Rankers,FEI,Support,Illari,1,2,0.5
Pacific - Stage 1,Blizzard World,Rankers,FEI,Support,Wuyang,1,2,0.5
Pacific - Stage 1,Blizzard World,Rankers,Tom4to,Support,Kiriko,1,1,1.0
Pacific - Stage 1,Blizzard World,Rankers,Zephyr,DPS,Emre,1,2,0.5
Pacific - Stage 1,Blizzard World,Rankers,Zephyr,DPS,Pharah,1,2,0.5
Pacific - Stage 1,Blizzard World,Rankers,brysonbtw,DPS,Reaper,1,2,0.5
Pacific - Stage 1,Blizzard World,Rankers,brysonbtw,DPS,Symmetra,1,2,0.5
Pacific - Stage 1,Blizzard World,Team Secret,Hyvision,DPS,Sojourn,1,1,1.0
Pacific - Stage 1,Blizzard World,Team Secret,PaLee,Support,Jetpack Cat,1,3,0.3333
Pacific - Stage 1,Blizzard World,Team Secret,PaLee,Support,Zenyatta,1,3,0.3333
Pacific - Stage 1,Blizzard World,Team Secret,PaLee,Support,Illari,1,3,0.3333
Pacific - Stage 1,Blizzard World,Team Secret,UYOU,Tank,Wrecking Ball,1,1,1.0
Pacific - Stage 1,Blizzard World,Team Secret,Yoshinori2k,DPS,Tracer,1,1,1.0
Pacific - Stage 1,Blizzard World,Team Secret,Yui,Support,Ana,1,2,0.5
Pacific - Stage 1,Blizzard World,Team Secret,Yui,Support,Lúcio,1,2,0.5
Pacific - Stage 1,Blizzard World,The Gatos Guapos,Ackyy,Support,Ana,1,2,0.5
Pacific - Stage 1,Blizzard World,The Gatos Guapos,Ackyy,Support,Lúcio,1,2,0.5
Pacific - Stage 1,Blizzard World,The Gatos Guapos,Colourhex,DPS,Emre,1,3,0.3333
Pacific - Stage 1,Blizzard World,The Gatos Guapos,Colourhex,DPS,Vendetta,1,3,0.3333
Pacific - Stage 1,Blizzard World,The Gatos Guapos,Colourhex,DPS,Symmetra,1,3,0.3333
Pacific - Stage 1,Blizzard World,The Gatos Guapos,Punk,Tank,D.Va,1,2,0.5
Pacific - Stage 1,Blizzard World,The Gatos Guapos,Punk,Tank,Reinhardt,1,2,0.5
Pacific - Stage 1,Blizzard World,The Gatos Guapos,sgy,DPS,Tracer,1,2,0.5
Pacific - Stage 1,Blizzard World,The Gatos Guapos,sgy,DPS,Symmetra,1,2,0.5
Pacific - Stage 1,Blizzard World,The Gatos Guapos,wntr,Support,Kiriko,1,3,0.3333
Pacific - Stage 1,Blizzard World,The Gatos Guapos,wntr,Support,Illari,1,3,0.3333
Pacific - Stage 1,Blizzard World,The Gatos Guapos,wntr,Support,Lúcio,1,3,0.3333
Pacific - Stage 1,Busan,FURY,Exrai,Support,Kiriko,1,1,1.0
Pacific - Stage 1,Busan,FURY,PKFishy,DPS,Vendetta,1,1,1.0
Pacific - Stage 1,Busan,FURY,Pugz,Support,Lúcio,1,1,1.0
Pacific - Stage 1,Busan,FURY,Regr3t,DPS,Sojourn,1,1,1.0
Pacific - Stage 1,Busan,FURY,Scorch,Tank,D.Va,1,2,0.5
Pacific - Stage 1,Busan,FURY,Scorch,Tank,Zarya,1,2,0.5
Pacific - Stage 1,Busan,MieMieYang,Elva,DPS,Tracer,1,2,0.5
Pacific - Stage 1,Busan,MieMieYang,Elva,DPS,Symmetra,1,2,0.5
Pacific - Stage 1,Busan,MieMieYang,Hyunjae,Support,Ana,1,1,1.0
Pacific - Stage 1,Busan,MieMieYang,Kairen,Tank,D.Va,1,1,1.0
Pacific - Stage 1,Busan,MieMieYang,MSCG,Support,Illari,1,1,1.0
Pacific - Stage 1,Busan,MieMieYang,Sunset,DPS,Emre,1,2,0.5
Pacific - Stage 1,Busan,MieMieYang,Sunset,DPS,Sojourn,1,2,0.5
Pacific - Stage 1,Busan,Quasar Esports,Beeple,Support,Lúcio,2,4,0.5
Pacific - Stage 1,Busan,Quasar Esports,Beeple,Support,Jetpack Cat,1,4,0.25
Pacific - Stage 1,Busan,Quasar Esports,Beeple,Support,Mizuki,1,4,0.25
Pacific - Stage 1,Busan,Quasar Esports,Huntin,Support,Kiriko,3,4,0.75
Pacific - Stage 1,Busan,Quasar Esports,Huntin,Support,Ana,1,4,0.25
Pacific - Stage 1,Busan,Quasar Esports,Lumi,Tank,D.Va,2,2,1.0
Pacific - Stage 1,Busan,Quasar Esports,TKL,DPS,Sojourn,2,7,0.2857
Pacific - Stage 1,Busan,Quasar Esports,TKL,DPS,Cassidy,2,7,0.2857
Pacific - Stage 1,Busan,Quasar Esports,TKL,DPS,Vendetta,1,7,0.1429
Pacific - Stage 1,Busan,Quasar Esports,TKL,DPS,Bastion,1,7,0.1429
Pacific - Stage 1,Busan,Quasar Esports,TKL,DPS,Emre,1,7,0.1429
Pacific - Stage 1,Busan,Quasar Esports,Yoko,DPS,Tracer,3,7,0.4286
Pacific - Stage 1,Busan,Quasar Esports,Yoko,DPS,Symmetra,3,7,0.4286
Pacific - Stage 1,Busan,Quasar Esports,Yoko,DPS,Reaper,1,7,0.1429
Pacific - Stage 1,Busan,Quasar Esports,jamorant,Tank,D.Va,1,1,1.0
Pacific - Stage 1,Busan,Rankers,Despair,Tank,D.Va,2,5,0.4
Pacific - Stage 1,Busan,Rankers,Despair,Tank,Zarya,2,5,0.4
Pacific - Stage 1,Busan,Rankers,Despair,Tank,Mauga,1,5,0.2
Pacific - Stage 1,Busan,Rankers,FEI,Support,Kiriko,1,7,0.1429
Pacific - Stage 1,Busan,Rankers,FEI,Support,Juno,1,7,0.1429
Pacific - Stage 1,Busan,Rankers,FEI,Support,Illari,1,7,0.1429
Pacific - Stage 1,Busan,Rankers,FEI,Support,Brigitte,1,7,0.1429
Pacific - Stage 1,Busan,Rankers,FEI,Support,Lúcio,1,7,0.1429
Pacific - Stage 1,Busan,Rankers,FEI,Support,Wuyang,1,7,0.1429
Pacific - Stage 1,Busan,Rankers,FEI,Support,Ana,1,7,0.1429
Pacific - Stage 1,Busan,Rankers,Tom4to,Support,Kiriko,2,7,0.2857
Pacific - Stage 1,Busan,Rankers,Tom4to,Support,Illari,1,7,0.1429
Pacific - Stage 1,Busan,Rankers,Tom4to,Support,Wuyang,1,7,0.1429
Pacific - Stage 1,Busan,Rankers,Tom4to,Support,Mizuki,1,7,0.1429
Pacific - Stage 1,Busan,Rankers,Tom4to,Support,Baptiste,1,7,0.1429
Pacific - Stage 1,Busan,Rankers,Tom4to,Support,Ana,1,7,0.1429
Pacific - Stage 1,Busan,Rankers,Zephyr,DPS,Tracer,2,6,0.3333
Pacific - Stage 1,Busan,Rankers,Zephyr,DPS,Emre,1,6,0.1667
Pacific - Stage 1,Busan,Rankers,Zephyr,DPS,Cassidy,1,6,0.1667
Pacific - Stage 1,Busan,Rankers,Zephyr,DPS,Symmetra,1,6,0.1667
Pacific - Stage 1,Busan,Rankers,Zephyr,DPS,Sojourn,1,6,0.1667
Pacific - Stage 1,Busan,Rankers,brysonbtw,DPS,Reaper,3,6,0.5
Pacific - Stage 1,Busan,Rankers,brysonbtw,DPS,Symmetra,3,6,0.5
Pacific - Stage 1,Busan,Team Secret,Hyvision,DPS,Sojourn,2,3,0.6667
Pacific - Stage 1,Busan,Team Secret,Hyvision,DPS,Cassidy,1,3,0.3333
Pacific - Stage 1,Busan,Team Secret,PaLee,Support,Brigitte,2,4,0.5
Pacific - Stage 1,Busan,Team Secret,PaLee,Support,Kiriko,1,4,0.25
Pacific - Stage 1,Busan,Team Secret,PaLee,Support,Jetpack Cat,1,4,0.25
Pacific - Stage 1,Busan,Team Secret,UYOU,Tank,Wrecking Ball,2,2,1.0
Pacific - Stage 1,Busan,Team Secret,Yoshinori2k,DPS,Tracer,2,4,0.5
Pacific - Stage 1,Busan,Team Secret,Yoshinori2k,DPS,Symmetra,2,4,0.5
Pacific - Stage 1,Busan,Team Secret,Yui,Support,Ana,2,5,0.4
Pacific - Stage 1,Busan,Team Secret,Yui,Support,Mizuki,2,5,0.4
Pacific - Stage 1,Busan,Team Secret,Yui,Support,Lúcio,1,5,0.2
Pacific - Stage 1,Busan,The Gatos Guapos,Ackyy,Support,Kiriko,2,3,0.6667
Pacific - Stage 1,Busan,The Gatos Guapos,Ackyy,Support,Juno,1,3,0.3333
Pacific - Stage 1,Busan,The Gatos Guapos,Colourhex,DPS,Sojourn,1,1,1.0
Pacific - Stage 1,Busan,The Gatos Guapos,Nyang,DPS,Sojourn,1,2,0.5
Pacific - Stage 1,Busan,The Gatos Guapos,Nyang,DPS,Bastion,1,2,0.5
Pacific - Stage 1,Busan,The Gatos Guapos,Punk,Tank,D.Va,2,4,0.5
Pacific - Stage 1,Busan,The Gatos Guapos,Punk,Tank,Ramattra,1,4,0.25
Pacific - Stage 1,Busan,The Gatos Guapos,Punk,Tank,Doomfist,1,4,0.25
Pacific - Stage 1,Busan,The Gatos Guapos,sgy,DPS,Vendetta,2,4,0.5
Pacific - Stage 1,Busan,The Gatos Guapos,sgy,DPS,Soldier: 76,1,4,0.25
Pacific - Stage 1,Busan,The Gatos Guapos,sgy,DPS,Symmetra,1,4,0.25
Pacific - Stage 1,Busan,The Gatos Guapos,wntr,Support,Lúcio,2,3,0.6667
Pacific - Stage 1,Busan,The Gatos Guapos,wntr,Support,Jetpack Cat,1,3,0.3333
Pacific - Stage 1,Esperança,FURY,Exrai,Support,Kiriko,1,1,1.0
Pacific - Stage 1,Esperança,FURY,PKFishy,DPS,Tracer,1,2,0.5
Pacific - Stage 1,Esperança,FURY,PKFishy,DPS,Vendetta,1,2,0.5
Pacific - Stage 1,Esperança,FURY,Pugz,Support,Lúcio,1,1,1.0
Pacific - Stage 1,Esperança,FURY,Regr3t,DPS,Emre,1,1,1.0
Pacific - Stage 1,Esperança,FURY,Scorch,Tank,D.Va,1,2,0.5
Pacific - Stage 1,Esperança,FURY,Scorch,Tank,Zarya,1,2,0.5
Pacific - Stage 1,Esperança,MieMieYang,Elva,DPS,Tracer,1,2,0.5
Pacific - Stage 1,Esperança,MieMieYang,Elva,DPS,Symmetra,1,2,0.5
Pacific - Stage 1,Esperança,MieMieYang,Hyunjae,Support,Illari,1,1,1.0
Pacific - Stage 1,Esperança,MieMieYang,Kairen,Tank,D.Va,1,1,1.0
Pacific - Stage 1,Esperança,MieMieYang,MSCG,Support,Kiriko,1,1,1.0
Pacific - Stage 1,Esperança,MieMieYang,Sunset,DPS,Sojourn,1,1,1.0
Pacific - Stage 1,Esperança,Quasar Esports,Beeple,Support,Lúcio,2,2,1.0
Pacific - Stage 1,Esperança,Quasar Esports,Huntin,Support,Juno,1,2,0.5
Pacific - Stage 1,Esperança,Quasar Esports,Huntin,Support,Kiriko,1,2,0.5
Pacific - Stage 1,Esperança,Quasar Esports,TKL,DPS,Cassidy,1,2,0.5
Pacific - Stage 1,Esperança,Quasar Esports,TKL,DPS,Sojourn,1,2,0.5
Pacific - Stage 1,Esperança,Quasar Esports,Yoko,DPS,Vendetta,1,3,0.3333
Pacific - Stage 1,Esperança,Quasar Esports,Yoko,DPS,Tracer,1,3,0.3333
Pacific - Stage 1,Esperança,Quasar Esports,Yoko,DPS,Mei,1,3,0.3333
Pacific - Stage 1,Esperança,Quasar Esports,jamorant,Tank,D.Va,2,4,0.5
Pacific - Stage 1,Esperança,Quasar Esports,jamorant,Tank,Zarya,1,4,0.25
Pacific - Stage 1,Esperança,Quasar Esports,jamorant,Tank,Mauga,1,4,0.25
Pacific - Stage 1,Esperança,Rankers,Despair,Tank,D.Va,3,5,0.6
Pacific - Stage 1,Esperança,Rankers,Despair,Tank,Zarya,2,5,0.4
Pacific - Stage 1,Esperança,Rankers,FEI,Support,Kiriko,2,4,0.5
Pacific - Stage 1,Esperança,Rankers,FEI,Support,Baptiste,1,4,0.25
Pacific - Stage 1,Esperança,Rankers,FEI,Support,Illari,1,4,0.25
Pacific - Stage 1,Esperança,Rankers,Tom4to,Support,Ana,2,7,0.2857
Pacific - Stage 1,Esperança,Rankers,Tom4to,Support,Illari,2,7,0.2857
Pacific - Stage 1,Esperança,Rankers,Tom4to,Support,Brigitte,2,7,0.2857
Pacific - Stage 1,Esperança,Rankers,Tom4to,Support,Kiriko,1,7,0.1429
Pacific - Stage 1,Esperança,Rankers,Zephyr,DPS,Sojourn,2,6,0.3333
Pacific - Stage 1,Esperança,Rankers,Zephyr,DPS,Tracer,2,6,0.3333
Pacific - Stage 1,Esperança,Rankers,Zephyr,DPS,Echo,1,6,0.1667
Pacific - Stage 1,Esperança,Rankers,Zephyr,DPS,Cassidy,1,6,0.1667
Pacific - Stage 1,Esperança,Rankers,brysonbtw,DPS,Reaper,2,4,0.5
Pacific - Stage 1,Esperança,Rankers,brysonbtw,DPS,Echo,2,4,0.5
Pacific - Stage 1,Esperança,Team Secret,Hyvision,DPS,Sojourn,1,2,0.5
Pacific - Stage 1,Esperança,Team Secret,Hyvision,DPS,Cassidy,1,2,0.5
Pacific - Stage 1,Esperança,Team Secret,PaLee,Support,Kiriko,1,3,0.3333
Pacific - Stage 1,Esperança,Team Secret,PaLee,Support,Brigitte,1,3,0.3333
Pacific - Stage 1,Esperança,Team Secret,PaLee,Support,Lúcio,1,3,0.3333
Pacific - Stage 1,Esperança,Team Secret,UYOU,Tank,Wrecking Ball,1,1,1.0
Pacific - Stage 1,Esperança,Team Secret,Yoshinori2k,DPS,Genji,1,3,0.3333
Pacific - Stage 1,Esperança,Team Secret,Yoshinori2k,DPS,Reaper,1,3,0.3333
Pacific - Stage 1,Esperança,Team Secret,Yoshinori2k,DPS,Symmetra,1,3,0.3333
Pacific - Stage 1,Esperança,Team Secret,Yui,Support,Baptiste,1,1,1.0
Pacific - Stage 1,Esperança,The Gatos Guapos,Ackyy,Support,Kiriko,1,1,1.0
Pacific - Stage 1,Esperança,The Gatos Guapos,Colourhex,Tank,Hazard,1,1,1.0
Pacific - Stage 1,Esperança,The Gatos Guapos,Nyang,DPS,Emre,1,1,1.0
Pacific - Stage 1,Esperança,The Gatos Guapos,sgy,DPS,Anran,1,2,0.5
Pacific - Stage 1,Esperança,The Gatos Guapos,sgy,DPS,Symmetra,1,2,0.5
Pacific - Stage 1,Esperança,The Gatos Guapos,wntr,Support,Juno,1,1,1.0
Pacific - Stage 1,Lijiang Tower,FURY,Exrai,Support,Juno,1,2,0.5
Pacific - Stage 1,Lijiang Tower,FURY,Exrai,Support,Kiriko,1,2,0.5
Pacific - Stage 1,Lijiang Tower,FURY,PKFishy,DPS,Pharah,2,6,0.3333
Pacific - Stage 1,Lijiang Tower,FURY,PKFishy,DPS,Symmetra,2,6,0.3333
Pacific - Stage 1,Lijiang Tower,FURY,PKFishy,DPS,Sombra,1,6,0.1667
Pacific - Stage 1,Lijiang Tower,FURY,PKFishy,DPS,Tracer,1,6,0.1667
Pacific - Stage 1,Lijiang Tower,FURY,Pugz,Support,Brigitte,1,3,0.3333
Pacific - Stage 1,Lijiang Tower,FURY,Pugz,Support,Wuyang,1,3,0.3333
Pacific - Stage 1,Lijiang Tower,FURY,Pugz,Support,Lúcio,1,3,0.3333
Pacific - Stage 1,Lijiang Tower,FURY,Regr3t,DPS,Sojourn,1,2,0.5
Pacific - Stage 1,Lijiang Tower,FURY,Regr3t,DPS,Emre,1,2,0.5
Pacific - Stage 1,Lijiang Tower,FURY,Scorch,Tank,Zarya,2,3,0.6667
Pacific - Stage 1,Lijiang Tower,FURY,Scorch,Tank,Wrecking Ball,1,3,0.3333
Pacific - Stage 1,Lijiang Tower,MieMieYang,Elva,DPS,Tracer,3,8,0.375
Pacific - Stage 1,Lijiang Tower,MieMieYang,Elva,DPS,Pharah,2,8,0.25
Pacific - Stage 1,Lijiang Tower,MieMieYang,Elva,DPS,Symmetra,2,8,0.25
Pacific - Stage 1,Lijiang Tower,MieMieYang,Elva,DPS,Echo,1,8,0.125
Pacific - Stage 1,Lijiang Tower,MieMieYang,Hyunjae,Support,Lúcio,3,6,0.5
Pacific - Stage 1,Lijiang Tower,MieMieYang,Hyunjae,Support,Jetpack Cat,2,6,0.3333
Pacific - Stage 1,Lijiang Tower,MieMieYang,Hyunjae,Support,Illari,1,6,0.1667
Pacific - Stage 1,Lijiang Tower,MieMieYang,Kairen,Tank,D.Va,3,6,0.5
Pacific - Stage 1,Lijiang Tower,MieMieYang,Kairen,Tank,Zarya,1,6,0.1667
Pacific - Stage 1,Lijiang Tower,MieMieYang,Kairen,Tank,Orisa,1,6,0.1667
Pacific - Stage 1,Lijiang Tower,MieMieYang,Kairen,Tank,Ramattra,1,6,0.1667
Pacific - Stage 1,Lijiang Tower,MieMieYang,MSCG,Support,Kiriko,3,5,0.6
Pacific - Stage 1,Lijiang Tower,MieMieYang,MSCG,Support,Ana,1,5,0.2
Pacific - Stage 1,Lijiang Tower,MieMieYang,MSCG,Support,Baptiste,1,5,0.2
Pacific - Stage 1,Lijiang Tower,MieMieYang,Renaco,Tank,Zarya,1,2,0.5
Pacific - Stage 1,Lijiang Tower,MieMieYang,Renaco,Tank,D.Va,1,2,0.5
Pacific - Stage 1,Lijiang Tower,MieMieYang,Sunset,DPS,Sojourn,3,6,0.5
Pacific - Stage 1,Lijiang Tower,MieMieYang,Sunset,DPS,Emre,1,6,0.1667
Pacific - Stage 1,Lijiang Tower,MieMieYang,Sunset,DPS,Symmetra,1,6,0.1667
Pacific - Stage 1,Lijiang Tower,MieMieYang,Sunset,DPS,Bastion,1,6,0.1667
Pacific - Stage 1,Lijiang Tower,Quasar Esports,Beeple,Support,Juno,1,4,0.25
Pacific - Stage 1,Lijiang Tower,Quasar Esports,Beeple,Support,Mizuki,1,4,0.25
Pacific - Stage 1,Lijiang Tower,Quasar Esports,Beeple,Support,Jetpack Cat,1,4,0.25
Pacific - Stage 1,Lijiang Tower,Quasar Esports,Beeple,Support,Lúcio,1,4,0.25
Pacific - Stage 1,Lijiang Tower,Quasar Esports,Huntin,Support,Kiriko,2,2,1.0
Pacific - Stage 1,Lijiang Tower,Quasar Esports,TKL,DPS,Sojourn,2,4,0.5
Pacific - Stage 1,Lijiang Tower,Quasar Esports,TKL,DPS,Cassidy,1,4,0.25
Pacific - Stage 1,Lijiang Tower,Quasar Esports,TKL,DPS,Widowmaker,1,4,0.25
Pacific - Stage 1,Lijiang Tower,Quasar Esports,Yoko,DPS,Tracer,2,5,0.4
Pacific - Stage 1,Lijiang Tower,Quasar Esports,Yoko,DPS,Symmetra,2,5,0.4
Pacific - Stage 1,Lijiang Tower,Quasar Esports,Yoko,DPS,Genji,1,5,0.2
Pacific - Stage 1,Lijiang Tower,Quasar Esports,jamorant,Tank,Ramattra,1,4,0.25
Pacific - Stage 1,Lijiang Tower,Quasar Esports,jamorant,Tank,Winston,1,4,0.25
Pacific - Stage 1,Lijiang Tower,Quasar Esports,jamorant,Tank,Domina,1,4,0.25
Pacific - Stage 1,Lijiang Tower,Quasar Esports,jamorant,Tank,Orisa,1,4,0.25
Pacific - Stage 1,Lijiang Tower,Rankers,Despair,Tank,Zarya,2,3,0.6667
Pacific - Stage 1,Lijiang Tower,Rankers,Despair,Tank,D.Va,1,3,0.3333
Pacific - Stage 1,Lijiang Tower,Rankers,FEI,Support,Illari,2,3,0.6667
Pacific - Stage 1,Lijiang Tower,Rankers,FEI,Support,Kiriko,1,3,0.3333
Pacific - Stage 1,Lijiang Tower,Rankers,Tom4to,Support,Ana,2,3,0.6667
Pacific - Stage 1,Lijiang Tower,Rankers,Tom4to,Support,Mizuki,1,3,0.3333
Pacific - Stage 1,Lijiang Tower,Rankers,Zephyr,DPS,Tracer,2,5,0.4
Pacific - Stage 1,Lijiang Tower,Rankers,Zephyr,DPS,Symmetra,2,5,0.4
Pacific - Stage 1,Lijiang Tower,Rankers,Zephyr,DPS,Cassidy,1,5,0.2
Pacific - Stage 1,Lijiang Tower,Rankers,brysonbtw,DPS,Reaper,3,4,0.75
Pacific - Stage 1,Lijiang Tower,Rankers,brysonbtw,DPS,Symmetra,1,4,0.25
Pacific - Stage 1,Lijiang Tower,Team Secret,Hyvision,DPS,Emre,1,1,1.0
Pacific - Stage 1,Lijiang Tower,Team Secret,PaLee,Support,Juno,1,3,0.3333
Pacific - Stage 1,Lijiang Tower,Team Secret,PaLee,Support,Kiriko,1,3,0.3333
Pacific - Stage 1,Lijiang Tower,Team Secret,PaLee,Support,Lúcio,1,3,0.3333
Pacific - Stage 1,Lijiang Tower,Team Secret,UYOU,Tank,Wrecking Ball,1,2,0.5
Pacific - Stage 1,Lijiang Tower,Team Secret,UYOU,Tank,Ramattra,1,2,0.5
Pacific - Stage 1,Lijiang Tower,Team Secret,Yoshinori2k,DPS,Tracer,1,3,0.3333
Pacific - Stage 1,Lijiang Tower,Team Secret,Yoshinori2k,DPS,Vendetta,1,3,0.3333
Pacific - Stage 1,Lijiang Tower,Team Secret,Yoshinori2k,DPS,Symmetra,1,3,0.3333
Pacific - Stage 1,Lijiang Tower,Team Secret,Yui,Support,Illari,1,3,0.3333
Pacific - Stage 1,Lijiang Tower,Team Secret,Yui,Support,Baptiste,1,3,0.3333
Pacific - Stage 1,Lijiang Tower,Team Secret,Yui,Support,Lúcio,1,3,0.3333
Pacific - Stage 1,Lijiang Tower,The Gatos Guapos,Ackyy,Support,Kiriko,2,3,0.6667
Pacific - Stage 1,Lijiang Tower,The Gatos Guapos,Ackyy,Support,Juno,1,3,0.3333
Pacific - Stage 1,Lijiang Tower,The Gatos Guapos,Colourhex,DPS,Emre,1,1,1.0
Pacific - Stage 1,Lijiang Tower,The Gatos Guapos,Colourhex,Tank,Hazard,1,3,0.3333
Pacific - Stage 1,Lijiang Tower,The Gatos Guapos,Colourhex,Tank,Zarya,1,3,0.3333
Pacific - Stage 1,Lijiang Tower,The Gatos Guapos,Colourhex,Tank,D.Va,1,3,0.3333
Pacific - Stage 1,Lijiang Tower,The Gatos Guapos,Nyang,DPS,Emre,1,2,0.5
Pacific - Stage 1,Lijiang Tower,The Gatos Guapos,Nyang,DPS,Reaper,1,2,0.5
Pacific - Stage 1,Lijiang Tower,The Gatos Guapos,Punk,Tank,D.Va,1,3,0.3333
Pacific - Stage 1,Lijiang Tower,The Gatos Guapos,Punk,Tank,Zarya,1,3,0.3333
Pacific - Stage 1,Lijiang Tower,The Gatos Guapos,Punk,Tank,Hazard,1,3,0.3333
Pacific - Stage 1,Lijiang Tower,The Gatos Guapos,sgy,DPS,Tracer,2,5,0.4
Pacific - Stage 1,Lijiang Tower,The Gatos Guapos,sgy,DPS,Vendetta,1,5,0.2
Pacific - Stage 1,Lijiang Tower,The Gatos Guapos,sgy,DPS,Anran,1,5,0.2
Pacific - Stage 1,Lijiang Tower,The Gatos Guapos,sgy,DPS,Genji,1,5,0.2
Pacific - Stage 1,Lijiang Tower,The Gatos Guapos,wntr,Support,Lúcio,2,2,1.0
Pacific - Stage 1,Midtown,FURY,Akraken,Support,Kiriko,1,1,1.0
Pacific - Stage 1,Midtown,FURY,Exrai,Support,Kiriko,1,1,1.0
Pacific - Stage 1,Midtown,FURY,PKFishy,DPS,Vendetta,1,3,0.3333
Pacific - Stage 1,Midtown,FURY,PKFishy,DPS,Tracer,1,3,0.3333
Pacific - Stage 1,Midtown,FURY,PKFishy,DPS,Venture,1,3,0.3333
Pacific - Stage 1,Midtown,FURY,Pugz,Support,Lúcio,2,4,0.5
Pacific - Stage 1,Midtown,FURY,Pugz,Support,Wuyang,1,4,0.25
Pacific - Stage 1,Midtown,FURY,Pugz,Support,Brigitte,1,4,0.25
Pacific - Stage 1,Midtown,FURY,Regr3t,DPS,Sojourn,2,4,0.5
Pacific - Stage 1,Midtown,FURY,Regr3t,DPS,Emre,1,4,0.25
Pacific - Stage 1,Midtown,FURY,Regr3t,DPS,Cassidy,1,4,0.25
Pacific - Stage 1,Midtown,FURY,Scorch,Tank,Zarya,1,3,0.3333
Pacific - Stage 1,Midtown,FURY,Scorch,Tank,D.Va,1,3,0.3333
Pacific - Stage 1,Midtown,FURY,Scorch,Tank,Sigma,1,3,0.3333
Pacific - Stage 1,Midtown,Quasar Esports,Beeple,Support,Lúcio,1,2,0.5
Pacific - Stage 1,Midtown,Quasar Esports,Beeple,Support,Wuyang,1,2,0.5
Pacific - Stage 1,Midtown,Quasar Esports,Huntin,Support,Kiriko,1,1,1.0
Pacific - Stage 1,Midtown,Quasar Esports,Lumi,Tank,D.Va,1,2,0.5
Pacific - Stage 1,Midtown,Quasar Esports,Lumi,Tank,Zarya,1,2,0.5
Pacific - Stage 1,Midtown,Quasar Esports,TKL,DPS,Sojourn,1,3,0.3333
Pacific - Stage 1,Midtown,Quasar Esports,TKL,DPS,Cassidy,1,3,0.3333
Pacific - Stage 1,Midtown,Quasar Esports,TKL,DPS,Tracer,1,3,0.3333
Pacific - Stage 1,Midtown,Quasar Esports,Yoko,DPS,Vendetta,1,3,0.3333
Pacific - Stage 1,Midtown,Quasar Esports,Yoko,DPS,Tracer,1,3,0.3333
Pacific - Stage 1,Midtown,Quasar Esports,Yoko,DPS,Symmetra,1,3,0.3333
Pacific - Stage 1,Midtown,Team Secret,Hyvision,DPS,Emre,1,1,1.0
Pacific - Stage 1,Midtown,Team Secret,PaLee,Support,Zenyatta,1,2,0.5
Pacific - Stage 1,Midtown,Team Secret,PaLee,Support,Juno,1,2,0.5
Pacific - Stage 1,Midtown,Team Secret,UYOU,Tank,Wrecking Ball,1,1,1.0
Pacific - Stage 1,Midtown,Team Secret,Yoshinori2k,DPS,Tracer,1,2,0.5
Pacific - Stage 1,Midtown,Team Secret,Yoshinori2k,DPS,Sierra,1,2,0.5
Pacific - Stage 1,Midtown,Team Secret,Yui,Support,Baptiste,1,2,0.5
Pacific - Stage 1,Midtown,Team Secret,Yui,Support,Ana,1,2,0.5
Pacific - Stage 1,Numbani,FURY,Exrai,Support,Kiriko,1,1,1.0
Pacific - Stage 1,Numbani,FURY,PKFishy,DPS,Tracer,1,2,0.5
Pacific - Stage 1,Numbani,FURY,PKFishy,DPS,Vendetta,1,2,0.5
Pacific - Stage 1,Numbani,FURY,Pugz,Support,Lúcio,1,1,1.0
Pacific - Stage 1,Numbani,FURY,Regr3t,DPS,Emre,1,2,0.5
Pacific - Stage 1,Numbani,FURY,Regr3t,DPS,Sombra,1,2,0.5
Pacific - Stage 1,Numbani,FURY,Scorch,Tank,D.Va,1,2,0.5
Pacific - Stage 1,Numbani,FURY,Scorch,Tank,Wrecking Ball,1,2,0.5
Pacific - Stage 1,Numbani,Quasar Esports,Beeple,Support,Kiriko,2,5,0.4
Pacific - Stage 1,Numbani,Quasar Esports,Beeple,Support,Lúcio,2,5,0.4
Pacific - Stage 1,Numbani,Quasar Esports,Beeple,Support,Mizuki,1,5,0.2
Pacific - Stage 1,Numbani,Quasar Esports,Huntin,Support,Ana,2,4,0.5
Pacific - Stage 1,Numbani,Quasar Esports,Huntin,Support,Mizuki,1,4,0.25
Pacific - Stage 1,Numbani,Quasar Esports,Huntin,Support,Kiriko,1,4,0.25
Pacific - Stage 1,Numbani,Quasar Esports,TKL,DPS,Sojourn,2,4,0.5
Pacific - Stage 1,Numbani,Quasar Esports,TKL,DPS,Emre,2,4,0.5
Pacific - Stage 1,Numbani,Quasar Esports,Yoko,DPS,Tracer,2,3,0.6667
Pacific - Stage 1,Numbani,Quasar Esports,Yoko,DPS,Cassidy,1,3,0.3333
Pacific - Stage 1,Numbani,Quasar Esports,jamorant,Tank,D.Va,1,2,0.5
Pacific - Stage 1,Numbani,Quasar Esports,jamorant,Tank,Winston,1,2,0.5
Pacific - Stage 1,Numbani,Rankers,Despair,Tank,D.Va,2,3,0.6667
Pacific - Stage 1,Numbani,Rankers,Despair,Tank,Zarya,1,3,0.3333
Pacific - Stage 1,Numbani,Rankers,FEI,Support,Kiriko,2,3,0.6667
Pacific - Stage 1,Numbani,Rankers,FEI,Support,Baptiste,1,3,0.3333
Pacific - Stage 1,Numbani,Rankers,Tom4to,Support,Brigitte,1,4,0.25
Pacific - Stage 1,Numbani,Rankers,Tom4to,Support,Mizuki,1,4,0.25
Pacific - Stage 1,Numbani,Rankers,Tom4to,Support,Baptiste,1,4,0.25
Pacific - Stage 1,Numbani,Rankers,Tom4to,Support,Ana,1,4,0.25
Pacific - Stage 1,Numbani,Rankers,Zephyr,DPS,Cassidy,1,3,0.3333
Pacific - Stage 1,Numbani,Rankers,Zephyr,DPS,Sojourn,1,3,0.3333
Pacific - Stage 1,Numbani,Rankers,Zephyr,DPS,Tracer,1,3,0.3333
Pacific - Stage 1,Numbani,Rankers,brysonbtw,DPS,Reaper,1,2,0.5
Pacific - Stage 1,Numbani,Rankers,brysonbtw,DPS,Echo,1,2,0.5
Pacific - Stage 1,Numbani,The Gatos Guapos,Ackyy,Support,Kiriko,1,1,1.0
Pacific - Stage 1,Numbani,The Gatos Guapos,Colourhex,Tank,D.Va,1,1,1.0
Pacific - Stage 1,Numbani,The Gatos Guapos,Nyang,DPS,Emre,1,1,1.0
Pacific - Stage 1,Numbani,The Gatos Guapos,sgy,DPS,Anran,1,2,0.5
Pacific - Stage 1,Numbani,The Gatos Guapos,sgy,DPS,Symmetra,1,2,0.5
Pacific - Stage 1,Numbani,The Gatos Guapos,wntr,Support,Illari,1,2,0.5
Pacific - Stage 1,Numbani,The Gatos Guapos,wntr,Support,Lúcio,1,2,0.5
Pacific - Stage 1,Oasis,FURY,Akraken,Support,Kiriko,1,1,1.0
Pacific - Stage 1,Oasis,FURY,Exrai,Support,Kiriko,1,1,1.0
Pacific - Stage 1,Oasis,FURY,PKFishy,DPS,Tracer,2,5,0.4
Pacific - Stage 1,Oasis,FURY,PKFishy,DPS,Symmetra,2,5,0.4
Pacific - Stage 1,Oasis,FURY,PKFishy,DPS,Vendetta,1,5,0.2
Pacific - Stage 1,Oasis,FURY,Pugz,Support,Lúcio,2,2,1.0
Pacific - Stage 1,Oasis,FURY,Regr3t,DPS,Emre,2,3,0.6667
Pacific - Stage 1,Oasis,FURY,Regr3t,DPS,Sombra,1,3,0.3333
Pacific - Stage 1,Oasis,FURY,Scorch,Tank,Wrecking Ball,2,5,0.4
Pacific - Stage 1,Oasis,FURY,Scorch,Tank,D.Va,1,5,0.2
Pacific - Stage 1,Oasis,FURY,Scorch,Tank,Orisa,1,5,0.2
Pacific - Stage 1,Oasis,FURY,Scorch,Tank,Zarya,1,5,0.2
Pacific - Stage 1,Oasis,MieMieYang,Elva,DPS,Tracer,1,2,0.5
Pacific - Stage 1,Oasis,MieMieYang,Elva,DPS,Symmetra,1,2,0.5
Pacific - Stage 1,Oasis,MieMieYang,Hyunjae,Support,Illari,1,1,1.0
Pacific - Stage 1,Oasis,MieMieYang,Kairen,Tank,Orisa,1,2,0.5
Pacific - Stage 1,Oasis,MieMieYang,Kairen,Tank,Wrecking Ball,1,2,0.5
Pacific - Stage 1,Oasis,MieMieYang,MSCG,Support,Kiriko,1,1,1.0
Pacific - Stage 1,Oasis,MieMieYang,Sunset,DPS,Sojourn,1,1,1.0
Pacific - Stage 1,Oasis,Quasar Esports,Beeple,Support,Lúcio,1,1,1.0
Pacific - Stage 1,Oasis,Quasar Esports,Huntin,Support,Kiriko,1,1,1.0
Pacific - Stage 1,Oasis,Quasar Esports,Lumi,Tank,D.Va,1,1,1.0
Pacific - Stage 1,Oasis,Quasar Esports,TKL,DPS,Sojourn,1,2,0.5
Pacific - Stage 1,Oasis,Quasar Esports,TKL,DPS,Cassidy,1,2,0.5
Pacific - Stage 1,Oasis,Quasar Esports,Yoko,DPS,Tracer,1,2,0.5
Pacific - Stage 1,Oasis,Quasar Esports,Yoko,DPS,Symmetra,1,2,0.5
Pacific - Stage 1,Oasis,Rankers,Despair,Tank,Zarya,1,2,0.5
Pacific - Stage 1,Oasis,Rankers,Despair,Tank,Mauga,1,2,0.5
Pacific - Stage 1,Oasis,Rankers,FEI,Support,Illari,1,1,1.0
Pacific - Stage 1,Oasis,Rankers,Tom4to,Support,Kiriko,1,1,1.0
Pacific - Stage 1,Oasis,Rankers,Zephyr,DPS,Tracer,1,2,0.5
Pacific - Stage 1,Oasis,Rankers,Zephyr,DPS,Symmetra,1,2,0.5
Pacific - Stage 1,Oasis,Rankers,brysonbtw,DPS,Echo,1,1,1.0
Pacific - Stage 1,Oasis,Team Secret,Hyvision,DPS,Emre,2,2,1.0
Pacific - Stage 1,Oasis,Team Secret,PaLee,Support,Juno,2,2,1.0
Pacific - Stage 1,Oasis,Team Secret,UYOU,Tank,D.Va,1,4,0.25
Pacific - Stage 1,Oasis,Team Secret,UYOU,Tank,Doomfist,1,4,0.25
Pacific - Stage 1,Oasis,Team Secret,UYOU,Tank,Winston,1,4,0.25
Pacific - Stage 1,Oasis,Team Secret,UYOU,Tank,Wrecking Ball,1,4,0.25
Pacific - Stage 1,Oasis,Team Secret,Yoshinori2k,DPS,Tracer,2,4,0.5
Pacific - Stage 1,Oasis,Team Secret,Yoshinori2k,DPS,Vendetta,1,4,0.25
Pacific - Stage 1,Oasis,Team Secret,Yoshinori2k,DPS,Symmetra,1,4,0.25
Pacific - Stage 1,Oasis,Team Secret,Yui,Support,Kiriko,1,2,0.5
Pacific - Stage 1,Oasis,Team Secret,Yui,Support,Illari,1,2,0.5
Pacific - Stage 1,Oasis,The Gatos Guapos,Ackyy,Support,Kiriko,1,2,0.5
Pacific - Stage 1,Oasis,The Gatos Guapos,Ackyy,Support,Juno,1,2,0.5
Pacific - Stage 1,Oasis,The Gatos Guapos,Colourhex,DPS,Cassidy,1,1,1.0
Pacific - Stage 1,Oasis,The Gatos Guapos,Punk,Tank,D.Va,1,1,1.0
Pacific - Stage 1,Oasis,The Gatos Guapos,sgy,DPS,Tracer,1,2,0.5
Pacific - Stage 1,Oasis,The Gatos Guapos,sgy,DPS,Pharah,1,2,0.5
Pacific - Stage 1,Oasis,The Gatos Guapos,wntr,Support,Lúcio,1,1,1.0
Pacific - Stage 1,Rialto,FURY,Exrai,Support,Ana,1,2,0.5
Pacific - Stage 1,Rialto,FURY,Exrai,Support,Kiriko,1,2,0.5
Pacific - Stage 1,Rialto,FURY,PKFishy,DPS,Tracer,1,1,1.0
Pacific - Stage 1,Rialto,FURY,Pugz,Support,Wuyang,1,2,0.5
Pacific - Stage 1,Rialto,FURY,Pugz,Support,Lúcio,1,2,0.5
Pacific - Stage 1,Rialto,FURY,Regr3t,DPS,Sojourn,1,2,0.5
Pacific - Stage 1,Rialto,FURY,Regr3t,DPS,Widowmaker,1,2,0.5
Pacific - Stage 1,Rialto,FURY,Scorch,Tank,Winston,1,2,0.5
Pacific - Stage 1,Rialto,FURY,Scorch,Tank,D.Va,1,2,0.5
Pacific - Stage 1,Rialto,MieMieYang,Elva,DPS,Echo,2,10,0.2
Pacific - Stage 1,Rialto,MieMieYang,Elva,DPS,Hanzo,2,10,0.2
Pacific - Stage 1,Rialto,MieMieYang,Elva,DPS,Widowmaker,1,10,0.1
Pacific - Stage 1,Rialto,MieMieYang,Elva,DPS,Tracer,1,10,0.1
Pacific - Stage 1,Rialto,MieMieYang,Elva,DPS,Pharah,1,10,0.1
Pacific - Stage 1,Rialto,MieMieYang,Elva,DPS,Sojourn,1,10,0.1
Pacific - Stage 1,Rialto,MieMieYang,Elva,DPS,Reaper,1,10,0.1
Pacific - Stage 1,Rialto,MieMieYang,Elva,DPS,Torbjörn,1,10,0.1
Pacific - Stage 1,Rialto,MieMieYang,Hyunjae,Support,Ana,2,6,0.3333
Pacific - Stage 1,Rialto,MieMieYang,Hyunjae,Support,Lúcio,2,6,0.3333
Pacific - Stage 1,Rialto,MieMieYang,Hyunjae,Support,Illari,1,6,0.1667
Pacific - Stage 1,Rialto,MieMieYang,Hyunjae,Support,Jetpack Cat,1,6,0.1667
Pacific - Stage 1,Rialto,MieMieYang,Kairen,Tank,D.Va,2,5,0.4
Pacific - Stage 1,Rialto,MieMieYang,Kairen,Tank,Orisa,1,5,0.2
Pacific - Stage 1,Rialto,MieMieYang,Kairen,Tank,Ramattra,1,5,0.2
Pacific - Stage 1,Rialto,MieMieYang,Kairen,Tank,Doomfist,1,5,0.2
Pacific - Stage 1,Rialto,MieMieYang,MSCG,Support,Kiriko,4,4,1.0
Pacific - Stage 1,Rialto,MieMieYang,Renaco,Tank,D.Va,1,1,1.0
Pacific - Stage 1,Rialto,MieMieYang,Sunset,DPS,Widowmaker,3,8,0.375
Pacific - Stage 1,Rialto,MieMieYang,Sunset,DPS,Emre,2,8,0.25
Pacific - Stage 1,Rialto,MieMieYang,Sunset,DPS,Sojourn,2,8,0.25
Pacific - Stage 1,Rialto,MieMieYang,Sunset,DPS,Tracer,1,8,0.125
Pacific - Stage 1,Rialto,Rankers,Despair,Tank,D.Va,2,4,0.5
Pacific - Stage 1,Rialto,Rankers,Despair,Tank,Zarya,2,4,0.5
Pacific - Stage 1,Rialto,Rankers,FEI,Support,Brigitte,2,7,0.2857
Pacific - Stage 1,Rialto,Rankers,FEI,Support,Illari,2,7,0.2857
Pacific - Stage 1,Rialto,Rankers,FEI,Support,Kiriko,1,7,0.1429
Pacific - Stage 1,Rialto,Rankers,FEI,Support,Lúcio,1,7,0.1429
Pacific - Stage 1,Rialto,Rankers,FEI,Support,Ana,1,7,0.1429
Pacific - Stage 1,Rialto,Rankers,Tom4to,Support,Kiriko,3,4,0.75
Pacific - Stage 1,Rialto,Rankers,Tom4to,Support,Ana,1,4,0.25
Pacific - Stage 1,Rialto,Rankers,Zephyr,DPS,Emre,3,7,0.4286
Pacific - Stage 1,Rialto,Rankers,Zephyr,DPS,Pharah,1,7,0.1429
Pacific - Stage 1,Rialto,Rankers,Zephyr,DPS,Ashe,1,7,0.1429
Pacific - Stage 1,Rialto,Rankers,Zephyr,DPS,Sojourn,1,7,0.1429
Pacific - Stage 1,Rialto,Rankers,Zephyr,DPS,Tracer,1,7,0.1429
Pacific - Stage 1,Rialto,Rankers,brysonbtw,DPS,Reaper,3,3,1.0
Pacific - Stage 1,Rialto,Team Secret,Hyvision,DPS,Emre,2,4,0.5
Pacific - Stage 1,Rialto,Team Secret,Hyvision,DPS,Widowmaker,2,4,0.5
Pacific - Stage 1,Rialto,Team Secret,PaLee,Support,Brigitte,1,3,0.3333
Pacific - Stage 1,Rialto,Team Secret,PaLee,Support,Juno,1,3,0.3333
Pacific - Stage 1,Rialto,Team Secret,PaLee,Support,Mercy,1,3,0.3333
Pacific - Stage 1,Rialto,Team Secret,UYOU,Tank,Wrecking Ball,1,2,0.5
Pacific - Stage 1,Rialto,Team Secret,UYOU,Tank,D.Va,1,2,0.5
Pacific - Stage 1,Rialto,Team Secret,Yoshinori2k,DPS,Tracer,2,5,0.4
Pacific - Stage 1,Rialto,Team Secret,Yoshinori2k,DPS,Genji,1,5,0.2
Pacific - Stage 1,Rialto,Team Secret,Yoshinori2k,DPS,Symmetra,1,5,0.2
Pacific - Stage 1,Rialto,Team Secret,Yoshinori2k,DPS,Echo,1,5,0.2
Pacific - Stage 1,Rialto,Team Secret,Yui,Support,Mizuki,1,2,0.5
Pacific - Stage 1,Rialto,Team Secret,Yui,Support,Illari,1,2,0.5
Pacific - Stage 1,Rialto,The Gatos Guapos,Ackyy,Support,Ana,2,3,0.6667
Pacific - Stage 1,Rialto,The Gatos Guapos,Ackyy,Support,Kiriko,1,3,0.3333
Pacific - Stage 1,Rialto,The Gatos Guapos,Colourhex,DPS,Emre,1,2,0.5
Pacific - Stage 1,Rialto,The Gatos Guapos,Colourhex,DPS,Widowmaker,1,2,0.5
Pacific - Stage 1,Rialto,The Gatos Guapos,Nyang,DPS,Emre,1,3,0.3333
Pacific - Stage 1,Rialto,The Gatos Guapos,Nyang,DPS,Sojourn,1,3,0.3333
Pacific - Stage 1,Rialto,The Gatos Guapos,Nyang,DPS,Cassidy,1,3,0.3333
Pacific - Stage 1,Rialto,The Gatos Guapos,Punk,Tank,D.Va,2,5,0.4
Pacific - Stage 1,Rialto,The Gatos Guapos,Punk,Tank,Reinhardt,1,5,0.2
Pacific - Stage 1,Rialto,The Gatos Guapos,Punk,Tank,Hazard,1,5,0.2
Pacific - Stage 1,Rialto,The Gatos Guapos,Punk,Tank,Ramattra,1,5,0.2
Pacific - Stage 1,Rialto,The Gatos Guapos,sgy,DPS,Anran,1,4,0.25
Pacific - Stage 1,Rialto,The Gatos Guapos,sgy,DPS,Pharah,1,4,0.25
Pacific - Stage 1,Rialto,The Gatos Guapos,sgy,DPS,Tracer,1,4,0.25
Pacific - Stage 1,Rialto,The Gatos Guapos,sgy,DPS,Vendetta,1,4,0.25
Pacific - Stage 1,Rialto,The Gatos Guapos,wntr,Support,Mizuki,1,5,0.2
Pacific - Stage 1,Rialto,The Gatos Guapos,wntr,Support,Jetpack Cat,1,5,0.2
Pacific - Stage 1,Rialto,The Gatos Guapos,wntr,Support,Illari,1,5,0.2
Pacific - Stage 1,Rialto,The Gatos Guapos,wntr,Support,Lúcio,1,5,0.2
Pacific - Stage 1,Rialto,The Gatos Guapos,wntr,Support,Brigitte,1,5,0.2
Pacific - Stage 1,Runasapi,FURY,Exrai,Support,Kiriko,1,1,1.0
Pacific - Stage 1,Runasapi,FURY,PKFishy,DPS,Tracer,1,1,1.0
Pacific - Stage 1,Runasapi,FURY,Pugz,Support,Wuyang,1,1,1.0
Pacific - Stage 1,Runasapi,FURY,Regr3t,DPS,Emre,1,1,1.0
Pacific - Stage 1,Runasapi,FURY,Scorch,Tank,Winston,1,1,1.0
Pacific - Stage 1,Runasapi,MieMieYang,Elva,DPS,Tracer,2,4,0.5
Pacific - Stage 1,Runasapi,MieMieYang,Elva,DPS,Symmetra,2,4,0.5
Pacific - Stage 1,Runasapi,MieMieYang,Hyunjae,Support,Ana,1,4,0.25
Pacific - Stage 1,Runasapi,MieMieYang,Hyunjae,Support,Brigitte,1,4,0.25
Pacific - Stage 1,Runasapi,MieMieYang,Hyunjae,Support,Lúcio,1,4,0.25
Pacific - Stage 1,Runasapi,MieMieYang,Hyunjae,Support,Illari,1,4,0.25
Pacific - Stage 1,Runasapi,MieMieYang,Kairen,Tank,Orisa,1,1,1.0
Pacific - Stage 1,Runasapi,MieMieYang,MSCG,Support,Baptiste,1,2,0.5
Pacific - Stage 1,Runasapi,MieMieYang,MSCG,Support,Kiriko,1,2,0.5
Pacific - Stage 1,Runasapi,MieMieYang,Renaco,Tank,Zarya,1,1,1.0
Pacific - Stage 1,Runasapi,MieMieYang,Sunset,DPS,Emre,1,3,0.3333
Pacific - Stage 1,Runasapi,MieMieYang,Sunset,DPS,Sojourn,1,3,0.3333
Pacific - Stage 1,Runasapi,MieMieYang,Sunset,DPS,Widowmaker,1,3,0.3333
Pacific - Stage 1,Runasapi,Quasar Esports,Beeple,Support,Baptiste,1,1,1.0
Pacific - Stage 1,Runasapi,Quasar Esports,Huntin,Support,Ana,1,2,0.5
Pacific - Stage 1,Runasapi,Quasar Esports,Huntin,Support,Juno,1,2,0.5
Pacific - Stage 1,Runasapi,Quasar Esports,Lumi,Tank,Ramattra,1,1,1.0
Pacific - Stage 1,Runasapi,Quasar Esports,TKL,DPS,Emre,1,2,0.5
Pacific - Stage 1,Runasapi,Quasar Esports,TKL,DPS,Sojourn,1,2,0.5
Pacific - Stage 1,Runasapi,Quasar Esports,Yoko,DPS,Mei,1,3,0.3333
Pacific - Stage 1,Runasapi,Quasar Esports,Yoko,DPS,Tracer,1,3,0.3333
Pacific - Stage 1,Runasapi,Quasar Esports,Yoko,DPS,Symmetra,1,3,0.3333
Pacific - Stage 1,Suravasa,FURY,Akraken,Support,Kiriko,1,2,0.5
Pacific - Stage 1,Suravasa,FURY,Akraken,Support,Juno,1,2,0.5
Pacific - Stage 1,Suravasa,FURY,PKFishy,DPS,Vendetta,1,1,1.0
Pacific - Stage 1,Suravasa,FURY,Pugz,Support,Lúcio,1,1,1.0
Pacific - Stage 1,Suravasa,FURY,Regr3t,DPS,Emre,1,2,0.5
Pacific - Stage 1,Suravasa,FURY,Regr3t,DPS,Sojourn,1,2,0.5
Pacific - Stage 1,Suravasa,FURY,Scorch,Tank,D.Va,1,1,1.0
Pacific - Stage 1,Suravasa,MieMieYang,Elva,DPS,Tracer,1,2,0.5
Pacific - Stage 1,Suravasa,MieMieYang,Elva,DPS,Symmetra,1,2,0.5
Pacific - Stage 1,Suravasa,MieMieYang,Hyunjae,Support,Lúcio,1,1,1.0
Pacific - Stage 1,Suravasa,MieMieYang,Kairen,Tank,D.Va,1,1,1.0
Pacific - Stage 1,Suravasa,MieMieYang,MSCG,Support,Kiriko,1,1,1.0
Pacific - Stage 1,Suravasa,MieMieYang,Sunset,DPS,Emre,1,1,1.0
Pacific - Stage 1,Suravasa,Quasar Esports,Beeple,Support,Lúcio,1,3,0.3333
Pacific - Stage 1,Suravasa,Quasar Esports,Beeple,Support,Juno,1,3,0.3333
Pacific - Stage 1,Suravasa,Quasar Esports,Beeple,Support,Jetpack Cat,1,3,0.3333
Pacific - Stage 1,Suravasa,Quasar Esports,Huntin,Support,Kiriko,2,3,0.6667
Pacific - Stage 1,Suravasa,Quasar Esports,Huntin,Support,Ana,1,3,0.3333
Pacific - Stage 1,Suravasa,Quasar Esports,Lumi,Tank,D.Va,2,2,1.0
Pacific - Stage 1,Suravasa,Quasar Esports,TKL,DPS,Sojourn,1,3,0.3333
Pacific - Stage 1,Suravasa,Quasar Esports,TKL,DPS,Emre,1,3,0.3333
Pacific - Stage 1,Suravasa,Quasar Esports,TKL,DPS,Bastion,1,3,0.3333
Pacific - Stage 1,Suravasa,Quasar Esports,Yoko,DPS,Tracer,2,4,0.5
Pacific - Stage 1,Suravasa,Quasar Esports,Yoko,DPS,Symmetra,2,4,0.5
Pacific - Stage 1,Suravasa,Team Secret,Hyvision,DPS,Emre,2,2,1.0
Pacific - Stage 1,Suravasa,Team Secret,PaLee,Support,Juno,2,4,0.5
Pacific - Stage 1,Suravasa,Team Secret,PaLee,Support,Brigitte,1,4,0.25
Pacific - Stage 1,Suravasa,Team Secret,PaLee,Support,Mizuki,1,4,0.25
Pacific - Stage 1,Suravasa,Team Secret,UYOU,Tank,Wrecking Ball,1,3,0.3333
Pacific - Stage 1,Suravasa,Team Secret,UYOU,Tank,D.Va,1,3,0.3333
Pacific - Stage 1,Suravasa,Team Secret,UYOU,Tank,Hazard,1,3,0.3333
Pacific - Stage 1,Suravasa,Team Secret,Yoshinori2k,DPS,Tracer,2,5,0.4
Pacific - Stage 1,Suravasa,Team Secret,Yoshinori2k,DPS,Symmetra,2,5,0.4
Pacific - Stage 1,Suravasa,Team Secret,Yoshinori2k,DPS,Vendetta,1,5,0.2
Pacific - Stage 1,Suravasa,Team Secret,Yui,Support,Mizuki,1,3,0.3333
Pacific - Stage 1,Suravasa,Team Secret,Yui,Support,Kiriko,1,3,0.3333
Pacific - Stage 1,Suravasa,Team Secret,Yui,Support,Illari,1,3,0.3333
Pacific - Stage 1,Suravasa,The Gatos Guapos,Ackyy,Support,Kiriko,1,2,0.5
Pacific - Stage 1,Suravasa,The Gatos Guapos,Ackyy,Support,Ana,1,2,0.5
Pacific - Stage 1,Suravasa,The Gatos Guapos,Colourhex,DPS,Emre,2,4,0.5
Pacific - Stage 1,Suravasa,The Gatos Guapos,Colourhex,DPS,Cassidy,1,4,0.25
Pacific - Stage 1,Suravasa,The Gatos Guapos,Colourhex,DPS,Vendetta,1,4,0.25
Pacific - Stage 1,Suravasa,The Gatos Guapos,Punk,Tank,D.Va,2,3,0.6667
Pacific - Stage 1,Suravasa,The Gatos Guapos,Punk,Tank,Doomfist,1,3,0.3333
Pacific - Stage 1,Suravasa,The Gatos Guapos,sgy,DPS,Tracer,2,5,0.4
Pacific - Stage 1,Suravasa,The Gatos Guapos,sgy,DPS,Symmetra,2,5,0.4
Pacific - Stage 1,Suravasa,The Gatos Guapos,sgy,DPS,Venture,1,5,0.2
Pacific - Stage 1,Suravasa,The Gatos Guapos,wntr,Support,Lúcio,1,3,0.3333
Pacific - Stage 1,Suravasa,The Gatos Guapos,wntr,Support,Illari,1,3,0.3333
Pacific - Stage 1,Suravasa,The Gatos Guapos,wntr,Support,Jetpack Cat,1,3,0.3333
Pacific - Stage 1,Watchpoint: Gibraltar,FURY,Akraken,Support,Kiriko,1,1,1.0
Pacific - Stage 1,Watchpoint: Gibraltar,FURY,Exrai,Support,Ana,1,1,1.0
Pacific - Stage 1,Watchpoint: Gibraltar,FURY,PKFishy,DPS,Tracer,2,2,1.0
Pacific - Stage 1,Watchpoint: Gibraltar,FURY,Pugz,Support,Lúcio,2,4,0.5
Pacific - Stage 1,Watchpoint: Gibraltar,FURY,Pugz,Support,Mercy,1,4,0.25
Pacific - Stage 1,Watchpoint: Gibraltar,FURY,Pugz,Support,Brigitte,1,4,0.25
Pacific - Stage 1,Watchpoint: Gibraltar,FURY,Regr3t,DPS,Widowmaker,2,6,0.3333
Pacific - Stage 1,Watchpoint: Gibraltar,FURY,Regr3t,DPS,Sojourn,1,6,0.1667
Pacific - Stage 1,Watchpoint: Gibraltar,FURY,Regr3t,DPS,Sombra,1,6,0.1667
Pacific - Stage 1,Watchpoint: Gibraltar,FURY,Regr3t,DPS,Emre,1,6,0.1667
Pacific - Stage 1,Watchpoint: Gibraltar,FURY,Regr3t,DPS,Venture,1,6,0.1667
Pacific - Stage 1,Watchpoint: Gibraltar,FURY,Scorch,Tank,D.Va,2,5,0.4
Pacific - Stage 1,Watchpoint: Gibraltar,FURY,Scorch,Tank,Zarya,1,5,0.2
Pacific - Stage 1,Watchpoint: Gibraltar,FURY,Scorch,Tank,Doomfist,1,5,0.2
Pacific - Stage 1,Watchpoint: Gibraltar,FURY,Scorch,Tank,Winston,1,5,0.2
Pacific - Stage 1,Watchpoint: Gibraltar,MieMieYang,Elva,DPS,Tracer,1,2,0.5
Pacific - Stage 1,Watchpoint: Gibraltar,MieMieYang,Elva,DPS,Hanzo,1,2,0.5
Pacific - Stage 1,Watchpoint: Gibraltar,MieMieYang,Hyunjae,Support,Brigitte,1,1,1.0
Pacific - Stage 1,Watchpoint: Gibraltar,MieMieYang,Kairen,Tank,Winston,1,1,1.0
Pacific - Stage 1,Watchpoint: Gibraltar,MieMieYang,MSCG,Support,Ana,1,1,1.0
Pacific - Stage 1,Watchpoint: Gibraltar,MieMieYang,Sunset,DPS,Emre,1,3,0.3333
Pacific - Stage 1,Watchpoint: Gibraltar,MieMieYang,Sunset,DPS,Sojourn,1,3,0.3333
Pacific - Stage 1,Watchpoint: Gibraltar,MieMieYang,Sunset,DPS,Widowmaker,1,3,0.3333
Pacific - Stage 1,Watchpoint: Gibraltar,Quasar Esports,Beeple,Support,Kiriko,3,8,0.375
Pacific - Stage 1,Watchpoint: Gibraltar,Quasar Esports,Beeple,Support,Mizuki,2,8,0.25
Pacific - Stage 1,Watchpoint: Gibraltar,Quasar Esports,Beeple,Support,Baptiste,2,8,0.25
Pacific - Stage 1,Watchpoint: Gibraltar,Quasar Esports,Beeple,Support,Lúcio,1,8,0.125
Pacific - Stage 1,Watchpoint: Gibraltar,Quasar Esports,Huntin,Support,Kiriko,2,5,0.4
Pacific - Stage 1,Watchpoint: Gibraltar,Quasar Esports,Huntin,Support,Ana,2,5,0.4
Pacific - Stage 1,Watchpoint: Gibraltar,Quasar Esports,Huntin,Support,Illari,1,5,0.2
Pacific - Stage 1,Watchpoint: Gibraltar,Quasar Esports,Lumi,Tank,Winston,2,4,0.5
Pacific - Stage 1,Watchpoint: Gibraltar,Quasar Esports,Lumi,Tank,D.Va,1,4,0.25
Pacific - Stage 1,Watchpoint: Gibraltar,Quasar Esports,Lumi,Tank,Roadhog,1,4,0.25
Pacific - Stage 1,Watchpoint: Gibraltar,Quasar Esports,TKL,DPS,Emre,3,10,0.3
Pacific - Stage 1,Watchpoint: Gibraltar,Quasar Esports,TKL,DPS,Cassidy,2,10,0.2
Pacific - Stage 1,Watchpoint: Gibraltar,Quasar Esports,TKL,DPS,Hanzo,2,10,0.2
Pacific - Stage 1,Watchpoint: Gibraltar,Quasar Esports,TKL,DPS,Sojourn,1,10,0.1
Pacific - Stage 1,Watchpoint: Gibraltar,Quasar Esports,TKL,DPS,Widowmaker,1,10,0.1
Pacific - Stage 1,Watchpoint: Gibraltar,Quasar Esports,TKL,DPS,Ashe,1,10,0.1
Pacific - Stage 1,Watchpoint: Gibraltar,Quasar Esports,Yoko,DPS,Tracer,3,6,0.5
Pacific - Stage 1,Watchpoint: Gibraltar,Quasar Esports,Yoko,DPS,Genji,1,6,0.1667
Pacific - Stage 1,Watchpoint: Gibraltar,Quasar Esports,Yoko,DPS,Cassidy,1,6,0.1667
Pacific - Stage 1,Watchpoint: Gibraltar,Quasar Esports,Yoko,DPS,Soldier: 76,1,6,0.1667
Pacific - Stage 1,Watchpoint: Gibraltar,Quasar Esports,jamorant,Tank,Winston,1,1,1.0
Pacific - Stage 1,Watchpoint: Gibraltar,Rankers,Despair,Tank,Winston,1,2,0.5
Pacific - Stage 1,Watchpoint: Gibraltar,Rankers,Despair,Tank,Mauga,1,2,0.5
Pacific - Stage 1,Watchpoint: Gibraltar,Rankers,FEI,Support,Illari,1,2,0.5
Pacific - Stage 1,Watchpoint: Gibraltar,Rankers,FEI,Support,Kiriko,1,2,0.5
Pacific - Stage 1,Watchpoint: Gibraltar,Rankers,Tom4to,Support,Ana,1,1,1.0
Pacific - Stage 1,Watchpoint: Gibraltar,Rankers,Zephyr,DPS,Cassidy,1,3,0.3333
Pacific - Stage 1,Watchpoint: Gibraltar,Rankers,Zephyr,DPS,Torbjörn,1,3,0.3333
Pacific - Stage 1,Watchpoint: Gibraltar,Rankers,Zephyr,DPS,Hanzo,1,3,0.3333
Pacific - Stage 1,Watchpoint: Gibraltar,Rankers,brysonbtw,DPS,Reaper,1,2,0.5
Pacific - Stage 1,Watchpoint: Gibraltar,Rankers,brysonbtw,DPS,Echo,1,2,0.5
Pacific - Stage 1,Watchpoint: Gibraltar,Team Secret,Hyvision,DPS,Hanzo,1,2,0.5
Pacific - Stage 1,Watchpoint: Gibraltar,Team Secret,Hyvision,DPS,Widowmaker,1,2,0.5
Pacific - Stage 1,Watchpoint: Gibraltar,Team Secret,PaLee,Support,Illari,1,3,0.3333
Pacific - Stage 1,Watchpoint: Gibraltar,Team Secret,PaLee,Support,Kiriko,1,3,0.3333
Pacific - Stage 1,Watchpoint: Gibraltar,Team Secret,PaLee,Support,Brigitte,1,3,0.3333
Pacific - Stage 1,Watchpoint: Gibraltar,Team Secret,UYOU,Tank,Wrecking Ball,1,1,1.0
Pacific - Stage 1,Watchpoint: Gibraltar,Team Secret,Yoshinori2k,DPS,Tracer,1,1,1.0
Pacific - Stage 1,Watchpoint: Gibraltar,Team Secret,Yui,Support,Baptiste,1,2,0.5
Pacific - Stage 1,Watchpoint: Gibraltar,Team Secret,Yui,Support,Lúcio,1,2,0.5
Pacific - Stage 1,Watchpoint: Gibraltar,The Gatos Guapos,Ackyy,Support,Ana,1,1,1.0
Pacific - Stage 1,Watchpoint: Gibraltar,The Gatos Guapos,Colourhex,DPS,Emre,1,2,0.5
Pacific - Stage 1,Watchpoint: Gibraltar,The Gatos Guapos,Colourhex,DPS,Widowmaker,1,2,0.5
Pacific - Stage 1,Watchpoint: Gibraltar,The Gatos Guapos,Punk,Tank,D.Va,1,1,1.0
Pacific - Stage 1,Watchpoint: Gibraltar,The Gatos Guapos,sgy,DPS,Tracer,1,2,0.5
Pacific - Stage 1,Watchpoint: Gibraltar,The Gatos Guapos,sgy,DPS,Hanzo,1,2,0.5
Pacific - Stage 1,Watchpoint: Gibraltar,The Gatos Guapos,wntr,Support,Illari,1,2,0.5
Pacific - Stage 1,Watchpoint: Gibraltar,The Gatos Guapos,wntr,Support,Jetpack Cat,1,2,0.5
Partner Team Index,Lijiang Tower,All Gamers,Alphari,DPS,Genji,3,3,1.0
Partner Team Index,Lijiang Tower,All Gamers,Ezhan,DPS,Tracer,3,3,1.0
Partner Team Index,Lijiang Tower,All Gamers,Lengsa,Support,Ana,3,3,1.0
Partner Team Index,Lijiang Tower,All Gamers,LiGe,Tank,Winston,3,3,1.0
Partner Team Index,Lijiang Tower,All Gamers,Recall,Support,Lúcio,3,3,1.0
Partner Team Index,Lijiang Tower,Crazy Raccoon,CH0R0NG,Support,Lúcio,4,4,1.0
Partner Team Index,Lijiang Tower,Crazy Raccoon,HeeSang,DPS,Tracer,4,4,1.0
Partner Team Index,Lijiang Tower,Crazy Raccoon,MAX,Tank,Winston,4,4,1.0
Partner Team Index,Lijiang Tower,Crazy Raccoon,STALK3R,DPS,Genji,4,4,1.0
Partner Team Index,Lijiang Tower,Crazy Raccoon,Vigilante,Support,Ana,4,4,1.0
Partner Team Index,Lijiang Tower,Dallas Fuel,Cjay,Support,Lúcio,4,4,1.0
Partner Team Index,Lijiang Tower,Dallas Fuel,Kellan,Tank,Winston,4,4,1.0
Partner Team Index,Lijiang Tower,Dallas Fuel,Kronik,DPS,Tracer,4,4,1.0
Partner Team Index,Lijiang Tower,Dallas Fuel,Lukemino,Support,Ana,4,4,1.0
Partner Team Index,Lijiang Tower,Dallas Fuel,Seonjun,DPS,Genji,4,4,1.0
Partner Team Index,Lijiang Tower,Team Peps,Dip,DPS,Genji,3,3,1.0
Partner Team Index,Lijiang Tower,Team Peps,FDGod,Support,Lúcio,3,3,1.0
Partner Team Index,Lijiang Tower,Team Peps,Willys,Tank,Winston,3,3,1.0
Partner Team Index,Lijiang Tower,Team Peps,Xerion,Support,Ana,3,3,1.0
Partner Team Index,Lijiang Tower,Team Peps,Zorrow,DPS,Tracer,3,3,1.0
Pre-Season Bootcamp,Blizzard World,Crazy Raccoon,Ch0r0ng,Support,Lúcio,2,5,0.4
Pre-Season Bootcamp,Blizzard World,Crazy Raccoon,Ch0r0ng,Support,Wuyang,1,5,0.2
Pre-Season Bootcamp,Blizzard World,Crazy Raccoon,Ch0r0ng,Support,Jetpack Cat,1,5,0.2
Pre-Season Bootcamp,Blizzard World,Crazy Raccoon,Ch0r0ng,Support,Brigitte,1,5,0.2
Pre-Season Bootcamp,Blizzard World,Crazy Raccoon,HeeSang,DPS,Tracer,3,5,0.6
Pre-Season Bootcamp,Blizzard World,Crazy Raccoon,HeeSang,DPS,Pharah,1,5,0.2
Pre-Season Bootcamp,Blizzard World,Crazy Raccoon,HeeSang,DPS,Symmetra,1,5,0.2
Pre-Season Bootcamp,Blizzard World,Crazy Raccoon,JunBin,Tank,Sigma,2,4,0.5
Pre-Season Bootcamp,Blizzard World,Crazy Raccoon,JunBin,Tank,D.Va,2,4,0.5
Pre-Season Bootcamp,Blizzard World,Crazy Raccoon,LIP,DPS,Sojourn,3,5,0.6
Pre-Season Bootcamp,Blizzard World,Crazy Raccoon,LIP,DPS,Ashe,1,5,0.2
Pre-Season Bootcamp,Blizzard World,Crazy Raccoon,LIP,DPS,Widowmaker,1,5,0.2
Pre-Season Bootcamp,Blizzard World,Crazy Raccoon,Vigilante,Support,Kiriko,2,3,0.6667
Pre-Season Bootcamp,Blizzard World,Crazy Raccoon,Vigilante,Support,Wuyang,1,3,0.3333
Pre-Season Bootcamp,Blizzard World,T1,Bliss,Support,Wuyang,1,1,1.0
Pre-Season Bootcamp,Blizzard World,T1,DONGHAK,Tank,Sigma,1,2,0.5
Pre-Season Bootcamp,Blizzard World,T1,DONGHAK,Tank,D.Va,1,2,0.5
Pre-Season Bootcamp,Blizzard World,T1,Proud,DPS,Sojourn,1,1,1.0
Pre-Season Bootcamp,Blizzard World,T1,Zest,DPS,Tracer,1,1,1.0
Pre-Season Bootcamp,Blizzard World,T1,skewed,Support,Ana,1,2,0.5
Pre-Season Bootcamp,Blizzard World,T1,skewed,Support,Brigitte,1,2,0.5
Pre-Season Bootcamp,Blizzard World,Team Falcons,Checkmate,DPS,Vendetta,1,2,0.5
Pre-Season Bootcamp,Blizzard World,Team Falcons,Checkmate,DPS,Tracer,1,2,0.5
Pre-Season Bootcamp,Blizzard World,Team Falcons,ChiYo,Support,Jetpack Cat,1,2,0.5
Pre-Season Bootcamp,Blizzard World,Team Falcons,ChiYo,Support,Lúcio,1,2,0.5
Pre-Season Bootcamp,Blizzard World,Team Falcons,Fielder,Support,Kiriko,1,2,0.5
Pre-Season Bootcamp,Blizzard World,Team Falcons,Fielder,Support,Juno,1,2,0.5
Pre-Season Bootcamp,Blizzard World,Team Falcons,Hanbin,Tank,D.Va,1,2,0.5
Pre-Season Bootcamp,Blizzard World,Team Falcons,Hanbin,Tank,Domina,1,2,0.5
Pre-Season Bootcamp,Blizzard World,Team Falcons,MER1T,DPS,Cassidy,1,2,0.5
Pre-Season Bootcamp,Blizzard World,Team Falcons,MER1T,DPS,Sojourn,1,2,0.5
Pre-Season Bootcamp,Blizzard World,Team Peps,Dip,DPS,Vendetta,1,2,0.5
Pre-Season Bootcamp,Blizzard World,Team Peps,Dip,DPS,Tracer,1,2,0.5
Pre-Season Bootcamp,Blizzard World,Team Peps,FDGod,Support,Lúcio,1,1,1.0
Pre-Season Bootcamp,Blizzard World,Team Peps,Willys,Tank,D.Va,1,3,0.3333
Pre-Season Bootcamp,Blizzard World,Team Peps,Willys,Tank,Ramattra,1,3,0.3333
Pre-Season Bootcamp,Blizzard World,Team Peps,Willys,Tank,Wrecking Ball,1,3,0.3333
Pre-Season Bootcamp,Blizzard World,Team Peps,Xerion,Support,Kiriko,1,1,1.0
Pre-Season Bootcamp,Blizzard World,Team Peps,Zorrow,DPS,Sojourn,1,3,0.3333
Pre-Season Bootcamp,Blizzard World,Team Peps,Zorrow,DPS,Tracer,1,3,0.3333
Pre-Season Bootcamp,Blizzard World,Team Peps,Zorrow,DPS,Freja,1,3,0.3333
Pre-Season Bootcamp,Blizzard World,Twisted Minds,FunnyAstro,Support,Wuyang,2,3,0.6667
Pre-Season Bootcamp,Blizzard World,Twisted Minds,FunnyAstro,Support,Juno,1,3,0.3333
Pre-Season Bootcamp,Blizzard World,Twisted Minds,JaeWoo,DPS,Tracer,2,3,0.6667
Pre-Season Bootcamp,Blizzard World,Twisted Minds,JaeWoo,DPS,Symmetra,1,3,0.3333
Pre-Season Bootcamp,Blizzard World,Twisted Minds,Quartz,DPS,Sojourn,2,2,1.0
Pre-Season Bootcamp,Blizzard World,Twisted Minds,Simple,Support,Brigitte,2,3,0.6667
Pre-Season Bootcamp,Blizzard World,Twisted Minds,Simple,Support,Ana,1,3,0.3333
Pre-Season Bootcamp,Blizzard World,Twisted Minds,TVNT,Tank,D.Va,2,2,1.0
Pre-Season Bootcamp,Busan,Crazy Raccoon,Ch0r0ng,Support,Jetpack Cat,3,3,1.0
Pre-Season Bootcamp,Busan,Crazy Raccoon,HeeSang,DPS,Anran,3,3,1.0
Pre-Season Bootcamp,Busan,Crazy Raccoon,JunBin,Tank,Domina,3,3,1.0
Pre-Season Bootcamp,Busan,Crazy Raccoon,LIP,DPS,Emre,3,3,1.0
Pre-Season Bootcamp,Busan,Crazy Raccoon,Vigilante,Support,Mizuki,3,3,1.0
Pre-Season Bootcamp,Busan,T1,Bliss,Support,Jetpack Cat,1,1,1.0
Pre-Season Bootcamp,Busan,T1,DONGHAK,Tank,Domina,1,1,1.0
Pre-Season Bootcamp,Busan,T1,Proud,DPS,Emre,1,1,1.0
Pre-Season Bootcamp,Busan,T1,Zest,DPS,Anran,1,1,1.0
Pre-Season Bootcamp,Busan,T1,skewed,Support,Mizuki,1,1,1.0
Pre-Season Bootcamp,Busan,Team Falcons,Checkmate,DPS,Anran,1,1,1.0
Pre-Season Bootcamp,Busan,Team Falcons,ChiYo,Support,Jetpack Cat,1,1,1.0
Pre-Season Bootcamp,Busan,Team Falcons,Fielder,Support,Mizuki,1,1,1.0
Pre-Season Bootcamp,Busan,Team Falcons,Hanbin,Tank,Domina,1,1,1.0
Pre-Season Bootcamp,Busan,Team Falcons,MER1T,DPS,Emre,1,1,1.0
Pre-Season Bootcamp,Busan,Team Peps,Dip,DPS,Anran,1,1,1.0
Pre-Season Bootcamp,Busan,Team Peps,FDGod,Support,Jetpack Cat,1,1,1.0
Pre-Season Bootcamp,Busan,Team Peps,Willys,Tank,Domina,1,1,1.0
Pre-Season Bootcamp,Busan,Team Peps,Xerion,Support,Mizuki,1,1,1.0
Pre-Season Bootcamp,Busan,Team Peps,Zorrow,DPS,Emre,1,1,1.0
Pre-Season Bootcamp,Busan,Twisted Minds,FunnyAstro,Support,Jetpack Cat,2,2,1.0
Pre-Season Bootcamp,Busan,Twisted Minds,JaeWoo,DPS,Anran,2,2,1.0
Pre-Season Bootcamp,Busan,Twisted Minds,Quartz,DPS,Emre,2,2,1.0
Pre-Season Bootcamp,Busan,Twisted Minds,Simple,Support,Mizuki,2,2,1.0
Pre-Season Bootcamp,Busan,Twisted Minds,TVNT,Tank,Domina,2,2,1.0
Pre-Season Bootcamp,Colosseo,Crazy Raccoon,Ch0r0ng,Support,Lúcio,1,2,0.5
Pre-Season Bootcamp,Colosseo,Crazy Raccoon,Ch0r0ng,Support,Jetpack Cat,1,2,0.5
Pre-Season Bootcamp,Colosseo,Crazy Raccoon,HeeSang,DPS,Tracer,1,1,1.0
Pre-Season Bootcamp,Colosseo,Crazy Raccoon,JunBin,Tank,Domina,1,1,1.0
Pre-Season Bootcamp,Colosseo,Crazy Raccoon,LIP,DPS,Cassidy,1,1,1.0
Pre-Season Bootcamp,Colosseo,Crazy Raccoon,Vigilante,Support,Kiriko,1,3,0.3333
Pre-Season Bootcamp,Colosseo,Crazy Raccoon,Vigilante,Support,Baptiste,1,3,0.3333
Pre-Season Bootcamp,Colosseo,Crazy Raccoon,Vigilante,Support,Juno,1,3,0.3333
Pre-Season Bootcamp,Colosseo,Team Liquid,Infekted,Tank,Domina,1,1,1.0
Pre-Season Bootcamp,Colosseo,Team Liquid,Rupal,Support,Kiriko,1,1,1.0
Pre-Season Bootcamp,Colosseo,Team Liquid,TR33,DPS,Sojourn,1,1,1.0
Pre-Season Bootcamp,Colosseo,Team Liquid,Vega,Support,Lúcio,1,1,1.0
Pre-Season Bootcamp,Colosseo,Team Liquid,Zeruhh,DPS,Tracer,1,2,0.5
Pre-Season Bootcamp,Colosseo,Team Liquid,Zeruhh,DPS,Echo,1,2,0.5
Pre-Season Bootcamp,Colosseo,Twisted Minds,FunnyAstro,Support,Lúcio,2,2,1.0
Pre-Season Bootcamp,Colosseo,Twisted Minds,JaeWoo,DPS,Tracer,2,2,1.0
Pre-Season Bootcamp,Colosseo,Twisted Minds,Quartz,DPS,Sojourn,1,2,0.5
Pre-Season Bootcamp,Colosseo,Twisted Minds,Quartz,DPS,Cassidy,1,2,0.5
Pre-Season Bootcamp,Colosseo,Twisted Minds,Simple,Support,Kiriko,2,3,0.6667
Pre-Season Bootcamp,Colosseo,Twisted Minds,Simple,Support,Juno,1,3,0.3333
Pre-Season Bootcamp,Colosseo,Twisted Minds,TVNT,Tank,Domina,2,2,1.0
Pre-Season Bootcamp,Eichenwalde,All Gamers,Insane,DPS,Cassidy,1,2,0.5
Pre-Season Bootcamp,Eichenwalde,All Gamers,Insane,DPS,Anran,1,2,0.5
Pre-Season Bootcamp,Eichenwalde,All Gamers,Kivis,Support,Kiriko,1,1,1.0
Pre-Season Bootcamp,Eichenwalde,All Gamers,Lengsa,Support,Jetpack Cat,1,1,1.0
Pre-Season Bootcamp,Eichenwalde,All Gamers,LiGe,Tank,D.Va,1,2,0.5
Pre-Season Bootcamp,Eichenwalde,All Gamers,LiGe,Tank,Domina,1,2,0.5
Pre-Season Bootcamp,Eichenwalde,All Gamers,Viper,DPS,Tracer,1,1,1.0
Pre-Season Bootcamp,Eichenwalde,Team Liquid,Infekted,Tank,Zarya,2,5,0.4
Pre-Season Bootcamp,Eichenwalde,Team Liquid,Infekted,Tank,D.Va,2,5,0.4
Pre-Season Bootcamp,Eichenwalde,Team Liquid,Infekted,Tank,Wrecking Ball,1,5,0.2
Pre-Season Bootcamp,Eichenwalde,Team Liquid,Rupal,Support,Kiriko,2,2,1.0
Pre-Season Bootcamp,Eichenwalde,Team Liquid,TR33,DPS,Sojourn,2,3,0.6667
Pre-Season Bootcamp,Eichenwalde,Team Liquid,TR33,DPS,Widowmaker,1,3,0.3333
Pre-Season Bootcamp,Eichenwalde,Team Liquid,Vega,Support,Lúcio,2,5,0.4
Pre-Season Bootcamp,Eichenwalde,Team Liquid,Vega,Support,Jetpack Cat,2,5,0.4
Pre-Season Bootcamp,Eichenwalde,Team Liquid,Vega,Support,Lifeweaver,1,5,0.2
Pre-Season Bootcamp,Eichenwalde,Team Liquid,Zeruhh,DPS,Vendetta,2,5,0.4
Pre-Season Bootcamp,Eichenwalde,Team Liquid,Zeruhh,DPS,Echo,2,5,0.4
Pre-Season Bootcamp,Eichenwalde,Team Liquid,Zeruhh,DPS,Widowmaker,1,5,0.2
Pre-Season Bootcamp,Eichenwalde,Twisted Minds,FunnyAstro,Support,Lúcio,1,1,1.0
Pre-Season Bootcamp,Eichenwalde,Twisted Minds,JaeWoo,DPS,Vendetta,1,2,0.5
Pre-Season Bootcamp,Eichenwalde,Twisted Minds,JaeWoo,DPS,Pharah,1,2,0.5
Pre-Season Bootcamp,Eichenwalde,Twisted Minds,Quartz,DPS,Sojourn,1,1,1.0
Pre-Season Bootcamp,Eichenwalde,Twisted Minds,Simple,Support,Kiriko,1,1,1.0
Pre-Season Bootcamp,Eichenwalde,Twisted Minds,TVNT,Tank,D.Va,1,1,1.0
Pre-Season Bootcamp,Eichenwalde,Virtus.pro,FiXa,Support,Jetpack Cat,2,4,0.5
Pre-Season Bootcamp,Eichenwalde,Virtus.pro,FiXa,Support,Lúcio,2,4,0.5
Pre-Season Bootcamp,Eichenwalde,Virtus.pro,Kevster,DPS,Sojourn,2,3,0.6667
Pre-Season Bootcamp,Eichenwalde,Virtus.pro,Kevster,DPS,Cassidy,1,3,0.3333
Pre-Season Bootcamp,Eichenwalde,Virtus.pro,Landon,Support,Kiriko,2,3,0.6667
Pre-Season Bootcamp,Eichenwalde,Virtus.pro,Landon,Support,Baptiste,1,3,0.3333
Pre-Season Bootcamp,Eichenwalde,Virtus.pro,Seicoe,DPS,Echo,2,4,0.5
Pre-Season Bootcamp,Eichenwalde,Virtus.pro,Seicoe,DPS,Tracer,1,4,0.25
Pre-Season Bootcamp,Eichenwalde,Virtus.pro,Seicoe,DPS,Vendetta,1,4,0.25
Pre-Season Bootcamp,Eichenwalde,Virtus.pro,eisgnom,Tank,Domina,2,3,0.6667
Pre-Season Bootcamp,Eichenwalde,Virtus.pro,eisgnom,Tank,D.Va,1,3,0.3333
Pre-Season Bootcamp,Esperança,Crazy Raccoon,Ch0r0ng,Support,Lúcio,2,3,0.6667
Pre-Season Bootcamp,Esperança,Crazy Raccoon,Ch0r0ng,Support,Jetpack Cat,1,3,0.3333
Pre-Season Bootcamp,Esperança,Crazy Raccoon,HeeSang,DPS,Symmetra,3,5,0.6
Pre-Season Bootcamp,Esperança,Crazy Raccoon,HeeSang,DPS,Pharah,1,5,0.2
Pre-Season Bootcamp,Esperança,Crazy Raccoon,HeeSang,DPS,Vendetta,1,5,0.2
Pre-Season Bootcamp,Esperança,Crazy Raccoon,JunBin,Tank,Winston,1,3,0.3333
Pre-Season Bootcamp,Esperança,Crazy Raccoon,JunBin,Tank,Reinhardt,1,3,0.3333
Pre-Season Bootcamp,Esperança,Crazy Raccoon,JunBin,Tank,D.Va,1,3,0.3333
Pre-Season Bootcamp,Esperança,Crazy Raccoon,LIP,DPS,Sojourn,3,5,0.6
Pre-Season Bootcamp,Esperança,Crazy Raccoon,LIP,DPS,Ashe,1,5,0.2
Pre-Season Bootcamp,Esperança,Crazy Raccoon,LIP,DPS,Sombra,1,5,0.2
Pre-Season Bootcamp,Esperança,Crazy Raccoon,Vigilante,Support,Kiriko,2,3,0.6667
Pre-Season Bootcamp,Esperança,Crazy Raccoon,Vigilante,Support,Ana,1,3,0.3333
Pre-Season Bootcamp,Esperança,Disguised,Lep,Support,Lúcio,1,1,1.0
Pre-Season Bootcamp,Esperança,Disguised,PGE,DPS,Sojourn,1,1,1.0
Pre-Season Bootcamp,Esperança,Disguised,Rokit,DPS,Vendetta,1,2,0.5
Pre-Season Bootcamp,Esperança,Disguised,Rokit,DPS,Tracer,1,2,0.5
Pre-Season Bootcamp,Esperança,Disguised,Scyle,Support,Kiriko,1,1,1.0
Pre-Season Bootcamp,Esperança,Disguised,Tred,Tank,D.Va,1,2,0.5
Pre-Season Bootcamp,Esperança,Disguised,Tred,Tank,Domina,1,2,0.5
Pre-Season Bootcamp,Esperança,Team Falcons,Checkmate,DPS,Symmetra,2,2,1.0
Pre-Season Bootcamp,Esperança,Team Falcons,ChiYo,Support,Lúcio,2,2,1.0
Pre-Season Bootcamp,Esperança,Team Falcons,Fielder,Support,Kiriko,2,2,1.0
Pre-Season Bootcamp,Esperança,Team Falcons,Hanbin,Tank,D.Va,2,2,1.0
Pre-Season Bootcamp,Esperança,Team Falcons,MER1T,DPS,Sojourn,2,2,1.0
Pre-Season Bootcamp,Esperança,Team Liquid,Infekted,Tank,Domina,1,1,1.0
Pre-Season Bootcamp,Esperança,Team Liquid,Rupal,Support,Kiriko,1,1,1.0
Pre-Season Bootcamp,Esperança,Team Liquid,TR33,DPS,Sojourn,1,1,1.0
Pre-Season Bootcamp,Esperança,Team Liquid,Vega,Support,Lúcio,1,1,1.0
Pre-Season Bootcamp,Esperança,Team Liquid,Zeruhh,DPS,Tracer,1,2,0.5
Pre-Season Bootcamp,Esperança,Team Liquid,Zeruhh,DPS,Symmetra,1,2,0.5
Pre-Season Bootcamp,Esperança,Team Peps,Dip,DPS,Vendetta,2,3,0.6667
Pre-Season Bootcamp,Esperança,Team Peps,Dip,DPS,Tracer,1,3,0.3333
Pre-Season Bootcamp,Esperança,Team Peps,FDGod,Support,Lúcio,2,2,1.0
Pre-Season Bootcamp,Esperança,Team Peps,Willys,Tank,D.Va,1,2,0.5
Pre-Season Bootcamp,Esperança,Team Peps,Willys,Tank,Zarya,1,2,0.5
Pre-Season Bootcamp,Esperança,Team Peps,Xerion,Support,Kiriko,2,2,1.0
Pre-Season Bootcamp,Esperança,Team Peps,Zorrow,DPS,Sojourn,2,3,0.6667
Pre-Season Bootcamp,Esperança,Team Peps,Zorrow,DPS,Freja,1,3,0.3333
Pre-Season Bootcamp,Esperança,Twisted Minds,FunnyAstro,Support,Lúcio,2,2,1.0
Pre-Season Bootcamp,Esperança,Twisted Minds,JaeWoo,DPS,Tracer,2,2,1.0
Pre-Season Bootcamp,Esperança,Twisted Minds,Quartz,DPS,Sojourn,2,2,1.0
Pre-Season Bootcamp,Esperança,Twisted Minds,Simple,Support,Kiriko,2,3,0.6667
Pre-Season Bootcamp,Esperança,Twisted Minds,Simple,Support,Juno,1,3,0.3333
Pre-Season Bootcamp,Esperança,Twisted Minds,TVNT,Tank,Zarya,1,2,0.5
Pre-Season Bootcamp,Esperança,Twisted Minds,TVNT,Tank,D.Va,1,2,0.5
Pre-Season Bootcamp,Esperança,Weibo Gaming,Guxue,Tank,D.Va,1,1,1.0
Pre-Season Bootcamp,Esperança,Weibo Gaming,Leave,DPS,Vendetta,1,1,1.0
Pre-Season Bootcamp,Esperança,Weibo Gaming,LeeSooMin,Support,Lúcio,1,1,1.0
Pre-Season Bootcamp,Esperança,Weibo Gaming,MAKA,Support,Kiriko,1,1,1.0
Pre-Season Bootcamp,Esperança,Weibo Gaming,Shy,DPS,Sojourn,1,1,1.0
Pre-Season Bootcamp,Havana,Dallas Fuel,Cjay,Support,Illari,1,3,0.3333
Pre-Season Bootcamp,Havana,Dallas Fuel,Cjay,Support,Lúcio,1,3,0.3333
Pre-Season Bootcamp,Havana,Dallas Fuel,Cjay,Support,Mercy,1,3,0.3333
Pre-Season Bootcamp,Havana,Dallas Fuel,Kellan,Tank,Sigma,1,2,0.5
Pre-Season Bootcamp,Havana,Dallas Fuel,Kellan,Tank,Wrecking Ball,1,2,0.5
Pre-Season Bootcamp,Havana,Dallas Fuel,Kronik,DPS,Sojourn,1,2,0.5
Pre-Season Bootcamp,Havana,Dallas Fuel,Kronik,DPS,Widowmaker,1,2,0.5
Pre-Season Bootcamp,Havana,Dallas Fuel,Lukemino,Support,Ana,1,1,1.0
Pre-Season Bootcamp,Havana,Dallas Fuel,Seonjun,DPS,Genji,1,1,1.0
Pre-Season Bootcamp,Havana,T1,Bliss,Support,Wuyang,1,1,1.0
Pre-Season Bootcamp,Havana,T1,DONGHAK,Tank,Sigma,1,3,0.3333
Pre-Season Bootcamp,Havana,T1,DONGHAK,Tank,Domina,1,3,0.3333
Pre-Season Bootcamp,Havana,T1,DONGHAK,Tank,D.Va,1,3,0.3333
Pre-Season Bootcamp,Havana,T1,Proud,DPS,Widowmaker,1,2,0.5
Pre-Season Bootcamp,Havana,T1,Proud,DPS,Sojourn,1,2,0.5
Pre-Season Bootcamp,Havana,T1,Zest,DPS,Genji,1,1,1.0
Pre-Season Bootcamp,Havana,T1,skewed,Support,Baptiste,1,3,0.3333
Pre-Season Bootcamp,Havana,T1,skewed,Support,Ana,1,3,0.3333
Pre-Season Bootcamp,Havana,T1,skewed,Support,Kiriko,1,3,0.3333
Pre-Season Bootcamp,Havana,Team Falcons,Checkmate,DPS,Symmetra,1,2,0.5
Pre-Season Bootcamp,Havana,Team Falcons,Checkmate,DPS,Genji,1,2,0.5
Pre-Season Bootcamp,Havana,Team Falcons,ChiYo,Support,Lúcio,1,1,1.0
Pre-Season Bootcamp,Havana,Team Falcons,Fielder,Support,Kiriko,1,1,1.0
Pre-Season Bootcamp,Havana,Team Falcons,Hanbin,Tank,Zarya,1,1,1.0
Pre-Season Bootcamp,Havana,Team Falcons,MER1T,DPS,Sojourn,1,2,0.5
Pre-Season Bootcamp,Havana,Team Falcons,MER1T,DPS,Widowmaker,1,2,0.5
Pre-Season Bootcamp,Havana,Team Liquid,Infekted,Tank,Domina,1,4,0.25
Pre-Season Bootcamp,Havana,Team Liquid,Infekted,Tank,Wrecking Ball,1,4,0.25
Pre-Season Bootcamp,Havana,Team Liquid,Infekted,Tank,D.Va,1,4,0.25
Pre-Season Bootcamp,Havana,Team Liquid,Infekted,Tank,Sigma,1,4,0.25
Pre-Season Bootcamp,Havana,Team Liquid,Rupal,Support,Ana,2,4,0.5
Pre-Season Bootcamp,Havana,Team Liquid,Rupal,Support,Juno,1,4,0.25
Pre-Season Bootcamp,Havana,Team Liquid,Rupal,Support,Kiriko,1,4,0.25
Pre-Season Bootcamp,Havana,Team Liquid,TR33,DPS,Sojourn,2,5,0.4
Pre-Season Bootcamp,Havana,Team Liquid,TR33,DPS,Widowmaker,2,5,0.4
Pre-Season Bootcamp,Havana,Team Liquid,TR33,DPS,Tracer,1,5,0.2
Pre-Season Bootcamp,Havana,Team Liquid,Vega,Support,Kiriko,2,4,0.5
Pre-Season Bootcamp,Havana,Team Liquid,Vega,Support,Wuyang,1,4,0.25
Pre-Season Bootcamp,Havana,Team Liquid,Vega,Support,Brigitte,1,4,0.25
Pre-Season Bootcamp,Havana,Team Liquid,Zeruhh,DPS,Genji,2,4,0.5
Pre-Season Bootcamp,Havana,Team Liquid,Zeruhh,DPS,Tracer,1,4,0.25
Pre-Season Bootcamp,Havana,Team Liquid,Zeruhh,DPS,Vendetta,1,4,0.25
Pre-Season Bootcamp,Havana,Twisted Minds,FunnyAstro,Support,Juno,1,2,0.5
Pre-Season Bootcamp,Havana,Twisted Minds,FunnyAstro,Support,Jetpack Cat,1,2,0.5
Pre-Season Bootcamp,Havana,Twisted Minds,JaeWoo,DPS,Genji,1,2,0.5
Pre-Season Bootcamp,Havana,Twisted Minds,JaeWoo,DPS,Tracer,1,2,0.5
Pre-Season Bootcamp,Havana,Twisted Minds,Quartz,DPS,Sojourn,1,1,1.0
Pre-Season Bootcamp,Havana,Twisted Minds,Simple,Support,Kiriko,1,1,1.0
Pre-Season Bootcamp,Havana,Twisted Minds,TVNT,Tank,D.Va,1,1,1.0
Pre-Season Bootcamp,Havana,Virtus.pro,FiXa,Support,Wuyang,1,3,0.3333
Pre-Season Bootcamp,Havana,Virtus.pro,FiXa,Support,Jetpack Cat,1,3,0.3333
Pre-Season Bootcamp,Havana,Virtus.pro,FiXa,Support,Baptiste,1,3,0.3333
Pre-Season Bootcamp,Havana,Virtus.pro,Kevster,DPS,Sojourn,1,1,1.0
Pre-Season Bootcamp,Havana,Virtus.pro,Landon,Support,Kiriko,1,1,1.0
Pre-Season Bootcamp,Havana,Virtus.pro,Seicoe,DPS,Tracer,1,1,1.0
Pre-Season Bootcamp,Havana,Virtus.pro,eisgnom,Tank,Domina,1,2,0.5
Pre-Season Bootcamp,Havana,Virtus.pro,eisgnom,Tank,D.Va,1,2,0.5
Pre-Season Bootcamp,Havana,Weibo Gaming,Guxue,Tank,Sigma,1,2,0.5
Pre-Season Bootcamp,Havana,Weibo Gaming,Guxue,Tank,Zarya,1,2,0.5
Pre-Season Bootcamp,Havana,Weibo Gaming,Leave,DPS,Venture,1,2,0.5
Pre-Season Bootcamp,Havana,Weibo Gaming,Leave,DPS,Freja,1,2,0.5
Pre-Season Bootcamp,Havana,Weibo Gaming,LeeSooMin,Support,Lúcio,1,3,0.3333
Pre-Season Bootcamp,Havana,Weibo Gaming,LeeSooMin,Support,Illari,1,3,0.3333
Pre-Season Bootcamp,Havana,Weibo Gaming,LeeSooMin,Support,Kiriko,1,3,0.3333
Pre-Season Bootcamp,Havana,Weibo Gaming,MAKA,Support,Kiriko,1,3,0.3333
Pre-Season Bootcamp,Havana,Weibo Gaming,MAKA,Support,Baptiste,1,3,0.3333
Pre-Season Bootcamp,Havana,Weibo Gaming,MAKA,Support,Jetpack Cat,1,3,0.3333
Pre-Season Bootcamp,Havana,Weibo Gaming,Shy,DPS,Sojourn,1,1,1.0
Pre-Season Bootcamp,Ilios,All Gamers,Insane,DPS,Emre,1,1,1.0
Pre-Season Bootcamp,Ilios,All Gamers,Kivis,Support,Mizuki,1,1,1.0
Pre-Season Bootcamp,Ilios,All Gamers,Lengsa,Support,Jetpack Cat,1,1,1.0
Pre-Season Bootcamp,Ilios,All Gamers,LiGe,Tank,Domina,1,1,1.0
Pre-Season Bootcamp,Ilios,All Gamers,Viper,DPS,Anran,1,1,1.0
Pre-Season Bootcamp,Ilios,Disguised,Lep,Support,Jetpack Cat,1,1,1.0
Pre-Season Bootcamp,Ilios,Disguised,PGE,DPS,Emre,1,1,1.0
Pre-Season Bootcamp,Ilios,Disguised,Rokit,DPS,Anran,1,1,1.0
Pre-Season Bootcamp,Ilios,Disguised,Scyle,Support,Mizuki,1,1,1.0
Pre-Season Bootcamp,Ilios,Disguised,Tred,Tank,Domina,1,1,1.0
Pre-Season Bootcamp,Ilios,Team Falcons,Checkmate,DPS,Anran,1,1,1.0
Pre-Season Bootcamp,Ilios,Team Falcons,ChiYo,Support,Jetpack Cat,1,1,1.0
Pre-Season Bootcamp,Ilios,Team Falcons,Fielder,Support,Mizuki,1,1,1.0
Pre-Season Bootcamp,Ilios,Team Falcons,Hanbin,Tank,Domina,1,1,1.0
Pre-Season Bootcamp,Ilios,Team Falcons,MER1T,DPS,Emre,1,1,1.0
Pre-Season Bootcamp,Ilios,Team Peps,Dip,DPS,Anran,1,1,1.0
Pre-Season Bootcamp,Ilios,Team Peps,FDGod,Support,Jetpack Cat,1,1,1.0
Pre-Season Bootcamp,Ilios,Team Peps,Willys,Tank,Domina,1,1,1.0
Pre-Season Bootcamp,Ilios,Team Peps,Xerion,Support,Mizuki,1,1,1.0
Pre-Season Bootcamp,Ilios,Team Peps,Zorrow,DPS,Emre,1,1,1.0
Pre-Season Bootcamp,Ilios,Virtus.pro,FiXa,Support,Jetpack Cat,1,1,1.0
Pre-Season Bootcamp,Ilios,Virtus.pro,Kevster,DPS,Emre,1,1,1.0
Pre-Season Bootcamp,Ilios,Virtus.pro,Landon,Support,Mizuki,1,1,1.0
Pre-Season Bootcamp,Ilios,Virtus.pro,Seicoe,DPS,Anran,1,1,1.0
Pre-Season Bootcamp,Ilios,Virtus.pro,eisgnom,Tank,Domina,1,1,1.0
Pre-Season Bootcamp,Ilios,Weibo Gaming,Guxue,Tank,Domina,1,1,1.0
Pre-Season Bootcamp,Ilios,Weibo Gaming,Leave,DPS,Anran,1,1,1.0
Pre-Season Bootcamp,Ilios,Weibo Gaming,LeeSooMin,Support,Mizuki,1,1,1.0
Pre-Season Bootcamp,Ilios,Weibo Gaming,MAKA,Support,Jetpack Cat,1,1,1.0
Pre-Season Bootcamp,Ilios,Weibo Gaming,Shy,DPS,Emre,1,1,1.0
Pre-Season Bootcamp,Lijiang Tower,Crazy Raccoon,Ch0r0ng,Support,Jetpack Cat,1,1,1.0
Pre-Season Bootcamp,Lijiang Tower,Crazy Raccoon,HeeSang,DPS,Tracer,1,3,0.3333
Pre-Season Bootcamp,Lijiang Tower,Crazy Raccoon,HeeSang,DPS,Pharah,1,3,0.3333
Pre-Season Bootcamp,Lijiang Tower,Crazy Raccoon,HeeSang,DPS,Symmetra,1,3,0.3333
Pre-Season Bootcamp,Lijiang Tower,Crazy Raccoon,JunBin,Tank,Domina,1,1,1.0
Pre-Season Bootcamp,Lijiang Tower,Crazy Raccoon,LIP,DPS,Sojourn,1,1,1.0
Pre-Season Bootcamp,Lijiang Tower,Crazy Raccoon,Vigilante,Support,Kiriko,1,1,1.0
Pre-Season Bootcamp,Lijiang Tower,Dallas Fuel,Cjay,Support,Mizuki,1,1,1.0
Pre-Season Bootcamp,Lijiang Tower,Dallas Fuel,Kellan,Tank,Domina,1,1,1.0
Pre-Season Bootcamp,Lijiang Tower,Dallas Fuel,Kronik,DPS,Emre,1,1,1.0
Pre-Season Bootcamp,Lijiang Tower,Dallas Fuel,Lukemino,Support,Jetpack Cat,1,1,1.0
Pre-Season Bootcamp,Lijiang Tower,Dallas Fuel,Seonjun,DPS,Anran,1,1,1.0
Pre-Season Bootcamp,Lijiang Tower,T1,Bliss,Support,Jetpack Cat,1,1,1.0
Pre-Season Bootcamp,Lijiang Tower,T1,DONGHAK,Tank,Domina,1,1,1.0
Pre-Season Bootcamp,Lijiang Tower,T1,Proud,DPS,Emre,1,1,1.0
Pre-Season Bootcamp,Lijiang Tower,T1,Zest,DPS,Anran,1,1,1.0
Pre-Season Bootcamp,Lijiang Tower,T1,skewed,Support,Mizuki,1,1,1.0
Pre-Season Bootcamp,Lijiang Tower,Team Falcons,Checkmate,DPS,Anran,1,4,0.25
Pre-Season Bootcamp,Lijiang Tower,Team Falcons,Checkmate,DPS,Vendetta,1,4,0.25
Pre-Season Bootcamp,Lijiang Tower,Team Falcons,Checkmate,DPS,Tracer,1,4,0.25
Pre-Season Bootcamp,Lijiang Tower,Team Falcons,Checkmate,DPS,Symmetra,1,4,0.25
Pre-Season Bootcamp,Lijiang Tower,Team Falcons,ChiYo,Support,Jetpack Cat,2,3,0.6667
Pre-Season Bootcamp,Lijiang Tower,Team Falcons,ChiYo,Support,Lúcio,1,3,0.3333
Pre-Season Bootcamp,Lijiang Tower,Team Falcons,Fielder,Support,Mizuki,1,3,0.3333
Pre-Season Bootcamp,Lijiang Tower,Team Falcons,Fielder,Support,Kiriko,1,3,0.3333
Pre-Season Bootcamp,Lijiang Tower,Team Falcons,Fielder,Support,Juno,1,3,0.3333
Pre-Season Bootcamp,Lijiang Tower,Team Falcons,Hanbin,Tank,Domina,2,2,1.0
Pre-Season Bootcamp,Lijiang Tower,Team Falcons,MER1T,DPS,Emre,1,3,0.3333
Pre-Season Bootcamp,Lijiang Tower,Team Falcons,MER1T,DPS,Cassidy,1,3,0.3333
Pre-Season Bootcamp,Lijiang Tower,Team Falcons,MER1T,DPS,Sojourn,1,3,0.3333
Pre-Season Bootcamp,Lijiang Tower,Team Liquid,Infekted,Tank,Domina,2,2,1.0
Pre-Season Bootcamp,Lijiang Tower,Team Liquid,Rupal,Support,Mizuki,2,2,1.0
Pre-Season Bootcamp,Lijiang Tower,Team Liquid,TR33,DPS,Emre,2,2,1.0
Pre-Season Bootcamp,Lijiang Tower,Team Liquid,Vega,Support,Jetpack Cat,2,2,1.0
Pre-Season Bootcamp,Lijiang Tower,Team Liquid,Zeruhh,DPS,Anran,2,2,1.0
Pre-Season Bootcamp,Lijiang Tower,Twisted Minds,FunnyAstro,Support,Jetpack Cat,1,1,1.0
Pre-Season Bootcamp,Lijiang Tower,Twisted Minds,JaeWoo,DPS,Anran,1,1,1.0
Pre-Season Bootcamp,Lijiang Tower,Twisted Minds,Quartz,DPS,Emre,1,1,1.0
Pre-Season Bootcamp,Lijiang Tower,Twisted Minds,Simple,Support,Mizuki,1,1,1.0
Pre-Season Bootcamp,Lijiang Tower,Twisted Minds,TVNT,Tank,Domina,1,1,1.0
Pre-Season Bootcamp,Lijiang Tower,VARREL,KSG,Tank,Domina,1,1,1.0
Pre-Season Bootcamp,Lijiang Tower,VARREL,Nico,DPS,Emre,1,1,1.0
Pre-Season Bootcamp,Lijiang Tower,VARREL,Qloud,Support,Jetpack Cat,1,1,1.0
Pre-Season Bootcamp,Lijiang Tower,VARREL,Sley,Support,Mizuki,1,1,1.0
Pre-Season Bootcamp,Lijiang Tower,VARREL,TOPDRAGON,DPS,Anran,1,1,1.0
Pre-Season Bootcamp,Lijiang Tower,Virtus.pro,FiXa,Support,Jetpack Cat,1,1,1.0
Pre-Season Bootcamp,Lijiang Tower,Virtus.pro,Kevster,DPS,Emre,1,1,1.0
Pre-Season Bootcamp,Lijiang Tower,Virtus.pro,Landon,Support,Mizuki,1,1,1.0
Pre-Season Bootcamp,Lijiang Tower,Virtus.pro,Seicoe,DPS,Anran,1,1,1.0
Pre-Season Bootcamp,Lijiang Tower,Virtus.pro,eisgnom,Tank,Domina,1,1,1.0
Pre-Season Bootcamp,Midtown,Dallas Fuel,Cjay,Support,Wuyang,1,3,0.3333
Pre-Season Bootcamp,Midtown,Dallas Fuel,Cjay,Support,Illari,1,3,0.3333
Pre-Season Bootcamp,Midtown,Dallas Fuel,Cjay,Support,Mizuki,1,3,0.3333
Pre-Season Bootcamp,Midtown,Dallas Fuel,Kellan,Tank,Domina,1,1,1.0
Pre-Season Bootcamp,Midtown,Dallas Fuel,Kronik,DPS,Sojourn,1,2,0.5
Pre-Season Bootcamp,Midtown,Dallas Fuel,Kronik,DPS,Bastion,1,2,0.5
Pre-Season Bootcamp,Midtown,Dallas Fuel,Lukemino,Support,Kiriko,1,2,0.5
Pre-Season Bootcamp,Midtown,Dallas Fuel,Lukemino,Support,Jetpack Cat,1,2,0.5
Pre-Season Bootcamp,Midtown,Dallas Fuel,Seonjun,DPS,Vendetta,1,1,1.0
Pre-Season Bootcamp,Midtown,Disguised,Lep,Support,Lúcio,1,2,0.5
Pre-Season Bootcamp,Midtown,Disguised,Lep,Support,Juno,1,2,0.5
Pre-Season Bootcamp,Midtown,Disguised,PGE,DPS,Sojourn,1,2,0.5
Pre-Season Bootcamp,Midtown,Disguised,PGE,DPS,Widowmaker,1,2,0.5
Pre-Season Bootcamp,Midtown,Disguised,Rokit,DPS,Tracer,1,2,0.5
Pre-Season Bootcamp,Midtown,Disguised,Rokit,DPS,Symmetra,1,2,0.5
Pre-Season Bootcamp,Midtown,Disguised,Scyle,Support,Kiriko,1,2,0.5
Pre-Season Bootcamp,Midtown,Disguised,Scyle,Support,Jetpack Cat,1,2,0.5
Pre-Season Bootcamp,Midtown,Disguised,Tred,Tank,Zarya,1,3,0.3333
Pre-Season Bootcamp,Midtown,Disguised,Tred,Tank,Ramattra,1,3,0.3333
Pre-Season Bootcamp,Midtown,Disguised,Tred,Tank,Wrecking Ball,1,3,0.3333
Pre-Season Bootcamp,Midtown,T1,Bliss,Support,Wuyang,1,1,1.0
Pre-Season Bootcamp,Midtown,T1,DONGHAK,Tank,Domina,1,2,0.5
Pre-Season Bootcamp,Midtown,T1,DONGHAK,Tank,D.Va,1,2,0.5
Pre-Season Bootcamp,Midtown,T1,Proud,DPS,Sojourn,1,1,1.0
Pre-Season Bootcamp,Midtown,T1,Zest,DPS,Vendetta,1,2,0.5
Pre-Season Bootcamp,Midtown,T1,Zest,DPS,Widowmaker,1,2,0.5
Pre-Season Bootcamp,Midtown,T1,skewed,Support,Kiriko,1,1,1.0
Pre-Season Bootcamp,Midtown,Team Falcons,Checkmate,DPS,Symmetra,1,3,0.3333
Pre-Season Bootcamp,Midtown,Team Falcons,Checkmate,DPS,Vendetta,1,3,0.3333
Pre-Season Bootcamp,Midtown,Team Falcons,Checkmate,DPS,Mei,1,3,0.3333
Pre-Season Bootcamp,Midtown,Team Falcons,ChiYo,Support,Wuyang,2,5,0.4
Pre-Season Bootcamp,Midtown,Team Falcons,ChiYo,Support,Juno,1,5,0.2
Pre-Season Bootcamp,Midtown,Team Falcons,ChiYo,Support,Illari,1,5,0.2
Pre-Season Bootcamp,Midtown,Team Falcons,ChiYo,Support,Lúcio,1,5,0.2
Pre-Season Bootcamp,Midtown,Team Falcons,Fielder,Support,Kiriko,2,3,0.6667
Pre-Season Bootcamp,Midtown,Team Falcons,Fielder,Support,Juno,1,3,0.3333
Pre-Season Bootcamp,Midtown,Team Falcons,Hanbin,Tank,D.Va,2,3,0.6667
Pre-Season Bootcamp,Midtown,Team Falcons,Hanbin,Tank,Domina,1,3,0.3333
Pre-Season Bootcamp,Midtown,Team Falcons,MER1T,DPS,Sojourn,2,4,0.5
Pre-Season Bootcamp,Midtown,Team Falcons,MER1T,DPS,Widowmaker,2,4,0.5
Pre-Season Bootcamp,Midtown,Team Peps,Dip,DPS,Tracer,1,1,1.0
Pre-Season Bootcamp,Midtown,Team Peps,FDGod,Support,Wuyang,1,2,0.5
Pre-Season Bootcamp,Midtown,Team Peps,FDGod,Support,Lúcio,1,2,0.5
Pre-Season Bootcamp,Midtown,Team Peps,Willys,Tank,Domina,1,2,0.5
Pre-Season Bootcamp,Midtown,Team Peps,Willys,Tank,Zarya,1,2,0.5
Pre-Season Bootcamp,Midtown,Team Peps,Xerion,Support,Kiriko,1,3,0.3333
Pre-Season Bootcamp,Midtown,Team Peps,Xerion,Support,Baptiste,1,3,0.3333
Pre-Season Bootcamp,Midtown,Team Peps,Xerion,Support,Zenyatta,1,3,0.3333
Pre-Season Bootcamp,Midtown,Team Peps,Zorrow,DPS,Sojourn,1,3,0.3333
Pre-Season Bootcamp,Midtown,Team Peps,Zorrow,DPS,Widowmaker,1,3,0.3333
Pre-Season Bootcamp,Midtown,Team Peps,Zorrow,DPS,Hanzo,1,3,0.3333
Pre-Season Bootcamp,Midtown,VARREL,KSG,Tank,Ramattra,1,3,0.3333
Pre-Season Bootcamp,Midtown,VARREL,KSG,Tank,D.Va,1,3,0.3333
Pre-Season Bootcamp,Midtown,VARREL,KSG,Tank,Domina,1,3,0.3333
Pre-Season Bootcamp,Midtown,VARREL,Nico,DPS,Sojourn,1,3,0.3333
Pre-Season Bootcamp,Midtown,VARREL,Nico,DPS,Widowmaker,1,3,0.3333
Pre-Season Bootcamp,Midtown,VARREL,Nico,DPS,Tracer,1,3,0.3333
Pre-Season Bootcamp,Midtown,VARREL,Qloud,Support,Brigitte,1,2,0.5
Pre-Season Bootcamp,Midtown,VARREL,Qloud,Support,Baptiste,1,2,0.5
Pre-Season Bootcamp,Midtown,VARREL,Sley,Support,Wuyang,1,2,0.5
Pre-Season Bootcamp,Midtown,VARREL,Sley,Support,Illari,1,2,0.5
Pre-Season Bootcamp,Midtown,VARREL,TOPDRAGON,DPS,Tracer,1,2,0.5
Pre-Season Bootcamp,Midtown,VARREL,TOPDRAGON,DPS,Venture,1,2,0.5
Pre-Season Bootcamp,Midtown,Weibo Gaming,Guxue,Tank,Sigma,1,2,0.5
Pre-Season Bootcamp,Midtown,Weibo Gaming,Guxue,Tank,D.Va,1,2,0.5
Pre-Season Bootcamp,Midtown,Weibo Gaming,Leave,DPS,Vendetta,1,1,1.0
Pre-Season Bootcamp,Midtown,Weibo Gaming,LeeSooMin,Support,Lúcio,1,2,0.5
Pre-Season Bootcamp,Midtown,Weibo Gaming,LeeSooMin,Support,Wuyang,1,2,0.5
Pre-Season Bootcamp,Midtown,Weibo Gaming,MAKA,Support,Kiriko,1,1,1.0
Pre-Season Bootcamp,Midtown,Weibo Gaming,Shy,DPS,Sojourn,1,1,1.0
Pre-Season Bootcamp,New Junk City,Dallas Fuel,Cjay,Support,Lúcio,1,1,1.0
Pre-Season Bootcamp,New Junk City,Dallas Fuel,Kellan,Tank,Domina,1,2,0.5
Pre-Season Bootcamp,New Junk City,Dallas Fuel,Kellan,Tank,Wrecking Ball,1,2,0.5
Pre-Season Bootcamp,New Junk City,Dallas Fuel,Kronik,DPS,Sojourn,1,1,1.0
Pre-Season Bootcamp,New Junk City,Dallas Fuel,Lukemino,Support,Kiriko,1,1,1.0
Pre-Season Bootcamp,New Junk City,Dallas Fuel,Seonjun,DPS,Vendetta,1,3,0.3333
Pre-Season Bootcamp,New Junk City,Dallas Fuel,Seonjun,DPS,Tracer,1,3,0.3333
Pre-Season Bootcamp,New Junk City,Dallas Fuel,Seonjun,DPS,Symmetra,1,3,0.3333
Pre-Season Bootcamp,New Junk City,Disguised,Lep,Support,Lúcio,1,1,1.0
Pre-Season Bootcamp,New Junk City,Disguised,PGE,DPS,Sojourn,1,1,1.0
Pre-Season Bootcamp,New Junk City,Disguised,Rokit,DPS,Vendetta,1,2,0.5
Pre-Season Bootcamp,New Junk City,Disguised,Rokit,DPS,Tracer,1,2,0.5
Pre-Season Bootcamp,New Junk City,Disguised,Scyle,Support,Kiriko,1,2,0.5
Pre-Season Bootcamp,New Junk City,Disguised,Scyle,Support,Juno,1,2,0.5
Pre-Season Bootcamp,New Junk City,Disguised,Tred,Tank,Ramattra,1,3,0.3333
Pre-Season Bootcamp,New Junk City,Disguised,Tred,Tank,Zarya,1,3,0.3333
Pre-Season Bootcamp,New Junk City,Disguised,Tred,Tank,Wrecking Ball,1,3,0.3333
Pre-Season Bootcamp,New Junk City,T1,Bliss,Support,Lúcio,2,2,1.0
Pre-Season Bootcamp,New Junk City,T1,DONGHAK,Tank,Domina,2,3,0.6667
Pre-Season Bootcamp,New Junk City,T1,DONGHAK,Tank,Zarya,1,3,0.3333
Pre-Season Bootcamp,New Junk City,T1,Proud,DPS,Sojourn,2,4,0.5
Pre-Season Bootcamp,New Junk City,T1,Proud,DPS,Symmetra,1,4,0.25
Pre-Season Bootcamp,New Junk City,T1,Proud,DPS,Tracer,1,4,0.25
Pre-Season Bootcamp,New Junk City,T1,Zest,DPS,Vendetta,2,2,1.0
Pre-Season Bootcamp,New Junk City,T1,skewed,Support,Kiriko,2,2,1.0
Pre-Season Bootcamp,New Junk City,Team Liquid,Infekted,Tank,Domina,1,1,1.0
Pre-Season Bootcamp,New Junk City,Team Liquid,Rupal,Support,Kiriko,1,1,1.0
Pre-Season Bootcamp,New Junk City,Team Liquid,TR33,DPS,Sojourn,1,1,1.0
Pre-Season Bootcamp,New Junk City,Team Liquid,Vega,Support,Lúcio,1,1,1.0
Pre-Season Bootcamp,New Junk City,Team Liquid,Zeruhh,DPS,Vendetta,1,1,1.0
Pre-Season Bootcamp,New Junk City,Team Peps,Dip,DPS,Vendetta,1,1,1.0
Pre-Season Bootcamp,New Junk City,Team Peps,FDGod,Support,Lúcio,1,1,1.0
Pre-Season Bootcamp,New Junk City,Team Peps,Willys,Tank,Zarya,1,1,1.0
Pre-Season Bootcamp,New Junk City,Team Peps,Xerion,Support,Kiriko,1,1,1.0
Pre-Season Bootcamp,New Junk City,Team Peps,Zorrow,DPS,Sojourn,1,1,1.0
Pre-Season Bootcamp,New Junk City,Twisted Minds,FunnyAstro,Support,Lúcio,1,1,1.0
Pre-Season Bootcamp,New Junk City,Twisted Minds,JaeWoo,DPS,Vendetta,1,2,0.5
Pre-Season Bootcamp,New Junk City,Twisted Minds,JaeWoo,DPS,Tracer,1,2,0.5
Pre-Season Bootcamp,New Junk City,Twisted Minds,Quartz,DPS,Sojourn,1,2,0.5
Pre-Season Bootcamp,New Junk City,Twisted Minds,Quartz,DPS,Tracer,1,2,0.5
Pre-Season Bootcamp,New Junk City,Twisted Minds,Simple,Support,Kiriko,1,1,1.0
Pre-Season Bootcamp,New Junk City,Twisted Minds,TVNT,Tank,Zarya,1,2,0.5
Pre-Season Bootcamp,New Junk City,Twisted Minds,TVNT,Tank,Wrecking Ball,1,2,0.5
Pre-Season Bootcamp,New Junk City,Virtus.pro,FiXa,Support,Lúcio,1,1,1.0
Pre-Season Bootcamp,New Junk City,Virtus.pro,Kevster,DPS,Sojourn,1,1,1.0
Pre-Season Bootcamp,New Junk City,Virtus.pro,Landon,Support,Kiriko,1,1,1.0
Pre-Season Bootcamp,New Junk City,Virtus.pro,Seicoe,DPS,Vendetta,1,1,1.0
Pre-Season Bootcamp,New Junk City,Virtus.pro,eisgnom,Tank,Domina,1,1,1.0
Pre-Season Bootcamp,Shambali Monastery,All Gamers,Insane,DPS,Emre,1,3,0.3333
Pre-Season Bootcamp,Shambali Monastery,All Gamers,Insane,DPS,Cassidy,1,3,0.3333
Pre-Season Bootcamp,Shambali Monastery,All Gamers,Insane,DPS,Sojourn,1,3,0.3333
Pre-Season Bootcamp,Shambali Monastery,All Gamers,Kivis,Support,Illari,1,1,1.0
Pre-Season Bootcamp,Shambali Monastery,All Gamers,Lengsa,Support,Jetpack Cat,1,1,1.0
Pre-Season Bootcamp,Shambali Monastery,All Gamers,LiGe,Tank,Domina,1,2,0.5
Pre-Season Bootcamp,Shambali Monastery,All Gamers,LiGe,Tank,Ramattra,1,2,0.5
Pre-Season Bootcamp,Shambali Monastery,All Gamers,Viper,DPS,Echo,1,2,0.5
Pre-Season Bootcamp,Shambali Monastery,All Gamers,Viper,DPS,Tracer,1,2,0.5
Pre-Season Bootcamp,Shambali Monastery,Crazy Raccoon,Ch0r0ng,Support,Lúcio,2,2,1.0
Pre-Season Bootcamp,Shambali Monastery,Crazy Raccoon,HeeSang,DPS,Tracer,2,5,0.4
Pre-Season Bootcamp,Shambali Monastery,Crazy Raccoon,HeeSang,DPS,Hanzo,1,5,0.2
Pre-Season Bootcamp,Shambali Monastery,Crazy Raccoon,HeeSang,DPS,Echo,1,5,0.2
Pre-Season Bootcamp,Shambali Monastery,Crazy Raccoon,HeeSang,DPS,Vendetta,1,5,0.2
Pre-Season Bootcamp,Shambali Monastery,Crazy Raccoon,JunBin,Tank,Zarya,2,4,0.5
Pre-Season Bootcamp,Shambali Monastery,Crazy Raccoon,JunBin,Tank,D.Va,2,4,0.5
Pre-Season Bootcamp,Shambali Monastery,Crazy Raccoon,LIP,DPS,Sojourn,2,4,0.5
Pre-Season Bootcamp,Shambali Monastery,Crazy Raccoon,LIP,DPS,Widowmaker,2,4,0.5
Pre-Season Bootcamp,Shambali Monastery,Crazy Raccoon,Vigilante,Support,Kiriko,2,3,0.6667
Pre-Season Bootcamp,Shambali Monastery,Crazy Raccoon,Vigilante,Support,Juno,1,3,0.3333
Pre-Season Bootcamp,Shambali Monastery,Disguised,Lep,Support,Lúcio,1,1,1.0
Pre-Season Bootcamp,Shambali Monastery,Disguised,PGE,DPS,Sojourn,1,2,0.5
Pre-Season Bootcamp,Shambali Monastery,Disguised,PGE,DPS,Widowmaker,1,2,0.5
Pre-Season Bootcamp,Shambali Monastery,Disguised,Rokit,DPS,Tracer,1,1,1.0
Pre-Season Bootcamp,Shambali Monastery,Disguised,Scyle,Support,Baptiste,1,1,1.0
Pre-Season Bootcamp,Shambali Monastery,Disguised,Tred,Tank,Domina,1,1,1.0
Pre-Season Bootcamp,Shambali Monastery,Team Falcons,Checkmate,DPS,Vendetta,2,2,1.0
Pre-Season Bootcamp,Shambali Monastery,Team Falcons,ChiYo,Support,Jetpack Cat,2,2,1.0
Pre-Season Bootcamp,Shambali Monastery,Team Falcons,Fielder,Support,Kiriko,2,4,0.5
Pre-Season Bootcamp,Shambali Monastery,Team Falcons,Fielder,Support,Juno,1,4,0.25
Pre-Season Bootcamp,Shambali Monastery,Team Falcons,Fielder,Support,Lifeweaver,1,4,0.25
Pre-Season Bootcamp,Shambali Monastery,Team Falcons,Hanbin,Tank,Domina,2,2,1.0
Pre-Season Bootcamp,Shambali Monastery,Team Falcons,MER1T,DPS,Cassidy,2,4,0.5
Pre-Season Bootcamp,Shambali Monastery,Team Falcons,MER1T,DPS,Hanzo,1,4,0.25
Pre-Season Bootcamp,Shambali Monastery,Team Falcons,MER1T,DPS,Widowmaker,1,4,0.25
Pre-Season Bootcamp,Shambali Monastery,Team Peps,Dip,DPS,Vendetta,1,2,0.5
Pre-Season Bootcamp,Shambali Monastery,Team Peps,Dip,DPS,Tracer,1,2,0.5
Pre-Season Bootcamp,Shambali Monastery,Team Peps,FDGod,Support,Lúcio,2,5,0.4
Pre-Season Bootcamp,Shambali Monastery,Team Peps,FDGod,Support,Jetpack Cat,2,5,0.4
Pre-Season Bootcamp,Shambali Monastery,Team Peps,FDGod,Support,Mercy,1,5,0.2
Pre-Season Bootcamp,Shambali Monastery,Team Peps,Willys,Tank,Zarya,2,5,0.4
Pre-Season Bootcamp,Shambali Monastery,Team Peps,Willys,Tank,Domina,2,5,0.4
Pre-Season Bootcamp,Shambali Monastery,Team Peps,Willys,Tank,D.Va,1,5,0.2
Pre-Season Bootcamp,Shambali Monastery,Team Peps,Xerion,Support,Baptiste,2,6,0.3333
Pre-Season Bootcamp,Shambali Monastery,Team Peps,Xerion,Support,Zenyatta,2,6,0.3333
Pre-Season Bootcamp,Shambali Monastery,Team Peps,Xerion,Support,Ana,1,6,0.1667
Pre-Season Bootcamp,Shambali Monastery,Team Peps,Xerion,Support,Kiriko,1,6,0.1667
Pre-Season Bootcamp,Shambali Monastery,Team Peps,Zorrow,DPS,Sojourn,2,5,0.4
Pre-Season Bootcamp,Shambali Monastery,Team Peps,Zorrow,DPS,Hanzo,2,5,0.4
Pre-Season Bootcamp,Shambali Monastery,Team Peps,Zorrow,DPS,Freja,1,5,0.2
Pre-Season Bootcamp,Shambali Monastery,Twisted Minds,FunnyAstro,Support,Lúcio,1,2,0.5
Pre-Season Bootcamp,Shambali Monastery,Twisted Minds,FunnyAstro,Support,Zenyatta,1,2,0.5
Pre-Season Bootcamp,Shambali Monastery,Twisted Minds,JaeWoo,DPS,Tracer,1,2,0.5
Pre-Season Bootcamp,Shambali Monastery,Twisted Minds,JaeWoo,DPS,Widowmaker,1,2,0.5
Pre-Season Bootcamp,Shambali Monastery,Twisted Minds,Quartz,DPS,Sojourn,1,2,0.5
Pre-Season Bootcamp,Shambali Monastery,Twisted Minds,Quartz,DPS,Sombra,1,2,0.5
Pre-Season Bootcamp,Shambali Monastery,Twisted Minds,Simple,Support,Kiriko,1,2,0.5
Pre-Season Bootcamp,Shambali Monastery,Twisted Minds,Simple,Support,Juno,1,2,0.5
Pre-Season Bootcamp,Shambali Monastery,Twisted Minds,TVNT,Tank,D.Va,1,1,1.0
Pre-Season Bootcamp,Shambali Monastery,VARREL,KSG,Tank,Zarya,1,1,1.0
Pre-Season Bootcamp,Shambali Monastery,VARREL,Nico,DPS,Cassidy,1,3,0.3333
Pre-Season Bootcamp,Shambali Monastery,VARREL,Nico,DPS,Freja,1,3,0.3333
Pre-Season Bootcamp,Shambali Monastery,VARREL,Nico,DPS,Sojourn,1,3,0.3333
Pre-Season Bootcamp,Shambali Monastery,VARREL,Qloud,Support,Kiriko,1,1,1.0
Pre-Season Bootcamp,Shambali Monastery,VARREL,Sley,Support,Wuyang,1,2,0.5
Pre-Season Bootcamp,Shambali Monastery,VARREL,Sley,Support,Jetpack Cat,1,2,0.5
Pre-Season Bootcamp,Shambali Monastery,VARREL,TOPDRAGON,DPS,Vendetta,1,1,1.0
Pre-Season Bootcamp,Shambali Monastery,Virtus.pro,FiXa,Support,Jetpack Cat,1,3,0.3333
Pre-Season Bootcamp,Shambali Monastery,Virtus.pro,FiXa,Support,Lúcio,1,3,0.3333
Pre-Season Bootcamp,Shambali Monastery,Virtus.pro,FiXa,Support,Zenyatta,1,3,0.3333
Pre-Season Bootcamp,Shambali Monastery,Virtus.pro,Kevster,DPS,Cassidy,1,3,0.3333
Pre-Season Bootcamp,Shambali Monastery,Virtus.pro,Kevster,DPS,Sojourn,1,3,0.3333
Pre-Season Bootcamp,Shambali Monastery,Virtus.pro,Kevster,DPS,Hanzo,1,3,0.3333
Pre-Season Bootcamp,Shambali Monastery,Virtus.pro,Landon,Support,Illari,1,2,0.5
Pre-Season Bootcamp,Shambali Monastery,Virtus.pro,Landon,Support,Kiriko,1,2,0.5
Pre-Season Bootcamp,Shambali Monastery,Virtus.pro,Seicoe,DPS,Tracer,1,3,0.3333
Pre-Season Bootcamp,Shambali Monastery,Virtus.pro,Seicoe,DPS,Vendetta,1,3,0.3333
Pre-Season Bootcamp,Shambali Monastery,Virtus.pro,Seicoe,DPS,Echo,1,3,0.3333
Pre-Season Bootcamp,Shambali Monastery,Virtus.pro,eisgnom,Tank,Domina,1,3,0.3333
Pre-Season Bootcamp,Shambali Monastery,Virtus.pro,eisgnom,Tank,D.Va,1,3,0.3333
Pre-Season Bootcamp,Shambali Monastery,Virtus.pro,eisgnom,Tank,Reinhardt,1,3,0.3333
Pre-Season Bootcamp,Shambali Monastery,Weibo Gaming,Guxue,Tank,Domina,1,1,1.0
Pre-Season Bootcamp,Shambali Monastery,Weibo Gaming,Leave,DPS,Vendetta,1,2,0.5
Pre-Season Bootcamp,Shambali Monastery,Weibo Gaming,Leave,DPS,Pharah,1,2,0.5
Pre-Season Bootcamp,Shambali Monastery,Weibo Gaming,LeeSooMin,Support,Lúcio,1,2,0.5
Pre-Season Bootcamp,Shambali Monastery,Weibo Gaming,LeeSooMin,Support,Kiriko,1,2,0.5
Pre-Season Bootcamp,Shambali Monastery,Weibo Gaming,MAKA,Support,Kiriko,1,3,0.3333
Pre-Season Bootcamp,Shambali Monastery,Weibo Gaming,MAKA,Support,Baptiste,1,3,0.3333
Pre-Season Bootcamp,Shambali Monastery,Weibo Gaming,MAKA,Support,Wuyang,1,3,0.3333
Pre-Season Bootcamp,Shambali Monastery,Weibo Gaming,Shy,DPS,Sojourn,1,2,0.5
Pre-Season Bootcamp,Shambali Monastery,Weibo Gaming,Shy,DPS,Ashe,1,2,0.5
Pre-Season Bootcamp,Watchpoint: Gibraltar,Crazy Raccoon,Ch0r0ng,Support,Kiriko,1,3,0.3333
Pre-Season Bootcamp,Watchpoint: Gibraltar,Crazy Raccoon,Ch0r0ng,Support,Wuyang,1,3,0.3333
Pre-Season Bootcamp,Watchpoint: Gibraltar,Crazy Raccoon,Ch0r0ng,Support,Illari,1,3,0.3333
Pre-Season Bootcamp,Watchpoint: Gibraltar,Crazy Raccoon,HeeSang,DPS,Tracer,1,3,0.3333
Pre-Season Bootcamp,Watchpoint: Gibraltar,Crazy Raccoon,HeeSang,DPS,Vendetta,1,3,0.3333
Pre-Season Bootcamp,Watchpoint: Gibraltar,Crazy Raccoon,HeeSang,DPS,Torbjörn,1,3,0.3333
Pre-Season Bootcamp,Watchpoint: Gibraltar,Crazy Raccoon,JunBin,Tank,Winston,1,1,1.0
Pre-Season Bootcamp,Watchpoint: Gibraltar,Crazy Raccoon,LIP,DPS,Sojourn,1,2,0.5
Pre-Season Bootcamp,Watchpoint: Gibraltar,Crazy Raccoon,LIP,DPS,Cassidy,1,2,0.5
Pre-Season Bootcamp,Watchpoint: Gibraltar,Crazy Raccoon,Vigilante,Support,Ana,1,3,0.3333
Pre-Season Bootcamp,Watchpoint: Gibraltar,Crazy Raccoon,Vigilante,Support,Baptiste,1,3,0.3333
Pre-Season Bootcamp,Watchpoint: Gibraltar,Crazy Raccoon,Vigilante,Support,Kiriko,1,3,0.3333
Pre-Season Bootcamp,Watchpoint: Gibraltar,Disguised,Lep,Support,Jetpack Cat,1,1,1.0
Pre-Season Bootcamp,Watchpoint: Gibraltar,Disguised,PGE,DPS,Ashe,1,3,0.3333
Pre-Season Bootcamp,Watchpoint: Gibraltar,Disguised,PGE,DPS,Widowmaker,1,3,0.3333
Pre-Season Bootcamp,Watchpoint: Gibraltar,Disguised,PGE,DPS,Cassidy,1,3,0.3333
Pre-Season Bootcamp,Watchpoint: Gibraltar,Disguised,Rokit,DPS,Tracer,1,1,1.0
Pre-Season Bootcamp,Watchpoint: Gibraltar,Disguised,Scyle,Support,Kiriko,1,1,1.0
Pre-Season Bootcamp,Watchpoint: Gibraltar,Disguised,Tred,Tank,Domina,1,1,1.0
Pre-Season Bootcamp,Watchpoint: Gibraltar,Team Falcons,Checkmate,DPS,Tracer,1,3,0.3333
Pre-Season Bootcamp,Watchpoint: Gibraltar,Team Falcons,Checkmate,DPS,Symmetra,1,3,0.3333
Pre-Season Bootcamp,Watchpoint: Gibraltar,Team Falcons,Checkmate,DPS,Torbjörn,1,3,0.3333
Pre-Season Bootcamp,Watchpoint: Gibraltar,Team Falcons,ChiYo,Support,Jetpack Cat,1,3,0.3333
Pre-Season Bootcamp,Watchpoint: Gibraltar,Team Falcons,ChiYo,Support,Lúcio,1,3,0.3333
Pre-Season Bootcamp,Watchpoint: Gibraltar,Team Falcons,ChiYo,Support,Brigitte,1,3,0.3333
Pre-Season Bootcamp,Watchpoint: Gibraltar,Team Falcons,Fielder,Support,Kiriko,1,2,0.5
Pre-Season Bootcamp,Watchpoint: Gibraltar,Team Falcons,Fielder,Support,Juno,1,2,0.5
Pre-Season Bootcamp,Watchpoint: Gibraltar,Team Falcons,Hanbin,Tank,Winston,1,3,0.3333
Pre-Season Bootcamp,Watchpoint: Gibraltar,Team Falcons,Hanbin,Tank,Domina,1,3,0.3333
Pre-Season Bootcamp,Watchpoint: Gibraltar,Team Falcons,Hanbin,Tank,Zarya,1,3,0.3333
Pre-Season Bootcamp,Watchpoint: Gibraltar,Team Falcons,MER1T,DPS,Cassidy,1,1,1.0
Pre-Season Bootcamp,Watchpoint: Gibraltar,Team Peps,Dip,DPS,Tracer,1,1,1.0
Pre-Season Bootcamp,Watchpoint: Gibraltar,Team Peps,FDGod,Support,Jetpack Cat,1,1,1.0
Pre-Season Bootcamp,Watchpoint: Gibraltar,Team Peps,Willys,Tank,Domina,1,1,1.0
Pre-Season Bootcamp,Watchpoint: Gibraltar,Team Peps,Xerion,Support,Kiriko,1,1,1.0
Pre-Season Bootcamp,Watchpoint: Gibraltar,Team Peps,Zorrow,DPS,Ashe,1,2,0.5
Pre-Season Bootcamp,Watchpoint: Gibraltar,Team Peps,Zorrow,DPS,Sojourn,1,2,0.5
